pass	dagql	TestCacheArbitraryLateCleanupBlocksClose/success	0.00
pass	dagql	TestCacheArbitraryLateCleanupBlocksClose/release_error	0.00
pass	dagql	TestCacheArbitraryLateCleanupBlocksClose	0.00
pass	dagql	TestCacheArbitraryCancellationKeepsOtherWaiter	0.00
pass	dagql	TestCacheArbitraryLateCleanupKeepsReplacement	0.00
pass	dagql	TestCacheArbitraryCanceledWaiterTakesPublishedCleanup	0.00
pass	dagql	TestCacheCanonicalEquivalentSwapRacesSessionRelease	0.82
pass	dagql	TestDebugCacheSnapshotWithQueuedWriter/without-writer	0.01
pass	dagql	TestDebugCacheSnapshotWithQueuedWriter/with-writer	0.00
pass	dagql	TestDebugCacheSnapshotWithQueuedWriter	0.01
pass	dagql	TestDebugCacheSnapshotIncludesResultMetadata	0.00
pass	dagql	TestDebugCacheSnapshotIncludesCompletedArbitraryCalls	0.00
pass	dagql	TestCacheOutputEqClassInverseMixedSurvivor	0.00
pass	dagql	TestCacheOutputEqClassInverseExpiredOnlyDoesNotSurvive	0.00
pass	dagql	TestCacheOutputEqClassInverseMergeThenRemoval	0.00
pass	dagql	TestCacheOutputEqClassInverseForcedCompactionAndReset	0.00
pass	dagql	TestCacheReleaseCascadePreservesCallbacksAndCleansDerivedIndexes	0.00
pass	dagql	TestCacheExactDigestPostingRemoval	0.00
pass	dagql	TestCacheBroadImportedPostingRemoval	0.02
pass	dagql	TestCachePersistedFreshPruneCleansDerivedIndexes	0.00
pass	dagql	TestRemoteCacheExtraDigestMetadata/unmarked	0.02
pass	dagql	TestRemoteCacheExtraDigestMetadata/detached	0.01
pass	dagql	TestRemoteCacheExtraDigestMetadata/attached	0.01
pass	dagql	TestRemoteCacheExtraDigestMetadata	0.04
pass	dagql	TestLazyOperationCompatibilityCut	0.00
pass	dagql	TestCacheEvaluateRetriesForeignCancellation	0.00
pass	dagql	TestCacheEvaluateRetiresFinishedAttemptBeforeWaitersDrain	0.00
pass	dagql	TestCacheLazyAttemptDefersSessionCleanupUntilCallbackExit	0.00
pass	dagql	TestCacheEvaluateOwnCancellationOnlyCancelsOwnWait	0.00
pass	dagql	TestCacheEvaluatePropagatesCallbackFailure	0.00
pass	dagql	TestCacheEvaluateSettlesBookkeepingBeforeReportingComplete	0.00
pass	dagql	TestCacheEvaluatePendingBookkeepingSkipsUnclearedCallback	0.00
pass	dagql	TestCachePruneMetadataEstimateLogsOnlyAfterTrigger	0.00
pass	dagql	TestRemovePersistedEdgeRechecksUnpruneableAfterPlanning/mode-0	0.00
pass	dagql	TestRemovePersistedEdgeRechecksUnpruneableAfterPlanning/mode-1	0.00
pass	dagql	TestRemovePersistedEdgeRechecksUnpruneableAfterPlanning	0.00
pass	dagql	TestOfferPartsPreparationWindow/preparation_holds_references_across_collection	0.01
pass	dagql	TestOfferPartsPreparationWindow/new_offer_refused_after_preparation	0.01
pass	dagql	TestOfferPartsPreparationWindow/same-owner_refresh_refused_after_preparation	0.01
pass	dagql	TestOfferPartsPreparationWindow/different-owner_replacement_refused_after_preparation	0.01
pass	dagql	TestOfferPartsPreparationWindow	0.04
pass	dagql	TestOfferSettlementReplacement/replacement_during_the_winning_acquisition_is_retired	0.25
pass	dagql	TestOfferSettlementReplacement/acceptance_after_commit_is_already_complete	0.29
pass	dagql	TestOfferSettlementReplacement/failed_sync_keeps_the_output,_not_the_acquisition_hold	0.23
pass	dagql	TestOfferSettlementReplacement/failed_sync_keeps_the_output,_not_the_acquisition_hold,_with_a_back-reference_to_the_receiver	0.21
pass	dagql	TestOfferSettlementReplacement	0.97
pass	dagql	TestOfferResourcesDoNotGateLookup	0.29
pass	dagql	TestCacheCloseWithShutdownError/seeded_cause_keeps_the_checkpoint_dirty	0.03
pass	dagql	TestCacheCloseWithShutdownError/nil_cause_closes_cleanly	0.01
pass	dagql	TestCacheCloseWithShutdownError/discarded_cache_ignores_a_later_cause	0.02
pass	dagql	TestCacheCloseWithShutdownError	0.06
pass	dagql	TestRenewalShutdownDrainsOwnership/delivered_renewal	0.05
pass	dagql	TestRenewalShutdownDrainsOwnership/active_reader	0.04
pass	dagql	TestRenewalShutdownDrainsOwnership	0.27
pass	dagql	TestValueTransferOfferCopyFailure	0.02
pass	dagql	TestValueTransferOfferOwners	0.00
pass	dagql	TestValueTransferOwnerPersistence	0.02
pass	engine/snapshots	TestSnapshotManagerEnsuresLazyLeaseForCreateBoundaries/new	0.00
pass	engine/snapshots	TestSnapshotManagerEnsuresLazyLeaseForCreateBoundaries/merge	0.00
pass	engine/snapshots	TestSnapshotManagerEnsuresLazyLeaseForCreateBoundaries/commit	0.00
pass	engine/snapshots	TestSnapshotManagerEnsuresLazyLeaseForCreateBoundaries	0.00
pass	engine/engineutil	TestHostTunnelReusedConnectionID	0.01
pass	engine/engineutil	TestHostTunnelCloseUnblocksActiveConnections	0.01
pass	engine/engineutil	TestHostTunnelPeerCloseRetiresConnection	0.00
pass	core/schema	TestParseSSHFSVolumeAddress	0.00
pass	core/schema	TestParseSSHFSVolumeAddressErrors	0.00
pass	core/schema	TestParseEngineVolumeAddress/engine-volume://datasets	0.00
pass	core/schema	TestParseEngineVolumeAddress/engine-volume://datasets/models	0.00
pass	core/schema	TestParseEngineVolumeAddress/engine-volume://datasets/models?subdir=llama%2Fweights	0.00
pass	core/schema	TestParseEngineVolumeAddress/engine-volume://datasets/models?subdir=path%20with%20spaces	0.00
pass	core	TestAgentClientScopeLifetime	0.00
pass	core/schema	TestParseEngineVolumeAddress	0.00
pass	core/schema	TestParseEngineVolumeAddressErrors/sshfs://datasets/models	0.00
pass	core	TestEmitUserMessageSpanRecordsOrigin	0.00
pass	core/schema	TestParseEngineVolumeAddressErrors/engine-volume:datasets/models	0.00
pass	core/schema	TestParseEngineVolumeAddressErrors/engine-volume:///datasets/models	0.00
pass	core/schema	TestParseEngineVolumeAddressErrors/engine-volume://user@datasets/models	0.00
pass	core/schema	TestParseEngineVolumeAddressErrors/engine-volume://datasets/models/	0.00
pass	core/schema	TestParseEngineVolumeAddressErrors/engine-volume://datasets//models	0.00
pass	core/schema	TestParseEngineVolumeAddressErrors/engine-volume://datasets/%6dodels	0.00
pass	core/schema	TestParseEngineVolumeAddressErrors/engine-volume://datasets/fs	0.00
pass	core/schema	TestParseEngineVolumeAddressErrors/engine-volume://datasets/models?	0.00
pass	core/schema	TestParseEngineVolumeAddressErrors/engine-volume://datasets/models?subdir=	0.00
pass	core/schema	TestParseEngineVolumeAddressErrors/engine-volume://datasets/models?subdir=one&subdir=two	0.00
pass	core/schema	TestParseEngineVolumeAddressErrors/engine-volume://datasets/models?subdir=../escape	0.00
pass	core/schema	TestParseEngineVolumeAddressErrors/engine-volume://datasets/models?unknown=x	0.00
pass	core/schema	TestParseEngineVolumeAddressErrors/engine-volume://datasets/models#fragment	0.00
pass	core/schema	TestParseEngineVolumeAddressErrors	0.00
pass	core/schema	TestEvaluateContainerImagePartsRunsContainersConcurrently	0.00
pass	core	TestPublishStateEdgeTriggered	0.00
pass	core	TestPublishStateBeforeStartIsSilent	0.00
pass	core	TestPublishStateSealedTombstone	0.00
pass	core	TestEmitAgentStateRecordShape	0.00
pass	core	TestEmitAgentSnapshotRecordShape	0.00
pass	core	TestEmitAgentFailureMessage	0.00
pass	core	TestStopReasonRidesTerminalRecord	0.00
pass	core	TestKillAllStopsWithSessionReason	0.00
pass	engine/engineutil/imageexport	TestAssembledProviderLifetime/original	0.20
pass	engine/engineutil	TestPreparedImageCacheOwnsProvider	0.19
pass	engine/server	TestClientRuntimeRetainsTelemetryStoresUntilReclamation	0.26
pass	engine/server	TestForeignModuleContextReaders	0.00
pass	engine/server	TestResolveEngineLocalCachePrunePoliciesUseDefaultPolicyFalse	0.00
pass	engine/server	TestResolveEngineLocalCachePrunePoliciesOverridesReservedAndMinFree	0.00
pass	engine/server	TestResolveEngineLocalCachePrunePoliciesUsesAvailableSpaceForMinFree	0.00
pass	engine/server	TestEngineLocalCachePruneModes/no_options	0.00
pass	engine/server	TestEngineLocalCachePruneModes/disk_only	0.00
pass	engine/server	TestEngineLocalCachePruneModes/metadata_only	0.00
pass	engine/server	TestEngineLocalCachePruneModes/combined	0.00
pass	engine/server	TestEngineLocalCachePruneModes/enabled_default_policy	0.00
pass	engine/server	TestEngineLocalCachePruneModes/disabled_default_policy	0.00
pass	engine/server	TestEngineLocalCachePruneModes/disabled_default_policy_with_explicit_metadata	0.00
pass	engine/server	TestEngineLocalCachePruneModes	0.00
pass	engine/server	TestResolveEngineLocalCacheMetadataPruneOptions/default_policy	0.00
pass	engine/server	TestResolveEngineLocalCacheMetadataPruneOptions/maximum_only_inherits_target	0.00
pass	engine/server	TestResolveEngineLocalCacheMetadataPruneOptions/target_only_inherits_maximum	0.00
pass	engine/server	TestResolveEngineLocalCacheMetadataPruneOptions/explicit_pair_overrides_defaults	0.00
pass	engine/server	TestResolveEngineLocalCacheMetadataPruneOptions/zero_maximum	0.00
pass	engine/server	TestResolveEngineLocalCacheMetadataPruneOptions/zero_target	0.00
pass	engine/server	TestResolveEngineLocalCacheMetadataPruneOptions/negative_maximum	0.00
pass	engine/server	TestResolveEngineLocalCacheMetadataPruneOptions/negative_target	0.00
pass	engine/server	TestResolveEngineLocalCacheMetadataPruneOptions/partial_maximum_conflicts_with_inherited_target	0.00
pass	engine/server	TestResolveEngineLocalCacheMetadataPruneOptions/partial_target_conflicts_with_inherited_maximum	0.00
pass	engine/server	TestResolveEngineLocalCacheMetadataPruneOptions	0.00
pass	core	TestBuiltinLazyOperationEvaluate/eager_file_without_operation	0.05
pass	engine/server	TestManualMetadataPruneOnlySkipsDiskAndProtectsRoots	0.00
pass	engine/server	TestManualMetadataPruneBelowMaximumIsNoOp	0.00
pass	engine/server	TestManualCombinedDiskAndMetadataPrune	0.00
pass	engine/server	TestManualUseDefaultPolicyIncludesMetadata	0.00
pass	engine/server	TestManualNoOptionPrunePreservesDiskPruneAll	0.00
pass	engine/server	TestManualMetadataPruneCancellationAndReleaseError/cancellation	0.00
pass	engine/server	TestManualMetadataPruneCancellationAndReleaseError/release_error	0.00
pass	engine/server	TestManualMetadataPruneCancellationAndReleaseError	0.00
pass	engine/server	TestManualCombinedPruneValidatesBeforeMutation/disk_options_before_metadata_mutation	0.00
pass	engine/server	TestManualCombinedPruneValidatesBeforeMutation/metadata_options_before_disk_mutation	0.00
pass	engine/server	TestManualCombinedPruneValidatesBeforeMutation	0.00
pass	engine/server	TestLocalCacheDiskPressureGCNeeded	0.00
pass	engine/server	TestLifecycleGCIgnoresMetadataPruneBlock/reason-0	0.00
pass	engine/server	TestLifecycleGCIgnoresMetadataPruneBlock/reason-2	0.00
pass	engine/server	TestLifecycleGCIgnoresMetadataPruneBlock	0.00
pass	engine/server	TestResolveEngineLocalCachePrunePoliciesInvalidSpaceValue	0.00
pass	engine/server	TestGetDagqlGCPolicyFromConfiguredPolicies	0.00
pass	engine/server	TestGetDagqlGCPolicyFallsBackToBuildkitGCPolicy	0.00
pass	engine/server	TestGetDagqlGCPolicyDefaultPolicies	0.00
pass	engine/server	TestRemoteCacheFixturePruneReport/disk	0.01
pass	engine/server	TestRemoteCacheFixturePruneReport/metadata	0.00
pass	engine/server	TestRemoteCacheFixturePruneReport	0.01
pass	engine/server	TestRemoteCacheIntegrationConfig	0.00
pass	engine/server	TestRemoteCacheAdapterLifetime/stop_cancels_a_cooperative_run	0.00
pass	engine/server	TestRemoteCacheAdapterLifetime/shutdown_context_cancels_run	0.00
pass	engine/server	TestRemoteCacheAdapterLifetime/run_exit_detaches_without_failing_ordinary_work	0.00
pass	engine/server	TestRemoteCacheAdapterLifetime/an_exited_run_has_stopped_under_an_expired_context	0.00
pass	engine/server	TestRemoteCacheAdapterLifetime/noncooperative_run_is_reported	0.00
pass	engine/server	TestRemoteCacheAdapterLifetime	0.00
pass	core/schema	TestContainerDefaultPlatformCacheIdentity	0.32
pass	core/schema	TestEagerContainerMountMetadataResolvers/without_mount	0.00
pass	core/schema	TestEagerContainerMountMetadataResolvers/mounted_temp	0.00
pass	core/schema	TestEagerContainerMountMetadataResolvers/mounted_volume	0.00
pass	core/schema	TestEagerContainerMountMetadataResolvers/mounted_secret_without_owner	0.00
pass	core/schema	TestEagerContainerMountMetadataResolvers/unix_socket_without_owner	0.00
pass	core/schema	TestEagerContainerMountMetadataResolvers/without_unix_socket	0.00
pass	core/schema	TestEagerContainerMountMetadataResolvers	0.00
pass	engine/server	TestRemoteCacheGracefulStop/noncooperative_run_leaves_the_checkpoint_dirty	0.13
pass	engine/snapshots	TestSnapshotManagerRemoveLeaseDoesNotDeleteDuringAttachLease	1.00
pass	engine/snapshots	TestApplySnapshotDiffNilContract/nil_nil_returns_nil	0.00
pass	engine/snapshots	TestApplySnapshotDiffNilContract/nil_lower_reopens_upper_directly	0.00
pass	engine/snapshots	TestApplySnapshotDiffNilContract/equivalent_snapshots_produce_an_explicit_empty_diff	0.00
pass	engine/snapshots	TestApplySnapshotDiffNilContract/uses_content-aware_comparison	0.00
pass	engine/snapshots	TestApplySnapshotDiffNilContract	0.00
pass	engine/snapshots	TestMergeContract/nil_parents_returns_nil	0.00
pass	engine/snapshots	TestMergeContract/single_parent_reopens_directly	0.00
pass	engine/snapshots	TestMergeContract/nil_parents_are_ignored	0.00
pass	engine/snapshots	TestMergeContract/multiple_parents_materialize_ordered_full_snapshot_diffs	0.00
pass	engine/snapshots	TestMergeContract	0.00
pass	engine/snapshots	TestDisplayRef	0.00
pass	engine/engineutil/imageexport	TestAssembledProviderLifetime/rewritten	1.81
pass	engine/engineutil/imageexport	TestAssembledProviderLifetime	2.02
pass	engine/engineutil/imageexport	(package)	2.03
pass	core	TestBuiltinLazyOperationEvaluate/saved_schema_bytes	1.70
pass	engine/server	TestRemoteCacheGracefulStop/cooperative_run_closes_cleanly	1.60
pass	core	TestBuiltinLazyOperationEvaluate	2.00
pass	engine/engineutil	TestPreparedImageCanceledLateCompletion	1.86
pass	engine/engineutil	TestSetupNetworkUsesPoolForDefaultHostname	0.00
pass	engine/engineutil	TestSetupNetworkPassesCustomHostnameToNetworkProvider	0.00
pass	engine/engineutil	TestSetupNetworkKeepsInsecureExecsOutOfPool	0.00
pass	engine/engineutil	TestGitPackSpool	0.00
pass	engine/engineutil	TestGitPackSpoolRejectsAggregateOverflow	0.00
pass	engine/engineutil	TestGitPackCloseRemovesOwnedFiles	0.00
pass	core	TestChangesetDeltaMatchesGit/add_modify_remove	0.02
pass	engine/engineutil	TestDefToDAG/marshalling	0.00
pass	engine/engineutil	TestDefToDAG/modifications_+_marshalling	0.00
pass	engine/engineutil	TestDefToDAG/marshalling_inputs	0.00
pass	engine/engineutil	TestDefToDAG	0.00
pass	engine/server	TestRemoteCacheGracefulStop/earlier_shutdown_errors_are_returned	0.03
pass	engine/server	TestRemoteCacheGracefulStop	1.76
pass	engine/server	TestLoadSecretSalt/environment_override	0.00
pass	engine/server	TestLoadSecretSalt/invalid_base64	0.00
pass	engine/server	TestLoadSecretSalt/wrong_decoded_length	0.00
pass	engine/server	TestLoadSecretSalt/empty	0.00
pass	engine/server	TestLoadSecretSalt/file_fallback	0.00
pass	engine/server	TestLoadSecretSalt/generated_file_fallback	0.00
pass	engine/server	TestLoadSecretSalt	0.00
pass	core	TestChangesetDeltaMatchesGit/pure_rename	0.02
pass	engine/engineutil	TestEmitExecSplitProducesLoaderShape	0.02
pass	dagql	TestOfferPendingRestartAndForward	2.18
pass	core	TestChangesetDeltaMatchesGit/nested_removed_dir	0.01
pass	engine/engineutil	TestEmitExecSplitSetupFailure	0.01
pass	engine/engineutil	TestTrie	0.00
pass	engine/engineutil	TestTrieExtend	0.00
pass	engine/engineutil	TestTrieReinsert	0.00
pass	engine/engineutil	TestScrubStringsRedactsSecret	0.00
pass	engine/engineutil	TestScrubStringsNilInputsPassthrough	0.00
pass	engine/engineutil	TestBoundProfArgvPreservesKeyTokens	0.00
pass	engine/engineutil	TestExecProfArgvEndToEnd	0.00
pass	engine/engineutil	TestConsumeRecursiveReadOnlyOption	0.00
pass	engine/engineutil	TestLoadSecretsToScrubFromEnv	0.00
pass	engine/engineutil	TestNestedClientParentUsesHeldScopeNotContextMetadata	0.00
pass	engine/engineutil	TestContainerNestedTransportManagerCloseDoesNotWaitForRegistration	0.00
pass	engine/engineutil	TestLoadSecretsToScrubFromFiles	0.00
pass	engine/engineutil	TestScrubSecretLogLatency/plain	0.00
pass	engine/engineutil	TestScrubSecretLogLatency/secret	0.00
pass	engine/engineutil	TestScrubSecretLogLatency/secret_double	0.00
pass	engine/engineutil	TestScrubSecretLogLatency/secret_one_byte	0.00
pass	engine/engineutil	TestScrubSecretWrite/multiline_secret	0.00
pass	engine/engineutil	TestScrubSecretLogLatency/secret_half	0.00
pass	engine/engineutil	TestContainerNestedTransportManagerDoesNotCacheFailedRegistration	0.00
pass	engine/engineutil	TestScrubSecretLogLatency/eof	0.00
pass	engine/engineutil	TestContainerNestedTransportManagerUsesExactHeaderlessProxyIdentity	0.00
pass	engine/engineutil	TestScrubSecretWrite/single_line_secret	0.00
pass	engine/engineutil	TestContainerNestedTransportsAreExactPerRequestClient	0.00
pass	core	TestChangesetDeltaMatchesGit/added_dir_tree	0.00
pass	engine/engineutil	TestScrubSecretWrite/multi_write	0.00
pass	engine/engineutil	TestScrubSecretWrite	0.00
pass	engine/engineutil	TestScrubSecretLogLatency/massive	0.00
pass	engine/engineutil	TestSecretScrubWriterWrite/scrub_files_and_env	0.00
pass	engine/engineutil	TestSecretScrubWriterWrite/do_not_scrub_empty_env	0.00
pass	engine/engineutil	TestSecretScrubWriterWrite	0.00
pass	engine/engineutil	TestScrubSecretLogLatency/massive_eof	0.00
pass	core	TestChangesetDeltaMatchesGit/empty_before	0.01
pass	engine/server	TestTelemetryRoutesClientsAndAncestorsExactlyOnce	0.02
pass	engine/server	TestLogRecordRowPreservesBytesBody	0.00
pass	core	TestChangesetDeltaMatchesGit/mtime-only_change_is_not_modified	0.00
pass	engine/server	TestTelemetryExportReleasesClientDBHandle	0.00
pass	engine/server	TestSessionTeardownFlushesTraceTelemetryAfterMetricShutdown	0.01
pass	dagql	TestRemoteCacheUnusedRanking	0.02
pass	core	TestChangesetDeltaMatchesGit/same_size_same_mtime_different_content	0.01
pass	core	TestChangesetDeltaMatchesGit/exec_bit_change	0.01
pass	core	TestChangesetDeltaMatchesGit/symlink_target_change	0.00
pass	core	TestChangesetDeltaMatchesGit/file_replaced_by_dir	0.01
pass	core/schema	TestBuiltinMetadataSelectors/Directory	1.78
pass	core	TestChangesetDeltaMatchesGit/dir_replaced_by_file	0.01
pass	engine/engineutil	TestScrubSecretLogLatency	0.00
pass	engine/engineutil	TestContainerNestedTransportManagerJoinsInFlightRegistration	0.05
pass	engine/engineutil	(package)	2.19
pass	core	TestChangesetDeltaMatchesGit/binary_files	0.01
pass	core	TestChangesetDeltaMatchesGit/identical_trees	0.00
pass	core	TestChangesetDeltaMatchesGit/added_empty_dir_only	0.00
pass	core	TestChangesetDeltaMatchesGit/rename_with_modification_stays_paired_like_git	0.01
pass	core	TestChangesetDeltaMatchesGit	0.12
pass	core	TestParseGitOutput/empty	0.00
pass	core	TestParseGitOutput/all_change_types	0.00
pass	core	TestParseGitOutput/rename	0.00
pass	core	TestParseGitOutput/copy	0.00
pass	core	TestParseGitOutput	0.00
pass	core	TestParseGitNumStatOutput/normal_files	0.00
pass	core	TestParseGitNumStatOutput/renames	0.00
pass	core	TestParseGitNumStatOutput	0.00
pass	core	TestRelativeDiffPath	0.00
pass	core	TestListSubdirectories	0.00
pass	core	TestDiffStringSlices/no_changes	0.00
pass	core	TestDiffStringSlices/mixed	0.00
pass	core	TestDiffStringSlices	0.00
pass	core	TestCollapseChildPaths/empty	0.00
pass	core	TestCollapseChildPaths/directory_hides_children	0.00
pass	core	TestCollapseChildPaths/siblings_preserved	0.00
pass	core	TestCollapseChildPaths	0.00
pass	core	TestCompareDirectories_Integration	0.00
pass	core	TestCompareDirectories_OldDirIsBrokenWorktree	0.00
pass	core	TestCompareDirectoriesNumStat_Integration	0.00
pass	core	TestFixDiffGitHeader/added_file_(both_sides_b/)	0.00
pass	core	TestFixDiffGitHeader/deleted_file_(both_sides_a/)	0.00
pass	core	TestFixDiffGitHeader/modified_file_is_left_alone	0.00
pass	core	TestFixDiffGitHeader/nested_path	0.00
pass	core	TestFixDiffGitHeader/path_containing_spaces	0.00
pass	core	TestFixDiffGitHeader/quoted_path	0.00
pass	core	TestFixDiffGitHeader/rename_header_keeps_distinct_paths	0.00
pass	core	TestFixDiffGitHeader/non-header_line_untouched	0.00
pass	core	TestFixDiffGitHeader/unparseable_header_untouched	0.00
pass	core	TestFixDiffGitHeader	0.00
pass	core	TestDiffGitHeaderRewriter	0.00
pass	core	TestWriteGitDiffPatch_Integration	0.02
pass	core	TestPathSets	0.00
pass	core	TestChangesetConflicts/no_conflicts	0.00
pass	core	TestChangesetConflicts/empty_addition	0.00
pass	core	TestChangesetConflicts/added_path	0.00
pass	core	TestChangesetConflicts/modified	0.00
pass	core	TestChangesetConflicts/modified_and_deleted	0.00
pass	core	TestChangesetConflicts/deleted_and_modified	0.00
pass	core	TestChangesetConflicts/removed_twice	0.00
pass	core	TestChangesetConflicts	0.00
pass	core	TestCapturePersistedContainerDirectEvaluation/metadata	0.00
pass	core	TestCapturePersistedContainerDirectEvaluation/snapshot	0.00
pass	core	TestCapturePersistedContainerDirectEvaluation/whole	0.00
pass	core	TestCapturePersistedContainerDirectEvaluation	0.00
pass	core	TestCapturePersistedContainerExcludesNewDirectGroups	0.00
pass	core	TestCapturePersistedContainerUnrefinedBody/active	0.00
pass	core	TestCapturePersistedContainerUnrefinedBody/outputs-set-before-return	0.00
pass	core	TestCapturePersistedContainerUnrefinedBody	0.00
pass	core	TestCapturePersistedContainerReleasesLocksOnCodecError	0.00
pass	core	TestContainerExecSuccessConsumesFinalReadOnlyMount	0.00
pass	core	TestContainerExecPersistsInputMetadata/nil	0.02
pass	core	TestContainerExecPersistsInputMetadata/supplied	0.02
pass	core	TestContainerExecPersistsInputMetadata	0.04
pass	core	TestContainerFromDelegatesSnapshotParts	0.00
pass	core/schema	TestBuiltinMetadataSelectors/File	0.12
pass	core	TestContainerEvaluatedLazyOperationAttachesParentAtPublication	0.02
pass	core	TestContainerEvaluatedLazyOperationPersistsWithoutLoadingParents/completed_operation_references_relocate_without_loading	0.00
pass	core	TestContainerEvaluatedLazyOperationPersistsWithoutLoadingParents/old_complete_rows_without_operation_bytes	0.00
pass	core	TestContainerEvaluatedLazyOperationPersistsWithoutLoadingParents	0.02
pass	core/schema	TestBuiltinMetadataSelectors/relative_Directory	0.10
pass	core	TestMountedLazyRepresentations/Directory/pending	0.03
pass	core	TestMountedLazyRepresentations/Directory/evaluated	0.02
pass	core	TestMountedLazyRepresentations/Directory	0.11
pass	core/schema	TestBuiltinMetadataSelectors/relative_File	0.12
pass	engine/snapshots	TestImportChainLocalStores	1.52
pass	core	TestMountedLazyRepresentations/File/pending	0.03
pass	core	TestMountedLazyRepresentations/File/evaluated	0.04
pass	core	TestMountedLazyRepresentations/File	0.13
pass	core	TestMountedLazyRepresentations	0.24
pass	core	TestContainerMetadataOnlyMountMutationParts/mounted_temp	0.00
pass	core	TestContainerMetadataOnlyMountMutationParts/mounted_secret	0.00
pass	core	TestContainerMetadataOnlyMountMutationParts/mounted_cache	0.00
pass	core	TestContainerMetadataOnlyMountMutationParts/mounted_volume	0.00
pass	core	TestContainerMetadataOnlyMountMutationParts/with_unix_socket	0.00
pass	core	TestContainerMetadataOnlyMountMutationParts/without_mount	0.00
pass	core	TestContainerMetadataOnlyMountMutationParts/without_unix_socket	0.00
pass	core	TestContainerMetadataOnlyMountMutationParts/mounted_cache_shadows_snapshot_mount	0.00
pass	core	TestContainerMetadataOnlyMountMutationParts	0.00
pass	core	TestContainerMetadataMountNamedOwnerReadsParentRootFS/mounted_secret	0.00
pass	core	TestContainerMetadataMountNamedOwnerReadsParentRootFS/unix_socket	0.00
pass	core	TestContainerMetadataMountNamedOwnerReadsParentRootFS	0.00
pass	core	TestContainerMountedSourceWriterParts/directory	0.00
pass	core	TestContainerMountedSourceWriterParts/dockerfile_compatible_directory	0.00
pass	core	TestContainerMountedSourceWriterParts/file	0.00
pass	core	TestContainerMountedSourceWriterParts	0.00
pass	core	TestContainerMountedSourceWriterNamedOwner/directory	0.00
pass	core	TestContainerMountedSourceWriterNamedOwner/file	0.00
pass	dagql	TestRemoteCacheUnusedCost	0.43
pass	core	TestContainerMountedSourceWriterNamedOwner	0.00
pass	core	TestContainerMountedSourceWriterShadowsNestedMount	0.00
pass	core	TestDockerfileCompatMountSourceIsFile/empty_root	0.00
pass	core	TestDockerfileCompatMountSourceIsFile/absolute_dot_root	0.00
pass	core	TestDockerfileCompatMountSourceIsFile/relative_dot_root	0.00
pass	core	TestDockerfileCompatMountSourceIsFile/relative_directory	0.00
pass	core	TestDockerfileCompatMountSourceIsFile/directory_with_trailing_slash	0.00
pass	core	TestDockerfileCompatMountSourceIsFile/file_with_trailing_slash	0.00
pass	core	TestDockerfileCompatMountSourceIsFile	0.00
pass	core	TestContainerPathWriterRouting/rootfs	0.00
pass	core	TestContainerPathWriterRouting/mount	0.00
pass	core	TestContainerPathWriterRouting	0.00
pass	core	TestContainerPathWriterExactMountRemoval/with_directory_removes_file_mount	0.00
pass	core	TestContainerPathWriterExactMountRemoval/with_file_removes_directory_mount	0.00
pass	core	TestContainerPathWriterExactMountRemoval	0.00
pass	core	TestContainerWithoutPathFullEvaluationWithEmptyRootFS	0.00
pass	core	TestContainerWithoutPathsJointWriteGroup	0.00
pass	core	TestContainerGetVariantRefsEvaluatesImageParts	0.00
pass	dagql	TestOfferPartsBeforeStart/open	0.01
pass	core	TestContainerPersistedUnsupportedTargetPreservesConsumedExecMeta/tmpfs	0.02
pass	dagql	TestOfferPartsBeforeStart/preparing	0.01
pass	core/schema	TestBuiltinMetadataSelectors/platform_fallback	0.10
pass	core/schema	TestBuiltinMetadataSelectors	2.22
pass	core/schema	TestBuiltinMetadataConsumersStopOnFailure/from	0.00
pass	core/schema	TestBuiltinMetadataConsumersStopOnFailure/withRootfs	0.00
pass	dagql	TestOfferPartsBeforeStart/running	0.01
pass	core/schema	TestBuiltinMetadataConsumersStopOnFailure/rootfs	0.00
pass	core/schema	TestBuiltinMetadataConsumersStopOnFailure/build	0.00
pass	core/schema	TestBuiltinMetadataConsumersStopOnFailure/withSymlink	0.00
pass	core/schema	TestBuiltinMetadataConsumersStopOnFailure/withWorkdir	0.00
pass	core/schema	TestBuiltinMetadataConsumersStopOnFailure/withMountedDirectory	0.00
pass	core/schema	TestBuiltinMetadataConsumersStopOnFailure/withMountedFile	0.00
pass	core/schema	TestBuiltinMetadataConsumersStopOnFailure/withMountedCache	0.00
pass	core/schema	TestBuiltinMetadataConsumersStopOnFailure/withMountedVolume	0.00
pass	core/schema	TestBuiltinMetadataConsumersStopOnFailure/withMountedTemp	0.00
pass	core/schema	TestBuiltinMetadataConsumersStopOnFailure/withoutMount	0.00
pass	core/schema	TestBuiltinMetadataConsumersStopOnFailure/directory	0.00
pass	core/schema	TestBuiltinMetadataConsumersStopOnFailure/file	0.00
pass	core/schema	TestBuiltinMetadataConsumersStopOnFailure/withMountedSecret	0.00
pass	core/schema	TestBuiltinMetadataConsumersStopOnFailure/withUnixSocket	0.00
pass	core/schema	TestBuiltinMetadataConsumersStopOnFailure/withoutUnixSocket	0.00
pass	core	TestContainerPersistedUnsupportedTargetPreservesConsumedExecMeta/cache	0.03
pass	core	TestContainerPersistedUnsupportedTargetPreservesConsumedExecMeta	0.04
pass	core/schema	TestBuiltinMetadataConsumersStopOnFailure/withDirectory	0.00
pass	core	TestContainerRestoreIndependentParts	0.00
pass	core/schema	TestBuiltinMetadataConsumersStopOnFailure/withFile	0.00
pass	core/schema	TestBuiltinMetadataConsumersStopOnFailure/withFiles	0.00
pass	core	TestContainerRestoreAttachedMetadataLeavesFSUntouched	0.00
pass	core/schema	TestBuiltinMetadataConsumersStopOnFailure/withoutDirectory	0.00
pass	core	TestContainerRestoreConcurrentParts	0.00
pass	core	TestContainerRestoreOpenFailureKeepsRecipeConsumed	0.00
pass	core/schema	TestBuiltinMetadataConsumersStopOnFailure/withoutFile	0.00
pass	core	TestContainerPersistedPartsIgnorePendingAccessorSeeds	0.00
pass	core	TestContainerPersistedJointOutputsSeedOriginalAndOpenIndependently	0.00
pass	core	TestContainerPersistedPartsRejectMissingCompletedValue	0.00
pass	core/schema	TestBuiltinMetadataConsumersStopOnFailure/withoutFiles	0.00
pass	core/schema	TestBuiltinMetadataConsumersStopOnFailure/withNewFile	0.00
pass	core/schema	TestBuiltinMetadataConsumersStopOnFailure/withUser	0.00
pass	core	TestContainerRestoreReportingAndBookkeepingRetry/stored_only	0.00
pass	core/schema	TestBuiltinMetadataConsumersStopOnFailure/withEnvVariable	0.00
pass	core/schema	TestBuiltinMetadataConsumersStopOnFailure/withAnnotation	0.00
pass	core	TestContainerRestoreReportingAndBookkeepingRetry/pending_sibling	0.00
pass	core	TestContainerRestoreReportingAndBookkeepingRetry	0.00
pass	core	TestContainerRestoreSnapshotOwnershipAndRelease	0.00
pass	core/schema	TestBuiltinMetadataConsumersStopOnFailure/withLabel	0.00
pass	core/schema	TestBuiltinMetadataConsumersStopOnFailure/withExec	0.00
pass	core/schema	TestBuiltinMetadataConsumersStopOnFailure/user	0.00
pass	core/schema	TestBuiltinMetadataConsumersStopOnFailure/platform	0.00
pass	core/schema	TestBuiltinMetadataConsumersStopOnFailure/healthcheck	0.00
pass	core/schema	TestBuiltinMetadataConsumersStopOnFailure/cache_dynamic_input	0.00
pass	core/schema	TestBuiltinMetadataConsumersStopOnFailure	0.02
pass	dagql	TestOfferPartsBeforeStart/evaluated	0.02
pass	core	TestContainerPersistedDetachedFileAndDirectoryPaths	0.02
pass	core	TestContainerRestoreAttemptLifetime/cancel_leader_with_healthy_waiter	0.00
pass	core	TestContainerRestoreAttemptLifetime/release_during_open	0.00
pass	core	TestContainerRestoreAttemptLifetime	0.00
pass	core/schema	TestBuiltinLegacyServiceMetadata/default_command	0.03
pass	dagql	TestOfferPartsBeforeStart	0.09
pass	core	TestContainerShutdownPersistenceWaitsForReader/pending	0.02
pass	dagql	TestOfferPartsInvalidatesSourceCheck	0.01
pass	core/schema	TestBuiltinLegacyServiceMetadata/saved_exec_expansion	0.02
pass	core/schema	TestBuiltinLegacyServiceMetadata	0.05
pass	dagql	TestOfferPartsOwnership	0.01
pass	core	TestContainerShutdownPersistenceWaitsForReader/completed	0.02
pass	core	TestContainerShutdownPersistenceWaitsForReader	0.03
pass	core	TestAroundFuncRoutesPayloadsBeforeSpanDeduplication	0.00
pass	core	TestAroundFuncLogsOnlyPayloadsMissingFromSpans	0.00
pass	core	TestRecordCallPayloadsEmitsTransitiveClosure	0.00
pass	core	TestRecordCallPayloadsSkipsFramesDeliveredBySpans	0.00
pass	core	TestRecordCallPayloadsDedupesPerDeliveryDomain	0.00
pass	core	TestRecordCallPayloadsRequiresSeenKeyStore	0.00
pass	core	TestLayercopyModePreservesSpecialPermissionBits/setgid	0.00
pass	core	TestLayercopyModePreservesSpecialPermissionBits/sticky	0.00
pass	core	TestLayercopyModePreservesSpecialPermissionBits/all	0.00
pass	core	TestLayercopyModePreservesSpecialPermissionBits/setuid	0.00
pass	core	TestLayercopyModePreservesSpecialPermissionBits	0.00
pass	core	TestConvertRejectToMarkers/rejected_hunk_becomes_a_marker_block_at_its_old_position	0.00
pass	core	TestConvertRejectToMarkers/multiple_hunks_insert_bottom-up_without_shifting	0.00
pass	core	TestConvertRejectToMarkers/hunk_position_past_end_of_file_clamps_to_end	0.00
pass	core	TestConvertRejectToMarkers/missing_target_file_gets_created_with_the_marker_block	0.00
pass	core	TestConvertRejectToMarkers	0.00
pass	core	TestFindRejectFiles	0.00
pass	dagql	TestOfferPartsResourcesAndSettlement	0.01
pass	core	TestApplyGitPatchLeaveMarkers/a_rejected_hunk_becomes_conflict_markers	0.00
pass	core	TestApplyGitPatchLeaveMarkers/a_file_that_cannot_be_patched_at_all_fails	0.00
pass	core	TestApplyGitPatchLeaveMarkers	0.01
pass	core	TestWholeFileApplyErrors	0.00
pass	core	TestError_Extensions/simple_string_value	0.00
pass	core	TestError_Extensions/number_value	0.00
pass	core	TestError_Extensions/boolean_value	0.00
pass	core	TestError_Extensions/null_value	0.00
pass	core	TestError_Extensions/object_value	0.00
pass	core	TestError_Extensions/array_value	0.00
pass	core	TestError_Extensions/multiple_values	0.00
pass	core	TestError_Extensions/empty_values	0.00
pass	core	TestError_Extensions	0.00
pass	core	TestError_Extensions_PreventDoubleEncoding	0.00
pass	core/schema	TestBuiltinCacheOwnerDynamicInput	0.03
pass	core/schema	TestMountConstructorsOwnNoRefs/file=false/parentFirst=false	0.00
pass	core/schema	TestMountConstructorsOwnNoRefs/file=false/parentFirst=true	0.00
pass	core/schema	TestMountConstructorsOwnNoRefs/file=true/parentFirst=false	0.00
pass	core/schema	TestMountConstructorsOwnNoRefs/file=true/parentFirst=true	0.00
pass	core/schema	TestMountConstructorsOwnNoRefs	0.00
pass	core/schema	TestMountConstructionLeavesParentBytesPending	0.00
pass	engine/snapshots	TestImportChainSameManager/absent	0.19
pass	dagql	TestOfferPartsInlineAndReferencedRows	0.02
pass	core	TestCapturePersistedFilesystemDirectEvaluation/File	0.02
pass	dagql	TestOfferPartsClosesNativeAdmission	0.02
pass	core	TestCapturePersistedFilesystemDirectEvaluation/Directory	0.02
pass	core	TestCapturePersistedFilesystemDirectEvaluation	0.03
pass	core	TestFilesystemOutputRevision/File	0.00
pass	core	TestFilesystemOutputRevision/Directory	0.00
pass	core	TestFilesystemOutputRevision	0.00
pass	core	TestFilesystemPersistenceRetainsBodyLatch/File	0.00
pass	core	TestFilesystemPersistenceRetainsBodyLatch/Directory	0.00
pass	core	TestFilesystemPersistenceRetainsBodyLatch	0.00
pass	dagql	TestOfferPartsAcceptedCleanupFailure	0.01
pass	core	TestFilesystemEvaluatedLazyOperationPersistence/Directory	0.02
pass	dagql	TestPartSourceSelectionLaterRoute	0.01
pass	core	TestFilesystemEvaluatedLazyOperationPersistence/File	0.02
pass	dagql	TestPartSessionlessOwnSubset/offer-only	0.02
pass	core	TestFilesystemEvaluatedLazyOperationPersistence/Container.rootfs	0.02
pass	core	TestFilesystemEvaluatedLazyOperationPersistence	0.05
pass	dagql	TestPartSessionlessOwnSubset/own	0.01
pass	core	TestForeignModuleContextReaders/dependency	0.00
pass	core	TestForeignModuleContextReaders/stat	0.00
pass	core	TestForeignModuleContextReaders/exists	0.00
pass	core	TestForeignModuleContextReaders/directory	0.00
pass	core	TestForeignModuleContextReaders/file	0.00
pass	core	TestForeignModuleContextReaders/git	0.00
pass	core	TestForeignModuleContextReaders/env	0.00
pass	core	TestForeignModuleContextReaders	0.01
pass	core	TestResolveGitBundleTargetPreservesAnnotatedTag	0.00
pass	core	TestParseGitBundleHeader/version_2	0.00
pass	core	TestParseGitBundleHeader/version_3_sha256_with_prerequisite	0.00
pass	core	TestParseGitBundleHeader/unsupported_capability	0.00
pass	core	TestParseGitBundleHeader/duplicate_capability	0.00
pass	core	TestParseGitBundleHeader/bad_signature	0.00
pass	core	TestParseGitBundleHeader/bad_object_format	0.00
pass	core	TestParseGitBundleHeader/duplicate_ref	0.00
pass	core	TestParseGitBundleHeader/bad_object_id	0.00
pass	core	TestParseGitBundleHeader/truncated_header	0.00
pass	core	TestParseGitBundleHeader/no_refs	0.00
pass	dagql	TestPartSessionlessOwnSubset/revoked-before-commit	0.01
pass	core	TestParseGitBundleHeader/late_capability	0.00
pass	core	TestParseGitBundleHeader/v2_with_capability	0.00
pass	core	TestParseGitBundleHeader/missing_ref_name	0.00
pass	core	TestParseGitBundleHeader	0.00
pass	core	TestParseGitBundleHeaderRefLimit	0.00
pass	core	TestInspectGitBundleFileSafeguards/valid_envelope	0.00
pass	core	TestInspectGitBundleFileSafeguards/truncated	0.00
pass	core	TestInspectGitBundleFileSafeguards/corrupt	0.00
pass	core	TestInspectGitBundleFileSafeguards/object_count	0.00
pass	core	TestInspectGitBundleFileSafeguards/file_size	0.00
pass	core	TestInspectGitBundleFileSafeguards	0.00
pass	core	TestParseGitCommitMetadata	0.00
pass	core	TestParseGitCommitMetadataLenientTimezone	0.00
pass	core	TestParseGitTimezoneOffset	0.00
skip	core	TestGitLazyOperationsEvaluate	0.00
skip	core	TestGitLazyOperationsRemoteEvaluate	0.00
skip	core	TestGitBundleLazyOperationEvaluate	0.00
pass	core	TestRemoteFromCacheResultAcceptsStringPayload	0.00
pass	core	TestRemoteFromCacheResultRejectsInvalidPayload	0.00
pass	core	TestRemoteMetadataCacheKeyIsolation	0.00
pass	core	TestNamedFetchRefSpecs	0.00
pass	core	TestNamedFetchRefSpecsChangesWithPinnedSHA	0.00
pass	dagql	TestPartSessionlessOwnSubset/native-receiver	0.01
pass	dagql	TestPartSessionlessOwnSubset	0.05
pass	dagql	TestPartReadyRevalidationAndCanceledFinish/stale-donor	0.01
pass	dagql	TestPartReadyRevalidationAndCanceledFinish/cancel-commit	0.01
pass	dagql	TestPartReadyRevalidationAndCanceledFinish/cancel-finish	0.01
pass	dagql	TestPartReadyRevalidationAndCanceledFinish	0.03
pass	dagql	TestPartLazyOperationMissingOutputStopsOnce	0.01
pass	dagql	TestPartLazyOperationPublishesOverObservedRepresentation/encoded_receiver	0.02
pass	dagql	TestPartLazyOperationPublishesOverObservedRepresentation/typed_receiver	0.01
pass	dagql	TestPartLazyOperationPublishesOverObservedRepresentation	0.03
pass	dagql	TestCommitReadyPartRejectsBrokenPreparation/unsealed	0.01
pass	dagql	TestCommitReadyPartRejectsBrokenPreparation/encoded_without_envelope	0.01
pass	dagql	TestCommitReadyPartRejectsBrokenPreparation	0.02
pass	core	TestHTTPLocalBodyOwnership	0.11
pass	engine/snapshots	TestImportChainSameManager/scratch	0.23
pass	engine/server	TestSessionTeardownHonorsCallerDeadlineForStrandedLease	0.81
pass	engine/server	TestEnsureRequestModulesLoadedConsumesScopeBeforeUnlock	0.00
pass	dagql	TestPartReadyPreparationBoundaries/cancel-during-pin	0.07
pass	core	TestHTTPLocalBodyFailures/matching	0.02
pass	engine/server	TestSnapshotSharingMarkedDecodeOfEncodedService	0.04
pass	core	TestHTTPLocalBodyFailures/absent	0.01
pass	engine/server	TestSnapshotSharingReceivesImports	0.00
pass	engine/server	TestSnapshotSharingSkipsOrdinaryEngine	0.00
pass	engine/server	TestSnapshotSharingPreparationContext	0.01
pass	engine/server	TestCloudEngineTelemetryResource	0.00
pass	engine/server	TestTelemetryOriginScopeSessionIsolation	0.00
pass	engine/server	TestWorkspaceReadEpochFollowsOwner	0.00
pass	engine/server	TestResolveDagqlCacheGCConfig	0.00
pass	engine/server	TestUserConfigOriginFromIncludedGitConfig/include	0.00
pass	engine/server	TestUserConfigNoPathDeclared	0.00
pass	engine/server	TestReapAbandonedWhenMainClientReconnects	0.00
pass	engine/server	TestUserConfigWorktreeGitFile	0.00
pass	core	TestHTTPLocalBodyFailures/foreign	0.01
pass	engine/server	TestReadWorkspaceLockStateDoesNotWriteInvalidLock	0.00
pass	engine/server	TestFindLocalCacheTrashDirs	0.00
pass	engine/server	TestRemoveAllPaced	0.00
pass	engine/server	TestUserConfigOverridesWorkspaceSettings	0.00
pass	engine/server	TestGatherModuleLoadRequests	0.00
pass	engine/server	TestUserConfigMalformedErrors	0.00
pass	engine/server	TestUserConfigMissingFileIsFine	0.00
pass	engine/server	TestReadWorkspaceLockStateReadsLegacyLockFallback	0.00
pass	engine/server	TestStartLocalCacheTrashSweeperBlocksUnderDiskPressure	0.00
pass	engine/server	TestUserConfigOtherWorkspaceDoesNotApply	0.00
pass	engine/server	TestUserConfigNoGitRemote	0.00
pass	engine/server	TestModuleLoadErr	0.00
pass	engine/server	TestModuleLoadParallelism	0.00
pass	engine/server	TestResolvedModuleLoadIdentity	0.00
pass	engine/server	TestEnsureWorkspaceLoadedKeepsExistingWorkspaceBinding	0.00
pass	engine/server	TestResolveHostServiceCallerFallsBackToParentRecordWithoutRuntime	0.00
pass	engine/server	TestDedupeResolvedModuleLoads	0.00
pass	engine/server	TestUserConfigAddsSelectableEnv	0.00
pass	engine/server	TestSpecificClientAttachableConnRejectsInertClient/direct_caller_ifAvailable=false	0.00
pass	engine/server	TestClientMetadataBootstrapDeepCloneAndScopeSnapshot	0.00
pass	engine/server	TestSpecificClientAttachableConnRejectsInertClient/direct_caller_ifAvailable=true	0.00
pass	engine/server	TestSpecificClientAttachableConnRejectsInertClient	0.00
pass	engine/server	TestClientRecordFromIDsStateGating	0.00
pass	engine/server	TestGetOrInitClientReturnsFastForRemovedTombstone	0.00
pass	engine/server	TestUserConfigLocalPathRemote	0.00
pass	engine/server	TestActiveClientIDsDoesNotBlockWhileSessionLifecycleLocked	0.00
pass	engine/server	TestClientsDoesNotBlockWhileSessionLifecycleLocked	0.00
pass	engine/server	TestDetectAndLoadWorkspaceKeepsCompatFallbackForExplicitExtraModule	0.00
pass	engine/server	TestDedupeResolvedModuleLoadsKeepsSameSourceUnderDifferentNames	0.00
pass	engine/server	TestClientRegistrationRejectsInvalidParentRoute	0.00
pass	engine/server	TestClientRegistrationRequiresValidExplicitAncestry	0.00
pass	engine/server	TestClientAncestryAndTelemetryRouteOrdering	0.00
pass	engine/server	TestClientLifecycleDebugSnapshotReportsClosedRuntimeRetention	0.00
pass	engine/server	TestUserConfigMatchesEquivalentRemoteForms	0.00
pass	engine/server	TestClientLifecycleScopeDrainWaitsForTerminalRelease	0.00
pass	engine/server	TestClientLifecycleScopesRaceSessionTeardown	0.00
pass	engine/server	TestWorkspaceRuntimeFromContextSelectsOnlyScopedClientOrAncestor	0.00
pass	engine/server	TestWorkspaceHostAccessDoesNotRequireOwnerRuntime	0.00
pass	engine/server	TestClientScopeRequiresSealedMetadata	0.00
pass	engine/server	TestClientRecordLookupsAreIndependentFromExecutableRuntime	0.00
pass	engine/server	TestClientLifecycleScopesSerializeCloseCloneAndRelease	0.00
pass	engine/server	TestClientRecordFromIDsConcurrentSessionInitialization	0.00
pass	engine/server	TestSessionAttachablesLabelsAllowQueryAndShutdownAdmission/query	0.00
pass	engine/server	TestSessionAttachablesLabelsAllowQueryAndShutdownAdmission/shutdown	0.00
pass	engine/server	TestSessionAttachablesLabelsAllowQueryAndShutdownAdmission	0.00
pass	engine/server	TestCallPayloadDeliveryStore	0.00
pass	engine/server	TestDetectAndLoadWorkspaceLoadsPlainModuleCompatWithoutConfig	0.00
pass	engine/server	TestLocalWorkspaceAddress	0.00
pass	engine/server	TestActiveClientIDsConcurrentSessionClientMutation	0.00
pass	engine/server	TestRemoveAllPacedCanceled	0.00
pass	engine/server	TestModuleResolutionFromSubdirectory	0.00
pass	engine/server	TestDetectAndLoadWorkspaceIgnoresCompatFallbackWhenConfigExists	0.00
pass	engine/server	TestWorkspaceConfigPendingModules	0.00
pass	engine/server	TestDetectAndLoadWorkspaceDoesNotLoadModulesByDefault	0.00
pass	engine/server	TestUserConfigRemoteWorkspaceKey	0.00
pass	engine/server	TestUserConfigEnvMergesOverRepoEnv	0.01
pass	engine/server	TestEnsureWorkspaceLoadedInheritsParentWorkspace	0.00
pass	engine/server	TestRemoteWorkspaceCwdUsesDetectionStart	0.00
pass	engine/server	TestDetectAndLoadWorkspaceCreatesRootlessWorkspaceWithoutInferringModule	0.00
pass	engine/server	TestWithRequestTelemetrySuppression	0.00
pass	engine/server	TestMoveLocalCacheStateToTrash	0.00
pass	core	TestHTTPLocalBodyFailures/advanced	0.01
pass	engine/server	TestRemoteWorkspaceLoadsPlainModuleCompatFromCWD	0.00
pass	engine/server	TestResolveHostServiceCallerPrefersCurrentClientAttachable	0.00
pass	engine/server	TestNestedTransportRegistrationIsStrictUniqueAndPermanent	0.00
pass	engine/server	TestUserConfigOriginFromIncludedGitConfig/conditional_include	0.00
pass	engine/server	TestUserConfigOriginFromIncludedGitConfig	0.00
pass	engine/server	TestChildQuiescenceReleasesClosingParent	0.00
pass	engine/server	TestNestedBootstrapRequestsMergeBeforeSeal	0.00
pass	engine/server	TestClientMetadataBootstrapOrderReplayAndConflict/attachables-init-first-request	0.00
pass	engine/server	TestSweepLocalCacheTrash	0.02
pass	engine/server	TestClientMetadataBootstrapOrderReplayAndConflict/attachables-first-request-init	0.00
pass	engine/server	TestClientMetadataBootstrapOrderReplayAndConflict/init-attachables-first-request	0.00
pass	engine/server	TestClosedClientWaitsForAcceptedBootstrapRequest	0.00
pass	engine/server	TestClientMetadataBootstrapOrderReplayAndConflict/init-first-request-attachables	0.00
pass	engine/server	TestNestedShutdownClosesRegisteredTransportIdempotently	0.00
pass	engine/server	TestClientMetadataBootstrapOrderReplayAndConflict/first-request-attachables-init	0.00
pass	engine/server	TestHeldParentScopeDelegatesWhileParentClosing	0.00
pass	engine/server	TestClientMetadataBootstrapOrderReplayAndConflict/first-request-init-attachables	0.00
pass	engine/server	TestClientMetadataBootstrapOrderReplayAndConflict	0.00
pass	engine/server	TestNestedTransportCloseRacesAdmissionSerialization	0.00
pass	engine/server	TestCanceledMonitorMetadataPruneDoesNotSetBlock	0.00
pass	engine/server	TestNestedTransportRegistrationDoesNotTakeLifecycleLock	0.00
pass	engine/server	TestExplicitPruneClearsMetadataPruneBlock	0.00
pass	engine/server	TestRunRecursiveReadOnlyProbe	0.00
pass	core	TestHTTPLocalBodyFailures/unavailable	0.01
pass	core	TestHTTPLocalBodyFailures/pin_error	0.00
pass	core	TestHTTPLocalBodyFailures/cancel	0.00
pass	core	TestHTTPLocalBodyFailures/unavailable_plus_cleanup	0.00
pass	engine/server	TestNestedTransportRegistrationBindsExactExecAttachables	0.00
pass	engine/server	TestRunRecursiveReadOnlyProbeCleansUpAfterUnsupportedSetattr	0.00
pass	engine/server	TestRemoteWorkspaceAddress	0.00
pass	engine/server	TestNestedTransportRegistrationRequiresExactHeldParentScope	0.00
pass	engine/server	TestFailedSessionInitializationCanRetrySameID	0.00
pass	engine/server	TestMonitorMetadataPruneBlocksAfterProtectedNoProgress	0.00
pass	engine/server	TestGCSessionCompletionClearsMetadataPruneBlock	0.00
pass	engine/server	TestGCLockedDiskStatFailureDoesNotSuppressMetadataPrune	0.00
pass	engine/server	TestLocalCachePressureCheckUsesMetadataWhenDiskStatFails	0.00
pass	engine/server	TestMetadataPruneMonitorBlockOutcome	0.00
pass	engine/server	TestGCLockedPrunesMetadataWithoutWorkerDiskPolicies	0.00
pass	engine/server	TestResolveHostServiceCallerUsesBlockingLookupForOtherClients	0.00
pass	engine/server	TestWorkspaceBindingMode/non-module_defaults_to_host_detection	0.00
pass	engine/server	TestArbitrateSameSourceEntrypointNominations/different_settings_under_two_names_stay_a_conflict	0.00
pass	engine/server	TestWorkspaceBindingMode/declared_workspace_takes_precedence	0.00
pass	engine/server	TestClientRuntimeReclamationDrainsMetricsBeforeUnpublish	0.02
pass	engine/server	TestWorkspaceBindingMode/module_defaults_to_inheritance	0.00
pass	engine/server	TestArbitrateResolvedModuleLoads/extra_beats_ambient	0.00
pass	engine/server	TestUserConfigIncludeIfConditionsFollowGitSemantics/onbranch_condition_on_another_branch_is_not_followed	0.00
pass	engine/server	TestNormalizeWorkspaceRemoteSubdir/empty_becomes_dot	0.00
pass	engine/server	TestWorkspaceBindingMode	0.00
pass	engine/server	TestArbitrateResolvedModuleLoads/multiple_extra_entrypoints_are_invalid	0.00
pass	engine/server	TestArbitrateResolvedModuleLoads/multiple_ambient_entrypoints_are_invalid	0.00
pass	engine/server	TestArbitrateResolvedModuleLoads	0.00
pass	engine/server	TestNormalizeWorkspaceRemoteSubdir/rejects_escaping_paths	0.00
pass	engine/server	TestNormalizeWorkspaceRemoteSubdir/absolute_gets_normalized_to_relative	0.00
pass	engine/server	TestNormalizeWorkspaceRemoteSubdir	0.00
pass	engine/server	TestWorkspaceGitRefSelectorSemverSemantics/at_selector_uses_semver_query	0.00
pass	engine/server	TestWorkspaceGitRefSelectorSemverSemantics/fragment_selector_uses_literal_git_ref	0.00
pass	engine/server	TestWorkspaceGitRefSelectorSemverSemantics/old_client_uses_literal_git_ref	0.00
pass	engine/server	TestWorkspaceGitRefSelectorSemverSemantics	0.00
pass	engine/server	TestNestedClientMetadataForRequest/inherits_live_nested_client_identity_and_policy_without_forwarded_metadata	0.00
pass	engine/server	TestNestedClientMetadataForRequest/does_not_accept_internal_recipe_ID_default_from_forwarded_metadata	0.00
pass	engine/server	TestBuildCoreWorkspaceIncludesConfigState/workspace_with_config	0.00
pass	engine/server	TestUserConfigIncludeIfConditionsFollowGitSemantics/onbranch_condition_follows_the_checked-out_branch	0.00
pass	engine/server	TestMetadataPruneMonitorBlockSuppressesOnlyStructuralStage	0.00
pass	engine/server	TestBuildCoreWorkspaceIncludesConfigState/workspace_without_config	0.00
pass	engine/server	TestNestedClientMetadataForRequest/overlays_request-scoped_forwarded_metadata	0.00
pass	engine/server	TestNestedClientMetadataForRequest	0.00
pass	engine/server	TestFilterPendingWorkspaceModulesBySelectorInclude/module:generator_selects_only_that_module	0.00
pass	engine/server	TestBuildCoreWorkspaceIncludesConfigState/local_boundary_without_Git_is_rootless	0.00
pass	engine/server	TestBuildCoreWorkspaceIncludesConfigState	0.00
pass	engine/server	TestFilterPendingWorkspaceModulesBySelectorInclude/glob_pattern_selects_all	0.00
pass	engine/server	TestFilterPendingWorkspaceModulesBySelectorInclude/kebab-case_pattern_selects_the_camelCase_module	0.00
pass	engine/server	TestFilterPendingWorkspaceModulesBySelectorInclude/camelCase_pattern_selects_the_kebab-case_module	0.00
pass	engine/server	TestFilterPendingWorkspaceModulesBySelectorInclude/already-served_module_is_recognized_and_selects_nothing	0.00
pass	engine/server	TestFilterPendingWorkspaceModulesBySelectorInclude/bare_token_not_matching_a_module_selects_all	0.00
pass	engine/server	TestFilterPendingWorkspaceModulesBySelectorInclude/served_and_pending_patterns_select_only_the_pending_module	0.00
pass	engine/server	TestFilterPendingWorkspaceModulesBySelectorInclude/bare_module_name_selects_only_that_module	0.00
pass	engine/server	TestFilterPendingWorkspaceModulesBySelectorInclude/module:item_works_for_checks_and_services_too	0.00
pass	engine/server	TestFilterPendingWorkspaceModulesForRootFields/constructor_match_loads_only_matching_module	0.00
pass	engine/server	TestParseWorkspaceRemoteRef/rejects_github.com/dagger/python#main:ruff	0.00
pass	engine/server	TestParseWorkspaceRemoteRef/rejects_https://github.com/dagger/python@main:ruff	0.00
pass	engine/server	TestParseWorkspaceRemoteRef/supports_address_fragment_ref_at_repository_root	0.00
pass	engine/server	TestParseWorkspaceRemoteRef/rejects_github.com/dagger/python@main:ruff	0.00
pass	engine/server	TestParseWorkspaceRemoteRef/rejects_https://github.com/dagger/python#main:	0.00
pass	engine/server	TestIsSameModuleReference/same_local_source_root_and_pin	0.00
pass	engine/server	TestFilterPendingWorkspaceModulesBySelectorInclude/module:item_not_matching_a_module_selects_all	0.00
pass	engine/server	TestIsSameModuleReference/same_module_through_different_local_refs	0.00
pass	engine/server	TestFilterPendingWorkspaceModulesBySelectorInclude/multiple_patterns_select_each_named_module	0.00
pass	engine/server	TestFilterPendingWorkspaceModulesBySelectorInclude/empty_include_selects_all	0.00
pass	engine/server	TestFilterPendingWorkspaceModulesBySelectorInclude	0.00
pass	engine/server	TestIsSameModuleReference/different_local_source	0.00
pass	engine/server	TestFilterPendingWorkspaceModulesForRootFields/unrecognized_loadFromID_field_loads_all	0.00
pass	engine/server	TestIsSameModuleReference	0.01
pass	engine/server	TestFilterPendingWorkspaceModulesForRootFields/env_loads_all_(resolver_snapshots_served_deps)	0.00
pass	engine/server	TestFilterPendingWorkspaceModulesForRootFields/already-served_root_field_loads_none	0.00
pass	engine/server	TestArbitrateSameSourceEntrypointNominations/same_settings_under_two_names_collapse_to_one_nomination	0.00
pass	engine/server	TestArbitrateSameSourceEntrypointNominations	0.00
pass	engine/server	TestFilterPendingWorkspaceModulesForRootFields/core-only_query_loads_none	0.00
pass	engine/server	TestParseWorkspaceRemoteRef/rejects_https://github.com/dagger/python/ruff#main	0.00
pass	engine/server	TestFilterPendingWorkspaceModulesForRootFields/current_typedefs_loads_all	0.00
pass	engine/server	TestFilterPendingWorkspaceModulesForRootFields/current_module_loads_all	0.00
pass	engine/server	TestParseWorkspaceRemoteRef/preserves_legacy_https_at-ref_syntax	0.00
pass	engine/server	TestFilterPendingWorkspaceModulesForRootFields/introspection_loads_all	0.00
pass	engine/server	TestParseWorkspaceRemoteRef/resolves_legacy_vanity_ref	0.00
pass	engine/server	TestParseWorkspaceRemoteRef/resolves_fragment_clone_ref_and_preserves_subdir	0.00
pass	engine/server	TestParseWorkspaceRemoteRef/rejects_github.com/dagger/python/ruff#main	0.00
pass	engine/server	TestParseWorkspaceRemoteRef/supports_legacy_at-ref_syntax	0.00
pass	engine/server	TestParseWorkspaceRemoteRef/supports_address_fragment_ref_and_subdir	0.00
pass	engine/server	TestParseWorkspaceRemoteRef	0.01
pass	engine/server	TestFilterPendingWorkspaceModulesForRootFields/unknown_root_field_skips_entrypoint_already_recorded_as_failed	0.00
pass	engine/server	TestFilterPendingWorkspaceModulesForRootFields/unknown_root_field_with_one_entrypoint_loads_entrypoint	0.00
pass	engine/server	TestFilterPendingWorkspaceModulesForScopedRootFields/no_scope_delegates_to_root-field_demand	0.00
pass	engine/server	TestFilterPendingWorkspaceModulesForRootFields/named_root_field_still_selects_a_failed_module	0.00
pass	engine/server	TestFilterPendingWorkspaceModulesForRootFields/unknown_root_field_with_multiple_entrypoints_loads_all	0.00
pass	engine/server	TestClientAttachableWaitRouting/another_client_still_waits	0.00
pass	engine/server	TestClientAttachableWaitRouting/client_with_its_own_session_waits	0.00
pass	engine/server	TestClientAttachableWaitRouting/synthetic_nested_client_that_registered_attachables	0.00
pass	engine/server	TestFilterPendingWorkspaceModulesForRootFields/current_workspace_loads_none_(resolvers_load_on_demand)	0.00
pass	engine/server	TestFilterPendingWorkspaceModulesForRootFields/served_field_combined_with_pending_field_loads_only_pending	0.00
pass	engine/server	TestFilterPendingWorkspaceModulesForRootFields	0.01
pass	engine/server	TestFilterPendingWorkspaceModulesForScopedRootFields/no_typedefs_field_delegates_without_consuming	0.00
pass	engine/server	TestFilterPendingWorkspaceModulesForScopedRootFields/unknown_token_with_served_entrypoint_loads_no_siblings	0.00
pass	engine/server	TestFilterPendingWorkspaceModulesForScopedRootFields/typedefs_plus_module_field_unions_both_demands	0.00
pass	engine/server	TestFilterPendingWorkspaceModulesForScopedRootFields/another_full-schema_field_loads_all_without_consuming	0.00
pass	engine/server	TestFilterPendingWorkspaceModulesForScopedRootFields/unknown_token_without_entrypoint_loads_all	0.00
pass	engine/server	TestFilterPendingWorkspaceModulesForScopedRootFields/served_target_contributes_nothing_to_load	0.00
pass	engine/server	TestFilterPendingWorkspaceModulesForScopedRootFields/kebab-case_token_matches_declared_module_name	0.00
pass	engine/server	TestFilterPendingWorkspaceModulesForScopedRootFields/scoped_typedefs_loads_target_plus_entrypoint	0.00
pass	engine/server	TestPendingLegacyModule/preserves_remote_pin	0.00
pass	engine/server	TestPendingLegacyModule/resolves_local_refs_without_ref_pin	0.00
pass	engine/server	TestPendingLegacyModule	0.00
pass	engine/server	TestFilterPendingWorkspaceModulesForScopedRootFields/unknown_token_loads_pending_entrypoint_alone	0.00
pass	engine/server	TestFilterPendingWorkspaceModulesForScopedRootFields	0.02
pass	engine/server	TestClientAttachableWaitRouting/synthetic_nested_client_without_attachables	0.00
pass	engine/server	TestClientAttachableWaitRouting	0.02
pass	engine/server	TestUserConfigIncludeIfConditionsFollowGitSemantics/non-matching_gitdir_condition_is_not_followed	0.00
pass	core	TestHTTPLocalBodyFailures/derivation_plus_cleanup	0.01
pass	engine/server	TestUserConfigIncludeIfConditionsFollowGitSemantics	0.00
pass	engine/server	TestMainClientLastDisconnectDoesNotBlockOnTeardown	0.03
pass	engine/server	TestSameIDConnectDuringBackgroundTeardownGetsRetryable	0.03
pass	dagql	TestPartReadyPreparationBoundaries/missing-local-descriptor	0.07
pass	dagql	TestPartReadyPreparationBoundaries	0.14
pass	engine/server	TestConcurrentReapsSingleTeardown	0.01
pass	engine/server	TestSessionLifecycleObserverConcurrency	0.04
pass	engine/server	TestNestedTransportRegistrationRacesSessionTeardown	0.02
pass	engine/server	TestClientMetadataSealRacesTransportClose	0.04
pass	engine/server	TestLifecycleDebugAndRouteLookupConcurrentClientMutation	0.04
pass	engine/server	TestClientRuntimeReclamationRacesCloseLeasesChildAndTeardown	0.04
pass	engine/server	TestRemoveAllPacedManyEntries	0.05
pass	engine/server	TestScheduledGCTrimsImportedMetadataWithoutPersistenceReset	0.02
pass	engine/server	TestClientInitializationDoesNotHoldScopeLock	0.05
pass	core	TestHTTPLocalBodyFailures/successful_derivation_cleanup	0.04
pass	core	TestHTTPLocalBodyFailures	0.16
pass	engine/server	(package)	3.10
pass	core/schema	TestContainerTransferPendingChild	0.38
pass	core/schema	TestScratchDirectoryLazyOperation	0.07
pass	engine/snapshots	TestImportChainSameManager/empty	0.27
pass	dagql	TestPartDecisionPreparationArrival/ready	0.20
pass	engine/snapshots	TestImportChainSameManager/zero_layers	0.04
pass	engine/snapshots	TestImportChainSameManager	0.73
pass	core/schema	TestScratchDirectoryAcquisition/cold	0.12
pass	core	TestHTTPPinLockCost	0.22
pass	core/schema	TestScratchDirectoryAcquisition/canonical-only	0.11
pass	dagql	TestPartDecisionPreparationArrival/chain	0.19
pass	core	TestHTTPChainAvoidsOperation	0.21
pass	core	TestLazyFilesystemCompletion/Directory	0.00
pass	core	TestLazyFilesystemCompletion/File	0.00
pass	core	TestLazyFilesystemCompletion	0.00
pass	core	TestLazyFilesystemRequiresInstalledOutput	0.00
pass	core	TestLazyWholeContainerRetainsOperation	0.00
pass	core/schema	TestScratchDirectoryAcquisition/warm	0.13
pass	engine/snapshots	TestImportChainConcurrentPrefix	0.34
pass	core	TestLazyEvaluatedFilesystemClones	0.09
pass	dagql	TestPartDecisionPreparationArrival/second-refusal	0.21
pass	dagql	TestPartDecisionPreparationArrival	0.60
pass	dagql	TestPartDecisionInlineAdmissionAndPendingSync	0.02
pass	core/schema	TestScratchDirectoryAcquisition/pending-restart	0.17
pass	dagql	TestPartDecisionOfferAfterRunning	0.02
pass	core	TestHTTPLazyOperationEvaluate/equal	0.05
pass	core	TestHTTPLazyOperationEvaluate/changed_timestamp	0.03
pass	core	TestHTTPLazyOperationEvaluate/invalid_timestamp	0.03
pass	core	TestHTTPLazyOperationEvaluate/empty_checksum	0.03
pass	core	TestHTTPLazyOperationEvaluate/checksum	0.07
pass	core/schema	TestScratchDirectoryAcquisition/manager-failure	0.16
pass	core	TestHTTPLazyOperationEvaluate/changed_body	0.01
pass	core	TestHTTPLazyOperationEvaluate/checksum_mismatch	0.01
pass	core	TestHTTPLazyOperationEvaluate/bad_checksum	0.00
pass	core	TestHTTPLazyOperationEvaluate/status	0.00
pass	core	TestHTTPLazyOperationEvaluate/partial	0.03
pass	core	TestHTTPLazyOperationEvaluate/not_modified	0.02
pass	core	TestHTTPLazyOperationEvaluate/no_content	0.01
pass	core	TestHTTPLazyOperationEvaluate/transport	0.00
pass	core	TestHTTPLazyOperationEvaluate/canceled	0.00
pass	core	TestHTTPLazyOperationEvaluate	0.34
pass	dagql	TestPartAdmittedChainLifetime/donor-collected	0.28
pass	core/schema	TestScratchDirectoryAcquisition/manager-canceled	0.14
pass	core	TestHTTPLazyOperationWriter/data.txt/0	0.08
pass	engine/snapshots	TestImportChainPrunedSuffix/keep_blob_true	0.48
pass	core/schema	TestScratchDirectoryAcquisition/prepare-failure	0.11
pass	core	TestHTTPLazyOperationWriter/data.txt/600	0.06
pass	dagql	TestPartAdmittedChainLifetime/slot-replaced	0.22
pass	core	TestHTTPLazyOperationWriter/data.txt/644	0.08
pass	core/schema	TestScratchDirectoryAcquisition/sync-retry	0.15
pass	core/schema	TestScratchDirectoryAcquisition	1.08
pass	core	TestHTTPLazyOperationWriter/data.txt/755	0.08
pass	core/schema	TestScratchDirectoryNativeReopen/pending	0.07
pass	core	TestHTTPLazyOperationWriter//data.txt/0	0.07
pass	core/schema	TestScratchDirectoryNativeReopen/evaluated	0.09
pass	core/schema	TestScratchDirectoryNativeReopen	0.17
pass	core/schema	TestForeignModuleContextReaders	0.00
pass	core/schema	TestForeignLocalItemRemoval	0.00
pass	dagql	TestPartAdmittedChainLifetime/owner-backref-sync-failure	0.22
pass	core	TestHTTPLazyOperationWriter//data.txt/600	0.08
pass	core/schema	TestForeignWithSourceSubpathWorkspace	0.01
pass	core/schema	TestGitResolvedFrames/head	0.00
pass	core/schema	TestGitResolvedFrames/detached	0.00
pass	core/schema	TestGitResolvedFrames/branch	0.00
pass	core/schema	TestGitResolvedFrames/tag	0.00
pass	core/schema	TestGitResolvedFrames/ref	0.00
pass	core/schema	TestGitResolvedFrames/legacy	0.00
pass	core/schema	TestGitResolvedFrames/latest	0.00
pass	core/schema	TestGitResolvedFrames/override	0.00
pass	core/schema	TestGitResolvedFrames/fixed	0.00
pass	core/schema	TestGitResolvedFrames/internal	0.00
pass	core/schema	TestGitResolvedFrames	0.01
pass	core/schema	TestGitFixedCommitAndLockFrames/commit	0.00
pass	core/schema	TestGitFixedCommitAndLockFrames/ref	0.00
pass	core/schema	TestGitFixedCommitAndLockFrames/locked_branch	0.00
pass	core/schema	TestGitFixedCommitAndLockFrames	0.00
pass	core/schema	TestRemotePeeledTagRefs	0.00
pass	core/schema	TestLocalPeeledTagRefs	0.02
pass	core/schema	TestReconcileGitTagRefs	0.00
pass	core/schema	TestSemverReleaseTags	0.00
pass	core	TestHTTPLazyOperationWriter//data.txt/644	0.06
pass	engine/snapshots	TestImportChainPrunedSuffix/keep_blob_false	0.44
pass	engine/snapshots	TestImportChainPrunedSuffix	0.91
pass	core	TestHTTPLazyOperationWriter//data.txt/755	0.06
pass	core	TestHTTPLazyOperationWriter/../data.txt/0	0.06
pass	dagql	TestPartAdmittedChainLifetime/output-backref-rejected	0.18
pass	dagql	TestPartAdmittedChainLifetime	0.91
pass	core/schema	TestHTTPResolvedCall	0.16
pass	core	TestHTTPLazyOperationWriter/../data.txt/600	0.07
pass	core/schema	TestHTTPPendingInternalHits/absent	0.07
pass	core	TestHTTPLazyOperationWriter/../data.txt/644	0.06
pass	core	TestHTTPLazyOperationWriter/../data.txt/755	0.07
pass	core/schema	TestHTTPPendingInternalHits/advanced	0.10
pass	dagql	TestPartImportChainRefCleanupHandoff/retry	0.21
pass	core	TestHTTPLazyOperationWriter/a/../data.txt/0	0.07
pass	core/schema	TestHTTPPendingInternalHits/changed-body	0.08
pass	core/schema	TestHTTPPendingInternalHits	0.25
pass	core/schema	TestParseChecksumArg/nil	0.00
pass	core/schema	TestParseChecksumArg/empty	0.00
pass	core/schema	TestParseChecksumArg/valid	0.00
pass	core/schema	TestParseChecksumArg/invalid	0.00
pass	core/schema	TestParseChecksumArg	0.00
pass	core/schema	TestLazyOperationResolverCleanup/ref_wrapping	0.00
pass	core/schema	TestLazyOperationResolverCleanup/ref_digest	0.00
pass	core/schema	TestLazyOperationResolverCleanup/commit_wrapping	0.00
pass	core/schema	TestLazyOperationResolverCleanup	0.00
pass	core/schema	TestLazyOperationResolverOutputCleanup/scratch_wrapping	0.00
pass	core/schema	TestLazyOperationResolverOutputCleanup/http_state_sync	0.00
pass	core/schema	TestLazyOperationResolverOutputCleanup/schema_wrapping	0.00
pass	engine/snapshots	TestImportChainFailurePrefix/cancel_false	0.38
pass	core/schema	TestLazyOperationResolverOutputCleanup/builtin_wrapping	0.03
pass	core/schema	TestLazyOperationResolverOutputCleanup/bundle_wrapping	0.02
pass	core/schema	TestLazyOperationResolverOutputCleanup	0.05
pass	core/schema	TestLazyOperationResolverCapture/scratch_wrapping	0.00
pass	core/schema	TestLazyOperationResolverCapture/http_state_sync	0.00
pass	core	TestHTTPLazyOperationWriter/a/../data.txt/600	0.07
pass	core/schema	TestLazyOperationResolverCapture/schema_wrapping	0.00
pass	core/schema	TestLazyOperationResolverCapture/builtin_wrapping	0.03
pass	core/schema	TestLazyOperationResolverCapture/bundle_wrapping	0.02
pass	core	TestHTTPLazyOperationWriter/a/../data.txt/644	0.07
pass	core/schema	TestLazyOperationResolverCapture/gitCleaned	0.02
pass	dagql	TestPartImportChainRefCleanupHandoff/collect	0.22
pass	dagql	TestPartImportChainRefCleanupHandoff	0.43
pass	dagql	TestPartContentSourceAvailability/empty_chain_is_scratch	0.00
pass	dagql	TestPartContentSourceAvailability/fixed_address	0.00
pass	dagql	TestPartContentSourceAvailability/unexpired_address	0.00
pass	dagql	TestPartContentSourceAvailability/expired_address	0.00
pass	dagql	TestPartContentSourceAvailability/missing_address	0.00
pass	dagql	TestPartContentSourceAvailability/non-HTTP_address	0.00
pass	dagql	TestPartContentSourceAvailability/relative_address	0.00
pass	dagql	TestPartContentSourceAvailability/renewal_key_needs_a_bridge	0.00
pass	dagql	TestPartContentSourceAvailability/renewal_key_with_non-HTTP_address	0.00
pass	dagql	TestPartContentSourceAvailability	0.01
pass	dagql	TestPartContentIdleReader/header_stall	0.00
pass	dagql	TestPartContentIdleReader/blocked_read_and_progress	0.00
pass	dagql	TestPartContentIdleReader/close_unblocks_read	0.00
pass	dagql	TestPartContentIdleReader/caller_cancellation	0.00
pass	dagql	TestPartContentIdleReader/descriptor_checks	0.00
pass	dagql	TestPartContentIdleReader/ranges	0.00
pass	dagql	TestPartContentIdleReader	0.00
pass	dagql	TestPartContentBodyClosedOnce/end_of_blob	0.00
pass	dagql	TestPartContentBodyClosedOnce/reader_close	0.00
pass	dagql	TestPartContentBodyClosedOnce/concurrent_cancellation	0.00
pass	dagql	TestPartContentBodyClosedOnce/idle_expiry_and_status	0.00
pass	dagql	TestPartContentBodyClosedOnce	0.00
pass	core	TestHTTPLazyOperationWriter/a/../data.txt/755	0.06
pass	core/schema	TestLazyOperationResolverCapture/gitTree	0.08
pass	core	TestHTTPLazyOperationWriter/./data.txt/0	0.06
pass	core/schema	TestLazyOperationResolverCapture/gitCommitTree	0.08
pass	core/schema	TestLazyOperationResolverCapture	0.24
pass	core	TestHTTPLazyOperationWriter/./data.txt/600	0.06
pass	core	TestHTTPLazyOperationWriter/./data.txt/644	0.08
pass	core/schema	TestLazyStoredResultsWithoutBacking	0.10
pass	engine/snapshots	TestImportChainFailurePrefix/cancel_true	0.39
pass	engine/snapshots	TestImportChainFailurePrefix	0.77
pass	core	TestHTTPLazyOperationWriter/./data.txt/755	0.07
pass	core	TestHTTPLazyOperationWriter/sub/data.txt/0	0.03
pass	core	TestHTTPLazyOperationWriter/sub/data.txt/600	0.04
pass	dagql	TestRenewalChainControls/expired_address_renews_once	0.17
pass	engine/snapshots	TestExportChainConcurrentCancellation	0.13
pass	core	TestHTTPLazyOperationWriter/sub/data.txt/644	0.03
pass	core	TestHTTPLazyOperationWriter/sub/data.txt/755	0.03
pass	dagql	TestRenewalChainControls/all_local_layers_need_no_address	0.13
pass	core	TestHTTPLazyOperationWriter/restrictive_umask	0.15
pass	dagql	TestRenewalChainControls/one_episode_covers_the_chain	0.17
pass	core/schema	TestLLMCredentialReloadAfterRoutingCall/nested=false	0.53
pass	dagql	TestRenewalChainControls/a_later_unusable_layer_cannot_renew_again	0.10
pass	engine/snapshots	TestImportChainCandidateLostBeforePin	0.46
pass	core	TestHTTPLazyOperationWriter/public_eager_layout	0.29
pass	core	TestHTTPLazyOperationWriter	1.95
pass	core	TestHTTPLazyOperationCleanup/copy	0.03
pass	core	TestHTTPLazyOperationCleanup/close	0.02
pass	core	TestHTTPLazyOperationCleanup/chmod	0.01
pass	dagql	TestRenewalChainControls/initial_401_renews	0.21
pass	core	TestHTTPLazyOperationCleanup/timestamp	0.20
pass	core	TestHTTPLazyOperationCleanup/checksum	0.00
pass	core	TestHTTPLazyOperationCleanup/commit	0.01
pass	core	TestHTTPLazyOperationCleanup/mount	0.01
pass	dagql	TestRenewalChainControls/renewed_401_exhausts	0.19
pass	core	TestHTTPLazyOperationCleanup/digest	0.02
pass	core	TestHTTPLazyOperationCleanup/move	0.02
pass	core	TestHTTPLazyOperationCleanup/success	0.02
pass	core	TestHTTPLazyOperationCleanup	0.35
pass	core/schema	TestLLMCredentialReloadAfterRoutingCall/nested=true	0.53
pass	core/schema	TestLLMCredentialReloadAfterRoutingCall	1.06
pass	core/schema	TestModuleImplementationScopedDoesNotLeaveStaleSelfDependency	0.00
pass	core/schema	TestModuleLocaLSource/Local_module_source_commit	0.00
pass	core/schema	TestModuleLocaLSource/Local_module_source_html_repo_url	0.00
pass	core/schema	TestModuleLocaLSource/Local_module_source_version	0.00
pass	core/schema	TestModuleLocaLSource	0.00
pass	core	TestHTTPStateConcurrentResolveCapture	0.10
pass	engine/snapshots	TestImportChainSnapshotAndBlobPins/snapshot_reuse_after_prior_owner_release	0.53
pass	dagql	TestRenewalChainControls/initial_403_renews	0.22
pass	core	TestStatelessHTTPLazyOperationIsolation	0.13
pass	core	TestEvaluatedLazyOperationConcurrentDemand	0.06
pass	dagql	TestRenewalChainControls/renewed_403_exhausts	0.11
pass	core	TestLazyOperationCodecs/*core.DirectoryGitCleanedLazy	0.00
pass	core	TestLazyOperationCodecs/*core.DirectoryGitBundleImportLazy	0.00
pass	core	TestLazyOperationCodecs/*core.DirectoryGitTreeLazy	0.00
pass	core	TestLazyOperationCodecs/*core.DirectoryGitCommitTreeLazy	0.00
pass	core	TestLazyOperationCodecs/*core.DirectoryScratchLazy	0.00
pass	core	TestLazyOperationCodecs/HTTP_scalars	0.00
pass	engine/snapshots	TestImportChainSnapshotAndBlobPins/blob_reuse_before_apply	0.18
pass	engine/snapshots	TestImportChainSnapshotAndBlobPins	0.71
pass	core	TestLazyOperationCodecs/builtin_field_pairing	0.04
pass	core	TestLazyOperationCodecs/exact_equivalent_input	0.00
pass	core	TestLazyOperationCodecs/snapshot_without_operation	0.00
pass	core	TestLazyOperationCodecs	0.05
pass	core	TestLazyOperationRelocation	0.01
pass	core	TestLazyOperationSaveReopen	0.03
pass	core	TestLazyInputAttachment/existing_completed_kinds_attach	0.01
pass	core	TestLazyInputAttachment	0.01
pass	core/schema	TestCoreSchemaObjectsHavePersistedFamilies	0.32
pass	core	TestEvaluatedLazyOperationAttachmentBeforePublication	0.02
pass	core	TestMoveProducedOutputs	0.00
pass	core	TestLazyOperationPathCleanup/blob/mount	0.00
pass	core	TestLazyOperationPathCleanup/blob/write	0.00
pass	core	TestLazyOperationPathCleanup/blob/commit	0.00
pass	core	TestLazyOperationPathCleanup/blob/success	0.00
pass	core	TestLazyOperationPathCleanup/http/mount	0.00
pass	core	TestLazyOperationPathCleanup/http/write	0.00
pass	core	TestLazyOperationPathCleanup/http/commit	0.00
pass	core	TestLazyOperationPathCleanup/http/success	0.00
pass	core	TestLazyOperationPathCleanup/cleaned_bare_alias	0.01
pass	core	TestLazyOperationPathCleanup	0.01
pass	core	TestLazyOperationTemporaryIndexCleanup/copy	0.00
pass	core	TestLazyOperationTemporaryIndexCleanup/close	0.00
pass	core	TestLazyOperationTemporaryIndexCleanup/command	0.00
pass	core	TestLazyOperationTemporaryIndexCleanup/success	0.00
pass	core	TestLazyOperationTemporaryIndexCleanup	0.00
pass	core	TestLazyPersistenceCompletedBodyGuards/File	0.00
pass	core	TestLazyPersistenceCompletedBodyGuards/Directory	0.00
pass	core	TestLazyPersistenceCompletedBodyGuards	0.00
pass	core	TestLazyCompletedContainerPublicationExclusion	0.00
pass	core	TestLazyPersistenceCompletedGroupGuards	0.00
pass	core	TestLazyStorageLayout	0.00
pass	core	TestLLMEndpointCredentialOutlivesRoutingScope	0.01
pass	core	TestLLMEndpointResolvesCredentialPerRequest/clones_share_the_live_credential	0.00
pass	core	TestLLMEndpointResolvesCredentialPerRequest/withModel_re-routes	0.00
pass	core	TestLLMEndpointResolvesCredentialPerRequest	0.01
pass	core	TestLLMEndpointHonorsReportedExpiry	0.00
pass	dagql	TestRenewalChainControls/initial_404_renews	0.17
pass	dagql	TestRenewalChainControls/renewed_404_exhausts	0.09
pass	engine/snapshots	TestExportChainExistingBlobPins	0.23
pass	dagql	TestRenewalChainControls/initial_410_renews	0.13
pass	dagql	TestRenewalChainControls/renewed_410_exhausts	0.07
pass	dagql	TestRenewalChainControls/same_address_in_reply_is_not_a_new_opportunity	0.06
pass	engine/snapshots	TestImportChainMountedFailure/cancel_false	0.32
pass	dagql	TestRenewalChainControls/transport_error_does_not_renew	0.08
pass	dagql	TestRenewalChainControls/server_error_does_not_renew	0.09
pass	dagql	TestRenewalChainControls/non-HTTP_address_is_unavailable	0.08
pass	dagql	TestRenewalChainControls/truncated	0.09
pass	dagql	TestRenewalChainControls/wrong_digest	0.09
pass	engine/snapshots	TestImportChainMountedFailure/cancel_true	0.40
pass	engine/snapshots	TestImportChainMountedFailure	0.72
pass	core/schema	TestCoreSchemaModuleReturnDispatchSurvivesRestart/first-restart/label	0.00
pass	core/schema	TestCoreSchemaModuleReturnDispatchSurvivesRestart/first-restart/health	0.00
pass	core/schema	TestCoreSchemaModuleReturnDispatchSurvivesRestart/first-restart/env	0.00
pass	core/schema	TestCoreSchemaModuleReturnDispatchSurvivesRestart/first-restart/port	0.00
pass	dagql	TestRenewalChainControls/stalled_stream	0.08
pass	dagql	TestRenewalChainControls/local_writer_fault	0.08
pass	engine/snapshots	TestImportChainSnapshotWithLostHistoricalBlob	0.15
pass	dagql	TestRenewalChainControls/local_lease_fault	0.06
pass	dagql	TestRenewalChainControls/no_bridge	0.08
pass	dagql	TestRenewalChainControls/no_renewal_key	0.09
pass	core	TestLLMAuthFailureRetriesOnceWithFreshToken	1.23
pass	core	TestLLMAuthFailureWithoutSourceIsPermanent	0.00
pass	core	TestAnthropicClientWithoutSourceKeepsBakedToken	0.00
pass	core	TestCodexClientRotatesAccountIDWithToken	0.00
pass	core	TestLLMCredentialResolvesAgainstLoadingClient	0.00
pass	core	TestLLMEndpointConcurrentCloneAndResolve	0.00
pass	core	TestEstimateContextTokensUsesLastUsageAndTrailingMessages	0.00
pass	core	TestEstimateContextTokensFallsBackToMessageEstimates	0.00
pass	core	TestHistoryPreserved/identical_history_is_preserved	0.00
pass	core	TestHistoryPreserved/appended_history_is_preserved	0.00
pass	core	TestHistoryPreserved/equal-by-value_(not_pointer)_history_is_preserved	0.00
pass	core	TestHistoryPreserved/fresh_conversation_is_not_preserved	0.00
pass	core	TestHistoryPreserved/truncated_history_is_not_preserved	0.00
pass	core	TestHistoryPreserved/rewritten_history_is_not_preserved	0.00
pass	core	TestHistoryPreserved/empty_current_is_preserved_by_anything	0.00
pass	core	TestHistoryPreserved/nil_is_never_preserved	0.00
pass	core	TestHistoryPreserved	0.00
pass	core	TestMessagesEqual	0.00
pass	core	TestSummarizeToolsetChange/added_tools_are_listed	0.00
pass	core	TestSummarizeToolsetChange/removed_tools_are_listed	0.00
pass	core	TestSummarizeToolsetChange/unchanged_toolset_reports_its_size	0.00
pass	core	TestSummarizeToolsetChange/unknown_previous_toolset_reports_everything_as_added	0.00
pass	core	TestSummarizeToolsetChange	0.00
pass	core	TestSummarizeContinuation/preserved_history_says_nothing_extra	0.00
pass	core	TestSummarizeContinuation/replaced_history_is_reported	0.00
pass	core	TestSummarizeContinuation	0.00
pass	core	TestToolResultSelectors/result_whose_call_is_in_the_adopted_history_appends_normally	0.00
pass	core	TestToolResultSelectors/result_for_a_call_in_an_earlier_assistant_turn_degrades_to_a_user_message	0.00
pass	core	TestToolResultSelectors/result_for_a_call_already_answered_degrades_to_a_user_message	0.00
pass	core	TestToolResultSelectors/sibling_results_already_appended_do_not_orphan_the_call	0.00
pass	core	TestToolResultSelectors/orphaned_result_degrades_to_a_user_message	0.00
pass	core	TestToolResultSelectors/unknown_tool_name_falls_back_to_the_call_ID	0.00
pass	core	TestToolResultSelectors/a_nil_target_keeps_tool_results_as_tool_results	0.00
pass	core	TestToolResultSelectors	0.00
pass	core	TestSplitContinuationCalls	0.00
pass	core	TestStateRingsAndContinuationsAreExclusiveOutOfOrder/state_rings_refuse_after_a_continuation	0.00
pass	core	TestStateRingsAndContinuationsAreExclusiveOutOfOrder/SetSelfLLM_resets_the_divergence_flag	0.00
pass	core	TestStateRingsAndContinuationsAreExclusiveOutOfOrder	0.00
pass	core	TestCredentialTransportRefreshesPerRequest	0.00
pass	core	TestCredentialTransportLeavesRequestUnmodified	0.00
pass	core	TestCredentialTransportDoesNotRestoreInvalidatedSDKToken	0.00
pass	core	TestCredentialSourceRejectOnlyCurrentToken	0.00
pass	core	TestCredentialTransportNoSourceIsPassthrough	0.00
pass	core	TestCredentialSourceCollapsesBursts	0.00
pass	core	TestCredentialSourceExpiresAtHorizon	0.00
pass	core	TestCredentialSourceMaxTTL	0.00
pass	core	TestCredentialSourceUnknownExpiryFallsBackToTTL	0.00
pass	core	TestParseCredentialExpiry	0.00
pass	core	TestCredentialSourceFallsBackToStale	0.00
pass	core	TestCredentialSourceInvalidate	0.00
pass	core	TestCredentialReloaderReadsTokenBeforeExpiry	0.00
pass	core	TestCredentialReloaderTolerance/no_token_means_no_credential_and_no_expiry_lookup	0.00
pass	core	TestCredentialReloaderTolerance/unreadable_expiry_is_unknown,_not_fatal	0.00
pass	core	TestCredentialReloaderTolerance/garbage_expiry_is_unknown,_not_expired	0.00
pass	core	TestCredentialReloaderTolerance/failed_token_lookup_is_fatal	0.00
pass	core	TestCredentialReloaderTolerance	0.00
pass	core	TestCredentialResolverDetach	0.00
pass	core	TestCredentialApplierCodex	0.00
pass	core	TestGenaiNullableSchema	0.00
pass	core	TestDecodeThoughtSignature	0.00
pass	core	TestGenaiThinkingConfig	0.00
pass	core	TestGenaiThinkingRoundTrip	0.00
pass	core	TestGenaiThinkingCapture	0.00
pass	core	TestGenaiParallelToolCallIDs	0.00
pass	core	TestGenaiToolCallUsesProvidedID	0.00
pass	core	TestGenaiToolCallIDRoundTrip	0.00
pass	core	TestGenaiTextAnswerSignature	0.00
pass	core	TestGenaiMultipleThinkingSegments	0.00
pass	core	TestNormalizeModelID	0.00
pass	core	TestLookupCatalogModel	0.00
pass	core	TestClampMaxTokensToContext	0.00
pass	core	TestObjectToolEligible	0.00
pass	core	TestObjectMethodSchema	0.00
pass	core	TestLiftableObjectArg	0.00
pass	core	TestArgTypeToJSONSchema	0.00
pass	core	TestCombineSpanResult	0.00
pass	core	TestDirectLogs	0.00
pass	core	TestStandaloneToolsTreatLLMArgsAsUnsatisfiable	0.00
pass	core	TestBoundToolsUseTheirDefiningSchemaAuthoritatively/lazy	0.00
pass	core	TestBoundToolsUseTheirDefiningSchemaAuthoritatively/dispatch/eager	0.00
pass	core	TestBoundToolsUseTheirDefiningSchemaAuthoritatively/dispatch/lazy_load	0.00
pass	core	TestBoundToolsUseTheirDefiningSchemaAuthoritatively/dispatch/state_return	0.00
pass	core	TestBoundToolsUseTheirDefiningSchemaAuthoritatively/dispatch/dependency_attachment	0.00
pass	core	TestBoundToolsUseTheirDefiningSchemaAuthoritatively/dispatch	0.00
pass	core	TestBoundToolsUseTheirDefiningSchemaAuthoritatively	0.00
pass	core	TestBuildObjectMethodSelector/explicit_null_decodes_for_a_nullable_argument	0.00
pass	core	TestBuildObjectMethodSelector/address_string_lifts_into_the_object	0.00
pass	core	TestBuildObjectMethodSelector/a_real_ID_still_decodes_directly	0.00
pass	core	TestBuildObjectMethodSelector/unresolvable_address_reports_both_attempts	0.00
pass	core	TestBuildObjectMethodSelector/non-string_values_surface_the_plain_decode_error	0.00
pass	core	TestBuildObjectMethodSelector/non-addressable_args_do_not_lift	0.00
pass	core	TestBuildObjectMethodSelector/addressable-but-not-liftable_args_do_not_lift	0.00
pass	core	TestBuildObjectMethodSelector	0.00
pass	core	TestLLMTransportSpanInternal/success_stays_hidden	0.00
pass	core	TestLLMTransportSpanInternal/error_is_revealed	0.00
pass	core	TestLLMTransportSpanInternal	0.00
pass	core	TestIsStreamingResponse/openai_stream_body,_json_response_CT	0.00
pass	core	TestIsStreamingResponse/anthropic_accept_header_+_event-stream_CT	0.00
pass	core	TestIsStreamingResponse/response_CT_fallback	0.00
pass	core	TestIsStreamingResponse/non-streaming_request_buffers	0.00
pass	core	TestIsStreamingResponse/streaming_request_that_errors_is_buffered	0.00
pass	core	TestIsStreamingResponse	0.00
pass	core	TestMessageSpansCarryGenAIAgentIdentity	0.00
pass	core	TestDisplayToolArgsAreLineTerminatedOnce/trailing-newline-false	0.00
pass	core	TestDisplayToolArgsAreLineTerminatedOnce/trailing-newline-true	0.00
pass	core	TestDisplayToolArgsAreLineTerminatedOnce	0.00
pass	core	TestEmitHistoryPreservesHeaderArgsAndTerminatesJSON	0.00
pass	core	TestEmitHistoryEmitsAuthoritativePatchResult	0.00
pass	core	TestRecordedResponseProviderEmitsPerToolCallDisplaySpans	0.00
pass	core	TestParseSkillFrontmatter/name_and_description	0.00
pass	core	TestParseSkillFrontmatter/description_with_a_colon_and_em_dash	0.00
pass	core	TestParseSkillFrontmatter/tolerates_a_leading_BOM	0.00
pass	core	TestParseSkillFrontmatter/missing_frontmatter	0.00
pass	core	TestParseSkillFrontmatter/unterminated_frontmatter	0.00
pass	core	TestParseSkillFrontmatter/terminator_must_be_exactly_---	0.00
pass	core	TestParseSkillFrontmatter/terminator_as_the_final_line_without_a_newline	0.00
pass	core	TestParseSkillFrontmatter/CRLF_line_endings	0.00
pass	core	TestParseSkillFrontmatter	0.00
pass	core	TestSkillDescription	0.00
pass	core	TestSkillFilePath	0.00
pass	core	TestEmbeddedSkillSource/list_surfaces_only_allowlisted_skills	0.00
pass	core	TestEmbeddedSkillSource/read_defaults_to_SKILL.md	0.00
pass	core	TestEmbeddedSkillSource/read_a_reference_file	0.00
pass	core	TestEmbeddedSkillSource/non-allowlisted_skill_is_not_found	0.00
pass	core	TestEmbeddedSkillSource/missing_file_errors	0.00
pass	core	TestEmbeddedSkillSource	0.00
pass	core	TestListSkillsDedupAndSort	0.00
pass	core	TestReadSkillFallthrough	0.00
pass	core	TestResolveSkillManifest/name_from_frontmatter	0.00
pass	core	TestResolveSkillManifest/name_falls_back_to_the_directory_base	0.00
pass	core	TestResolveSkillManifest/root_SKILL.md_is_named_by_its_frontmatter	0.00
pass	core	TestResolveSkillManifest/rejects_a_root_SKILL.md_without_a_frontmatter_name	0.00
pass	core	TestResolveSkillManifest/rejects_a_file_without_frontmatter	0.00
pass	core	TestResolveSkillManifest	0.00
pass	core	TestSkillSourcesOrder	0.00
pass	core	TestEngineSkills	0.00
pass	core	TestDaggerSkills	0.00
pass	core	TestAnthropicStoppedCleanly	0.00
pass	core	TestOpenAIFinishedCleanly	0.00
pass	core	TestGenaiFinishedCleanly	0.00
pass	core	TestLlmConfig	0.00
pass	core	TestLlmConfigLayeredAnthropicAuth/container_API_key_overrides_host_OAuth_login	0.00
pass	core	TestLlmConfigLayeredAnthropicAuth/container_OAuth_overrides_host_API_key	0.00
pass	core	TestLlmConfigLayeredAnthropicAuth/container_with_no_auth_inherits_host_OAuth	0.00
pass	core	TestLlmConfigLayeredAnthropicAuth/single_load_with_both_prefers_OAuth	0.00
pass	core	TestLlmConfigLayeredAnthropicAuth	0.00
pass	core	TestLlmConfigLocalSupplied	0.00
pass	core	TestLocalModelRouting	0.00
pass	core	TestCodexModelRouting	0.00
pass	core	TestSmallModelRouting/configured_model_wins_and_provider_remains_concrete	0.00
pass	core	TestSmallModelRouting/catalog_fallback_follows_provider	0.00
pass	core	TestSmallModelRouting/local_and_unknown_providers_safely_retain_their_route	0.00
pass	core	TestSmallModelRouting/configured_local_model_is_supported	0.00
pass	core	TestSmallModelRouting	0.00
pass	core	TestExplicitProviderRouting	0.00
pass	core	TestOpenAIRequestUsesNonStrictNullableToolSchema	0.00
pass	core	TestContentBlockInputRoundTrip	0.00
pass	core	TestLLMErrorMessage/codex_detail	0.00
pass	core	TestLLMErrorMessage/openai_error	0.00
pass	core	TestLLMErrorMessage/bare_message	0.00
pass	core	TestLLMErrorMessage/empty	0.00
pass	core	TestLLMErrorMessage/unrecognized	0.00
pass	core	TestLLMErrorMessage/not_json	0.00
pass	core	TestLLMErrorMessage	0.00
pass	core	TestCodexAPIError	0.00
pass	core	TestCodexReasoningRoundTrip	0.00
pass	core	TestCodexConvertReasoningOrder	0.00
pass	core	TestCodexConvertEmptyToolArgs	0.00
pass	core	TestLlmConfigDisableStreaming/not_disabled_by_default	0.00
pass	core	TestLlmConfigDisableStreaming/explicitly_not_disabled,_FALSE	0.00
pass	core	TestLlmConfigDisableStreaming/explicitly_not_disabled,_0	0.00
pass	core	TestLlmConfigDisableStreaming/disabled,_true	0.00
pass	core	TestLlmConfigDisableStreaming/disabled,_1	0.00
pass	core	TestLlmConfigDisableStreaming/empty_value	0.00
pass	core	TestLlmConfigDisableStreaming	0.01
pass	core	TestLlmConfigEnvFile	0.00
pass	core	TestUpdateVanityURLLockEntry	0.00
pass	core	TestUpdateVanityURLLockEntryValidatesInputs	0.00
pass	core	TestUpdateVanityURLLockEntryPreservesMappingOnFailure/server_error	0.00
pass	dagql	TestRenewalChainControls/negative_reply	0.09
pass	core	TestUpdateVanityURLLockEntryPreservesMappingOnFailure/not_a_redirect	0.00
pass	core	TestUpdateVanityURLLockEntryPreservesMappingOnFailure/missing_location	0.00
pass	core	TestUpdateVanityURLLockEntryPreservesMappingOnFailure/invalid_location	0.00
pass	core	TestUpdateVanityURLLockEntryPreservesMappingOnFailure/cancelled_request	0.00
pass	core	TestUpdateVanityURLLockEntryPreservesMappingOnFailure	0.01
pass	core	TestCallPreservesHeaderArgs	0.00
pass	core	TestToolResultContentType	0.00
pass	core	TestCallMarksPatchResult	0.00
pass	core	TestTimeoutTool/schema	0.00
pass	core	TestTimeoutTool/success	0.00
pass	core	TestTimeoutTool/deadline_cancellation_reaches_nested_tool	0.01
pass	core	TestTimeoutTool/invalid_duration	0.00
pass	core	TestTimeoutTool/unavailable_target	0.00
pass	core	TestTimeoutTool/self_wrapping	0.00
pass	core	TestTimeoutTool/nested_call_is_traced_as_a_tool_call_of_its_own	0.00
pass	core	TestTimeoutTool	0.01
pass	core	TestGenMCPToolPreservesSchema	0.00
pass	core	TestAssembleLines/whole_lines_keep_their_provenance	0.00
pass	core	TestAssembleLines/line_split_across_records_is_assembled_once	0.00
pass	core	TestAssembleLines/straddling_line_takes_the_starting_record's_provenance	0.00
pass	core	TestAssembleLines/trailing_newlines_don't_contribute_lines	0.00
pass	core	TestAssembleLines/unterminated_final_line_is_kept	0.00
pass	core	TestAssembleLines/empty_input	0.00
pass	core	TestAssembleLines	0.00
pass	core	TestCallPayloadRecordsExcludedFromLLMLogs/ReadLogs	0.00
pass	core	TestCallPayloadRecordsExcludedFromLLMLogs/automatic_tool_result	0.00
pass	core	TestCallPayloadRecordsExcludedFromLLMLogs	0.00
pass	core	TestLimitIndirectLines/a_long_report_survives_noisy_nested_work	0.00
pass	core	TestLimitIndirectLines/direct_lines_are_never_dropped_even_past_the_limit	0.00
pass	core	TestLimitIndirectLines/interleaved_runs_each_report_their_own_count	0.00
pass	core	TestLimitIndirectLines/nothing_is_abridged_when_nested_output_fits	0.00
pass	core	TestLimitIndirectLines/zero_limit_keeps_everything	0.00
pass	core	TestLimitIndirectLines/long_lines_are_still_character-capped	0.00
pass	core	TestLimitIndirectLines/a_runaway_direct_print_hits_the_byte_cap	0.00
pass	core	TestLimitIndirectLines	0.00
pass	core	TestCapLinesBytes/under_budget_passes_through	0.00
pass	core	TestCapLinesBytes/zero_budget_disables_the_cap	0.00
pass	core	TestCapLinesBytes/over_budget_drops_the_middle_behind_a_marker	0.00
pass	core	TestCapLinesBytes/an_oversized_boundary_line_still_survives	0.00
pass	core	TestCapLinesBytes	0.00
pass	core	TestGuardToolResultInBudgetIsIdentical	0.00
pass	core	TestGuardToolResultClampsMonsterLine	0.00
pass	core	TestGuardToolResultDropsMiddleOverBudget	0.01
pass	core	TestGuardToolResultNeverSplitsRunes	0.00
pass	core	TestGuardToolResultDegenerateSizes	0.00
pass	core	TestInternalSpanFilterSubtreeBounds	0.00
pass	core	TestNormalizeSpanArg/bare_span_ID	0.00
pass	core	TestNormalizeSpanArg/surrounding_whitespace	0.00
pass	core	TestNormalizeSpanArg/span=_report_rendering	0.00
pass	core	TestNormalizeSpanArg/error-origin_marker	0.00
pass	core	TestNormalizeSpanArg/traceparent_prefix	0.00
pass	core	TestNormalizeSpanArg/w3c_traceparent	0.00
pass	core	TestNormalizeSpanArg/unrecognized_input_passes_through	0.00
pass	core	TestNormalizeSpanArg/16_chars_but_not_hex_passes_through	0.00
pass	core	TestNormalizeSpanArg	0.00
pass	core	TestRenderReadLogs/numbers_the_lines	0.00
pass	core	TestRenderReadLogs/offset_trims_from_the_end	0.00
pass	core	TestRenderReadLogs/negative_offset_reads_the_tail	0.00
pass	core	TestRenderReadLogs/offset_past_the_start_reports_the_total	0.00
pass	core	TestRenderReadLogs/grep_filters_and_keeps_original_numbering	0.00
pass	core	TestRenderReadLogs/grep_with_no_matches_reports_the_searched_count	0.00
pass	core	TestRenderReadLogs/invalid_grep_pattern_errors	0.00
pass	core	TestRenderReadLogs/limit_keeps_the_tail_with_a_counted_marker	0.00
pass	core	TestRenderReadLogs	0.00
pass	core	TestModuleFunctionCacheImplicitInputs/default_policy	0.00
pass	core	TestModuleFunctionCacheImplicitInputs/explicit_per-session_policy	0.00
pass	core	TestModuleFunctionCacheImplicitInputs/default_policy_with_module_disable-default-caching	0.00
pass	core	TestModuleFunctionCacheImplicitInputs/explicit_never_policy	0.00
pass	core	TestModuleFunctionCacheImplicitInputs	0.00
pass	core	TestModuleFunctionCacheImplicitInputsNilSafe	0.00
pass	core	TestModTreePath	0.00
pass	core	TestModTreeNode	0.00
pass	core	TestModTreeCommandNamePreservesQualifiedPath	0.00
pass	core	TestNamespaceSourceMap/synthesizes_module-name-only_source_map_when_SDK_provides_none	0.00
pass	core	TestNamespaceSourceMap	0.00
pass	core	TestDaggerGetEligible/www.marcosnils.com/go	0.00
pass	core	TestDaggerGetEligible/https://www.marcosnils.com/go	0.00
pass	core	TestDaggerGetEligible/github.com/dagger/dagger	0.00
pass	core	TestDaggerGetEligible/www.marcosnils.com/go@v1.2.3	0.00
pass	core	TestDaggerGetEligible/http://example.com/mod	0.00
pass	core	TestDaggerGetEligible/ssh://git@github.com/foo/bar	0.00
pass	core	TestDaggerGetEligible/git://example.com/foo	0.00
pass	core	TestDaggerGetEligible/git@github.com:foo/bar	0.00
pass	core	TestDaggerGetEligible/./local/path	0.00
pass	core	TestDaggerGetEligible//abs/path	0.00
pass	core	TestDaggerGetEligible/nodot/path	0.00
pass	core	TestDaggerGetEligible/#00	0.00
pass	core	TestDaggerGetEligible	0.00
pass	engine/snapshots	TestImportImageSharesChainReuse	0.33
pass	core	TestDaggerGetProbe/redirect_strips_dagger-get_and_preserves_version	0.00
pass	core	TestDaggerGetProbe/redirect_without_version	0.00
pass	core	TestDaggerGetProbe/no_redirect_falls_back_to_original	0.00
pass	core	TestDaggerGetProbe	0.01
pass	core	TestDaggerGetProbeRejectsNonHTTPSLocation	0.00
pass	core	TestDaggerGetProbeIgnoresCanonicalizationRedirects/dot-git_canonicalization_is_ignored	0.00
pass	core	TestDaggerGetProbeIgnoresCanonicalizationRedirects/dot-git_canonicalization_with_version_is_ignored	0.00
pass	core	TestDaggerGetProbeIgnoresCanonicalizationRedirects/trailing-slash_canonicalization_is_ignored	0.00
pass	core	TestDaggerGetProbeIgnoresCanonicalizationRedirects	0.01
pass	core	TestDaggerGetProbeIgnoresAuthWallRedirects	0.00
pass	core	TestResolveDaggerGetRedirectCachesPerSession	0.01
pass	core	TestResolveDaggerGetRedirectRequiresSessionInfrastructure/no_session_infrastructure	0.00
pass	core	TestResolveDaggerGetRedirectRequiresSessionInfrastructure/cache_without_metadata	0.00
pass	core	TestResolveDaggerGetRedirectRequiresSessionInfrastructure/metadata_without_cache	0.00
pass	core	TestResolveDaggerGetRedirectRequiresSessionInfrastructure	0.00
pass	core	TestResolveDaggerGetRedirectUsesWorkspaceLock	0.00
pass	core	TestResolveDaggerGetRedirectWritesWorkspaceLock	0.01
pass	core	TestSourceURLWithVersionOverridesDestinationVersion	0.00
pass	core	TestResolveDaggerGetRedirectPreservesDestinationVersion//input=	0.00
pass	core	TestResolveDaggerGetRedirectPreservesDestinationVersion//input=@main	0.01
pass	dagql	TestRenewalChainControls/expired_reply	0.08
pass	core	TestResolveDaggerGetRedirectPreservesDestinationVersion/@v1.2.3/input=	0.00
pass	core	TestResolveDaggerGetRedirectPreservesDestinationVersion/@v1.2.3/input=@main	0.01
pass	core	TestResolveDaggerGetRedirectPreservesDestinationVersion/#v1.2.3/input=	0.01
pass	core	TestResolveDaggerGetRedirectPreservesDestinationVersion/#v1.2.3/input=@main	0.00
pass	core	TestResolveDaggerGetRedirectPreservesDestinationVersion	0.03
pass	core	TestMatchVersion	0.00
pass	core	TestParseRefString/github.com/shykes/daggerverse/ci	0.00
pass	core	TestParseRefString/https://github.com/dagger/python#main	0.00
pass	core	TestParseRefString/https://github.com/dagger/python#main:ruff	0.00
pass	core	TestParseRefString/https://github.com/dagger/python/ruff@main	0.00
pass	core	TestParseRefString/github.com/dagger/python/ruff@main	0.00
pass	core	TestParseRefString/https://github.com/shykes/daggerverse#version:ci	0.00
pass	core	TestParseRefString/github.com/dagger/python/ruff#main	0.00
pass	core	TestParseRefString/ssh://github.com/shykes/daggerverse/ci@version	0.00
pass	core	TestParseRefString/github.com/dagger/python#main:ruff	0.00
pass	core	TestParseRefString/https://github.com/dagger/python@main:ruff	0.00
pass	core	TestParseRefString/github.com/shykes/daggerverse.git/../../	0.00
pass	core	TestParseRefString/./some/local/path	0.00
pass	core	TestParseRefString/github.com/dagger/python@main:ruff	0.00
pass	core	TestParseRefString/https://github.com/dagger/python/ruff#main	0.00
pass	core	TestParseRefString	0.00
pass	core	TestParseRefStringRemoteFailure	0.00
pass	core	TestGitModuleSourceSymbolic/Go-style_URL	0.00
pass	core	TestGitModuleSourceSymbolic/SCP-like_reference	0.00
pass	core	TestGitModuleSourceSymbolic/SCP-like_reference_with_no_subdir	0.00
pass	core	TestGitModuleSourceSymbolic/version_query	0.00
pass	core	TestGitModuleSourceSymbolic/literal_Git_ref	0.00
pass	core	TestGitModuleSourceSymbolic/literal_Git_ref_at_repository_root	0.00
pass	core	TestGitModuleSourceSymbolic/literal_Git_ref_with_explicit_dot_subpath	0.00
pass	core	TestGitModuleSourceSymbolic	0.00
pass	engine/snapshots	TestExportChainCanceledWaiter	0.10
pass	dagql	TestRenewalChainControls/non-HTTP_reply	0.11
pass	core	TestMountLazyDetachedOwnership/file=false/failure=false	0.10
pass	core	TestMountLazyDetachedOwnership/file=false/failure=true	0.07
pass	dagql	TestRenewalChainControls/reply_for_another_blob	0.10
pass	dagql	TestRenewalChainControls	3.24
pass	core	TestMountLazyDetachedOwnership/file=true/failure=false	0.09
pass	core	TestMountLazyDetachedOwnership/file=true/failure=true	0.06
pass	core	TestMountLazyDetachedOwnership	0.32
pass	core	TestEmitServiceStartProducesLoaderShape	0.00
pass	engine/snapshots	TestImportChainCanceledWaiter	0.34
pass	core	TestPartAcquisitionRootRoutes/ready	0.11
pass	engine/snapshots	TestPinSnapshotIndependentOwner	0.10
pass	engine/snapshots	TestChainContentClassification/missing	0.11
pass	core/schema	TestCoreSchemaModuleReturnDispatchSurvivesRestart/after-untouched-save/env	0.00
pass	core/schema	TestCoreSchemaModuleReturnDispatchSurvivesRestart/after-untouched-save/port	0.00
pass	core/schema	TestCoreSchemaModuleReturnDispatchSurvivesRestart/after-untouched-save/label	0.00
pass	core/schema	TestCoreSchemaModuleReturnDispatchSurvivesRestart/after-untouched-save/health	0.00
pass	core/schema	TestCoreSchemaModuleReturnDispatchSurvivesRestart/label_and_healthcheck_payloads_are_lossless	0.00
pass	core	TestPartAcquisitionRootRoutes/chain	0.27
pass	core/schema	TestCoreSchemaModuleReturnDispatchSurvivesRestart	2.15
pass	engine/snapshots	TestChainContentClassification/short	0.14
pass	dagql	TestRenewalExhaustion/equivalent_donor_fixed_address_still_works	0.20
pass	dagql	TestRenewalExhaustion/equivalent_donor_key_does_not_reset_the_episode	0.09
pass	engine/snapshots	TestChainContentClassification/checksum	0.18
pass	core/schema	TestEngineDefaultPlatformCacheIdentity	0.24
pass	core	TestPartAcquisitionRootRoutes/chain-sync-retry	0.30
pass	core/schema	TestSchemaFileLazy	0.10
pass	engine/snapshots	TestChainContentClassification/apply	0.14
pass	dagql	TestRenewalExhaustion/distinct_chain_can_still_renew	0.20
pass	core/schema	TestRemoteCacheFixture	0.03
pass	dagql	TestRenewalExhaustion/slot_replacement_with_rotated_key	0.07
pass	engine/snapshots	TestChainContentClassification/lease	0.11
pass	dagql	TestRenewalExhaustion/slot_replacement_with_refreshed_expiry	0.07
pass	dagql	TestRenewalExhaustion/no_bridge	0.05
pass	core	TestPartAcquisitionRootRoutes/chain-sync-restart	0.28
pass	engine/snapshots	TestChainContentClassification/writer	0.13
pass	dagql	TestRenewalExhaustion/no_renewal_key	0.05
pass	dagql	TestRenewalExhaustion/full_mailbox	0.05
pass	dagql	TestRenewalExhaustion	1.17
pass	engine/snapshots	TestChainContentClassification/cancel	0.10
pass	engine/snapshots	TestChainContentClassification	0.91
pass	engine/snapshots	(package)	9.48
pass	core/schema	TestBaseSchemaAllowlist	0.33
pass	dagql	TestPartDecodeBeforeExternalFinish	0.06
pass	dagql	TestReadyPartDonorBackreferenceReleasedBeforeSync	0.01
pass	core	TestPartAcquisitionRootRoutes/chain-pin-release-retry	0.24
pass	dagql	TestPartDecodeLosesToInstalledRevision	0.10
pass	dagql	TestPartDelegationPath	0.00
pass	dagql	TestPartDelegationProofAdmission	0.01
pass	dagql	TestPartUnusedHostAllocatesNoGate	0.00
pass	dagql	TestPartProgressRule/a_refusal_no_counter_explains_is_ordinary	0.00
pass	dagql	TestPartProgressRule/expiry_is_not_a_counter	0.00
pass	dagql	TestPartProgressRule/contention_never_repeats	0.00
pass	dagql	TestPartProgressRule/a_repeat_is_no_progress	0.00
pass	dagql	TestPartProgressRule/no_demand_state,_no_rule	0.00
pass	dagql	TestPartProgressRule	0.00
pass	dagql	TestPartVersionRefusal	0.00
pass	dagql	TestCommitReadyPartChangedRefusals/receiver_moved	0.01
pass	dagql	TestCommitReadyPartChangedRefusals/donor_moved	0.01
pass	dagql	TestCommitReadyPartChangedRefusals/donor_offers_moved	0.01
pass	dagql	TestCommitReadyPartChangedRefusals/donor_expiry_alone	0.02
pass	dagql	TestCommitReadyPartChangedRefusals/wrong_expectation	0.01
pass	dagql	TestCommitReadyPartChangedRefusals	0.05
pass	dagql	TestPublishEvaluatedPartsStopsWithoutProgress	0.01
pass	dagql	TestPublishEvaluatedPartsSurvivesContention	0.01
pass	dagql	TestDemandPartStopsWithoutProgress	0.01
pass	dagql	TestPartFixedProviderAndContentExhaustion	0.01
pass	dagql	TestPartOfferReplacementNotExhausted	0.01
pass	dagql	TestPartFixedProviderMultiBuffer/ranges	0.00
pass	dagql	TestPartFixedProviderMultiBuffer/full-body	0.00
pass	dagql	TestPartFixedProviderMultiBuffer	0.00
pass	dagql	TestPartFixedProviderCancellationClosesStream	0.00
pass	dagql	TestRenewalMailbox/capacity_and_deadline	0.00
pass	dagql	TestRenewalMailbox/cancellation	0.00
pass	dagql	TestRenewalMailbox/cancellation_seen_before_the_requester_runs	0.00
pass	dagql	TestRenewalMailbox/replies	0.00
pass	dagql	TestRenewalMailbox/detach	0.00
pass	dagql	TestRenewalMailbox	0.00
pass	dagql	TestRenewalEpisodeSet	0.00
pass	dagql	TestRenewalSettledEpisodeAfterDeadline	0.00
pass	dagql	TestRenewalClaimKeepsSourceCheck	0.01
pass	dagql	TestRemoteCacheBridgeAttachment	0.02
pass	dagql	TestPartReselectWatch	0.00
pass	dagql	TestPartRefusalNamesItsSite	0.00
pass	dagql	TestPartSourceSelection	0.01
pass	dagql	TestPartOfferSessionAdmission	0.01
pass	dagql	TestReadyPartReceipt	0.01
pass	dagql	TestPartSettlementRetiresReplacement	0.01
pass	dagql	TestPartDecisionFinalSource	0.01
pass	dagql	TestPartSourceScanFailureReleasesWinner/ready	0.01
pass	dagql	TestPartSourceScanFailureReleasesWinner/chain	0.01
pass	dagql	TestPartSourceScanFailureReleasesWinner	0.02
pass	dagql	TestPartNativeCompletionRetiresOffer	0.00
pass	dagql	TestPartTaskBodyIsolation	0.00
pass	dagql	TestPartTaskContinuation	0.00
pass	dagql	TestPartTaskNoJoinBarrier	0.00
pass	dagql	TestPartGateFiniteDrain	0.00
pass	dagql	TestEvaluatePartsSiblingGroupsRunConcurrently	0.00
pass	dagql	TestEvaluatePartsOneCallRunsGroupsConcurrently	0.00
pass	core/schema	TestGitBundleSchema	0.35
pass	dagql	TestEvaluatePartsAbandonedSiblingMarksResumeBlocked	0.00
pass	core	TestPartAcquisitionRootRoutes/chain-fallback	0.23
pass	dagql	TestEvaluatePartsSyncFailureRetriesOnlyBookkeepingPerGroup	0.00
pass	dagql	TestEvaluatePartsForeignCancellationRetriesPerGroup	0.00
pass	dagql	TestEvaluatePartsEmptyResolutionRetriesPendingBookkeeping	0.00
pass	dagql	TestPendingLazyComputationWholeGroupStoredOpen/bookkeeping	0.00
pass	dagql	TestPendingLazyComputationWholeGroupStoredOpen/armed	0.00
pass	dagql	TestPendingLazyComputationWholeGroupStoredOpen/in_flight	0.00
pass	dagql	TestPendingLazyComputationWholeGroupStoredOpen	0.00
pass	dagql	TestCapturePersistedRecordValuesAndColdCopies	0.01
pass	dagql	TestCapturePersistedRecordLazyReadiness/whole	0.00
pass	dagql	TestCapturePersistedRecordLazyReadiness/parts	0.00
pass	dagql	TestCapturePersistedRecordLazyReadiness	0.00
pass	dagql	TestCapturePersistedRecordPendingBookkeeping	0.00
pass	dagql	TestCapturePersistedRecordBlocksOnlyItsUnstartedEvaluation	0.00
pass	dagql	TestCapturePersistedRecordOwnershipAndCancellation/success	0.00
pass	dagql	TestCapturePersistedRecordOwnershipAndCancellation/cancellation	0.00
pass	dagql	TestCapturePersistedRecordOwnershipAndCancellation	0.00
pass	dagql	TestCapturePersistedRecordErrorsAndClose	0.00
pass	dagql	TestCapturePersistedRecordInitialAttachment/clean	0.00
pass	dagql	TestCapturePersistedRecordInitialAttachment/failed	0.00
pass	dagql	TestCapturePersistedRecordInitialAttachment	0.00
pass	dagql	TestPersistDecodeChildLoadBorrowsAdmittedOperation/decode_context_child_load_completes	0.06
pass	core	TestPartAcquisitionRootRoutes/chain-fallback-operation-failure	0.16
pass	dagql	TestPersistDecodeChildLoadBorrowsAdmittedOperation/public_loader_child_load_is_rejected_(control)	0.09
pass	dagql	TestPersistDecodeChildLoadBorrowsAdmittedOperation	0.15
pass	dagql	TestVisitPersistedCallIDPreservesRecursiveWrapper/[[String!]!]!	0.00
pass	dagql	TestVisitPersistedCallIDPreservesRecursiveWrapper/[[PersistCodecObj]]	0.00
pass	dagql	TestVisitPersistedCallIDPreservesRecursiveWrapper/[Int!]	0.00
pass	dagql	TestVisitPersistedCallIDPreservesRecursiveWrapper	0.00
pass	dagql	TestPersistedInterfaceListUsesInstalledInterface/without_the_installed_interface_the_declared_type_cannot_be_read_by_the_concrete_class	0.00
pass	dagql	TestPersistedInterfaceListUsesInstalledInterface	0.02
pass	dagql	TestPersistedAttachedNullKeepsOwnedDependencyAndResource	0.02
pass	dagql	TestPersistedAttachedNullKeepsRowIdentity/scalar_null_encoding_fails_to_decode	0.00
pass	dagql	TestPersistedAttachedNullKeepsRowIdentity/absence_without_a_row_ID_decodes_to_nothing	0.00
pass	dagql	TestPersistedAttachedNullKeepsRowIdentity/absence_declared_non-null_is_rejected	0.00
pass	dagql	TestPersistedAttachedNullKeepsRowIdentity	0.02
pass	dagql	TestPersistedScalarNumbersAreExact/above_float_mantissa	0.00
pass	dagql	TestPersistedScalarNumbersAreExact/max_int64	0.00
pass	dagql	TestPersistedScalarNumbersAreExact/min_int64	0.00
pass	dagql	TestPersistedScalarNumbersAreExact/ordinary_float	0.00
pass	dagql	TestPersistedScalarNumbersAreExact/large_float	0.00
pass	dagql	TestPersistedScalarNumbersAreExact/string	0.00
pass	dagql	TestPersistedScalarNumbersAreExact/untyped_float_decoding_loses_the_large_integer	0.00
pass	dagql	TestPersistedScalarNumbersAreExact/trailing_data_is_an_error	0.00
pass	dagql	TestPersistedScalarNumbersAreExact/out_of_range_stays_an_error	0.00
pass	dagql	TestPersistedScalarNumbersAreExact	0.00
pass	dagql	TestPersistedListsRebuildDeclaredTypes/empty_nested_non-null	0.00
pass	dagql	TestPersistedListsRebuildDeclaredTypes/all-null_nested	0.00
pass	dagql	TestPersistedListsRebuildDeclaredTypes/optional_elements	0.00
pass	dagql	TestPersistedListsRebuildDeclaredTypes/interface_elements	0.00
pass	dagql	TestPersistedListsRebuildDeclaredTypes/raw_nested_arrays	0.00
pass	dagql	TestPersistedListsRebuildDeclaredTypes/custom_scalar_elements	0.00
pass	dagql	TestPersistedListsRebuildDeclaredTypes/nullable_declaration_is_presented_like_a_fresh_nullable_result	0.00
pass	dagql	TestPersistedListsRebuildDeclaredTypes/a_call_without_a_declared_list_type_is_rejected	0.00
pass	dagql	TestPersistedListsRebuildDeclaredTypes	0.00
pass	dagql	TestPersistedScalarDecodeResolvesDefiningServer	0.01
pass	dagql	TestPersistedObjectFamilyDispatch/unregistered_codec_cannot_encode	0.00
pass	dagql	TestPersistedObjectFamilyDispatch/unknown_family_is_rejected	0.00
pass	dagql	TestPersistedObjectFamilyDispatch/family_must_match_the_decoding_type	0.00
pass	dagql	TestPersistedObjectFamilyDispatch/old_envelope_versions_are_rejected	0.00
pass	dagql	TestPersistedObjectFamilyDispatch/every_registered_family_names_a_distinct_Go_type	0.00
pass	dagql	TestPersistedObjectFamilyDispatch	0.00
pass	dagql	TestVisitEncodedReferencesRelocatesDeclaredPositions/a_missing_mapping_fails_without_partial_writes	0.00
pass	dagql	TestVisitEncodedReferencesRelocatesDeclaredPositions/a_mismatched_envelope_identity_is_rejected	0.00
pass	dagql	TestVisitEncodedReferencesRelocatesDeclaredPositions/a_root_reference_envelope_is_rejected	0.00
pass	dagql	TestVisitEncodedReferencesRelocatesDeclaredPositions	0.00
pass	dagql	TestVisitEncodedReferencesClassifiesStorageRoles/a_family_declaring_no_references_rejects_storage_links	0.00
pass	dagql	TestVisitEncodedReferencesClassifiesStorageRoles	0.00
pass	dagql	TestVisitPersistedCallIDTranslatesHandlesOnly	0.00
pass	core	TestPartAcquisitionRootRoutes/operation	0.08
pass	core	TestPartAcquisitionRootRoutes	1.68
pass	dagql	TestPersistedSecondSaveThroughRestart	0.02
pass	dagql	TestVisitEncodedReferencesRequiresEveryRoleOnce/a_null_root_cannot_declare_storage_roles	0.00
pass	dagql	TestVisitEncodedReferencesRequiresEveryRoleOnce/a_scalar_json_root_cannot_declare_storage_roles	0.00
pass	dagql	TestVisitEncodedReferencesRequiresEveryRoleOnce/a_list_root_cannot_declare_storage_roles	0.00
pass	dagql	TestVisitEncodedReferencesRequiresEveryRoleOnce	0.00
pass	dagql	TestPersistAbsentRowValidatedAtCapture	0.00
pass	dagql	TestPersistInputProvenanceValidateResult	0.00
pass	dagql	TestPersistInputProvenanceRejectsMissingPayload	0.00
pass	dagql	TestPersistInputProvenanceRejectsUnknownKind	0.00
pass	dagql	TestCachePersistenceImportedObjectLoadSerializesPersistedDecode	0.06
pass	dagql	TestCachePersistenceImportedDecodeLeaderCancelRetriesJoiner	0.01
pass	dagql	TestCachePersistenceImportedDecodeLeaseSyncCancelRetriesSync	0.01
pass	dagql	TestCachePersistenceImportedDecodeJoinerOwnCancelReturnsOwnCause	0.02
pass	dagql	TestCachePersistenceImportedDecodeFailurePropagatesToJoiners	0.01
pass	dagql	TestCachePersistenceImportedDecodeStaleReaderDoesNotLeadAfterSuccess	0.01
pass	dagql	TestPersistedScalarListSurvivesRepeatedRestore	0.01
pass	dagql	TestPersistedNestedListSurvivesRepeatedRestore	0.02
pass	dagql	TestPersistedListDefersReferencedChildrenWithoutServer	0.00
pass	dagql	TestPersistedListPrepassUsesChildCall	0.01
pass	dagql	TestPersistedSelfCodecInlineListForms/[Int!]!	0.00
pass	dagql	TestPersistedSelfCodecInlineListForms/[String!]!	0.00
pass	dagql	TestPersistedSelfCodecInlineListForms/[Int!]!#01	0.00
pass	dagql	TestPersistedSelfCodecInlineListForms/[[Int!]!]!	0.00
pass	dagql	TestPersistedSelfCodecInlineListForms	0.00
pass	dagql	TestPersistedEncodingQuiescenceReachesInlineObjects/object	0.00
pass	dagql	TestPersistedEncodingQuiescenceReachesInlineObjects/nested-inline-list	0.00
pass	dagql	TestPersistedEncodingQuiescenceReachesInlineObjects	0.00
pass	dagql	TestCachePersistenceSnapshotKeepsOnlyCompletePersistedRootClosures	0.01
pass	dagql	TestProfileSkipControlsSingleflightEmit	0.00
pass	dagql	TestProfileSkipStaticCutSingleflightJoiner	0.00
pass	dagql	TestProfileSkipControlsLazyEmit/skipped_producer_emits_no_lazy_OTel_span	0.00
pass	dagql	TestProfileSkipControlsLazyEmit/kept_producer_emits_a_lazy_OTel_span	0.00
pass	dagql	TestProfileSkipControlsLazyEmit	0.00
pass	dagql	TestProfileSkipLazyCrossRecipeForcerStaysClean	0.00
pass	dagql	TestProfileSkipDoesNotBlindInvalidTargetDetector	0.00
pass	dagql	TestCachePrunePolicyMatchesLegacyRecordTypeListFilter	0.00
pass	dagql	TestCachePrunePolicyMatchesExistingScalarFilters	0.00
pass	dagql	TestPruneLogLiteralValueRendersBytesOpaque	0.00
pass	dagql	TestCachePersistableAttachmentFailureDoesNotRetain	0.00
pass	dagql	TestCachePersistableHitWaitsForCleanAttachmentBeforePersisting	0.00
pass	dagql	TestCacheErroredAttachmentIsSkippedAndReexecuted	0.00
pass	dagql	TestCacheAdoptionSkipsOpenAttachmentSibling	0.00
pass	dagql	TestCachePersistedEdgeInstallRejectsCollectedResult	0.00
pass	dagql	TestCacheOperationLeaseFailureCancelsSharedContext	0.00
pass	dagql	TestCacheSessionResultClaimAndReleaseAreAtomic/claim_wins	0.00
pass	dagql	TestCacheSessionResultClaimAndReleaseAreAtomic/release_wins	0.00
pass	dagql	TestCacheSessionResultClaimAndReleaseAreAtomic	0.00
pass	dagql	TestCacheRefusedFinalWaiterCommitsPersistenceBeforeHandoffRelease	0.00
pass	dagql	TestCacheArbitrarySessionClaimAndReleaseAreAtomic/claim_wins	0.00
pass	dagql	TestCacheArbitrarySessionClaimAndReleaseAreAtomic/release_wins	0.00
pass	dagql	TestCacheArbitrarySessionClaimAndReleaseAreAtomic	0.00
pass	dagql	TestCacheArbitraryReleasedSessionDoesNotInitializeValue	0.00
pass	dagql	TestCacheReleasedSessionErrorIncludesSessionID	0.00
pass	dagql	TestCacheSessionReleaseRefusesClaimedResultAtOperationExit	0.00
pass	dagql	TestCacheArbitraryReleaseRefusesValueAtOperationExit	0.00
pass	dagql	TestCacheWaitSessionReleaseWaitsForDeferredCleanup	0.00
pass	dagql	TestCacheWaitSessionReleaseCancellation	0.00
pass	dagql	TestCacheWaitSessionReleaseRequiresRelease	0.00
pass	dagql	TestCacheDeferredReleaseErrorSurfacesFromClose	0.00
pass	dagql	TestCacheSynchronousReleaseErrorFailsCloseDirty	0.00
pass	dagql	TestCacheCloseCancellationFailsDirtyWhileOperationActive	0.03
pass	dagql	TestCacheReleasedSessionDoesNotRecreateSpanMaps	0.00
pass	dagql	TestSnapshotOwnerSyncReadSelection	0.00
pass	dagql	TestSnapshotOwnerSyncInlineRead	0.00
pass	dagql	TestCacheSnapshotOwnerLeaseSyncDefersSessionCleanup	0.00
pass	core/schema	TestWorkspaceClientSDKSchema	0.50
pass	dagql	TestScopedCollectorConcurrentPublicationCost/width128_depth1	0.03
pass	core	TestPartContainerMixedRestart	0.27
pass	core	TestPartMountReceiverRoles	0.12
pass	dagql	TestScopedCollectorConcurrentPublicationCost/width8_depth3	0.17
pass	dagql	TestScopedCollectorConcurrentPublicationCost	0.20
pass	dagql	TestScopedSnapshotVisitor	0.00
pass	dagql	TestScopedSnapshotDecodeCarrier	0.00
pass	dagql	TestScopedSnapshotCanonicalKeys	0.00
pass	dagql	TestScopedSnapshotSQLConflict	0.01
pass	dagql	TestScopedDecodeRejectsMismatchedCarrierBeforeCodec	0.00
pass	dagql	TestSnapshotSharingTriggers	0.01
pass	dagql	TestSnapshotSharingInstallsFromEquivalent	0.01
pass	core	TestPartPrivateWholeBuiltin	0.08
pass	core	TestPartFixtureReleaseObserverPrivateFS	0.00
pass	dagql	TestSnapshotSharingPreparedSequence	0.02
pass	dagql	TestSnapshotSharingPreparedSequenceThreeParts	0.01
pass	dagql	TestSnapshotSharingIndependentParts	0.01
pass	dagql	TestSnapshotSharingDonorReceivesSibling	0.01
pass	dagql	TestSnapshotSharingTriggerSites/new_membership_without_a_union	0.01
pass	dagql	TestSnapshotSharingTriggerSites/no_enqueue_for_an_unregistered_row	0.01
pass	dagql	TestSnapshotSharingTriggerSites/lazy_completion_notifies_after_a_successful_share	0.01
pass	dagql	TestSnapshotSharingTriggerSites/admission_off_enqueues_nothing	0.01
pass	dagql	TestSnapshotSharingTriggerSites	0.04
pass	dagql	TestSnapshotSharingCoalescing	0.01
pass	dagql	TestSnapshotSharingNoJoinRefusal	0.02
pass	dagql	TestSnapshotSharingReadinessAndExpiry/a_desired-only_role_is_not_an_applied_role	0.01
pass	dagql	TestSnapshotSharingReadinessAndExpiry/an_expired_receiver_is_skipped	0.01
pass	core/schema	TestSchemaJSONScrubbing/module_and_client_policies	0.02
pass	core/schema	TestSchemaJSONScrubbing/individual_field	0.01
pass	dagql	TestSnapshotSharingReadinessAndExpiry/an_expired_donor_is_skipped	0.02
pass	core/schema	TestSchemaJSONScrubbing/different_fields	0.01
pass	dagql	TestSnapshotSharingReadinessAndExpiry/a_native_receiver_is_never_filled	0.01
pass	dagql	TestSnapshotSharingReadinessAndExpiry	0.05
pass	core/schema	TestSchemaJSONScrubbing/whole_type	0.01
pass	core/schema	TestSchemaJSONScrubbing/invalid_field	0.00
pass	core/schema	TestSchemaJSONScrubbing	0.38
pass	dagql	TestSnapshotSharingStructuralRequirements/own	0.02
pass	dagql	TestSnapshotSharingStructuralRequirements/offer-only	0.01
pass	dagql	TestSnapshotSharingStructuralRequirements/missing	0.01
pass	dagql	TestSnapshotSharingStructuralRequirements	0.03
pass	dagql	TestSnapshotSharingReleaseThenExternalFinish	0.02
pass	dagql	TestSnapshotSharingPreparationContextGuards	0.02
pass	dagql	TestSnapshotSharingWorkerBaseIsMarked	0.02
pass	dagql	TestSnapshotSharingDecodeWhileFinishPaused	0.01
pass	core	TestPartDelegationMountRoles/shifted-role	0.26
pass	core	TestPartDelegationMountRoles/wrong-kind	0.10
pass	core	TestPartDelegationMountRoles	0.36
pass	core	TestPartDelegationPureRoutes/withWorkdir	0.00
pass	core	TestPartDelegationPureRoutes/withEnvVariable	0.00
pass	core	TestPartDelegationPureRoutes/withoutDefaultArgs	0.00
pass	core	TestPartDelegationPureRoutes/__withSystemEnvVariable	0.00
pass	core	TestPartDelegationPureRoutes/withEntrypoint	0.00
pass	core	TestPartDelegationPureRoutes/withMountedCache	0.00
pass	core	TestPartDelegationPureRoutes/withoutMount	0.00
pass	core	TestPartDelegationPureRoutes/withUnixSocket	0.00
pass	core	TestPartDelegationPureRoutes/withoutUnixSocket	0.00
pass	core	TestPartDelegationPureRoutes/withoutEnvVariable	0.00
pass	core	TestPartDelegationPureRoutes	0.00
pass	dagql	TestSnapshotSharingShutdown	0.11
pass	dagql	TestSnapshotSharingFailedFinishAndRetry	0.01
pass	dagql	TestSnapshotSharingCompletionRegistrationRace	0.01
pass	dagql	TestSnapshotSharingTypedServiceReceiverNeedsRegistration	0.01
pass	dagql	TestSnapshotSharingTypedReceiverFillsOnePartPerPass	0.01
pass	dagql	TestSnapshotSharingSelectsRestoredFrame	0.01
pass	core/schema	TestCoreModTypeDefs	0.26
pass	dagql	TestSnapshotSharingRefusedSlotReselectsJoinedDemand	0.02
pass	core	TestPartDelegationRealStore/ready-parent	0.16
pass	dagql	TestSnapshotSharingCancelDuringPreparation	0.21
pass	core	TestPartDelegationRealStore/pending-parent	0.16
pass	core/schema	TestVolumeConstructorsHiddenFromModuleSchema	0.34
pass	core	TestPartDelegationRealStore/sync-retry	0.13
pass	core	TestPartDelegationRealStore/native-restart/1	0.02
pass	dagql	TestSnapshotSharingAbortReportsAfterCleanup	0.21
pass	core	TestPartDelegationRealStore/native-restart/8	0.08
pass	core/schema	TestSchemaJSONRejectsInvalidHiddenFields	0.30
pass	dagql	TestSnapshotSharingCancelAfterPublicationDeliversReceipt	0.21
pass	dagql	TestSnapshotSharingFailedFinishLastOwner	0.01
pass	dagql	TestSnapshotSharingEncodedInstallRetryAfterDecode/failed_attachment	0.02
pass	dagql	TestSnapshotSharingEncodedInstallRetryAfterDecode/partial_attachment	0.01
pass	dagql	TestSnapshotSharingEncodedInstallRetryAfterDecode	0.03
pass	dagql	TestSnapshotSharingImportTriggers/live_import_queues_the_imported_classes	0.01
pass	dagql	TestSnapshotSharingImportTriggers/a_failed_root_validation_queues_nothing	0.01
pass	dagql	TestSnapshotSharingImportTriggers/a_failed_identity_plan_queues_nothing	0.01
pass	dagql	TestSnapshotSharingImportTriggers	0.05
pass	dagql	TestSnapshotSharingPrefixCarriedOverRefusedAddress	0.02
pass	dagql	TestSnapshotSharingTypedIneligibleFirstAddress	0.01
pass	dagql	TestSnapshotSharingTypedSuccessorHoldsTheDonor	0.01
pass	dagql	TestSnapshotSharingDecodePreflight	0.01
pass	dagql	TestSnapshotSharingDonorLeaseReconciliationIsBusy	0.01
pass	dagql	TestSnapshotSharingPreparationContextIsSetOnce	0.05
skip	dagql	TestCacheContextCancel/last_waiter_canceled_fn_returns_value_still_releases	0.00
pass	dagql	TestCacheContextCancel/cancels_after_all_are_canceled	0.00
pass	dagql	TestCacheContextCancel/succeeds_if_others_are_canceled	0.00
pass	dagql	TestCacheContextCancel/shared_call_keeps_dedicated_lease_across_completion	0.01
pass	dagql	TestCacheContextCancel	0.00
pass	dagql	TestDirectDigestLookupHitsWithoutTermIndex/exact_recipe_digest_hit_without_term_index	0.00
pass	dagql	TestDirectDigestLookupHitsWithoutTermIndex/extra_digest_hit_without_term_index	0.00
pass	dagql	TestDirectDigestLookupHitsWithoutTermIndex	0.00
pass	core	TestPartDelegationRealStore/native-restart/32	0.35
pass	dagql	TestStructuralHitCanReuseResultFromSameOutputEqClass	0.00
pass	core	TestPartDelegationRealStore/native-restart	0.49
pass	dagql	TestCacheLatePersistableJoinCommitsBeforeHandoffRelease/successful_final_waiter	0.00
pass	dagql	TestCacheLatePersistableJoinCommitsBeforeHandoffRelease/canceled_final_waiter	0.00
pass	dagql	TestCacheLatePersistableJoinCommitsBeforeHandoffRelease	0.00
pass	dagql	TestResolveSessionResourceCandidatesOrdering	0.00
pass	dagql	TestValueTransferFixtureExactRoots	0.01
pass	dagql	TestSchemaModuleSelectionFallback	0.02
pass	dagql	TestSchemaModuleSelectionSkipsInaccessibleInstalled/operational	0.01
pass	dagql	TestSchemaModuleSelectionSkipsInaccessibleInstalled/scoped	0.01
pass	dagql	TestSchemaModuleSelectionSkipsInaccessibleInstalled	0.02
pass	dagql	TestValueTransferPersistence	0.03
pass	dagql	TestValueTransferCapture/concurrent_replacement_and_pruning	0.01
pass	dagql	TestValueTransferCapture/direct_and_offer_diamond	0.01
pass	dagql	TestValueTransferCapture/output	0.01
pass	dagql	TestValueTransferCapture/payload	0.01
pass	dagql	TestValueTransferCapture/offer	0.01
pass	dagql	TestValueTransferCapture/ownership	0.01
pass	core/schema	TestCurrentTypeDefsReturnAllTypes	0.36
pass	dagql	TestValueTransferCapture/requirements	0.01
pass	dagql	TestValueTransferCapture/frame	0.01
pass	dagql	TestValueTransferCapture/busy	0.02
pass	dagql	TestValueTransferCapture/cancellation	0.01
pass	dagql	TestValueTransferCapture	0.11
pass	core	TestPartDelegationRealStore/ready-parent-over-chain	0.20
pass	dagql	TestValueTransferReferences/dangling	0.00
pass	dagql	TestValueTransferReferences/cycle	0.00
pass	dagql	TestValueTransferReferences/root	0.00
pass	dagql	TestValueTransferReferences/extra	0.00
pass	dagql	TestValueTransferReferences/body	0.00
pass	dagql	TestValueTransferReferences/unreachable	0.00
pass	dagql	TestValueTransferReferences	0.02
pass	dagql	TestValueTransferImportPublication/lookup_at_commit_boundary	0.03
pass	dagql	TestValueTransferImportPublication/close_waits_for_admitted_import	0.08
pass	dagql	TestValueTransferImportPublication/preparation_failure	0.01
pass	dagql	TestValueTransferImportPublication/before_commit	0.02
pass	dagql	TestValueTransferImportPublication/after_commit	0.01
pass	dagql	TestValueTransferImportPublication/finite_root_expiry	0.01
pass	dagql	TestValueTransferImportPublication	0.16
pass	dagql	TestValueTransferReferencesExtras	0.03
pass	dagql	TestValueTransferPersistenceDecodePublication	0.02
pass	dagql	TestFieldsInstallMarksReflectedAccessorsTrivial	0.00
pass	dagql	TestFieldSpecResolveImplicitInputCallArgsResolvesDeterministicImplicitInputs	0.00
pass	dagql	TestFieldSpecResolveImplicitInputCallArgsPropagatesResolverErrors	0.00
pass	dagql	TestFieldSpecResolveImplicitInputCallArgsRejectsNilResolvedInput	0.00
pass	dagql	TestObjectPreselectAppliesFieldModule	0.00
pass	dagql	TestEmitHooksProduceLoaderShape	0.00
pass	dagql	TestEmitWaitVisibleToValidationOnMissingTarget	0.00
pass	dagql	TestEmitWaitNonRecordingWaiterDrops	0.00
pass	dagql	TestLazyTriggeredExecComposesUnderLazyOp	0.00
pass	dagql	TestLazyEmitNestedOverrideNoCrossStamping	0.00
pass	dagql	TestLazyEmitProducerRepointStampsDirectChildrenOnly	0.00
pass	dagql	TestLazyEmitNoProducerNestsUnderHiddenLazyOp	0.00
pass	dagql	TestWcprofLazyParentProcessorStampsAllExports	0.00
pass	dagql	TestShouldEmitCallPayloadIsOncePerStore	0.00
pass	dagql	TestCallPayloadDedupeCannotSuppressSpans	0.00
pass	core	TestPartDelegationRealStore/ordinary-ready-tie	0.24
pass	core/schema	TestCurrentTypeDefsReturnAllTypesAfterSessionRelease	0.36
pass	core/schema	TestParseSSHFSVolumeEndpoint	0.00
pass	core/schema	TestVolumeContentDigestFromCacheKey	0.00
pass	dagql	TestPartSessionlessRestoredDirectory	0.10
pass	dagql	TestBasic	0.00
pass	dagql	TestForkedNodeUsesCurrentServerLoader	0.00
pass	dagql	TestSelectArray/select_all_as_array	0.00
pass	dagql	TestSelectArray/select_all_as_instance_array	0.00
pass	dagql	TestSelectArray/select_all_individual_instances	0.00
pass	dagql	TestSelectArray/select_all_array_as_Typed	0.00
pass	dagql	TestSelectArray/select_all_children	0.00
pass	dagql	TestSelectArray/select_nth	0.00
pass	dagql	TestSelectArray/select_nth_caching	0.00
pass	dagql	TestSelectArray/nth_promotion_creates_cache-backed_receiver_results	0.00
pass	dagql	TestSelectArray/deref_promotion_creates_cache-backed_receiver_results	0.00
pass	dagql	TestSelectArray	0.00
pass	dagql	TestNullableResults/nullable_scalars	0.00
pass	dagql	TestNullableResults/nullable_objects	0.00
pass	dagql	TestNullableResults/nullable_arrays_of_scalars	0.00
pass	dagql	TestNullableResults/non-null_arrays_with_nullable_scalars	0.00
pass	dagql	TestNullableResults/nullable_arrays_with_nullable_elements/from_ID	0.00
pass	dagql	TestNullableResults/nullable_arrays_with_nullable_elements	0.00
pass	dagql	TestNullableResults	0.01
pass	dagql	TestListResults	0.00
pass	dagql	TestLoadingFromID	0.01
pass	dagql	TestIDsReflectQuery	0.00
pass	dagql	TestIDsDoNotContainSensitiveValues	0.00
pass	dagql	TestEmptyID	0.00
pass	dagql	TestPureIDsDoNotReEvaluate	0.00
pass	dagql	TestPassingObjectsAround	0.00
pass	dagql	TestEnums/outputs	0.00
pass	dagql	TestEnums/inputs	0.00
pass	dagql	TestEnums/invalid_inputs	0.00
pass	dagql	TestEnums/invalid_defaults	0.00
pass	dagql	TestEnums	0.00
pass	dagql	TestInputObjects/inputs_and_defaults	0.00
pass	dagql	TestInputObjects/inputs_with_embedded_structs_in_IDs	0.00
pass	dagql	TestInputObjects/inputs_with_builtins_and_defaults	0.00
pass	dagql	TestInputObjects/nullable_inputs	0.00
pass	dagql	TestInputObjects/arrays_of_inputs	0.00
pass	dagql	TestInputObjects	0.01
pass	dagql	TestDefaults/builtin_scalar_types	0.00
pass	dagql	TestDefaults/invalid_defaults	0.00
pass	dagql	TestDefaults	0.00
pass	dagql	TestParallelism/simple_synchronous_case	0.00
pass	dagql	TestParallelism/parallel_at_each_level	0.00
pass	dagql	TestParallelism	0.00
pass	dagql	TestArrayParallelism	0.00
pass	dagql	TestBuiltins/builtin_scalar_types	0.00
pass	dagql	TestBuiltins/with_defaults	0.00
pass	dagql	TestBuiltins/invalid_defaults_for_builtins	0.00
pass	dagql	TestBuiltins	0.00
pass	core	TestPartDelegationRealStore/child-chain-first	0.16
pass	dagql	TestIntrospection	0.04
pass	dagql	TestIDFormat	0.00
pass	dagql	TestIDAdditionalDigestsMergeOnSameRecipeCallInDAG	0.00
pass	dagql	TestIDWithContentDigestAddsKnownDigest	0.00
pass	dagql	TestViews/in_default_view	0.00
pass	dagql	TestViews/in_unknown_view	0.00
pass	dagql	TestViews/in_first_view	0.00
pass	dagql	TestViews/in_second_view	0.00
pass	dagql	TestViews	0.00
pass	dagql	TestIDRecipeArgIsInternal	0.00
pass	dagql	TestIDRecipeDefault	0.00
pass	dagql	TestViewsCaching	0.00
pass	dagql	TestViewsIntrospection/in_default_view	0.02
pass	dagql	TestViewsIntrospection/in_unknown_view	0.01
pass	dagql	TestViewsIntrospection/in_first_view	0.01
pass	dagql	TestViewsIntrospection/in_second_view	0.01
pass	dagql	TestViewsIntrospection	0.06
pass	dagql	TestViewsFilterNonObjectTypes	0.00
pass	dagql	TestNodeFuncResultZeroValueTypeInference	0.00
pass	dagql	TestNullResultCachePathDoesNotPanic	0.00
pass	dagql	TestCacheConfigReturnedIDRewritesExecutionArgs	0.00
pass	dagql	TestImplicitInputCachePerClient	0.00
pass	dagql	TestDefaultConcurrencyKeyUsesSessionID	0.00
pass	dagql	TestImplicitInputCachePerSession	0.00
pass	dagql	TestImplicitInputCachePerCall	0.00
pass	dagql	TestRecipeLoadBytesLiteral	0.00
pass	dagql	TestImplicitInputCachePerSchema	0.00
pass	dagql	TestImplicitInputCachePerClientSchema	0.00
pass	dagql	TestImplicitInputCacheAsRequested	0.00
pass	dagql	TestImplicitInputRecomputedAfterCacheConfigIDRewrite	0.00
pass	dagql	TestServerSelect/basic_selection	0.00
pass	dagql	TestServerSelect/chained_selection	0.00
pass	dagql	TestServerSelect/null_result	0.00
pass	dagql	TestServerSelect/array_selection	0.00
pass	dagql	TestServerSelect/array_selection_into_[]int	0.00
pass	dagql	TestServerSelect/array_selection_into_[]string	0.00
pass	dagql	TestServerSelect/error_cases	0.00
pass	dagql	TestServerSelect/null_result_handling	0.00
pass	dagql	TestServerSelect	0.00
pass	dagql	TestInstallHooks	0.00
pass	dagql	TestInterfaces/install_and_introspect	0.00
pass	dagql	TestInterfaces/recursive_covariant_return_types_are_inferred	0.00
pass	dagql	TestInterfaces/interface-to-interface_relationships_are_inferred	0.00
pass	dagql	TestInterfaces/object_must_have_every_field_required_by_the_interface	0.00
pass	dagql	TestInterfaces/object_method_args_must_match_the_interface_method	0.00
pass	dagql	TestInterfaces/object_method_cannot_require_an_arg_missing_from_the_interface	0.00
pass	dagql	TestInterfaces/interface_method_args_must_match_the_interface_it_claims_to_support	0.00
pass	dagql	TestInterfaces/nullable_list_result_cannot_replace_non-null_list_result	0.00
pass	dagql	TestInterfaces/method_cannot_require_non-null_list_when_interface_allows_null	0.00
pass	dagql	TestInterfaces/auto_Node_interface	0.00
pass	dagql	TestInterfaces/fields_added_after_install_are_inferred	0.00
pass	dagql	TestInterfaces/inline_fragments	0.00
pass	dagql	TestInterfaces/fragment_spreads_with_type_condition	0.00
pass	dagql	TestInterfaces/node_applies_fragment_type_conditions_at_runtime	0.00
pass	dagql	TestInterfaces/resolve_applies_fragment_type_conditions_using_loaded_object_schema	0.00
pass	dagql	TestInterfaces/inline_fragment_with_interface_type_condition	0.00
pass	dagql	TestInterfaces/__typename	0.00
pass	dagql	TestInterfaces/concurrent_implementation_registration_and_fragment_parsing	0.00
pass	dagql	TestInterfaces/duplicate_InstallInterface_returns_existing	0.00
pass	dagql	TestInterfaces	0.01
pass	dagql	TestObjectTypeForIDUsesModuleProvenance	0.00
pass	dagql	TestLoadRecipeUsesModuleProvenance/missing_constructor	0.00
pass	dagql	TestLoadRecipeUsesModuleProvenance/shadowed_constructor	0.00
pass	dagql	TestLoadRecipeUsesModuleProvenance	0.00
pass	dagql	TestLoadRecipeModuleCoreCallsAndLazyRefs	0.00
pass	dagql	TestLazyRefArgNotEvaluatedOnLoad	0.00
pass	dagql	TestLazyRefArgPreservesCallIdentity	0.00
pass	dagql	TestSelectIntoNullableDestination/non-null	0.00
pass	dagql	TestSelectIntoNullableDestination/null	0.00
pass	dagql	TestSelectIntoNullableDestination	0.00
pass	dagql	TestNullableJSONRoundTripSetsValid	0.00
pass	dagql	TestPeekRootFieldsRecoversSingleOperation	0.00
pass	dagql	TestPeekRootFieldsRejectsBatch	0.00
pass	dagql	TestPeekRootFieldsAmbiguousOperation	0.00
pass	dagql	TestPeekRootFieldsGET	0.00
pass	dagql	TestPeekRootFieldsPOSTJSON	0.00
pass	dagql	TestCacheEvidenceExecutedFreshCall	0.00
pass	dagql	TestPerClientCacheScope	0.00
pass	dagql	TestResultCallPBRedactsSensitiveArg	0.00
pass	dagql	TestResultCallArgPBRedactsSensitive	0.00
pass	dagql	TestOptionalJSONRoundTripSetsValid	0.00
pass	dagql	TestResultCallRefResultIDFallbackStillWorks	0.00
pass	dagql	TestResultCallRefSharedFastPathDoesNotSurviveRemoval	0.00
pass	dagql	TestResultCallRefRecipeIDUsesLatestSharedFrame	0.00
pass	dagql	TestResultCallRefContentPreferredDigestUsesLatestSharedFrame	0.00
pass	dagql	TestNullableDerefCacheHitsReconstructObjectView	0.00
pass	dagql	TestResultCallDigestedStringUsesAttachedDigestForStructuralIdentity	0.00
pass	dagql	TestResultCallRefReceiverUsesSharedFastPath	0.00
pass	dagql	TestDetachedResultMetadataReuseAndCallMutationFork	0.00
pass	dagql	TestCacheRecipeDigestForCallMemoizesOnOriginalFrame	0.00
pass	dagql	TestResultCallForkClonesTopLevelMutableState	0.00
pass	dagql	TestResultCallBytesPersistAndRebuildRaw	0.00
pass	dagql	TestNullableWrappedUsesSameSharedResult	0.00
pass	dagql	TestResultCallSelfDigestUsesRecipeDigestsForResultInputs	0.00
pass	dagql	TestResultCallModuleIdentityIsStructuralInputOnly	0.00
pass	dagql	TestResultCallModuleMetadataDoesNotAffectStructuralIdentity	0.00
pass	dagql	TestResultCallSelfDigestAndInputRefsPreserveInputKinds	0.00
pass	dagql	TestResultCallDigestErrorsDoNotPanic	0.00
pass	dagql	TestFrameProfileSkipNilSafe	0.00
pass	dagql	TestResultCallProfileSkipRoundTripsThroughJSON	0.00
pass	dagql	TestNullableDerefUsesSameSharedResult	0.00
pass	dagql	TestResultCallProfileSkipExcludedFromDigests	0.00
pass	dagql	TestResultCallProfileSkipTravelsThroughCloneAndFork	0.00
pass	dagql	TestNthValueAttachedDynamicResultArrayReturnsCanonicalChild	0.00
pass	dagql	TestNthValueAttachedObjectResultArrayReturnsCanonicalChild	0.00
pass	dagql	TestNthValuePreservesAttachmentLineage	0.00
pass	dagql	TestCacheRejectsNilTypeResolver	0.00
pass	dagql	TestCacheNilKeyIDRejected	0.00
pass	dagql	TestDetachedReceiverSelectionPreservesReceiverLineage	0.00
pass	dagql	TestCacheRecursiveCall	0.00
pass	dagql	TestCacheErrors	0.00
pass	dagql	TestCacheVolatileNestedWithNonVolatile	0.00
pass	dagql	TestCacheVolatileConcurrentSessionsDivergentValues	0.00
pass	dagql	TestCacheUsageEntriesAllReportsSessionAndRetainedState	0.00
pass	dagql	TestCacheMetadataPruneCandidateOrder	0.00
pass	dagql	TestCacheEvaluate/singleflight	0.00
pass	dagql	TestSkipDedupe	0.00
pass	dagql	TestCacheVolatileSessionResourceInvariants	0.00
pass	dagql	TestCloneSharedDAGIsLinearAndIndependent	0.00
pass	dagql	TestRecipeMemoSharesAcrossReceiverChain	0.00
pass	dagql	TestEvaluatePartsRecursionRefusedPerGroup	0.00
pass	dagql	TestEvaluatePartsFailureIsolatedPerGroup	0.00
pass	dagql	TestEvaluatePartsJointGroupFillsAllMembersOnce	0.00
pass	dagql	TestEvaluateWholeResultOverGroups	0.00
pass	dagql	TestEvaluatePartsMetadataLeavesSiblingGroupPending	0.00
pass	dagql	TestCacheDifferentConcurrencyKeysDoNotDedupe	0.00
pass	dagql	TestCachePruneMetadataEstimateCancellationDoesNotMutate	0.00
pass	dagql	TestCachePruneMetadataEstimateMarksReleaseAndSnapshotGCContext	0.00
pass	dagql	TestEvaluatePartsResumeSpansMarkPartialCompletion	0.00
pass	dagql	TestCachePruneMetadataEstimateCompactionCanRestoreMaximumWithoutEviction	0.00
pass	dagql	TestCachePruneMetadataEstimateCreditsCollectedDependencyClosure	0.00
pass	dagql	TestCachePruneMetadataEstimateSkipsPhysicalMeasurementAndUsesColdOrder	0.00
pass	dagql	TestCacheMetadataPruneDependencySortCancellation	0.00
pass	dagql	TestCachePruneMetadataEstimateProtectsActiveAndUnpruneableResults	0.00
pass	dagql	TestCacheMetadataPruneCandidateSortCancellation	0.00
pass	dagql	TestCacheMetadataDirectResultBytesUsesCeiling	0.00
pass	dagql	TestCacheMetadataEstimateFormula	0.00
pass	dagql	TestCacheEvidenceNilCarrierIsNoop	0.00
pass	dagql	TestCacheEvidenceCloneDropsCarrier	0.00
pass	dagql	TestCacheEvidenceDoNotCacheUncached	0.00
pass	dagql	TestCacheEvidencePairingDigestExcludesImplicitInputs	0.00
pass	dagql	TestCacheEvidenceUnknownInputIndex	0.00
pass	dagql	TestDerefValueForNullables/dynamic-nullable	0.00
pass	dagql	TestCacheEvidencePendingLazyHitIsHit	0.00
pass	dagql	TestDerefValueForNullables/nullable-generic	0.00
pass	dagql	TestDerefValueForNullables	0.00
pass	dagql	TestCacheMakeResultUnpruneableClearsPersistedExpiry	0.00
pass	dagql	TestCacheMakeResultUnpruneableSkipsPrune	0.00
pass	dagql	TestCacheMakeResultUnpruneableRetainsAcrossSessionClose	0.00
pass	dagql	TestCachePersistableHitUpgradesExistingResultToRetained	0.00
pass	dagql	TestCacheNonPersistableDropsWhenRefsDrain	0.00
pass	dagql	TestOngoingCallPersistableIntentConcurrentAccess	0.00
pass	dagql	TestCacheHitRegistrationDoesNotRaceLazyCallback	0.00
pass	dagql	TestCachePersistableRetainedAcrossSessionClose	0.00
pass	dagql	TestCacheObjectResultRoundTripAndRelease	0.00
pass	dagql	TestCachePruneMetadataEstimateCancellationDuringPlanningDoesNotMutate	0.01
pass	dagql	TestCacheConcurrent	0.02
pass	dagql	TestCacheTTLWithDBUsesStorageAndCallIndexes	0.02
pass	dagql	TestCacheArrayResultsRetainChildResultsAcrossProducerSessionRelease/ObjectResultArray	0.00
pass	dagql	TestCacheArrayResultsRetainChildResultsAcrossProducerSessionRelease/DynamicResultArrayOutput	0.00
pass	dagql	TestCacheArrayResultsRetainChildResultsAcrossProducerSessionRelease	0.00
pass	dagql	TestCacheArrayResultRoundTrip	0.00
pass	dagql	TestCacheReleaseRemovesRecordedDigestPostingAfterOutputClassMerge	0.00
pass	dagql	TestCacheSecondaryIndexesCleanedOnRelease	0.00
pass	dagql	TestCacheDoNotCachePreservesAttachedReturnedObject	0.00
pass	dagql	TestCacheDoNotCacheNormalizesNestedHitMetadata	0.00
pass	dagql	TestRecipeIDMemoDedupesSharedInlineFrame	0.00
pass	dagql	TestCloneKeepsDistinctFramesDistinct	0.00
pass	dagql	TestCloneDedupesSharedFrame	0.00
pass	dagql	TestRecipeIDMemoKeepsDistinctFramesDistinct	0.00
pass	dagql	TestCacheCloseDiscardingPersistenceDoesNotMarkClean	0.04
pass	dagql	TestCachePersistenceWorkerUsesEncodedSnapshotLinks	0.04
pass	dagql	TestEvaluateLazyOwnFailureNotMarkedBlocked	0.00
pass	dagql	TestCachePersistenceDecodeInstallPreservesRequiredSessionResources	0.05
pass	dagql	TestCachePersistenceImportedObjectAliasSupportsChainedSelect	0.05
pass	dagql	TestCachePersistenceImportRoundTripObjectResult	0.05
pass	dagql	TestEvaluateLazyUsesOriginalSpanForLogsAndNestedSpans	0.00
pass	dagql	TestCacheArbitraryRoundTripAndRelease	0.00
pass	dagql	TestInstallSpanLookupWalksClosureOwnersUpward	0.00
pass	dagql	TestEvaluateLazyPrerequisiteFailureMarksResumeBlocked	0.00
pass	dagql	TestSessionResultInstallSpanContextsSorted	0.00
pass	dagql	TestRecipeMemoKeepsDistinctNodesDistinct	0.00
pass	dagql	TestCachePersistenceImportedObjectHitWithoutServerErrors/request_lookup	0.00
pass	dagql	TestCachePersistenceImportedObjectHitWithoutServerErrors/digest_lookup	0.00
pass	dagql	TestCachePersistenceImportedObjectHitWithoutServerErrors/result_ID_lookup	0.00
pass	dagql	TestCachePersistenceImportedObjectHitWithoutServerErrors	0.06
pass	dagql	TestRecipeMemoDedupesSharedNode	0.00
pass	dagql	TestCaptureSessionLazySpanContextFirstWriterWinsAndRelease	0.00
pass	dagql	TestCachePersistenceImportRoundTripAcrossRestart	0.06
pass	dagql	TestCacheWithSessionResourceHandleRefusesAttachedMutation	0.00
pass	dagql	TestAttachResultAllowsAlreadyAttachedResultWithoutFrame	0.00
pass	dagql	TestCacheAttachmentClaimPinsTargetAgainstForeignRelease	0.00
pass	dagql	TestCachePersistenceImportRecomputesRequiredDepsFirst	0.06
pass	dagql	TestCachePublicationRollsBackWhenStructuralDepMissing	0.00
pass	dagql	TestSharedCallReleasesLeaseWhenLastWaiterCancelsAfterCompletion	0.00
pass	dagql	TestCachePruneThresholdUsesImportedSnapshotLinkUsage	0.04
pass	dagql	TestCacheHitKeepsGenuineAttachmentFailure	0.00
pass	dagql	TestCachePersistenceSchemaMismatchWipesStore	0.06
pass	dagql	TestSharedCallUsesOneClientScopeLeaseForAllWaiters	0.00
pass	dagql	TestCacheLoadResultByResultIDStillFailsWhenProducerReleaseFailsAttachment	0.00
pass	dagql	TestCachePersistenceImportedSnapshotLinksContributeUsageBeforeDecode	0.03
pass	dagql	TestCacheRejectsEmptySessionIDForOwningEntrypoints	0.00
pass	dagql	TestCachePersistenceWorkerMirrorsSnapshotManagerMetadataRows	0.03
pass	dagql	TestPersistedSelfCodecRejectsNonPersistedObjectLikeScalar	0.00
pass	dagql	TestCacheDigestLookupConvertsToMissWhenProducerReleaseFailsAttachment	0.00
pass	dagql	TestPersistedSelfCodecRawObjectArrayRoundTrip	0.00
pass	dagql	TestCacheDigestLookupRechecksSessionResourcesAfterLateExplicitDependency	0.00
pass	dagql	TestPersistedSelfCodecNestedListRoundTrip	0.00
pass	dagql	TestCacheHitConvertsToMissWhenProducerReleaseFailsAttachment	0.00
pass	dagql	TestCacheLoadResultByResultIDRechecksAfterLateExplicitDependency	0.00
pass	dagql	TestObjectCacheHitPreservesObjectResultShape	0.00
pass	dagql	TestPersistedSelfCodecUsesSharedObjectClassification	0.00
pass	dagql	TestCacheHitRechecksSessionResourcesAfterLateExplicitDependency	0.00
pass	dagql	TestCacheLoadResultByResultIDIgnoresUncleanCanonicalSiblings	0.00
pass	dagql	TestPersistedSelfCodecObjectIDRoundTrip	0.00
pass	dagql	TestCachePersistenceImportFailureWipesStore	0.08
pass	dagql	TestCacheDigestLookupRechecksSessionResourcesAfterAttachBarrier	0.00
pass	dagql	TestPersistedSelfCodecScalarRoundTrip	0.00
pass	dagql	TestCacheLoadResultByResultIDRechecksAfterAttachBarrier	0.00
pass	dagql	TestCacheAddExplicitDependencyAcceptsSessionResourceDepsAndRecomputesAncestors	0.00
pass	dagql	TestCachePersistenceImportHydratesSnapshotMetadataAndSyncsOwnerLeases	0.04
pass	dagql	TestCacheArbitraryRecursiveCall	0.00
pass	dagql	TestCacheHitRechecksSessionResourcesAfterAttachBarrier	0.00
pass	dagql	TestCacheEvidenceMissIncompatibleCandidates	0.00
pass	dagql	TestCachePersistenceSnapshotOmitsSessionOnlyResult	0.03
pass	dagql	TestCacheEvidenceSawExpiredThroughEqClassExpansion	0.00
pass	dagql	TestCacheEvidenceMissSawExpired	0.00
pass	dagql	TestCacheEvidenceStructuralRouteHit	0.00
pass	dagql	TestCacheEvidenceRecipeHit	0.00
pass	dagql	TestCacheEvaluate/allows_already_attached_lazy_result_from_do-not-cache_field	0.00
pass	dagql	TestCacheEvaluate/rejects_do-not-cache_lazy_result	0.00
pass	dagql	TestCacheEvaluate/recursive	0.00
pass	dagql	TestCacheEvaluate/non_dependency_allowed_while_attached	0.00
pass	dagql	TestCachePersistenceCleanShutdownToggleOnClose	0.03
pass	dagql	TestCacheEvaluate/parallel_multi-result	0.00
pass	dagql	TestCacheEvaluate/lazy_evaluation_without_lease-sensitive_work_does_not_acquire_lease	0.00
pass	dagql	TestCacheEvaluate/reacquires_dedicated_lease_instead_of_reusing_request_lease	0.00
pass	dagql	TestCacheEvaluate/declared_dependency	0.00
pass	dagql	TestDynamicNullableJSONRoundTripSetsValid	0.00
pass	dagql	TestCacheEvaluate	0.00
pass	dagql	TestDynamicOptionalJSONRoundTripSetsValid	0.00
pass	dagql	TestClassNewRewrapPreservesModuleCacheIsolation	0.00
pass	dagql	TestCacheEvidenceJoinedAndExecutedCarriers	0.00
pass	dagql	TestCacheTeachContentDigestWithResultRefs	0.00
pass	dagql	TestCacheTeachContentDigestPreservesAttachment	0.00
pass	dagql	TestCacheHitReturnIDGetsContentDigestFromEqClassMetadata	0.00
pass	dagql	TestCacheFreshReturnIDGetsContentDigestFromEqClassMetadata	0.00
pass	dagql	TestHitTeachesReturnedRequestIDToCache	0.00
pass	dagql	TestExtraDigestLabelIsolation	0.00
pass	dagql	TestCachePersistenceUncleanMarkerWipesStore	0.08
pass	dagql	TestCacheEvidenceDigestRouteHit	0.00
pass	dagql	TestCachePruneCompactsEqClassesAndPreservesLookup	0.00
pass	dagql	TestInputSpecsInputsFromResultCallArgs	0.00
pass	dagql	TestResultContentPreferredDigestUsesContentDigest	0.00
pass	dagql	TestCacheAttachDependencyResultsAlreadyAttachedChild	0.00
pass	dagql	TestLazyEmitRetryDoesNotLeakStaleWaitTarget	0.00
pass	dagql	TestCacheAttachDependencyResults	0.00
pass	dagql	TestCacheArbitraryCallbackUsesOneClientScopeLease	0.00
pass	dagql	TestCacheAddExplicitDependency	0.00
pass	dagql	TestCacheResultCallFirstWriterWins	0.00
pass	dagql	TestCachePruneDoesNotProtectTermProvenanceOnlyResultFromActiveResult	0.00
pass	dagql	TestCachePruneProtectsExactDependencyOfActiveResult	0.00
pass	dagql	TestPendingResultCallRefRecipeID	0.00
pass	dagql	TestCacheResultCallDerivedFromRequestID	0.00
pass	dagql	TestCacheHitRewrapsObjectResultForCurrentServer	0.00
pass	dagql	TestClassNewRewrapsObjectResult	0.00
pass	dagql	TestCachePruneMinFreeSpaceUsesCurrentFreeSpace	0.00
pass	dagql	TestObjectResultResultCallAndReceiver	0.00
pass	dagql	TestCompactEqClassesSkipsWhenBelowThreshold	0.00
pass	dagql	TestCacheDoNotCacheRejectsOnReleaser	0.00
pass	dagql	TestAttachResultNormalizesPendingResultCallRef	0.00
pass	dagql	TestCacheUsageEntriesAllMutableUsageRemeasuresAfterSizeChange	0.00
pass	dagql	TestCachePruneSessionOwnedEntriesAreNeverPruned	0.00
pass	dagql	TestCachePruneOrderedSimulationKeepsZeroDeltaPrerequisites	0.00
pass	dagql	TestCachePruneKeepDuration	0.00
pass	dagql	TestCachePruneThresholdTargetSpace	0.00
pass	dagql	TestCacheUsageEntriesAllDedupesByUsageIdentity	0.00
pass	dagql	TestCacheUsageEntriesAllSumsOwnedUsageIdentities	0.00
pass	dagql	TestIndexResultDigestsUsesExplicitRequestAndResponseIDs	0.00
pass	dagql	TestTeachCallEquivalentToResult	0.00
pass	dagql	TestEquivalencySetCacheHits/basic	0.00
pass	dagql	TestCacheNilResultIsCached	0.00
pass	dagql	TestCacheArbitraryCallbackCancelsAfterLastWaiter	0.00
pass	dagql	TestEquivalencySetCacheHits/deep_chain	0.00
pass	dagql	TestEquivalencySetCacheHits/late_extra_digests_at_h	0.00
pass	dagql	TestLookupCacheForIDExtraDigestFallback/hit_on_exact_output_digest_match	0.00
pass	dagql	TestCachePersistenceWorkerMirrorsAuthoritativeEgraphState	0.03
pass	dagql	TestEquivalencySetCacheHits/multi_input_all_inputs_equivalent_hit	0.00
pass	dagql	TestLookupCacheForIDExtraDigestFallback/miss_without_exact_output_digest_match	0.00
pass	dagql	TestLookupCacheForIDExtraDigestFallback	0.00
pass	dagql	TestEquivalencySetCacheHits/multi_input_partial_equivalence_miss	0.00
pass	dagql	TestEquivalencySetCacheHits/transitive_extra_digest_merge_bridge_hit	0.00
pass	dagql	TestCachePersistenceWorkerMirrorsUnpruneablePersistedEdge	0.02
pass	dagql	TestEquivalencySetCacheHits/transitive_bridge_no_bridge_no_hit	0.00
pass	dagql	TestCachePersistenceWorkerMirrorsPrunedStateAfterRelease	0.03
pass	dagql	TestEquivalencySetCacheHits/fanout_fanin_join_hit_after_repair	0.00
pass	dagql	TestCachePersistenceDoesNotWriteDuringRuntime	0.03
pass	dagql	TestEquivalencySetCacheHits/fanout_fanin_late_merge_enables_downstream_join_input_hit	0.00
pass	dagql	TestEquivalencySetCacheHits	0.01
pass	dagql	TestCachePersistenceWorkerMirrorsRetainedPersistableResult	0.02
pass	dagql	TestCacheArrayResultStressDoesNotRaceExplicitDependencyAttachment	0.08
pass	dagql	TestCacheLoadResultByResultIDRefusesUnboundSession	0.01
pass	core/schema	TestEngineVolumeRequiresMainClient	0.30
pass	core	TestPartDelegationRealStore/late-child	0.28
pass	dagql	TestCacheArbitraryConcurrent	0.02
pass	dagql	TestCacheLoadResultByResultIDDoesNotReturnHitWithoutCallFrame	0.20
pass	core	TestPartDelegationRealStore/child-and-parent-failure	0.14
pass	core	TestPartDelegationRealStore	1.96
pass	core	TestPartFilesystemPublicationRoles/File	0.08
pass	core/schema	TestEngineVolumeConstructsStableLogicalConfig	0.31
pass	core	TestPartFilesystemPublicationRoles/Directory	0.06
pass	core	TestPartFilesystemPublicationRoles	0.14
pass	dagql	TestCacheArrayResultStressDoesNotReturnHitWithoutCallFrame	0.19
pass	dagql	TestCacheMixedSessionWaitersCancelDoNotLeak	0.67
pass	dagql	(package)	15.94
pass	core/schema	TestEngineVolumeRejectsInvalidPaths	0.29
pass	core	TestPartInlineAddress/sequential	0.31
pass	core/schema	TestSSHFSVolumeRequiresMainClient	0.28
fail	core	TestPartInlineAddress/concurrent	0.26
pass	core/schema	TestAddressVolumeRequiresMainClient	0.24
pass	core/schema	TestAddressConstructsEngineVolume	0.29
pass	core	TestPartInlineAddress/shared-snapshot-sync-retry	0.48
fail	core	TestPartInlineAddress	1.06
pass	core	TestOfferPartsNativeAdmission/accepted_before_start	0.14
pass	core	TestOfferPartsNativeAdmission/refused_after_start	0.09
pass	core	TestOfferPartsNativeAdmission	0.23
pass	core/schema	TestSSHFSVolumeRequiresKnownHostsUnlessInsecure	0.28
pass	core/schema	TestEntrypointChangePreservesSDKModuleName/entrypoint=	0.00
pass	core/schema	TestEntrypointChangePreservesSDKModuleName/entrypoint=other	0.00
pass	core/schema	TestEntrypointChangePreservesSDKModuleName	0.00
pass	core/schema	TestModuleMigrationUsesInstalledSDK/versioned_provider/native=false	0.00
pass	core/schema	TestModuleMigrationUsesInstalledSDK/versioned_provider/native=true	0.00
pass	core/schema	TestModuleMigrationUsesInstalledSDK/versioned_provider	0.00
pass	core/schema	TestModuleMigrationUsesInstalledSDK/vanity_provider/native=false	0.00
pass	core/schema	TestModuleMigrationUsesInstalledSDK/vanity_provider/native=true	0.00
pass	core/schema	TestModuleMigrationUsesInstalledSDK/vanity_provider	0.00
pass	core/schema	TestModuleMigrationUsesInstalledSDK/pinned_provider/native=false	0.00
pass	core/schema	TestModuleMigrationUsesInstalledSDK/pinned_provider/native=true	0.00
pass	core/schema	TestModuleMigrationUsesInstalledSDK/pinned_provider	0.00
pass	core/schema	TestModuleMigrationUsesInstalledSDK/custom_named_SDK/native=false	0.00
pass	core/schema	TestModuleMigrationUsesInstalledSDK/custom_named_SDK/native=true	0.00
pass	core/schema	TestModuleMigrationUsesInstalledSDK/custom_named_SDK	0.00
pass	core/schema	TestModuleMigrationUsesInstalledSDK/explicit_version_conflicts/native=false	0.00
pass	core/schema	TestModuleMigrationUsesInstalledSDK/explicit_version_conflicts/native=true	0.00
pass	core/schema	TestModuleMigrationUsesInstalledSDK/explicit_version_conflicts	0.00
pass	core/schema	TestModuleMigrationUsesInstalledSDK/different_owner_conflicts/native=false	0.00
pass	core/schema	TestModuleMigrationUsesInstalledSDK/different_owner_conflicts/native=true	0.00
pass	core/schema	TestModuleMigrationUsesInstalledSDK/different_owner_conflicts	0.00
pass	core/schema	TestModuleMigrationUsesInstalledSDK	0.00
pass	core/schema	TestModuleMigrationGraph	0.00
pass	core/schema	TestStandaloneModuleMigrationKeepsDependenciesAndNativeWorkspace	0.00
pass	core/schema	TestStandaloneModuleMigrationWithoutWorkspace	0.00
pass	core/schema	TestModuleMigrationNativeDependenciesWithoutWorkspace	0.00
pass	core/schema	TestModuleMigrationConflictsPreserveFiles	0.00
pass	core/schema	TestModuleMigrationStopsAtNestedWorkspace	0.00
pass	core/schema	TestModuleMigrationKeepsNativeWorkspaceBoundary	0.00
pass	core/schema	TestModuleMigrationRequiredFailures/unsupported_SDK	0.00
pass	core/schema	TestModuleMigrationRequiredFailures/unsupported_dependency	0.00
pass	core/schema	TestModuleMigrationRequiredFailures/missing_dependency	0.00
pass	core/schema	TestModuleMigrationRequiredFailures/absolute_dependency	0.00
pass	core/schema	TestModuleMigrationRequiredFailures/escaping_dependency	0.00
pass	core/schema	TestModuleMigrationRequiredFailures	0.00
pass	core/schema	TestOptionalModuleCandidates	0.00
pass	core/schema	TestMigrationModulePath	0.00
pass	core/schema	TestMigrationScopeRejectsUnnormalizedPaths	0.00
pass	core/schema	TestMigrationSDKUpdatesOnlyChangedConfigs	0.00
pass	core/schema	TestMigrationNoopPreservesConfigBytes	0.00
pass	core/schema	TestMigrationConfigSelectionUsesOwnership	0.00
pass	core/schema	TestModuleMigrationCleanupFailurePreservesPlan	0.00
pass	core/schema	TestModuleMigrationCleansEveryConvertedModule	0.00
pass	core/schema	TestPlanMigratedSDKFixups	0.00
pass	core/schema	TestApplyMigratedSDKFixupsPreservesScopes	0.00
pass	core/schema	TestWorkspaceModuleResolutionLine	0.00
pass	core/schema	TestMergeSearchResults/overlay_replaces_host_results_per_file	0.00
pass	core/schema	TestMergeSearchResults/touched_file_with_no_overlay_matches_disappears	0.00
pass	core/schema	TestMergeSearchResults/sorted_by_file_then_line	0.00
pass	core/schema	TestMergeSearchResults/limit_caps_the_merged_set	0.00
pass	core/schema	TestMergeSearchResults/mount_points_shadow_source_results_beneath_them	0.00
pass	core/schema	TestMergeSearchResults	0.00
pass	core/schema	TestSearchPathInScopes	0.00
pass	core/schema	TestSearchSourcePaths/no_explicit_paths_pass_through	0.00
pass	core/schema	TestSearchSourcePaths/mount-covered_paths_are_dropped_from_source_operands	0.00
pass	core/schema	TestSearchSourcePaths/all_paths_mount-covered_skips_the_source_side	0.00
pass	core/schema	TestSearchSourcePaths/mount_ancestor_absent_from_the_source_is_dropped	0.00
pass	core/schema	TestSearchSourcePaths/paths_uninvolved_with_mounts_are_kept_verbatim	0.00
pass	core/schema	TestSearchSourcePaths	0.00
pass	core/schema	TestMergeGlobMatches/overlay_replaces_host_matches_per_path	0.00
pass	core/schema	TestMergeGlobMatches/shared_parent_directories_dedup_across_trees	0.00
pass	core/schema	TestMergeGlobMatches/removed_path_with_no_overlay_match_disappears	0.00
pass	core/schema	TestMergeGlobMatches/mount_points_shadow_source_matches_beneath_them	0.00
pass	core/schema	TestMergeGlobMatches	0.00
pass	core/schema	TestTouchedParentDirs/empty	0.00
pass	core/schema	TestTouchedParentDirs/root-level_files_only	0.00
pass	core/schema	TestTouchedParentDirs/nested_file	0.00
pass	core/schema	TestTouchedParentDirs/deep_file_seeds_every_ancestor,_outermost_first	0.00
pass	core/schema	TestTouchedParentDirs/ancestors_shared_by_siblings_are_seeded_once	0.00
pass	core/schema	TestTouchedParentDirs/de-duplicates_parents	0.00
pass	core/schema	TestTouchedParentDirs/touched_directory_itself_has_no_parent_seeded	0.00
pass	core/schema	TestTouchedParentDirs/paths_under_a_touched_directory_are_covered_by_it	0.00
pass	core/schema	TestTouchedParentDirs/sibling_of_a_touched_directory_still_seeds	0.00
pass	core/schema	TestTouchedParentDirs/cleans_trailing_slash_and_dot_segments	0.00
pass	core/schema	TestTouchedParentDirs	0.00
pass	core/schema	TestTouchedParentDirPatterns/root-level_files_need_no_directory_read	0.00
pass	core/schema	TestTouchedParentDirPatterns/deepest_directory_of_a_chain_only	0.00
pass	core/schema	TestTouchedParentDirPatterns/separate_chains_each_contribute	0.00
pass	core/schema	TestTouchedParentDirPatterns/a_shallower_ancestor_of_another_chain_is_dropped	0.00
pass	core/schema	TestTouchedParentDirPatterns	0.00
pass	core/schema	TestResolveSDKModuleName/SDK-selected_path_retains_the_entrypoint_name	0.00
pass	core/schema	TestResolveSDKModuleName/explicit_name_wins_over_entrypoint_and_path	0.00
pass	core/schema	TestResolveSDKModuleName/explicit_path_without_installation_supplies_the_name	0.00
pass	core/schema	TestResolveSDKModuleName/aliases_and_unrelated_entrypoints_do_not_supply_the_name	0.00
pass	core/schema	TestResolveSDKModuleName/root-relative_installation_matches	0.00
pass	core/schema	TestResolveSDKModuleName/ambiguous_entrypoints_require_an_override	0.00
pass	core/schema	TestResolveSDKModuleName	0.00
pass	core/schema	TestPlanSDKModuleInitInstall/default_name_and_path_install_an_entrypoint	0.00
pass	core/schema	TestPlanSDKModuleInitInstall/explicit_name_installs_a_namespaced_module	0.00
pass	core/schema	TestPlanSDKModuleInitInstall/custom_path	0.00
pass	core/schema	TestPlanSDKModuleInitInstall/repeated_default_init_promotes_and_preserves_its_entrypoint	0.00
pass	core/schema	TestPlanSDKModuleInitInstall/explicit_init_does_not_demote_an_entrypoint	0.00
pass	core/schema	TestPlanSDKModuleInitInstall/different_entrypoint_requires_an_explicit_name	0.00
pass	core/schema	TestPlanSDKModuleInitInstall	0.00
pass	core/schema	TestSelectSDKModuleRequiresName	0.00
pass	core/schema	TestDeepestRecordedSDKModuleScope	0.00
pass	core/schema	TestDeeperSDKModuleScope/none	0.00
pass	core/schema	TestDeeperSDKModuleScope/first_only	0.00
pass	core/schema	TestDeeperSDKModuleScope/second_only	0.00
pass	core/schema	TestDeeperSDKModuleScope/second_is_deeper	0.00
pass	core/schema	TestDeeperSDKModuleScope/first_is_deeper	0.00
pass	core/schema	TestDeeperSDKModuleScope/equal	0.00
pass	core/schema	TestDeeperSDKModuleScope	0.00
pass	core/schema	TestSelectDeepestSDKModuleScope/none	0.00
pass	core/schema	TestSelectDeepestSDKModuleScope/one	0.00
pass	core/schema	TestSelectDeepestSDKModuleScope/deeper_SDK	0.00
pass	core/schema	TestSelectDeepestSDKModuleScope/deeper_SDK_first	0.00
pass	core/schema	TestSelectDeepestSDKModuleScope/one_character_directory	0.00
pass	core/schema	TestSelectDeepestSDKModuleScope/shallower_tie	0.00
pass	core/schema	TestSelectDeepestSDKModuleScope/same_SDK_nested_records	0.00
pass	core/schema	TestSelectDeepestSDKModuleScope/deepest_tie	0.00
pass	core/schema	TestSelectDeepestSDKModuleScope	0.00
pass	core/schema	TestRootAnchoredSDKScopeIsMatched/uninstall_removes_the_module_scope	0.00
pass	core/schema	TestRootAnchoredSDKScopeIsMatched/sdk_listing_resolves_it	0.00
pass	core/schema	TestRootAnchoredSDKScopeIsMatched	0.00
pass	core/schema	TestPlanSDKModuleInitInstallControls/custom_path_explicit_install	0.00
pass	core/schema	TestPlanSDKModuleInitInstallControls/custom_path_explicit_entrypoint	0.00
pass	core/schema	TestPlanSDKModuleInitInstallControls/no_install	0.00
pass	core/schema	TestPlanSDKModuleInitInstallControls/no_entrypoint	0.00
pass	core/schema	TestPlanSDKModuleInitInstallControls/explicit_replacement	0.00
pass	core/schema	TestPlanSDKModuleInitInstallControls/explicit_install_keeps_implicit_conflict	0.00
pass	core/schema	TestPlanSDKModuleInitInstallControls/contradictory_controls	0.00
pass	core/schema	TestPlanSDKModuleInitInstallControls/failed_install_leaves_old_entrypoint_selected	0.00
pass	core/schema	TestPlanSDKModuleInitInstallControls	0.00
pass	core/schema	TestSDKModuleInitRejectsContradictoryControlsBeforeWorkspaceLoad	0.00
pass	core/schema	TestWorkspacePrivateSourceFieldsAreNotGraphQLFields	0.00
pass	core/schema	TestWorkspaceMountedPath/at_or_under_a_mount_point/.refs/notes.txt	0.00
pass	core/schema	TestWorkspaceMountedPath/at_or_under_a_mount_point/deps/vendored	0.00
pass	core/schema	TestWorkspaceMountedPath/at_or_under_a_mount_point/deps/vendored/lib/util.go	0.00
pass	core/schema	TestWorkspaceMountedPath/at_or_under_a_mount_point/.refs	0.00
pass	core/schema	TestWorkspaceMountedPath/at_or_under_a_mount_point/deps	0.00
pass	core/schema	TestWorkspaceMountedPath/at_or_under_a_mount_point/.	0.00
pass	core/schema	TestWorkspaceMountedPath/at_or_under_a_mount_point/deps/vendored-extra	0.00
pass	core/schema	TestWorkspaceMountedPath/at_or_under_a_mount_point/.refs/notes.txt.bak	0.00
pass	core/schema	TestWorkspaceMountedPath/at_or_under_a_mount_point/src/main.go	0.00
pass	core/schema	TestWorkspaceMountedPath/at_or_under_a_mount_point	0.00
pass	core/schema	TestWorkspaceMountedPath/mounts_under/.	0.00
pass	core/schema	TestWorkspaceMountedPath/mounts_under/.refs	0.00
pass	core/schema	TestWorkspaceMountedPath/mounts_under/deps	0.00
pass	core/schema	TestWorkspaceMountedPath/mounts_under/deps/vendored	0.00
pass	core/schema	TestWorkspaceMountedPath/mounts_under/src	0.00
pass	core/schema	TestWorkspaceMountedPath/mounts_under/deps/vendored-extra	0.00
pass	core/schema	TestWorkspaceMountedPath/mounts_under	0.00
pass	core/schema	TestWorkspaceMountedPath/no_mounts	0.00
pass	core/schema	TestWorkspaceMountedPath	0.00
pass	core/schema	TestMatchWorkspaceInclude/empty_include_matches_everything	0.00
pass	core/schema	TestMatchWorkspaceInclude/module-prefixed_pattern_matches	0.00
pass	core/schema	TestMatchWorkspaceInclude/wildcard_module_pattern_matches	0.00
pass	core/schema	TestMatchWorkspaceInclude/other_module_does_not_match	0.00
pass	core/schema	TestMatchWorkspaceInclude	0.00
pass	core/schema	TestWorkspaceConfigWithCompatFallback/no_config_and_no_compat_returns_empty_config	0.00
pass	core/schema	TestWorkspaceConfigWithCompatFallback/compat_workspace_projects_skips_and_port_mappings	0.00
pass	core/schema	TestWorkspaceConfigWithCompatFallback	0.00
pass	core/schema	TestWorkspaceConfigSkipPatterns/missing_config_has_no_skips	0.00
pass	core/schema	TestWorkspaceConfigSkipPatterns/compat_workspace_uses_projected_skips	0.00
pass	core/schema	TestWorkspaceConfigSkipPatterns	0.00
pass	core/schema	TestFilterGeneratorsByInclude/qualified	0.00
pass	core/schema	TestFilterGeneratorsByInclude/entrypoint	0.00
pass	core/schema	TestFilterGeneratorsByInclude/entrypoint_qualified_alias	0.00
pass	core/schema	TestFilterGeneratorsByInclude/single_ordinary_module_requires_prefix	0.00
pass	core/schema	TestFilterGeneratorsByInclude	0.00
pass	core/schema	TestWorkspaceTargetSkipNames/short_skip_only_excludes_entrypoint	0.00
pass	core/schema	TestWorkspaceTargetSkipNames/qualified_skip	0.00
pass	core/schema	TestWorkspaceTargetSkipNames/skip_other_module	0.00
pass	core/schema	TestWorkspaceTargetSkipNames/explicit_wildcard	0.00
pass	core/schema	TestWorkspaceTargetSkipNames/module_settings_use_local_names	0.00
pass	core/schema	TestWorkspaceTargetSkipNames	0.00
pass	core/schema	TestSelectVisibleGeneratorModules/wrapper_hides_raw_blueprint_alias	0.00
pass	core/schema	TestSelectVisibleGeneratorModules/single_raw_module_remains_visible	0.00
pass	core/schema	TestSelectVisibleGeneratorModules/multiple_wrappers_sharing_one_implementation_remain_visible	0.00
pass	core/schema	TestSelectVisibleGeneratorModules	0.00
pass	core/schema	TestResolveWorkspacePath/relative_path_resolves_from_workspace_cwd	0.00
pass	core/schema	TestResolveWorkspacePath/dot_resolves_to_workspace_cwd	0.00
pass	core/schema	TestResolveWorkspacePath/absolute_path_resolves_from_workspace_root	0.00
pass	core/schema	TestResolveWorkspacePath/root_absolute_path_resolves_to_workspace_root	0.00
pass	core/schema	TestResolveWorkspacePath/relative_path_cannot_escape_workspace_root	0.00
pass	core/schema	TestResolveWorkspacePath/windows_separators	0.00
pass	core/schema	TestResolveWorkspacePath	0.00
pass	core/schema	TestWorkspacePathInOrLeadingToCwd	0.00
pass	core/schema	TestWorkspaceAPIPath/boundary_root_is_slash	0.00
pass	core/schema	TestWorkspaceAPIPath/nested_path_is_absolute_from_boundary	0.00
pass	core/schema	TestWorkspaceAPIPath	0.00
pass	core/schema	TestWorkspacePathRelativeToCwd/root_cwd	0.00
pass	core/schema	TestWorkspacePathRelativeToCwd/nested_cwd	0.00
pass	core/schema	TestWorkspacePathRelativeToCwd/selected_workspace_cwd	0.00
pass	core/schema	TestWorkspacePathRelativeToCwd/no_path	0.00
pass	core/schema	TestWorkspacePathRelativeToCwd	0.00
pass	core/schema	TestWorkspaceRootfsRequiresDirectory	0.00
pass	core/schema	TestWorkspaceMigrationWarningsKeepsGapWarningsAggregated	0.00
pass	core/schema	TestWorkspaceMigrationRootPath	0.00
pass	core/schema	TestWorkspaceMigrationParentPlans/plain_module_in_a_subdirectory_gets_no_parent_workspace	0.00
pass	core/schema	TestWorkspaceMigrationParentPlans/plain_root_module_creates_root_parent_with_SDK_module	0.00
pass	core/schema	TestWorkspaceMigrationParentPlans/subdirectory_toolchains_config_installs_SDK_in_the_hoisted_root_plan	0.00
pass	core/schema	TestWorkspaceMigrationParentPlans/project-style_module_at_the_root_is_not_assigned_a_runtime_pin	0.00
pass	core/schema	TestWorkspaceMigrationParentPlans/subdirectory_module_without_toolchains_gets_no_runtime_pin	0.00
pass	core/schema	TestWorkspaceMigrationParentPlans/subdirectory_module-only_migration_leaves_discovered_dependency_SDKs_unrecorded	0.00
pass	core/schema	TestWorkspaceMigrationParentPlans/parent_SDK_module_name_conflicts_get_a_stable_alternate_name	0.00
pass	core/schema	TestWorkspaceMigrationParentPlans/module_repo_runtime_pin_and_discovered_dependency_share_one_SDK_install	0.00
pass	core/schema	TestWorkspaceMigrationParentPlans	0.00
pass	core/schema	TestWorkspaceMigrationModuleConfigConversions	0.00
pass	core/schema	TestWorkspaceMigrationJoinRelPathAndScope/child_from_root	0.00
pass	core/schema	TestWorkspaceMigrationJoinRelPathAndScope/nested_child	0.00
pass	core/schema	TestWorkspaceMigrationJoinRelPathAndScope/sibling_within_project_dir	0.00
pass	core/schema	TestWorkspaceMigrationJoinRelPathAndScope/self	0.00
pass	core/schema	TestWorkspaceMigrationJoinRelPathAndScope/escapes_workspace_root	0.00
pass	core/schema	TestWorkspaceMigrationJoinRelPathAndScope/sibling_outside_project	0.00
pass	core/schema	TestWorkspaceMigrationJoinRelPathAndScope	0.00
pass	core/schema	TestWorkspaceMigrationDiscoveredLocalModuleConversions	0.00
pass	core/schema	TestWorkspaceMigrationLegacyLockProjectRootsIncludesModuleConfigConversions	0.00
pass	core/schema	TestEnvScopedConfigKeyQuotesDynamicSegments	0.00
pass	core/schema	TestPlanWorkspaceEnvInstallConfig/creates_the_env_and_records_the_module_in_its_overlay	0.00
pass	core/schema	TestPlanWorkspaceEnvInstallConfig/reinstall_with_the_same_source_is_a_no-op	0.00
pass	core/schema	TestPlanWorkspaceEnvInstallConfig/conflicting_source_in_the_same_env_is_rejected	0.00
pass	core/schema	TestPlanWorkspaceEnvInstallConfig/base_module_with_another_source_is_overridden,_not_rejected	0.00
pass	core/schema	TestPlanWorkspaceEnvInstallConfig/redundant_overlay_of_a_base_module_carries_the_base_pin	0.00
pass	core/schema	TestPlanWorkspaceEnvInstallConfig/settings-only_overlay_entry_is_upgraded_in_place	0.00
pass	core/schema	TestPlanWorkspaceEnvInstallConfig/SDK_installs_are_rejected_under_an_env_selection	0.00
pass	core/schema	TestPlanWorkspaceEnvInstallConfig/re-sourcing_a_base_SDK_entry_is_rejected	0.00
pass	core/schema	TestPlanWorkspaceEnvInstallConfig	0.00
pass	core/schema	TestEnvScopedConfigKeyMissingEnv	0.00
pass	core/schema	TestWorkspaceSettingConfigKeyQuotesDynamicSegments	0.00
pass	core/schema	TestWorkspaceMigrationRootTargetPathsRejectsDuplicates	0.00
pass	core/schema	TestWorkspaceMigrationHiddenPath	0.00
pass	core/schema	TestWorkspaceMigrationFilterLegacyLockDataRemovesModuleResolve	0.00
pass	core/schema	TestWorkspaceMigrationUniqueSortedPaths	0.00
pass	core/schema	TestWorkspaceMigrationHasExplicitConfigAncestor	0.00
pass	core/schema	TestWorkspaceFilterWithDirectoryArgs	0.00
pass	core/schema	TestWithImageConfigMetadataRejectsInvalidHealthcheckJSON	0.00
pass	core/schema	TestWithImageConfigMetadataMutatesContainerConfig	0.00
pass	core/schema	TestPlanWorkspaceInstallConfigSDKNames	0.00
pass	core/schema	TestValidateSDKModuleGenerationGraph	0.00
pass	core/schema	TestModuleEntrySourceWithPinRelativeToLeavesGitRefsCanonical	0.00
pass	core/schema	TestCloneContainerForSchemaChildDisablesFromContentDigest	0.00
pass	core/schema	TestInstalledSDKSourceRejectsMultipleNamesForProvider	0.00
pass	core/schema	TestWorkspaceSDKEntryPaths	0.00
pass	core/schema	TestInstalledSDKSource	0.00
pass	core/schema	TestSelectSDKModuleClientsSkipsEmptyScopes	0.00
pass	core/schema	TestLoadCurrentModuleSourceConfigPreservesGitDependencySourceAndPin	0.00
pass	core/schema	TestLegacyWorkspaceFieldHandling	0.00
pass	core/schema	TestInitialWorkspaceConfigOmitsCheckGenerated	0.00
pass	core/schema	TestOrderSDKModuleClientSelections	0.00
pass	core/schema	TestSelectSDKModuleClients/cwd_selects_only_the_scopes_containing_it	0.00
pass	core/schema	TestPlanSDKModuleScopes/root_dependency_runs_once_and_first	0.00
pass	core/schema	TestSelectSDKModuleClients/modules_filter_selects_recorded_targets_across_sdks	0.00
pass	core/schema	TestSelectSDKModuleClients/all_selects_every_scope	0.00
pass	core/schema	TestSelectSDKModuleClients/nested_cwd_selects_the_parent_scope_too	0.00
pass	core/schema	TestSelectSDKModuleClients/unknown_target_is_an_error	0.00
pass	core/schema	TestPlanSDKModuleScopes/diamond_visits_the_shared_dependency_once	0.00
pass	core/schema	TestPlanSDKModuleScopes	0.00
pass	core/schema	TestSelectSDKModuleClientsForModuleSources/remote_module	0.00
pass	core/schema	TestSelectSDKModuleClientsForModuleSources/module_without_a_client	0.00
pass	core/schema	TestSelectSDKModuleClientsForModuleSources/local_module	0.00
pass	core/schema	TestSelectSDKModuleClientsForModuleSources	0.00
pass	core/schema	TestEffectiveWorkspaceConfigBytesAppliesUserOverlay/with_user-defined_env	0.00
pass	core/schema	TestResolveLookupFromLock/disabled_without_a_lock	0.00
pass	core/schema	TestResolveLookupFromLock/missing_entry_is_written	0.00
pass	core/schema	TestResolveLookupFromLock/refresh_ignores_existing_pin_without_writing	0.00
pass	core/schema	TestResolveLookupFromLock/existing_pin_entry	0.00
pass	core/schema	TestResolveLookupFromLock	0.00
pass	core/schema	TestWorkspaceSettingHintTypeInfo/primitive	0.00
pass	core/schema	TestWorkspaceLockExcludePattern/exact_workspace_path	0.00
pass	core/schema	TestEffectiveWorkspaceConfigBytesAppliesUserOverlay/without_env	0.00
pass	core/schema	TestWorkspaceLockExcludePattern/different_path	0.00
pass	core/schema	TestWorkspaceLockExcludePattern/rebased_snapshot_root	0.00
pass	core/schema	TestWorkspaceLockExcludePattern/descendant_path	0.00
pass	core/schema	TestWorkspaceLockExcludePattern/ancestor_snapshot	0.00
pass	core/schema	TestWorkspaceLockExcludePattern/no_lockfile_selected	0.00
pass	core/schema	TestWorkspaceLockExcludePattern/different_client	0.00
pass	core/schema	TestWorkspaceLockExcludePattern/remote_workspace	0.00
pass	core/schema	TestResolveWorkspaceClientModuleInput/./sdk.v1/api_from_.	0.00
pass	core/schema	TestEffectiveWorkspaceConfigBytesAppliesUserOverlay/no_overlay_leaves_config_unchanged	0.00
pass	core/schema	TestResolveWorkspaceClientModuleInput/./modules/api_from_.	0.00
pass	core/schema	TestEffectiveWorkspaceConfigBytesAppliesUserOverlay	0.00
pass	core/schema	TestResolveWorkspaceClientModuleInput/./.dagger/modules/api_from_.	0.00
pass	core/schema	TestSelectSDKModuleClients/target_outside_the_selected_scope_is_an_error	0.00
pass	core/schema	TestSelectSDKModuleClients/sdk_filters_by_provider	0.00
pass	core/schema	TestWorkspaceLockExcludePattern	0.00
pass	core/schema	TestSelectSDKModuleClients	0.00
pass	core/schema	TestLookupLockForAPI/older_API_view_disables_locking	0.00
pass	core/schema	TestResolveWorkspaceClientModuleInput/../../modules/api_from_apps/client	0.00
pass	core/schema	TestResolveSDKModuleInit/explicit_name_wins	0.00
pass	core/schema	TestResolveSDKModuleInit/workspace_root_supplies_remote_name	0.00
pass	core/schema	TestResolveSDKModuleInit/active_config_directory_supplies_name	0.00
pass	core/schema	TestResolveSDKModuleInit/workspace_root_supplies_path_without_active_config	0.00
pass	core/schema	TestResolveSDKModuleInit/managed_path_ignores_cwd_below_workspace_root	0.00
pass	core/schema	TestResolveSDKModuleInit/workspace_root_supplies_local_name	0.00
pass	core/schema	TestResolveSDKModuleInit/absolute_workspace_path_supplies_name	0.00
pass	core/schema	TestWorkspaceSettingHintTypeInfo/object_list	0.00
pass	core/schema	TestResolveSDKModuleInit/path_supplies_name	0.00
pass	core/schema	TestWorkspaceSettingHintTypeInfo/primitive_list	0.00
pass	core/schema	TestResolveSDKModuleInit/root_path_uses_local_workspace_name	0.00
pass	core/schema	TestWorkspaceSettingHintTypeInfo/address_backed_object	0.00
pass	core/schema	TestResolveSDKModuleInit/unidentifiable_root_requires_name	0.00
pass	core/schema	TestResolveSDKModuleInit/remote_version_can_contain_slashes	0.00
pass	core/schema	TestWorkspaceSettingHintTypeInfo/workspace_object	0.00
pass	core/schema	TestResolveSDKModuleInit/explicit_name_uses_managed_path_beside_active_config	0.00
pass	core/schema	TestResolveSDKModuleInit	0.00
pass	core/schema	TestLookupLockForAPI/uses_an_in-memory_overlay_lock_without_a_host_binding	0.00
pass	core/schema	TestValidateSDKModuleDestination/absolute_path_is_rejected	0.00
pass	core/schema	TestValidateSDKModuleDestination/escaping_the_workspace_is_rejected	0.00
pass	core/schema	TestWorkspaceSettingHintTypeInfo/volume	0.00
pass	core/schema	TestValidateSDKModuleDestination/empty_declines_and_keeps_the_engine_default	0.00
pass	core/schema	TestWorkspaceSettingHintTypeInfo/non_address_backed_object	0.00
pass	core/schema	TestWorkspaceSettingHintTypeInfo	0.00
pass	core/schema	TestLookupLockForAPI/private_context_disables_locking	0.00
pass	core/schema	TestLookupLockForAPI/current_API_view_uses_available_workspace_lock	0.00
pass	core/schema	TestValidateSDKModuleDestination/windows_separators_are_read_as_paths	0.00
pass	core/schema	TestLookupLockForAPI	0.00
pass	core/schema	TestValidateSDKModuleDestination/workspace_root_is_allowed	0.00
pass	core/schema	TestResolveWorkspaceClientModuleInput/../api_from_apps/client	0.00
pass	core/schema	TestShouldSelectLatestImageRelease/legacy_bare_address	0.00
pass	core/schema	TestShouldSelectLatestImageRelease/explicit_latest	0.00
pass	core/schema	TestValidateSDKModuleDestination/leading_dot_slash_is_cleaned	0.00
pass	core/schema	TestValidateSDKModuleDestination/path_need_not_contain_the_invocation_cwd	0.00
pass	core/schema	TestValidateSDKModuleDestination/relative_path_is_kept	0.00
pass	core/schema	TestValidateSDKModuleDestination	0.00
pass	core/schema	TestShouldSelectLatestImageRelease/new_bare_address	0.00
pass	core/schema	TestResolveWorkspaceClientModuleInput//modules/api_from_apps/client	0.00
pass	core/schema	TestShouldSelectLatestImageRelease/locking_without_latest_release	0.00
pass	core/schema	TestResolveWorkspaceClientModuleInput/._from_apps	0.00
pass	core/schema	TestResolveWorkspaceClientModuleInput/.._from_apps	0.00
pass	core/schema	TestResolveWorkspaceClientModuleInput/github.com/acme/sdk@v1.2.3_from_apps/client	0.00
pass	core/schema	TestResolveWorkspaceClientModuleInput	0.00
pass	core/schema	TestShouldSelectLatestImageRelease	0.00
pass	core/schema	(package)	14.40
pass	core	TestPartTypedPublicationRoles	0.20
pass	core	TestPartPureRoutes/withExec	0.00
pass	core	TestPartPureRoutes/withExec#01	0.00
pass	core	TestPartPureRoutes/from	0.00
pass	core	TestPartPureRoutes/withRootfs	0.00
pass	core	TestPartPureRoutes/withWorkdir	0.00
pass	core	TestPartPureRoutes/withDirectory	0.00
pass	core	TestPartPureRoutes/withMountedFile	0.00
pass	core	TestPartPureRoutes/withSymlink	0.00
pass	core	TestPartPureRoutes	0.00
pass	core	TestPartScopeEmptyBoot/old_schema_false	0.07
pass	core	TestPartScopeEmptyBoot/old_schema_true	0.06
pass	core	TestPartScopeEmptyBoot	0.13
pass	core	TestPartScopeRootRekeyCost/1	0.09
pass	core	TestPartScopeRootRekeyCost/32	0.45
pass	core	TestPartScopeRootRekeyCost	0.55
pass	core	TestPartScopeBootScanFailure	0.02
pass	core	TestPartScopeNestedNullableRepresentation	0.02
pass	core	TestPartWholeLazyOperationMixedRestart	0.31
pass	core	TestPartPendingImageMetadataStaysSelective	0.02
pass	core	TestPartNativePendingContainerRequiresRecipe	0.01
pass	core	TestPersistedActionGroupsShareOwnersThroughRestart/omitting_the_bound_workspace_leaves_the_group_without_one	0.00
pass	core	TestPersistedActionGroupsShareOwnersThroughRestart/omitting_the_defining_module_leaves_no_server_to_select_from	0.00
pass	core	TestPersistedActionGroupsShareOwnersThroughRestart	0.02
pass	core	TestPersistedModuleEnumDecodesThroughDefiningModule	0.01
pass	core	TestPersistedDecodeDefaultDeps/marked_without_a_registered_factory_is_refused	0.00
pass	core	TestPersistedDecodeDefaultDeps/marked_with_the_registered_root_returns_a_fresh_builder	0.00
pass	core	TestPersistedDecodeDefaultDeps/a_decoding_server_with_another_root_is_refused	0.00
pass	core	TestPersistedDecodeDefaultDeps/an_unmarked_context_keeps_the_ordinary_path	0.00
pass	core	TestPersistedDecodeDefaultDeps	0.00
pass	core	TestSnapshotSharePreparationCoreGuards	0.00
pass	core	TestCheckPersistedDecodeDefaults	0.00
pass	core	TestPersistedRemoteGitRepositoryRestoresAuthMirrorAndServices/dropping_mirrorResultID	0.00
pass	core	TestPersistedRemoteGitRepositoryRestoresAuthMirrorAndServices/dropping_sshAuthSocketResultID	0.00
pass	core	TestPersistedRemoteGitRepositoryRestoresAuthMirrorAndServices/dropping_authTokenResultID	0.00
pass	core	TestPersistedRemoteGitRepositoryRestoresAuthMirrorAndServices/dropping_authHeaderResultID	0.00
pass	core	TestPersistedRemoteGitRepositoryRestoresAuthMirrorAndServices/dropping_services	0.00
pass	core	TestPersistedRemoteGitRepositoryRestoresAuthMirrorAndServices	0.01
pass	core	TestPersistedRemoteGitRepositoryUsesFreshSessionResources/an_unbound_handle_fails_at_use	0.00
pass	core	TestPersistedRemoteGitRepositoryUsesFreshSessionResources/a_dropped_credential_changes_the_selection	0.00
pass	core	TestPersistedRemoteGitRepositoryUsesFreshSessionResources	0.03
pass	core	TestPersistedMetadataFamiliesSurviveRestart/first-restart/env-var	0.00
pass	core	TestPersistedMetadataFamiliesSurviveRestart/first-restart/env-var-empty	0.00
pass	core	TestPersistedMetadataFamiliesSurviveRestart/first-restart/port-nil-description	0.00
pass	core	TestPersistedMetadataFamiliesSurviveRestart/first-restart/port-empty-description	0.00
pass	core	TestPersistedMetadataFamiliesSurviveRestart/first-restart/port-described	0.00
pass	core	TestPersistedMetadataFamiliesSurviveRestart/first-restart/sdk-config	0.00
pass	core	TestPersistedMetadataFamiliesSurviveRestart/first-restart/git-bundle-ref	0.00
pass	core	TestPersistedMetadataFamiliesSurviveRestart/first-restart/schema	0.00
pass	core	TestPersistedMetadataFamiliesSurviveRestart/first-restart/current-module	0.00
pass	core	TestPersistedMetadataFamiliesSurviveRestart/first-restart/workspace-migration	0.00
pass	core	TestPersistedMetadataFamiliesSurviveRestart/first-restart/workspace-migration-step	0.00
pass	core	TestPersistedMetadataFamiliesSurviveRestart/first-restart/cloud	0.00
pass	core	TestPersistedMetadataFamiliesSurviveRestart/first-restart/terminal-legacy	0.00
pass	core	TestPersistedMetadataFamiliesSurviveRestart/first-restart/module-config-client	0.00
pass	core	TestPersistedMetadataFamiliesSurviveRestart/after-untouched-save/env-var	0.00
pass	core	TestPersistedMetadataFamiliesSurviveRestart/after-untouched-save/env-var-empty	0.00
pass	core	TestPersistedMetadataFamiliesSurviveRestart/after-untouched-save/port-nil-description	0.00
pass	core	TestPersistedMetadataFamiliesSurviveRestart/after-untouched-save/port-empty-description	0.00
pass	core	TestPersistedMetadataFamiliesSurviveRestart/after-untouched-save/port-described	0.00
pass	core	TestPersistedMetadataFamiliesSurviveRestart/after-untouched-save/sdk-config	0.00
pass	core	TestPersistedMetadataFamiliesSurviveRestart/after-untouched-save/git-bundle-ref	0.00
pass	core	TestPersistedMetadataFamiliesSurviveRestart/after-untouched-save/schema	0.00
pass	core	TestPersistedMetadataFamiliesSurviveRestart/after-untouched-save/current-module	0.00
pass	core	TestPersistedMetadataFamiliesSurviveRestart/after-untouched-save/workspace-migration	0.00
pass	core	TestPersistedMetadataFamiliesSurviveRestart/after-untouched-save/workspace-migration-step	0.00
pass	core	TestPersistedMetadataFamiliesSurviveRestart/after-untouched-save/cloud	0.00
pass	core	TestPersistedMetadataFamiliesSurviveRestart/after-untouched-save/terminal-legacy	0.00
pass	core	TestPersistedMetadataFamiliesSurviveRestart/after-untouched-save/module-config-client	0.00
pass	core	TestPersistedMetadataFamiliesSurviveRestart	0.02
pass	core	TestPersistedMetadataControlsDetectLoss/dropping_a_present_empty_port_description	0.00
pass	core	TestPersistedMetadataControlsDetectLoss/reordering_migration_warnings_and_steps	0.00
pass	core	TestPersistedMetadataControlsDetectLoss/untyped_number_decoding_rounds_the_SDK_config	0.00
pass	core	TestPersistedMetadataControlsDetectLoss/sdk_config_keeps_empty_maps_distinct_from_absent_ones/absent_maps	0.00
pass	core	TestPersistedMetadataControlsDetectLoss/sdk_config_keeps_empty_maps_distinct_from_absent_ones/empty_maps	0.00
pass	core	TestPersistedMetadataControlsDetectLoss/sdk_config_keeps_empty_maps_distinct_from_absent_ones/present_maps	0.00
pass	core	TestPersistedMetadataControlsDetectLoss/sdk_config_keeps_empty_maps_distinct_from_absent_ones	0.00
pass	core	TestPersistedMetadataControlsDetectLoss/current_module_without_its_row_is_absent	0.00
pass	core	TestPersistedMetadataControlsDetectLoss	0.00
pass	core	TestPersistedOptionalVoidSurvivesRestart/a_nil_result_under_a_non-optional_declaration_is_a_present_Void_outside_the_contract	0.00
pass	core	TestPersistedOptionalVoidSurvivesRestart	0.01
pass	core	TestPersistedModuleConfigurationNumbersStayExact/module_SDK_and_workspace_configuration	0.00
pass	core	TestPersistedModuleConfigurationNumbersStayExact/module_source_SDK_configuration	0.00
pass	core	TestPersistedModuleConfigurationNumbersStayExact	0.01
pass	core	TestPersistedCoreLazyPayloadRelocation/an_omitted_mapping_fails_without_partial_writes	0.00
pass	core	TestPersistedCoreLazyPayloadRelocation	0.01
pass	core	TestPersistedModuleObjectPayloadRelocation/an_omitted_mapping_fails_without_partial_writes	0.00
pass	core	TestPersistedModuleObjectPayloadRelocation	0.01
pass	core	TestPersistedActionPayloadRelocationKeepsNodeIndices	0.01
pass	core	TestPersistedCoreStorageRolesAreClassified	0.01
pass	core	TestPersistedRelocatedRowsSurviveWorkerSaveAndReopen	0.04
pass	core	TestPersistedContainerRecipeRelocationUsesRecordedCall/a_pending_recipe_without_its_recorded_call_is_refused	0.00
pass	core	TestPersistedContainerRecipeRelocationUsesRecordedCall/a_recorded_call_naming_no_recipe_is_refused	0.00
pass	core	TestPersistedContainerRecipeRelocationUsesRecordedCall/a_different_recipe's_call_does_not_reach_these_positions	0.00
pass	core	TestPersistedContainerRecipeRelocationUsesRecordedCall	0.01
pass	core	TestSchemaJSONFileSelectorHiddenFieldsAffectCallIdentity	0.00
pass	core	TestModDepsForCallInstalledPreference/import_before_installation/module	0.00
pass	core	TestModDepsForCallInstalledPreference/import_before_installation/receiver	0.00
pass	core	TestModDepsForCallInstalledPreference/import_before_installation/argument	0.00
pass	core	TestModDepsForCallInstalledPreference/import_before_installation/implicit	0.00
pass	core	TestModDepsForCallInstalledPreference/import_before_installation/ancestor	0.00
pass	core	TestModDepsForCallInstalledPreference/import_before_installation	0.03
pass	core	TestModDepsForCallInstalledPreference/import_after_installation/module	0.00
pass	core	TestModDepsForCallInstalledPreference/import_after_installation/receiver	0.00
pass	core	TestModDepsForCallInstalledPreference/import_after_installation/argument	0.00
pass	core	TestModDepsForCallInstalledPreference/import_after_installation/implicit	0.00
pass	core	TestModDepsForCallInstalledPreference/import_after_installation/ancestor	0.00
pass	core	TestModDepsForCallInstalledPreference/import_after_installation	0.02
pass	core	TestModDepsForCallInstalledPreference	0.05
pass	core	TestModDepsForCallInstalledPreferenceTraversal	0.01
pass	core	TestNewSchema/valid	0.00
pass	core	TestNewSchema/malformed_JSON	0.00
pass	core	TestNewSchema/missing___schema	0.00
pass	core	TestNewSchema	0.00
pass	core	TestSchemaMerge	0.00
pass	core	TestSchemaMergeReusesModuleConstructor	0.00
pass	core	TestSchemaMergeIdempotent	0.00
pass	core	TestSchemaMergeConflict	0.00
pass	core	TestSchemaMergeRequiresModuleName	0.00
pass	core	TestSchemaMergeInterfaceAndEnum/interface	0.00
pass	core	TestSchemaMergeInterfaceAndEnum/enum	0.00
pass	core	TestSchemaMergeInterfaceAndEnum	0.00
pass	core	TestSchemaMergeScalar	0.00
pass	core	TestSchemaContentsRoundTrip	0.00
pass	core	TestRunningServiceOriginSpanContextsAreDeterministic	0.00
pass	core	TestServiceBindingExitErrorAddsBindingOriginAlongsideInnerOrigin	0.00
pass	core	TestStartWithKeySuppressesDependencyExitPropagationUntilRelease	0.06
pass	core	TestSecretPlaintextFallsBackToAvailableSessionResourceBinding	0.00
pass	core	TestSocketForwardAgentClientFallsBackToAvailableSessionResourceBinding	0.00
pass	core	TestSnapshotOwnerWaitsForWholeContainer	0.02
pass	core	TestSnapshotOwnerCompletedReaders/Container	0.00
pass	core	TestSnapshotOwnerCompletedReaders/File	0.00
pass	core	TestSnapshotOwnerCompletedReaders	0.00
pass	core	TestSnapshotOwnerWaitsForBody/Container	0.00
pass	core	TestSnapshotOwnerWaitsForBody/File	0.00
pass	core	TestSnapshotOwnerWaitsForBody	0.00
pass	core	TestSnapshotOwnerWaitsForEncoder	0.00
pass	core	TestSnapshotTransferTypedAdoptionAndRestart	0.29
pass	core	TestPersistedObjectListSurvivesRepeatedRestore	0.01
pass	core	TestWorkspaceRestoreOpensNothing	0.01
pass	core	TestModuleObjectListFieldRestore	0.01
pass	core	TestRestoredSnapshotLazyChildrenKeepParentClosed/Directory	0.01
pass	core	TestRestoredSnapshotLazyChildrenKeepParentClosed/File	0.01
pass	core	TestRestoredSnapshotLazyChildrenKeepParentClosed	0.02
pass	core	TestRestoredSnapshotContainerRecipeInput	0.01
pass	core	TestRestoredSnapshotRoundTrip/Directory	0.01
pass	core	TestRestoredSnapshotRoundTrip/Directory/	0.01
pass	core	TestRestoredSnapshotRoundTrip/Directory/nested/name	0.01
pass	core	TestRestoredSnapshotRoundTrip/File	0.01
pass	core	TestRestoredSnapshotRoundTrip/File/	0.01
pass	core	TestRestoredSnapshotRoundTrip/File/nested/name	0.01
pass	core	TestRestoredSnapshotRoundTrip	0.05
pass	core	TestRestoredSnapshotFailureAndConcurrentDemand/Directory	0.00
pass	core	TestRestoredSnapshotFailureAndConcurrentDemand/File	0.00
pass	core	TestRestoredSnapshotFailureAndConcurrentDemand	0.00
pass	core	TestRestoredSnapshotUsageAndRelease/Directory/open=false	0.00
pass	core	TestRestoredSnapshotUsageAndRelease/Directory/open=true	0.00
pass	core	TestRestoredSnapshotUsageAndRelease/File/open=false	0.00
pass	core	TestRestoredSnapshotUsageAndRelease/File/open=true	0.00
pass	core	TestRestoredSnapshotUsageAndRelease	0.00
pass	core	TestRestoredSnapshotReportingAndBookkeepingRetry/Directory	0.00
pass	core	TestRestoredSnapshotReportingAndBookkeepingRetry/File	0.00
pass	core	TestRestoredSnapshotReportingAndBookkeepingRetry	0.00
pass	core	TestRestoredSnapshotPathOrEvalFreshPaths	0.00
pass	core	TestSourceFilePathsMixedStoredAndFresh	0.00
pass	core	TestRestoredSnapshotAttemptLifetime/Directory/release=false	0.00
pass	core	TestRestoredSnapshotAttemptLifetime/Directory/release=true	0.00
pass	core	TestRestoredSnapshotAttemptLifetime/File/release=false	0.00
pass	core	TestRestoredSnapshotAttemptLifetime/File/release=true	0.00
pass	core	TestRestoredSnapshotAttemptLifetime	0.00
pass	core	TestRestoredSnapshotUntouchedEnvelope/Directory	0.01
pass	core	TestRestoredSnapshotUntouchedEnvelope/File	0.01
pass	core	TestRestoredSnapshotUntouchedEnvelope	0.02
pass	core	TestSourceFilePathsPreservesFreshErrors	0.00
pass	core	TestRestoredSnapshotDiagnostics	0.01
pass	core	TestAroundFuncMarksTrivialFieldsInternal	0.00
pass	core	TestParseCallerCalleeRefs	0.00
pass	core	TestAroundFuncMarksIntrospectionRootAsSkipped	0.00
pass	core	TestAroundFuncSkipsIntrospectionDescendantsViaContext	0.00
pass	core	TestIsIntrospectionPreservesClassification/root_currentTypeDefs	0.00
pass	core	TestIsIntrospectionPreservesClassification/root_plain_field	0.00
pass	core	TestIsIntrospectionPreservesClassification/function_builder_field	0.00
pass	core	TestIsIntrospectionPreservesClassification/descendant_of_introspection_root	0.00
pass	core	TestIsIntrospectionPreservesClassification/descendant_of_plain_root	0.00
pass	core	TestIsIntrospectionPreservesClassification	0.00
pass	core	TestRecordStatusDoesNotMarkPendingLazyResultCached	0.00
pass	core	TestTerminalGroupRunRequiresOneTarget/no_target	0.00
pass	core	TestTerminalGroupRunRequiresOneTarget/multiple_targets	0.00
pass	core	TestTerminalGroupRunRequiresOneTarget	0.00
pass	core	TestSupportsTerminal/optional_container	0.00
pass	core	TestSupportsTerminal/other_object	0.00
pass	core	TestSupportsTerminal/non-object	0.00
pass	core	TestSupportsTerminal/container	0.00
pass	core	TestSupportsTerminal/directory	0.00
pass	core	TestSupportsTerminal	0.00
pass	core	TestGuardText/empty_input	0.00
pass	core	TestGuardText/within_both_limits_passes_through_byte-identical	0.00
pass	core	TestGuardText/a_long_line_is_clamped_inline	0.00
pass	core	TestGuardText/the_clamp_cuts_on_a_rune_boundary	0.00
pass	core	TestGuardText/over_budget_drops_the_middle_behind_the_guard's_marker	0.00
pass	core	TestGuardText	0.00
pass	core	TestTraceReportGuardPassesThroughSmallReports	0.00
pass	core	TestTraceReportGuardClampsLongLines	0.00
pass	core	TestTraceReportGuardClampsOnRuneBoundary	0.00
pass	core	TestTraceReportGuardTruncatesMiddle	0.00
pass	core	TestExpandedSpansUnwrapsToFirstRealWork	0.00
pass	core	TestToolCallReportOptsHideTreeButReadTraceKeepsIt	0.00
pass	core	TestTraceReportHidesInternalSpans	0.00
pass	core	TestResolveTraceTargetChecksMostRecentWins	0.00
pass	core	TestResolveTraceTargetTestsMostRecentWins	0.00
pass	core	TestResolveTraceTargetUnknownNames	0.00
pass	core	TestResolveTraceTargetChecksUnderToolBoundary	0.00
pass	core	TestResolveTraceTargetSpanErrors	0.00
pass	core	TestReadTraceRerunSuggestion	0.00
pass	core	TestTypeDefConversions/STRING_KIND.ToInput	0.00
pass	core	TestTypeDefConversions/STRING_KIND.ToTyped	0.00
pass	core	TestTypeDefConversions/STRING_KIND.ToType	0.00
pass	core	TestTypeDefConversions/INTEGER_KIND.ToInput	0.00
pass	core	TestTypeDefConversions/INTEGER_KIND.ToTyped	0.00
pass	core	TestTypeDefConversions/INTEGER_KIND.ToType	0.00
pass	core	TestTypeDefConversions/FLOAT_KIND.ToInput	0.00
pass	core	TestTypeDefConversions/FLOAT_KIND.ToTyped	0.00
pass	core	TestTypeDefConversions/FLOAT_KIND.ToType	0.00
pass	core	TestTypeDefConversions/BOOLEAN_KIND.ToInput	0.00
pass	core	TestTypeDefConversions/BOOLEAN_KIND.ToTyped	0.00
pass	core	TestTypeDefConversions/BOOLEAN_KIND.ToType	0.00
pass	core	TestTypeDefConversions/SCALAR_KIND.ToInput	0.00
pass	core	TestTypeDefConversions/SCALAR_KIND.ToTyped	0.00
pass	core	TestTypeDefConversions/SCALAR_KIND.ToType	0.00
pass	core	TestTypeDefConversions/LIST_KIND.ToInput	0.00
pass	core	TestTypeDefConversions/LIST_KIND.ToTyped	0.00
pass	core	TestTypeDefConversions/LIST_KIND.ToType	0.00
pass	core	TestTypeDefConversions/OBJECT_KIND.ToInput	0.00
pass	core	TestTypeDefConversions/OBJECT_KIND.ToTyped	0.00
pass	core	TestTypeDefConversions/OBJECT_KIND.ToType	0.00
pass	core	TestTypeDefConversions/INTERFACE_KIND.ToInput	0.00
pass	core	TestTypeDefConversions/INTERFACE_KIND.ToTyped	0.00
pass	core	TestTypeDefConversions/INTERFACE_KIND.ToType	0.00
pass	core	TestTypeDefConversions/VOID_KIND.ToInput	0.00
pass	core	TestTypeDefConversions/VOID_KIND.ToTyped	0.00
pass	core	TestTypeDefConversions/VOID_KIND.ToType	0.00
pass	core	TestTypeDefConversions/ENUM_KIND.ToInput	0.00
pass	core	TestTypeDefConversions/ENUM_KIND.ToTyped	0.00
pass	core	TestTypeDefConversions/ENUM_KIND.ToType	0.00
pass	core	TestTypeDefConversions	0.00
pass	core	TestFunctionCallReturnValueStoresDecodedJSON	0.00
pass	core	TestFunctionCallReturnValueAllowsNull	0.00
pass	core	TestFunctionCallReturnIsExactlyOnce	0.00
pass	core	TestFunctionCallReturnRequiresActiveCall	0.00
skip	core	TestValueTransferPartsGitTrees	0.00
pass	core	TestValueTransferPartsSelectedChain	0.24
pass	core	TestValueTransferPartsContainerMount	0.20
pass	core	TestValueTransferForeignFormsImport/File	0.01
pass	core	TestValueTransferForeignFormsImport/Directory	0.01
pass	core	TestValueTransferForeignFormsImport/Container	0.01
pass	core	TestValueTransferForeignFormsImport/HTTPState	0.01
pass	core	TestValueTransferForeignFormsImport/CacheVolume	0.01
pass	core	TestValueTransferForeignFormsImport/ClientFilesyncMirror	0.01
pass	core	TestValueTransferForeignFormsImport/RemoteGitMirror	0.01
pass	core	TestValueTransferForeignFormsImport/ModuleSource	0.01
pass	core	TestValueTransferForeignFormsImport	0.07
pass	core	TestValueTransferPersistenceFinalOfferRestart	0.15
pass	core	TestValueTransferForeignForms/File	0.00
pass	core	TestValueTransferForeignForms/Directory	0.00
pass	core	TestValueTransferForeignForms/HTTPState	0.00
pass	core	TestValueTransferForeignForms/CacheVolume	0.00
pass	core	TestValueTransferForeignForms/ClientFilesyncMirror	0.00
pass	core	TestValueTransferForeignForms/RemoteGitMirror	0.00
pass	core	TestValueTransferForeignForms/ModuleSource	0.00
pass	core	TestValueTransferForeignForms/Container	0.00
pass	core	TestValueTransferForeignForms	0.00
pass	core	TestValueTransferParts	0.00
pass	core	TestLazyOperationTransferState/lazy	0.00
pass	core	TestLazyOperationTransferState/snapshot	0.00
pass	core	TestLazyOperationTransferState	0.00
pass	core	TestRunSSHFSVolumeCleanupLogsError	0.00
pass	core	TestAttributionHeader	0.00
pass	core	TestSelectedSHAEntry/Git	0.00
pass	core	TestRecordCacheEvidenceMappingUncached	0.00
pass	core	TestRecordCacheEvidenceMappingJoinedStampsNoMissFacts	0.00
pass	core	TestRecordCacheEvidenceMappingExecutedMissFacts	0.00
pass	core	TestSelectReleaseTagWithVersionQuery/v1	0.00
pass	core	TestRecordBoundServiceFQDNs/records_the_name_the_running_service_registered_under	0.00
pass	core	TestEnumMemberNameFormatting/ACTIVE	0.00
pass	core	TestNamespaceObjects/namespace	0.00
pass	core	TestSelectLatestGitRefRejectsEquivalentVersions/optional_v_prefix	0.00
pass	core	TestSSHFSSourceForURLRejectsInvalidEndpoint/missing_user	0.00
pass	core	TestUpdateWorkspaceLockIgnoresUnsupportedEntries	0.00
pass	core	TestRecordCacheEvidenceMappingUndecidedStampsNothing	0.00
pass	core	TestUpdateWorkspaceLockEntry	0.00
pass	core	TestModuleObjectEncodeAllowsRawCallIDInPrivateField	0.00
pass	core	TestJSONStringRoundTripPreservesBytes	0.00
pass	core	TestJSONNullRoundTripPreservesNil	0.00
pass	core	TestModuleObjectEncodeRejectsRawCallIDInSemanticField	0.00
pass	core	TestSelectReleaseTagRejectsInvalidVersionQuery	0.00
pass	core	TestSelectLatestReleaseTagReportsOriginalTags	0.00
pass	core	TestSelectLatestReleaseTagIgnoresLowerAmbiguity	0.00
pass	core	TestHostFindUpAllFallsBackToStatFS	0.00
pass	core	TestQueryNewModuleInitializesDeps	0.00
pass	core	TestInitCacheEvidenceGates	0.00
pass	core	TestContainerDelegationOverwritesStalePreCopiedAccessor	0.00
pass	core	TestValidateContainerTagWithVersionQuery	0.00
pass	core	TestContainerRoutingReadsRaceUnrefinedCompletion	0.00
pass	core	TestSelectContainerTagWithVersionQuery	0.00
pass	core	TestDescribeLoadFailure/inlines_the_failing_exec's_stderr	0.00
pass	core	TestContainerDirectEvaluateRunsRefinedGroups	0.00
pass	core	TestHostFindUpAllPrefersExistsFS	0.00
pass	core	TestAgentStopRejectsWaitCycles/self	0.00
pass	core	TestTypeDefWithNameVerbatim	0.00
pass	core	TestModuleObjectPersistedResultRefsRoundTrip	0.00
pass	core	TestGitRepositoryCloneWithBackendResetsRemoteMetadata	0.00
pass	core	TestSelectGitRefWithVersionQueryPrefersTags	0.00
pass	core	TestSelectGitRefWithVersionQueryFallsBackToBranch	0.00
pass	core	TestSelectGitRefWithVersionQuery	0.00
pass	core	TestSelectLatestGitRefAcceptsCalver	0.00
pass	core	TestSelectLatestGitRefPrefersCompleteAliasAtDifferentCommit	0.00
pass	core	TestSelectLatestGitRefAcceptsEquivalentVersionsWithSameSHA	0.00
pass	core	TestModuleObjectAttachDependencyResultsPreservesInlineMap	0.00
pass	core	TestSelectLatestGitRefOnlyPrereleasesFallsBackToHead	0.00
pass	core	TestSelectLatestGitRefAnnotatedTag	0.00
pass	core	TestSelectLatestGitRefFallsBackToHead	0.00
pass	core	TestSelectLatestGitRefWithTagPrefix	0.00
pass	core	TestSelectLatestGitRef	0.00
pass	core	TestModuleLoadFailureRegenerated	0.00
pass	core	TestModuleObjectConvertToSDKInputRewritesStoredResults	0.00
pass	core	TestModuleObjectConvertToSDKInputUsesCurrentFieldID	0.00
pass	core	TestCopyAttemptUnpackNonArchiveSingleFileNoDestDirHintCopiesToExactPath	0.00
pass	core	TestModuleObjectNestedNumbersSurvivePersistenceAndSDKConversion	0.00
pass	core	TestServicesRunningServicesListing	0.00
pass	core	TestParseReleaseTagPreservesPrefixedName	0.00
pass	core	TestRecordCacheEvidenceMappingHit	0.00
pass	core	TestCopyAttemptUnpackNonArchiveSingleFileDestDirHintCreatesDestDir	0.00
pass	core	TestModuleObjectAttachDependencyResultsRewritesHandleVariants	0.00
pass	core	TestModuleObjectAttachHandleErrorsWithoutServer	0.00
pass	core	TestIsKnownDockerfileSyntaxFrontendUnknown	0.00
pass	core	TestIsKnownDockerfileSyntaxFrontend	0.00
pass	core	TestModuleObjectPrivateHandleFieldRetainedAcrossProducerSessionClose	0.00
pass	core	TestModulePersistedTypeDefsRoundTripPreservesNullableValidity	0.00
pass	core	TestParseGitLookupInputsRejectsUnknownOption	0.00
pass	core	TestServicesDetachRace	0.00
pass	core	TestContainerExecMetadataReadRunsNothing	0.00
pass	core	TestValidateGitLatestRefWithTagPrefix	0.00
pass	core	TestModuleObjectAttachHandleWithoutAmbientServer	0.00
pass	core	TestContainerStdoutSkipsReadOnlyMountDelegation	0.00
pass	core	TestContainerDirectorySelectorReturnsRootFSErrorBeforeSelection	0.00
pass	core	TestContainerConcurrentGroupCompletionRetainsLazy	0.00
pass	core	TestContainerDirectorySelectorLeavesSiblingMountsPending	0.00
pass	core	TestContainerCanUseFromContentDigest	0.00
pass	core	TestExecNetModeConflict	0.00
pass	core	TestExecNetModeHost	0.00
pass	core	TestExecNetModeNone	0.00
pass	core	TestContainerMetadataChainLeavesSnapshotGroupsPending	0.00
pass	core	TestExecNetModeDefault	0.00
pass	core	TestContainerFromMetadataDoesNotPullImage	0.00
pass	core	TestContainerExecMetadataKeepsVolatileNamesAndExpandErrors	0.00
pass	core	TestCacheVolumeInitializeSnapshotCreatesMutableSnapshot	0.00
pass	core	TestResolveReply	0.00
pass	core	TestCacheVolumeAttachDependencyResultsAttachesSource	0.00
pass	core	TestHTTPStateUsageSizeUsesPersistedSnapshotID	0.00
pass	core	TestCacheVolumeUsageSizeUsesPersistedSnapshotID	0.00
pass	core	TestCacheVolumeUsageSizeUsesLiveSnapshotID	0.00
pass	core	TestCacheVolumeUsageIdentityUsesLiveSnapshotID	0.00
pass	core	TestCacheVolumeEncodePersistsSourceResultID	0.00
pass	core	TestAgentStopRegistersWaitUntilReturn	0.00
pass	core	TestAgentReseedRejectsPausedDrain	0.00
pass	core	TestContainerExecReadOnlyMountStaysPending	0.00
pass	core	TestDrainWindowProjectsRunning	0.00
pass	core	TestContainerFromSuccessfulFSConsumesFinalDelegations	0.00
pass	core	TestCacheVolumeLockKeyUsesSourceID	0.00
pass	core	TestContainerHasPendingFallbackRacesDirectCompletion	0.00
pass	core	TestContainerRootFSSelectorLeavesMountsPending	0.00
pass	core	TestFuseConfAllowsOther	0.00
pass	core	TestSSHFSCommandArgsWithoutAllowOther	0.00
pass	core	TestSSHFSCommandArgsInsecure	0.00
pass	core	TestContainerRoutingReadsRaceRefinedCompletion	0.00
pass	core	TestContainerExecEvaluatesParentMountsConcurrently	0.00
pass	core	TestProfileSkipIsDebugIndependentPureFunction	0.00
pass	core	TestAgentStopRejectsWaitCycles/cross-agent	0.00
pass	core	TestContainerFinalDelegationSweepDoesNotStartParentWork	0.00
pass	core	TestSSHFSSourceForURL	0.00
pass	core	TestSSHFSServiceHostPort	0.00
pass	core	TestPrepareEngineVolumeSourceSubdirAndSymlinkClamp	0.00
pass	core	TestSSHFSSourceForURLRejectsInvalidEndpoint/missing_host	0.00
pass	core	TestEnumMemberNameFormatting/P256	0.00
pass	core	TestAroundFuncStampsProfileSkipBeforeInheritedSkip	0.00
pass	core	TestAgentStopRejectsWaitCycles	0.00
pass	core	TestContainerWithMountedVolumeAddsVolumeMount	0.00
pass	core	TestSSHFSServiceHostPortRejectsAmbiguousService	0.00
pass	core	TestSSHFSSourceForURLRejectsInvalidEndpoint/missing_path	0.00
pass	core	TestServicesStartSad	0.00
pass	core	TestSSHFSSourceForURLRejectsInvalidEndpoint/leading_dash_host	0.00
pass	core	TestNamespaceObjects/namespace_into_camel_case	0.00
pass	core	TestSSHFSSourceForURLRejectsInvalidEndpoint	0.01
pass	core	TestNamespaceObjects/don't_namespace_when_equal	0.00
pass	core	TestEnumMemberNameFormatting/P_256	0.00
pass	core	TestNamespaceObjects/don't_namespace_when_prefixed	0.00
pass	core	TestNamespaceObjects/still_namespace_when_prefixed_if_not_full	0.00
pass	core	TestNamespaceObjects	0.01
pass	core	TestServicesStartHappy/start_one	0.00
pass	core	TestEnumMemberNameFormatting/X25519	0.00
pass	core	TestEnumMemberNameFormatting/ED25519	0.00
pass	core	TestEnumMemberNameFormatting/fooBar	0.00
pass	core	TestEnumMemberNameFormatting/foo-bar	0.00
pass	core	TestEnumMemberNameFormatting/p256	0.00
pass	core	TestEnumMemberNameFormatting	0.01
pass	core	TestEngineVolumeMountOptionsFollowCapability/writable	0.00
pass	core	TestWorkspaceMigrationRetainsChangesets	0.00
pass	core	TestContainerAttachDependencyResultsKindsOwnsVolumeMount	0.00
pass	core	TestServicesStartHappy/start_another	0.00
pass	core	TestServicesStartHappy	0.00
pass	core	TestContainerPersistedObjectRoundTripsVolumeMount	0.00
pass	core	TestVolumeAttachDependencyResultsAttachesResources	0.00
pass	core	TestEventDelivery	0.00
pass	core	TestValidateEngineVolumeSubdir	0.00
pass	core	TestEngineVolumeHasNoDependencies	0.00
pass	core	TestEngineVolumePersistedObjectRoundTrip	0.00
pass	core	TestRecordBoundServiceFQDNs/skips_a_host_already_equal_to_the_bound_hostname	0.00
pass	core	TestValidateEngineVolumeName	0.00
pass	core	TestRecordBoundServiceFQDNs/tolerates_absent_metadata	0.00
pass	core	TestRecordBoundServiceFQDNs/does_not_write_through_a_map_shared_with_a_shallow_clone	0.00
pass	core	TestEngineVolumeMountOptionsFollowCapability/recursive_readonly	0.00
pass	core	TestSSHFSCommandArgsSecure	0.00
pass	core	TestServicesStartHappyDifferentServers/start_one	0.00
pass	core	TestIntrospectionRootFieldsMatchProfileSkip	0.00
pass	core	TestServicesStartHappyDifferentServers/start_another	0.00
pass	core	TestRecordBoundServiceFQDNs/skips_unstarted_and_missing_entries	0.00
pass	core	TestWorkspaceContextDirPath/relative_path_joins_module_root_subpath_and_anchors_to_root	0.00
pass	core	TestSelectReleaseTagWithVersionQuery/1.2	0.00
pass	core	TestDescribeLoadFailure/leaves_other_errors_alone	0.00
pass	core	TestServicesStartHappyDifferentServers	0.00
pass	core	TestPrepareEngineVolumeSourceRejectsWrongType	0.00
pass	core	TestRenderMessagesForModel	0.00
pass	core	TestSelectReleaseTagWithVersionQuery/v1.2.4-rc	0.00
pass	core	TestWorkspaceContextDirPath/relative_dot_resolves_to_the_module_root_subpath	0.00
pass	core	TestSelectReleaseTagWithVersionQuery/v1.2.4-beta	0.00
pass	core	TestProfileSkipClassifier	0.00
pass	core	TestVolumePersistedObjectRoundTrip	0.00
pass	core	TestModuleObjectAttachDependencyResultsRecurses	0.00
pass	core	TestModuleSourcePersistenceRetainsSelfCallsCapability	0.00
pass	core	TestModuleSourceAttachDependencyResultsRetainsSDKImpl	0.00
pass	core	TestParsedGitRefStringSetVersion	0.00
pass	core	TestDecodePersistedModuleObjectValueResultRefLoadsResult	0.00
pass	core	TestSelectReleaseTagWithVersionQuery/v1.2-beta	0.00
pass	core	TestSelectLatestGitRefRejectsEquivalentVersions/zero-padded_version	0.00
pass	core	TestServiceRetainsOneLaunchingScopeUntilExit	0.00
pass	core	TestPrepareEngineVolumeSourceCreatesAndPreservesDirectories	0.00
pass	core	TestOriginOmittedFromChain	0.00
pass	core	TestPrepareEngineVolumeSourceConcurrentCreation	0.00
pass	core	TestRecordBoundServiceFQDNs/skips_hosts_outside_the_engine's_DNS_domain	0.00
pass	core	TestRecordBoundServiceFQDNs	0.00
pass	core	TestWorkspaceContextDirPath/absolute_path_ignores_the_module_root_subpath	0.00
pass	core	TestSelectedSHAEntry/OCI	0.00
pass	core	TestSelectedSHAEntry	0.00
pass	core	TestAgentWaitGuard	0.00
pass	core	TestWorkspaceContextDirPath/empty_subpath_with_dot_resolves_to_the_workspace_root	0.00
pass	core	TestSelectReleaseTagWithVersionQuery/v1.2.3	0.00
pass	core	TestPreferCanonicalGitReleaseTag/no_build_metadata_before_v_prefix	0.00
pass	core	TestPreferCanonicalGitReleaseTag/v_prefix	0.00
pass	core	TestEngineVolumeMountOptionsFollowCapability/readonly_fallback	0.00
pass	core	TestValidateGitLatestRef/stable_tag	0.00
pass	core	TestUpdateGitLatestLockEntryValidatesInputs/unknown_option	0.00
pass	core	TestValidateGitLatestRef/default_branch	0.00
pass	core	TestValidateGitLatestRef/arbitrary_ref	0.00
pass	core	TestValidateGitLatestRef/calver_tag	0.00
pass	core	TestValidateGitLatestRef/empty_branch	0.00
pass	core	TestValidateGitLatestRef/non-semver_tag	0.00
pass	core	TestValidateGitLatestRef/incomplete_tag	0.00
pass	core	TestSelectLatestContainerTag/stable_release	0.00
pass	core	TestParseOCILatestLockInputs	0.00
pass	core	TestCallerInModuleFunction	0.00
pass	core	TestValidateGitLatestRef/uncanonicalized_head	0.00
pass	core	TestValidateGitLatestRef/stable_tag_without_v	0.00
pass	core	TestUpdateGitLatestLockEntryValidatesInputs/invalid_version_query	0.00
pass	core	TestUpdateGitLatestLockEntryValidatesInputs/extra_input	0.00
pass	core	TestUpdateGitLatestLockEntryValidatesInputs/empty_prefix	0.00
pass	core	TestValidateGitLatestRef/prerelease_tag	0.00
pass	core	TestSelectLatestContainerTag/no_tags	0.00
pass	core	TestSelectLatestContainerTag/only_prereleases	0.00
pass	core	TestSelectLatestGitRefRejectsEquivalentVersions/calver_and_semver	0.00
pass	core	TestDescribeLoadFailure/replaces_the_run-dagger-generate_hint_for_missing_generated_files	0.00
pass	core	TestSelectLatestContainerTag/incomplete_version_remains_eligible	0.00
pass	core	TestSelectLatestContainerTag/optional_v_prefix_beats_incomplete_alias_handling	0.00
pass	core	TestSelectLatestContainerTag/calver_release	0.00
pass	core	TestSelectLatestContainerTag/zero_padding_is_ambiguous	0.00
pass	core	TestSelectLatestContainerTag/most_complete_alias_wins	0.00
pass	core	TestSelectLatestContainerTag/complete_version_wins_over_incomplete_alias	0.00
pass	core	TestParseOCILockInputs/insecure_HTTP	0.00
pass	core	TestSelectLatestContainerTag/zero-padded_trailing_component_is_not_an_incomplete_alias	0.00
pass	core	TestParseOCILockInputs/default_transport	0.00
pass	core	TestPreferCanonicalGitReleaseTag/fewer_leading_zeroes	0.00
pass	core	TestSelectLatestContainerTag/optional_v_prefix_is_ambiguous	0.00
pass	core	TestPreferCanonicalGitReleaseTag/no_padding_before_v_prefix	0.00
pass	core	TestPreferCanonicalGitReleaseTag/precision_before_v_prefix	0.00
pass	core	TestParseOCILockInputs/invalid_ref	0.00
pass	core	TestDescribeLoadFailure/falls_back_to_stdout_when_stderr_is_empty	0.00
pass	core	TestModuleGitDefaultRefSelector/legacy_API_uses_HEAD	0.00
pass	core	TestUpdateGitLatestLockEntryValidatesInputs/invalid_prefix_type	0.00
pass	core	TestUpdateGitLatestLockEntryValidatesInputs/empty_remote	0.00
pass	core	TestUpdateGitLatestLockEntryValidatesInputs/invalid_remote_type	0.00
pass	core	TestPreferCanonicalGitReleaseTag/no_padding_before_precision	0.00
pass	core	TestUpdateGitLatestLockEntryValidatesInputs/missing_inputs	0.00
pass	core	TestParseOCILockInputs/unknown_option	0.00
pass	core	TestParseOCILockInputs/invalid_protocol	0.00
pass	core	TestParsedGitRefStringVersionQuerySemantics/at_selector_uses_semver_query	0.00
pass	core	TestParseOCILockInputs/untagged_ref	0.00
pass	core	TestParsedGitRefStringVersionQuerySemantics/fragment_selector_stays_literal	0.00
pass	core	TestParseOCILockInputs/empty_ref	0.00
pass	core	TestParseOCILockInputs/missing_inputs	0.00
pass	core	TestParseOCILockInputs/plain_HTTP	0.00
pass	core	TestParseOCILockInputs/insecure_HTTPS	0.00
pass	core	TestWorkspaceContextDirPath/empty_subpath_with_relative_path_anchors_to_root	0.00
pass	core	TestModuleGitDefaultRefSelector/current_API_uses_latest	0.00
pass	core	TestSelectReleaseTagWithVersionQuery	0.00
pass	core	TestSelectLatestContainerTag/calver_is_ambiguous_with_normalized_semver	0.00
pass	core	TestValidateContainerLatestTag/stable	0.00
pass	core	TestValidateContainerLatestTag/prerelease	0.00
pass	core	TestValidateContainerLatestTag/latest_fallback	0.00
pass	core	TestAroundFuncCacheEvidenceLifecycle	0.00
pass	core	TestValidateContainerLatestTag/calver	0.00
pass	core	TestModuleFunctionLoadWorkspaceArgRejectsFunctionCallRuntimeCaller	0.00
pass	core	TestEngineVolumeMountOptionsFollowCapability	0.00
pass	core	TestValidateContainerLatestTag/stable_with_v	0.00
pass	core	TestValidateContainerLatestTag/non-semver	0.00
pass	core	TestValidateContainerLatestTag/incomplete	0.00
pass	core	TestCollectedContentCollectUnknownAnyResult	0.00
pass	core	TestValidateGitLatestRef	0.00
pass	core	TestSelectLatestGitRefRejectsEquivalentVersions	0.00
pass	core	TestSelectLatestContainerTag	0.00
pass	core	TestDescribeLoadFailure	0.00
pass	core	TestUpdateGitLatestLockEntryValidatesInputs	0.00
pass	core	TestPreferCanonicalGitReleaseTag	0.00
pass	core	TestParsedGitRefStringVersionQuerySemantics	0.00
pass	core	TestModuleGitDefaultRefSelector	0.00
pass	core	TestWorkspaceContextDirPath/parent_traversal_stays_within_the_workspace_tree	0.00
pass	core	TestWorkspaceContextDirPath/sibling_traversal_stays_within_the_workspace_root	0.00
pass	core	TestWorkspaceContextDirPath/over-escaping_traversal_clamps_to_the_workspace_root	0.00
pass	core	TestWorkspaceContextDirPath/unclean_relative_path_is_normalized	0.00
pass	core	TestWorkspaceContextDirPath	0.00
pass	core	TestValidateContainerLatestTag	0.00
pass	core	TestParseOCILockInputs/too_many_inputs	0.00
pass	core	TestParseOCILockInputs	0.01
pass	core	TestModuleObjectAttachDependencyResultsRetainsSemanticInterfaceHandleField	0.01
pass	core	TestServicesExitedServicesListing	0.02
pass	core	TestCacheVolumeDecodeDistinctPersistedResultsSharingSnapshot	0.02
pass	core	TestServicesStartConcurrentHappy	0.11
pass	core	TestServicesStartConcurrentSad	0.12
pass	core	TestServicesStartConcurrentSadThenHappy	0.12
fail	core	(package)	17.18
