=== RUN   TestAgentClientScopeLifetime
--- PASS: TestAgentClientScopeLifetime (0.00s)
=== RUN   TestAttributionHeader
=== PAUSE TestAttributionHeader
=== RUN   TestRenderMessagesForModel
=== PAUSE TestRenderMessagesForModel
=== RUN   TestOriginOmittedFromChain
=== PAUSE TestOriginOmittedFromChain
=== RUN   TestAgentWaitGuard
=== PAUSE TestAgentWaitGuard
=== RUN   TestResolveReply
=== PAUSE TestResolveReply
=== RUN   TestEventDelivery
=== PAUSE TestEventDelivery
=== RUN   TestDrainWindowProjectsRunning
=== PAUSE TestDrainWindowProjectsRunning
=== RUN   TestEmitUserMessageSpanRecordsOrigin
--- PASS: TestEmitUserMessageSpanRecordsOrigin (0.00s)
=== RUN   TestAgentReseedRejectsPausedDrain
=== PAUSE TestAgentReseedRejectsPausedDrain
=== RUN   TestAgentStopRejectsWaitCycles
=== PAUSE TestAgentStopRejectsWaitCycles
=== RUN   TestAgentStopRegistersWaitUntilReturn
=== PAUSE TestAgentStopRegistersWaitUntilReturn
=== RUN   TestPublishStateEdgeTriggered
--- PASS: TestPublishStateEdgeTriggered (0.00s)
=== RUN   TestPublishStateBeforeStartIsSilent
--- PASS: TestPublishStateBeforeStartIsSilent (0.00s)
=== RUN   TestPublishStateSealedTombstone
--- PASS: TestPublishStateSealedTombstone (0.00s)
=== RUN   TestEmitAgentStateRecordShape
--- PASS: TestEmitAgentStateRecordShape (0.00s)
=== RUN   TestEmitAgentSnapshotRecordShape
--- PASS: TestEmitAgentSnapshotRecordShape (0.00s)
=== RUN   TestEmitAgentFailureMessage
--- PASS: TestEmitAgentFailureMessage (0.00s)
=== RUN   TestStopReasonRidesTerminalRecord
--- PASS: TestStopReasonRidesTerminalRecord (0.00s)
=== RUN   TestKillAllStopsWithSessionReason
--- PASS: TestKillAllStopsWithSessionReason (0.00s)
=== RUN   TestAuditedEagerProducersEvaluate
2026/09/16 09:13:16 INFO start lazy evaluation field=Query._builtinContainer
2026/09/16 09:13:16 INFO end lazy evaluation field=Query._builtinContainer duration=18.110033ms
2026/09/16 09:13:16 INFO start lazy evaluation field=Query._builtinContainer
2026/09/16 09:13:16 INFO end lazy evaluation field=Query._builtinContainer duration=40.44µs err="lookup builtin image manifest sha256:90c48b875b1caba8ee7f40a7cc62d7934555e6366aac5f07e5d542b1d0fc32c9: content sha256:90c48b875b1caba8ee7f40a7cc62d7934555e6366aac5f07e5d542b1d0fc32c9: not found"
=== RUN   TestAuditedEagerProducersEvaluate/empty_patch_without_producer
=== RUN   TestAuditedEagerProducersEvaluate/saved_schema_bytes
2026/09/16 09:13:16 INFO start lazy evaluation field=File.blob
2026/09/16 09:13:16 INFO end lazy evaluation field=File.blob duration=21.359108ms
2026/09/16 09:13:16 INFO discarding dagql cache without persistence hasSQLDB=false hasPersistDB=false
--- PASS: TestAuditedEagerProducersEvaluate (0.22s)
    --- PASS: TestAuditedEagerProducersEvaluate/empty_patch_without_producer (0.08s)
    --- PASS: TestAuditedEagerProducersEvaluate/saved_schema_bytes (0.04s)
=== RUN   TestCacheVolumeUsageIdentityUsesLiveSnapshotID
=== PAUSE TestCacheVolumeUsageIdentityUsesLiveSnapshotID
=== RUN   TestCacheVolumeUsageSizeUsesLiveSnapshotID
=== PAUSE TestCacheVolumeUsageSizeUsesLiveSnapshotID
=== RUN   TestCacheVolumeUsageSizeUsesPersistedSnapshotID
=== PAUSE TestCacheVolumeUsageSizeUsesPersistedSnapshotID
=== RUN   TestHTTPStateUsageSizeUsesPersistedSnapshotID
=== PAUSE TestHTTPStateUsageSizeUsesPersistedSnapshotID
=== RUN   TestCacheVolumeEncodePersistsSourceResultID
=== PAUSE TestCacheVolumeEncodePersistsSourceResultID
=== RUN   TestCacheVolumeAttachDependencyResultsAttachesSource
=== PAUSE TestCacheVolumeAttachDependencyResultsAttachesSource
=== RUN   TestCacheVolumeLockKeyUsesSourceID
=== PAUSE TestCacheVolumeLockKeyUsesSourceID
=== RUN   TestCacheVolumeInitializeSnapshotCreatesMutableSnapshot
=== PAUSE TestCacheVolumeInitializeSnapshotCreatesMutableSnapshot
=== RUN   TestCacheVolumeDecodeDistinctPersistedResultsSharingSnapshot
=== PAUSE TestCacheVolumeDecodeDistinctPersistedResultsSharingSnapshot
=== RUN   TestChangesetDeltaMatchesGit
=== RUN   TestChangesetDeltaMatchesGit/add_modify_remove
=== RUN   TestChangesetDeltaMatchesGit/pure_rename
=== RUN   TestChangesetDeltaMatchesGit/nested_removed_dir
=== RUN   TestChangesetDeltaMatchesGit/added_dir_tree
=== RUN   TestChangesetDeltaMatchesGit/empty_before
=== RUN   TestChangesetDeltaMatchesGit/mtime-only_change_is_not_modified
=== RUN   TestChangesetDeltaMatchesGit/same_size_same_mtime_different_content
=== RUN   TestChangesetDeltaMatchesGit/exec_bit_change
=== RUN   TestChangesetDeltaMatchesGit/symlink_target_change
=== RUN   TestChangesetDeltaMatchesGit/file_replaced_by_dir
=== RUN   TestChangesetDeltaMatchesGit/dir_replaced_by_file
=== RUN   TestChangesetDeltaMatchesGit/binary_files
=== RUN   TestChangesetDeltaMatchesGit/identical_trees
=== RUN   TestChangesetDeltaMatchesGit/added_empty_dir_only
=== RUN   TestChangesetDeltaMatchesGit/rename_with_modification_stays_paired_like_git
--- PASS: TestChangesetDeltaMatchesGit (0.16s)
    --- PASS: TestChangesetDeltaMatchesGit/add_modify_remove (0.02s)
    --- PASS: TestChangesetDeltaMatchesGit/pure_rename (0.02s)
    --- PASS: TestChangesetDeltaMatchesGit/nested_removed_dir (0.01s)
    --- PASS: TestChangesetDeltaMatchesGit/added_dir_tree (0.01s)
    --- PASS: TestChangesetDeltaMatchesGit/empty_before (0.01s)
    --- PASS: TestChangesetDeltaMatchesGit/mtime-only_change_is_not_modified (0.00s)
    --- PASS: TestChangesetDeltaMatchesGit/same_size_same_mtime_different_content (0.01s)
    --- PASS: TestChangesetDeltaMatchesGit/exec_bit_change (0.01s)
    --- PASS: TestChangesetDeltaMatchesGit/symlink_target_change (0.01s)
    --- PASS: TestChangesetDeltaMatchesGit/file_replaced_by_dir (0.01s)
    --- PASS: TestChangesetDeltaMatchesGit/dir_replaced_by_file (0.01s)
    --- PASS: TestChangesetDeltaMatchesGit/binary_files (0.02s)
    --- PASS: TestChangesetDeltaMatchesGit/identical_trees (0.00s)
    --- PASS: TestChangesetDeltaMatchesGit/added_empty_dir_only (0.00s)
    --- PASS: TestChangesetDeltaMatchesGit/rename_with_modification_stays_paired_like_git (0.02s)
=== RUN   TestParseGitOutput
=== RUN   TestParseGitOutput/empty
=== RUN   TestParseGitOutput/all_change_types
=== RUN   TestParseGitOutput/rename
=== RUN   TestParseGitOutput/copy
--- PASS: TestParseGitOutput (0.00s)
    --- PASS: TestParseGitOutput/empty (0.00s)
    --- PASS: TestParseGitOutput/all_change_types (0.00s)
    --- PASS: TestParseGitOutput/rename (0.00s)
    --- PASS: TestParseGitOutput/copy (0.00s)
=== RUN   TestParseGitNumStatOutput
=== RUN   TestParseGitNumStatOutput/normal_files
=== RUN   TestParseGitNumStatOutput/renames
--- PASS: TestParseGitNumStatOutput (0.00s)
    --- PASS: TestParseGitNumStatOutput/normal_files (0.00s)
    --- PASS: TestParseGitNumStatOutput/renames (0.00s)
=== RUN   TestRelativeDiffPath
--- PASS: TestRelativeDiffPath (0.00s)
=== RUN   TestListSubdirectories
--- PASS: TestListSubdirectories (0.00s)
=== RUN   TestDiffStringSlices
=== RUN   TestDiffStringSlices/no_changes
=== RUN   TestDiffStringSlices/mixed
--- PASS: TestDiffStringSlices (0.00s)
    --- PASS: TestDiffStringSlices/no_changes (0.00s)
    --- PASS: TestDiffStringSlices/mixed (0.00s)
=== RUN   TestCollapseChildPaths
=== RUN   TestCollapseChildPaths/empty
=== RUN   TestCollapseChildPaths/directory_hides_children
=== RUN   TestCollapseChildPaths/siblings_preserved
--- PASS: TestCollapseChildPaths (0.00s)
    --- PASS: TestCollapseChildPaths/empty (0.00s)
    --- PASS: TestCollapseChildPaths/directory_hides_children (0.00s)
    --- PASS: TestCollapseChildPaths/siblings_preserved (0.00s)
=== RUN   TestCompareDirectories_Integration
--- PASS: TestCompareDirectories_Integration (0.01s)
=== RUN   TestCompareDirectories_OldDirIsBrokenWorktree
--- PASS: TestCompareDirectories_OldDirIsBrokenWorktree (0.01s)
=== RUN   TestCompareDirectoriesNumStat_Integration
--- PASS: TestCompareDirectoriesNumStat_Integration (0.01s)
=== RUN   TestFixDiffGitHeader
=== RUN   TestFixDiffGitHeader/added_file_(both_sides_b/)
=== RUN   TestFixDiffGitHeader/deleted_file_(both_sides_a/)
=== RUN   TestFixDiffGitHeader/modified_file_is_left_alone
=== RUN   TestFixDiffGitHeader/nested_path
=== RUN   TestFixDiffGitHeader/path_containing_spaces
=== RUN   TestFixDiffGitHeader/quoted_path
=== RUN   TestFixDiffGitHeader/rename_header_keeps_distinct_paths
=== RUN   TestFixDiffGitHeader/non-header_line_untouched
=== RUN   TestFixDiffGitHeader/unparseable_header_untouched
--- PASS: TestFixDiffGitHeader (0.00s)
    --- PASS: TestFixDiffGitHeader/added_file_(both_sides_b/) (0.00s)
    --- PASS: TestFixDiffGitHeader/deleted_file_(both_sides_a/) (0.00s)
    --- PASS: TestFixDiffGitHeader/modified_file_is_left_alone (0.00s)
    --- PASS: TestFixDiffGitHeader/nested_path (0.00s)
    --- PASS: TestFixDiffGitHeader/path_containing_spaces (0.00s)
    --- PASS: TestFixDiffGitHeader/quoted_path (0.00s)
    --- PASS: TestFixDiffGitHeader/rename_header_keeps_distinct_paths (0.00s)
    --- PASS: TestFixDiffGitHeader/non-header_line_untouched (0.00s)
    --- PASS: TestFixDiffGitHeader/unparseable_header_untouched (0.00s)
=== RUN   TestDiffGitHeaderRewriter
--- PASS: TestDiffGitHeaderRewriter (0.00s)
=== RUN   TestWriteGitDiffPatch_Integration
--- PASS: TestWriteGitDiffPatch_Integration (0.03s)
=== RUN   TestPathSets
--- PASS: TestPathSets (0.00s)
=== RUN   TestChangesetConflicts
=== RUN   TestChangesetConflicts/no_conflicts
=== RUN   TestChangesetConflicts/empty_addition
=== RUN   TestChangesetConflicts/added_path
=== RUN   TestChangesetConflicts/modified
=== RUN   TestChangesetConflicts/modified_and_deleted
=== RUN   TestChangesetConflicts/deleted_and_modified
=== RUN   TestChangesetConflicts/removed_twice
--- PASS: TestChangesetConflicts (0.00s)
    --- PASS: TestChangesetConflicts/no_conflicts (0.00s)
    --- PASS: TestChangesetConflicts/empty_addition (0.00s)
    --- PASS: TestChangesetConflicts/added_path (0.00s)
    --- PASS: TestChangesetConflicts/modified (0.00s)
    --- PASS: TestChangesetConflicts/modified_and_deleted (0.00s)
    --- PASS: TestChangesetConflicts/deleted_and_modified (0.00s)
    --- PASS: TestChangesetConflicts/removed_twice (0.00s)
=== RUN   TestRecordCompletedProducer
=== RUN   TestRecordCompletedProducer/Directory
=== RUN   TestRecordCompletedProducer/Directory/#00
=== RUN   TestRecordCompletedProducer/Directory/nil_value
=== RUN   TestRecordCompletedProducer/Directory/nil_producer
=== RUN   TestRecordCompletedProducer/Directory/typed_nil_producer
=== RUN   TestRecordCompletedProducer/Directory/pending
=== RUN   TestRecordCompletedProducer/Directory/recorded
=== RUN   TestRecordCompletedProducer/Directory/kind
=== RUN   TestRecordCompletedProducer/Directory/json
=== RUN   TestRecordCompletedProducer/Directory/path_accessor
=== RUN   TestRecordCompletedProducer/Directory/snapshot_accessor
=== RUN   TestRecordCompletedProducer/Directory/path
=== RUN   TestRecordCompletedProducer/Directory/snapshot
=== RUN   TestRecordCompletedProducer/Directory/nil_snapshot
=== RUN   TestRecordCompletedProducer/Directory/restore
=== RUN   TestRecordCompletedProducer/File
=== RUN   TestRecordCompletedProducer/File/#00
=== RUN   TestRecordCompletedProducer/File/nil_value
=== RUN   TestRecordCompletedProducer/File/nil_producer
=== RUN   TestRecordCompletedProducer/File/typed_nil_producer
=== RUN   TestRecordCompletedProducer/File/pending
=== RUN   TestRecordCompletedProducer/File/recorded
=== RUN   TestRecordCompletedProducer/File/kind
=== RUN   TestRecordCompletedProducer/File/json
=== RUN   TestRecordCompletedProducer/File/path_accessor
=== RUN   TestRecordCompletedProducer/File/snapshot_accessor
=== RUN   TestRecordCompletedProducer/File/path
=== RUN   TestRecordCompletedProducer/File/snapshot
=== RUN   TestRecordCompletedProducer/File/nil_snapshot
=== RUN   TestRecordCompletedProducer/File/restore
=== RUN   TestRecordCompletedProducer/existing_completed_kinds_attach
2026/09/16 09:13:17 INFO discarding dagql cache without persistence hasSQLDB=true hasPersistDB=true
--- PASS: TestRecordCompletedProducer (0.15s)
    --- PASS: TestRecordCompletedProducer/Directory (0.00s)
        --- PASS: TestRecordCompletedProducer/Directory/#00 (0.00s)
        --- PASS: TestRecordCompletedProducer/Directory/nil_value (0.00s)
        --- PASS: TestRecordCompletedProducer/Directory/nil_producer (0.00s)
        --- PASS: TestRecordCompletedProducer/Directory/typed_nil_producer (0.00s)
        --- PASS: TestRecordCompletedProducer/Directory/pending (0.00s)
        --- PASS: TestRecordCompletedProducer/Directory/recorded (0.00s)
        --- PASS: TestRecordCompletedProducer/Directory/kind (0.00s)
        --- PASS: TestRecordCompletedProducer/Directory/json (0.00s)
        --- PASS: TestRecordCompletedProducer/Directory/path_accessor (0.00s)
        --- PASS: TestRecordCompletedProducer/Directory/snapshot_accessor (0.00s)
        --- PASS: TestRecordCompletedProducer/Directory/path (0.00s)
        --- PASS: TestRecordCompletedProducer/Directory/snapshot (0.00s)
        --- PASS: TestRecordCompletedProducer/Directory/nil_snapshot (0.00s)
        --- PASS: TestRecordCompletedProducer/Directory/restore (0.00s)
    --- PASS: TestRecordCompletedProducer/File (0.00s)
        --- PASS: TestRecordCompletedProducer/File/#00 (0.00s)
        --- PASS: TestRecordCompletedProducer/File/nil_value (0.00s)
        --- PASS: TestRecordCompletedProducer/File/nil_producer (0.00s)
        --- PASS: TestRecordCompletedProducer/File/typed_nil_producer (0.00s)
        --- PASS: TestRecordCompletedProducer/File/pending (0.00s)
        --- PASS: TestRecordCompletedProducer/File/recorded (0.00s)
        --- PASS: TestRecordCompletedProducer/File/kind (0.00s)
        --- PASS: TestRecordCompletedProducer/File/json (0.00s)
        --- PASS: TestRecordCompletedProducer/File/path_accessor (0.00s)
        --- PASS: TestRecordCompletedProducer/File/snapshot_accessor (0.00s)
        --- PASS: TestRecordCompletedProducer/File/path (0.00s)
        --- PASS: TestRecordCompletedProducer/File/snapshot (0.00s)
        --- PASS: TestRecordCompletedProducer/File/nil_snapshot (0.00s)
        --- PASS: TestRecordCompletedProducer/File/restore (0.00s)
    --- PASS: TestRecordCompletedProducer/existing_completed_kinds_attach (0.15s)
=== RUN   TestCompletedProducerAttachmentBeforePublication
2026/09/16 09:13:17 INFO start lazy evaluation field=Directory.directory
2026/09/16 09:13:17 INFO end lazy evaluation field=Directory.directory duration=34.74µs
2026/09/16 09:13:17 INFO start lazy evaluation field=File.file
2026/09/16 09:13:17 INFO end lazy evaluation field=File.file duration=7.72µs
2026/09/16 09:13:17 INFO discarding dagql cache without persistence hasSQLDB=true hasPersistDB=true
--- PASS: TestCompletedProducerAttachmentBeforePublication (0.00s)
=== RUN   TestMoveProducedOutputs
--- PASS: TestMoveProducedOutputs (0.00s)
=== RUN   TestCapturePersistedContainerDirectEvaluation
=== RUN   TestCapturePersistedContainerDirectEvaluation/metadata
2026/09/16 09:13:17 INFO start lazy group evaluation field=capture-test group=metadata
2026/09/16 09:13:17 INFO end lazy group evaluation field=capture-test group=metadata duration=33.4µs
2026/09/16 09:13:17 INFO discarding dagql cache without persistence hasSQLDB=false hasPersistDB=false
=== RUN   TestCapturePersistedContainerDirectEvaluation/snapshot
2026/09/16 09:13:17 INFO start lazy group evaluation field=capture-test group=metadata
2026/09/16 09:13:17 INFO end lazy group evaluation field=capture-test group=metadata duration=7.56µs
2026/09/16 09:13:17 INFO start lazy group evaluation field=capture-test group=fs
2026/09/16 09:13:17 INFO start lazy group evaluation field=capture-test group=execMeta
2026/09/16 09:13:17 INFO end lazy group evaluation field=capture-test group=execMeta duration=1.53µs
2026/09/16 09:13:17 INFO end lazy group evaluation field=capture-test group=fs duration=15.04µs
2026/09/16 09:13:17 INFO discarding dagql cache without persistence hasSQLDB=false hasPersistDB=false
=== RUN   TestCapturePersistedContainerDirectEvaluation/whole
2026/09/16 09:13:17 INFO start lazy group evaluation field=capture-test group=metadata
2026/09/16 09:13:17 INFO end lazy group evaluation field=capture-test group=metadata duration=14.9µs
2026/09/16 09:13:17 INFO start lazy group evaluation field=capture-test group=fs
2026/09/16 09:13:17 INFO end lazy group evaluation field=capture-test group=fs duration=1.45µs
2026/09/16 09:13:17 INFO start lazy group evaluation field=capture-test group=execMeta
2026/09/16 09:13:17 INFO end lazy group evaluation field=capture-test group=execMeta duration=1.29µs
2026/09/16 09:13:17 INFO discarding dagql cache without persistence hasSQLDB=false hasPersistDB=false
--- PASS: TestCapturePersistedContainerDirectEvaluation (0.00s)
    --- PASS: TestCapturePersistedContainerDirectEvaluation/metadata (0.00s)
    --- PASS: TestCapturePersistedContainerDirectEvaluation/snapshot (0.00s)
    --- PASS: TestCapturePersistedContainerDirectEvaluation/whole (0.00s)
=== RUN   TestCapturePersistedContainerExcludesNewDirectGroups
2026/09/16 09:13:17 INFO start lazy group evaluation field=capture-test group=metadata
2026/09/16 09:13:17 INFO end lazy group evaluation field=capture-test group=metadata duration=9.59µs
2026/09/16 09:13:17 INFO discarding dagql cache without persistence hasSQLDB=false hasPersistDB=false
--- PASS: TestCapturePersistedContainerExcludesNewDirectGroups (0.00s)
=== RUN   TestCapturePersistedContainerUnrefinedBody
=== RUN   TestCapturePersistedContainerUnrefinedBody/active
2026/09/16 09:13:17 INFO start lazy evaluation field=capture-whole-test
2026/09/16 09:13:17 INFO end lazy evaluation field=capture-whole-test duration=69.3µs
2026/09/16 09:13:17 INFO discarding dagql cache without persistence hasSQLDB=false hasPersistDB=false
=== RUN   TestCapturePersistedContainerUnrefinedBody/consumed-before-return
2026/09/16 09:13:17 INFO start lazy evaluation field=capture-whole-test
2026/09/16 09:13:17 INFO end lazy evaluation field=capture-whole-test duration=42.59µs
2026/09/16 09:13:17 INFO discarding dagql cache without persistence hasSQLDB=false hasPersistDB=false
--- PASS: TestCapturePersistedContainerUnrefinedBody (0.00s)
    --- PASS: TestCapturePersistedContainerUnrefinedBody/active (0.00s)
    --- PASS: TestCapturePersistedContainerUnrefinedBody/consumed-before-return (0.00s)
=== RUN   TestCapturePersistedContainerReleasesLocksOnCodecError
2026/09/16 09:13:17 INFO start lazy group evaluation field=capture-test group=metadata
2026/09/16 09:13:17 INFO end lazy group evaluation field=capture-test group=metadata duration=7.49µs
2026/09/16 09:13:17 INFO start lazy group evaluation field=capture-test group=fs
2026/09/16 09:13:17 INFO end lazy group evaluation field=capture-test group=fs duration=3.41µs
2026/09/16 09:13:17 INFO start lazy group evaluation field=capture-test group=execMeta
2026/09/16 09:13:17 INFO end lazy group evaluation field=capture-test group=execMeta duration=1.2µs
2026/09/16 09:13:17 INFO discarding dagql cache without persistence hasSQLDB=false hasPersistDB=false
--- PASS: TestCapturePersistedContainerReleasesLocksOnCodecError (0.00s)
=== RUN   TestContainerExecSuccessConsumesFinalReadOnlyMount
2026/09/16 09:13:17 INFO start lazy group evaluation field=Container.withExec group=metadata
2026/09/16 09:13:17 INFO start lazy group evaluation field=test.base group=metadata
2026/09/16 09:13:17 INFO end lazy group evaluation field=test.base group=metadata duration=4.62µs
2026/09/16 09:13:17 INFO end lazy group evaluation field=Container.withExec group=metadata duration=33.17µs
2026/09/16 09:13:17 INFO start lazy group evaluation field=test.containerExec group=execOutputs
2026/09/16 09:13:17 INFO start lazy group evaluation field=test.base group=mount:/ro
2026/09/16 09:13:17 INFO end lazy group evaluation field=test.base group=mount:/ro duration=8.22µs
2026/09/16 09:13:17 INFO start lazy group evaluation field=test.base group=fs
2026/09/16 09:13:17 INFO end lazy group evaluation field=test.base group=fs duration=23.27µs
2026/09/16 09:13:17 INFO end lazy group evaluation field=test.containerExec group=execOutputs duration=99.18µs
2026/09/16 09:13:17 INFO start lazy group evaluation field=Container.withExec group=mount:/ro
2026/09/16 09:13:17 INFO end lazy group evaluation field=Container.withExec group=mount:/ro duration=12.11µs
2026/09/16 09:13:17 INFO discarding dagql cache without persistence hasSQLDB=false hasPersistDB=false
--- PASS: TestContainerExecSuccessConsumesFinalReadOnlyMount (0.00s)
=== RUN   TestContainerExecMetadataReadRunsNothing
=== PAUSE TestContainerExecMetadataReadRunsNothing
=== RUN   TestContainerExecReadOnlyMountStaysPending
=== PAUSE TestContainerExecReadOnlyMountStaysPending
=== RUN   TestContainerExecEvaluatesParentMountsConcurrently
=== PAUSE TestContainerExecEvaluatesParentMountsConcurrently
=== RUN   TestContainerExecMetadataKeepsVolatileNamesAndExpandErrors
=== PAUSE TestContainerExecMetadataKeepsVolatileNamesAndExpandErrors
=== RUN   TestContainerExecPersistsInputMetadata
=== RUN   TestContainerExecPersistsInputMetadata/nil
2026/09/16 09:13:17 INFO discarding dagql cache without persistence hasSQLDB=true hasPersistDB=true
=== RUN   TestContainerExecPersistsInputMetadata/supplied
2026/09/16 09:13:17 INFO discarding dagql cache without persistence hasSQLDB=true hasPersistDB=true
--- PASS: TestContainerExecPersistsInputMetadata (0.02s)
    --- PASS: TestContainerExecPersistsInputMetadata/nil (0.01s)
    --- PASS: TestContainerExecPersistsInputMetadata/supplied (0.01s)
=== RUN   TestExecNetModeDefault
=== PAUSE TestExecNetModeDefault
=== RUN   TestExecNetModeNone
=== PAUSE TestExecNetModeNone
=== RUN   TestExecNetModeHost
=== PAUSE TestExecNetModeHost
=== RUN   TestExecNetModeConflict
=== PAUSE TestExecNetModeConflict
=== RUN   TestContainerCanUseFromContentDigest
=== PAUSE TestContainerCanUseFromContentDigest
=== RUN   TestContainerFromSuccessfulFSConsumesFinalDelegations
=== PAUSE TestContainerFromSuccessfulFSConsumesFinalDelegations
=== RUN   TestContainerFromMetadataDoesNotPullImage
=== PAUSE TestContainerFromMetadataDoesNotPullImage
=== RUN   TestContainerFromDelegatesSnapshotParts
2026/09/16 09:13:17 INFO start lazy group evaluation field=Container.from group=metadata
2026/09/16 09:13:17 INFO start lazy group evaluation field=test.base group=metadata
2026/09/16 09:13:17 INFO end lazy group evaluation field=test.base group=metadata duration=17.11µs
2026/09/16 09:13:17 INFO end lazy group evaluation field=Container.from group=metadata duration=77.16µs
2026/09/16 09:13:17 INFO start lazy group evaluation field=Container.from group=execMeta
2026/09/16 09:13:17 INFO start lazy group evaluation field=test.base group=execMeta
2026/09/16 09:13:17 INFO end lazy group evaluation field=test.base group=execMeta duration=13.78µs
2026/09/16 09:13:17 INFO end lazy group evaluation field=Container.from group=execMeta duration=59.8µs
2026/09/16 09:13:17 INFO start lazy group evaluation field=Container.from group=mount:/parent-mount
2026/09/16 09:13:17 INFO start lazy group evaluation field=test.base group=mount:/parent-mount
2026/09/16 09:13:17 INFO end lazy group evaluation field=test.base group=mount:/parent-mount duration=16.31µs
2026/09/16 09:13:17 INFO end lazy group evaluation field=Container.from group=mount:/parent-mount duration=51.45µs
2026/09/16 09:13:17 INFO discarding dagql cache without persistence hasSQLDB=false hasPersistDB=false
--- PASS: TestContainerFromDelegatesSnapshotParts (0.00s)
=== RUN   TestSelectLatestContainerTag
=== PAUSE TestSelectLatestContainerTag
=== RUN   TestValidateContainerLatestTag
=== PAUSE TestValidateContainerLatestTag
=== RUN   TestSelectContainerTagWithVersionQuery
=== PAUSE TestSelectContainerTagWithVersionQuery
=== RUN   TestValidateContainerTagWithVersionQuery
=== PAUSE TestValidateContainerTagWithVersionQuery
=== RUN   TestContainerFinalDelegationSweepDoesNotStartParentWork
=== PAUSE TestContainerFinalDelegationSweepDoesNotStartParentWork
=== RUN   TestContainerMetadataOnlyMountMutationParts
=== RUN   TestContainerMetadataOnlyMountMutationParts/mounted_cache
=== PAUSE TestContainerMetadataOnlyMountMutationParts/mounted_cache
=== RUN   TestContainerMetadataOnlyMountMutationParts/mounted_temp
=== PAUSE TestContainerMetadataOnlyMountMutationParts/mounted_temp
=== RUN   TestContainerMetadataOnlyMountMutationParts/mounted_volume
=== PAUSE TestContainerMetadataOnlyMountMutationParts/mounted_volume
=== RUN   TestContainerMetadataOnlyMountMutationParts/mounted_secret
=== PAUSE TestContainerMetadataOnlyMountMutationParts/mounted_secret
=== RUN   TestContainerMetadataOnlyMountMutationParts/mounted_cache_shadows_snapshot_mount
=== PAUSE TestContainerMetadataOnlyMountMutationParts/mounted_cache_shadows_snapshot_mount
=== RUN   TestContainerMetadataOnlyMountMutationParts/without_mount
=== PAUSE TestContainerMetadataOnlyMountMutationParts/without_mount
=== RUN   TestContainerMetadataOnlyMountMutationParts/with_unix_socket
=== PAUSE TestContainerMetadataOnlyMountMutationParts/with_unix_socket
=== RUN   TestContainerMetadataOnlyMountMutationParts/without_unix_socket
=== PAUSE TestContainerMetadataOnlyMountMutationParts/without_unix_socket
=== CONT  TestContainerMetadataOnlyMountMutationParts/mounted_cache
2026/09/16 09:13:17 INFO start lazy group evaluation field=Container.withMountedCache group=metadata
2026/09/16 09:13:17 INFO start lazy group evaluation field=test.base group=metadata
2026/09/16 09:13:17 INFO end lazy group evaluation field=test.base group=metadata duration=10.55µs
2026/09/16 09:13:17 INFO end lazy group evaluation field=Container.withMountedCache group=metadata duration=60.47µs
2026/09/16 09:13:17 INFO discarding dagql cache without persistence hasSQLDB=false hasPersistDB=false
=== CONT  TestContainerMetadataOnlyMountMutationParts/without_unix_socket
2026/09/16 09:13:17 INFO start lazy group evaluation field=Container.withoutUnixSocket group=metadata
2026/09/16 09:13:17 INFO start lazy group evaluation field=test.base group=metadata
2026/09/16 09:13:17 INFO end lazy group evaluation field=test.base group=metadata duration=13.4µs
2026/09/16 09:13:17 INFO end lazy group evaluation field=Container.withoutUnixSocket group=metadata duration=69.84µs
2026/09/16 09:13:17 INFO discarding dagql cache without persistence hasSQLDB=false hasPersistDB=false
=== CONT  TestContainerMetadataOnlyMountMutationParts/with_unix_socket
=== CONT  TestContainerMetadataOnlyMountMutationParts/mounted_secret
=== CONT  TestContainerMetadataOnlyMountMutationParts/mounted_volume
=== CONT  TestContainerMetadataOnlyMountMutationParts/mounted_temp
=== CONT  TestContainerMetadataOnlyMountMutationParts/without_mount
=== CONT  TestContainerMetadataOnlyMountMutationParts/mounted_cache_shadows_snapshot_mount
2026/09/16 09:13:17 INFO start lazy group evaluation field=Container.withMountedSecret group=metadata
2026/09/16 09:13:17 INFO start lazy group evaluation field=Container.withUnixSocket group=metadata
2026/09/16 09:13:17 INFO start lazy group evaluation field=test.base group=metadata
2026/09/16 09:13:17 INFO end lazy group evaluation field=test.base group=metadata duration=14.96µs
2026/09/16 09:13:17 INFO end lazy group evaluation field=Container.withMountedSecret group=metadata duration=108.38µs
2026/09/16 09:13:17 INFO start lazy group evaluation field=test.base group=metadata
2026/09/16 09:13:17 INFO end lazy group evaluation field=test.base group=metadata duration=19.04µs
2026/09/16 09:13:17 INFO discarding dagql cache without persistence hasSQLDB=false hasPersistDB=false
2026/09/16 09:13:17 INFO end lazy group evaluation field=Container.withUnixSocket group=metadata duration=117.04µs
2026/09/16 09:13:17 INFO discarding dagql cache without persistence hasSQLDB=false hasPersistDB=false
2026/09/16 09:13:17 INFO start lazy group evaluation field=Container.withMountedTemp group=metadata
2026/09/16 09:13:17 INFO start lazy group evaluation field=Container.withoutMount group=metadata
2026/09/16 09:13:17 INFO start lazy group evaluation field=test.base group=metadata
2026/09/16 09:13:17 INFO end lazy group evaluation field=test.base group=metadata duration=19.71µs
2026/09/16 09:13:17 INFO start lazy group evaluation field=test.base group=metadata
2026/09/16 09:13:17 INFO end lazy group evaluation field=test.base group=metadata duration=10.82µs
2026/09/16 09:13:17 INFO end lazy group evaluation field=Container.withMountedTemp group=metadata duration=97.08µs
2026/09/16 09:13:17 INFO end lazy group evaluation field=Container.withoutMount group=metadata duration=64.44µs
2026/09/16 09:13:17 INFO discarding dagql cache without persistence hasSQLDB=false hasPersistDB=false
2026/09/16 09:13:17 INFO discarding dagql cache without persistence hasSQLDB=false hasPersistDB=false
2026/09/16 09:13:17 INFO start lazy group evaluation field=Container.withMountedCache group=metadata
2026/09/16 09:13:17 INFO start lazy group evaluation field=test.base group=metadata
2026/09/16 09:13:17 INFO start lazy group evaluation field=Container.withMountedVolume group=metadata
2026/09/16 09:13:17 INFO end lazy group evaluation field=test.base group=metadata duration=24.09µs
2026/09/16 09:13:17 INFO start lazy group evaluation field=test.base group=metadata
2026/09/16 09:13:17 INFO end lazy group evaluation field=test.base group=metadata duration=16.09µs
2026/09/16 09:13:17 INFO end lazy group evaluation field=Container.withMountedVolume group=metadata duration=139.679µs
2026/09/16 09:13:17 INFO end lazy group evaluation field=Container.withMountedCache group=metadata duration=158.419µs
2026/09/16 09:13:17 INFO discarding dagql cache without persistence hasSQLDB=false hasPersistDB=false
2026/09/16 09:13:17 INFO start lazy group evaluation field=Container.withMountedCache group=execMeta
2026/09/16 09:13:17 INFO start lazy group evaluation field=Container.withMountedCache group=fs
2026/09/16 09:13:17 INFO start lazy group evaluation field=test.base group=execMeta
2026/09/16 09:13:17 INFO end lazy group evaluation field=test.base group=execMeta duration=17.37µs
2026/09/16 09:13:17 INFO end lazy group evaluation field=Container.withMountedCache group=execMeta duration=92.85µs
2026/09/16 09:13:17 INFO start lazy group evaluation field=test.base group=fs
2026/09/16 09:13:17 INFO end lazy group evaluation field=test.base group=fs duration=48.23µs
2026/09/16 09:13:17 INFO end lazy group evaluation field=Container.withMountedCache group=fs duration=171.09µs
2026/09/16 09:13:17 INFO discarding dagql cache without persistence hasSQLDB=false hasPersistDB=false
--- PASS: TestContainerMetadataOnlyMountMutationParts (0.00s)
    --- PASS: TestContainerMetadataOnlyMountMutationParts/mounted_cache (0.00s)
    --- PASS: TestContainerMetadataOnlyMountMutationParts/without_unix_socket (0.00s)
    --- PASS: TestContainerMetadataOnlyMountMutationParts/mounted_secret (0.00s)
    --- PASS: TestContainerMetadataOnlyMountMutationParts/with_unix_socket (0.00s)
    --- PASS: TestContainerMetadataOnlyMountMutationParts/mounted_temp (0.00s)
    --- PASS: TestContainerMetadataOnlyMountMutationParts/without_mount (0.00s)
    --- PASS: TestContainerMetadataOnlyMountMutationParts/mounted_volume (0.00s)
    --- PASS: TestContainerMetadataOnlyMountMutationParts/mounted_cache_shadows_snapshot_mount (0.00s)
=== RUN   TestContainerMetadataMountNamedOwnerReadsParentRootFS
=== RUN   TestContainerMetadataMountNamedOwnerReadsParentRootFS/mounted_secret
=== PAUSE TestContainerMetadataMountNamedOwnerReadsParentRootFS/mounted_secret
=== RUN   TestContainerMetadataMountNamedOwnerReadsParentRootFS/unix_socket
=== PAUSE TestContainerMetadataMountNamedOwnerReadsParentRootFS/unix_socket
=== CONT  TestContainerMetadataMountNamedOwnerReadsParentRootFS/mounted_secret
=== CONT  TestContainerMetadataMountNamedOwnerReadsParentRootFS/unix_socket
2026/09/16 09:13:17 INFO start lazy group evaluation field=Container.withMountedSecret group=metadata
2026/09/16 09:13:17 INFO start lazy group evaluation field=test.base group=metadata
2026/09/16 09:13:17 INFO end lazy group evaluation field=test.base group=metadata duration=10.41µs
2026/09/16 09:13:17 INFO end lazy group evaluation field=Container.withMountedSecret group=metadata duration=64.63µs err="open /etc/passwd: failed to get server: current query: no query in context"
2026/09/16 09:13:17 INFO discarding dagql cache without persistence hasSQLDB=false hasPersistDB=false
2026/09/16 09:13:17 INFO start lazy group evaluation field=Container.withUnixSocket group=metadata
2026/09/16 09:13:17 INFO start lazy group evaluation field=test.base group=metadata
2026/09/16 09:13:17 INFO end lazy group evaluation field=test.base group=metadata duration=17.9µs
2026/09/16 09:13:17 INFO end lazy group evaluation field=Container.withUnixSocket group=metadata duration=90.31µs err="open /etc/passwd: failed to get server: current query: no query in context"
2026/09/16 09:13:17 INFO discarding dagql cache without persistence hasSQLDB=false hasPersistDB=false
--- PASS: TestContainerMetadataMountNamedOwnerReadsParentRootFS (0.00s)
    --- PASS: TestContainerMetadataMountNamedOwnerReadsParentRootFS/mounted_secret (0.00s)
    --- PASS: TestContainerMetadataMountNamedOwnerReadsParentRootFS/unix_socket (0.00s)
=== RUN   TestContainerMountedSourceWriterParts
=== RUN   TestContainerMountedSourceWriterParts/directory
=== PAUSE TestContainerMountedSourceWriterParts/directory
=== RUN   TestContainerMountedSourceWriterParts/file
=== PAUSE TestContainerMountedSourceWriterParts/file
=== RUN   TestContainerMountedSourceWriterParts/dockerfile_compatible_directory
=== PAUSE TestContainerMountedSourceWriterParts/dockerfile_compatible_directory
=== CONT  TestContainerMountedSourceWriterParts/directory
=== CONT  TestContainerMountedSourceWriterParts/dockerfile_compatible_directory
2026/09/16 09:13:17 INFO start lazy group evaluation field=Container.withMountedDirectory group=metadata
2026/09/16 09:13:17 INFO start lazy group evaluation field=Container.withMountedPathDockerfileCompat group=metadata
2026/09/16 09:13:17 INFO start lazy group evaluation field=test.base group=metadata
2026/09/16 09:13:17 INFO start lazy group evaluation field=test.base group=metadata
2026/09/16 09:13:17 INFO end lazy group evaluation field=test.base group=metadata duration=9.87µs
2026/09/16 09:13:17 INFO end lazy group evaluation field=test.base group=metadata duration=9.75µs
2026/09/16 09:13:17 INFO end lazy group evaluation field=Container.withMountedDirectory group=metadata duration=56.2µs
2026/09/16 09:13:17 INFO end lazy group evaluation field=Container.withMountedPathDockerfileCompat group=metadata duration=55.94µs
2026/09/16 09:13:17 INFO start lazy group evaluation field=Container.withMountedDirectory group=write
2026/09/16 09:13:17 INFO start lazy group evaluation field=Container.withMountedPathDockerfileCompat group=write
2026/09/16 09:13:17 INFO start lazy evaluation field=test.directorySource
=== CONT  TestContainerMountedSourceWriterParts/file
2026/09/16 09:13:17 INFO end lazy evaluation field=test.directorySource duration=19.15µs
2026/09/16 09:13:17 INFO end lazy group evaluation field=Container.withMountedPathDockerfileCompat group=write duration=46.73µs
2026/09/16 09:13:17 INFO start lazy group evaluation field=Container.withMountedPathDockerfileCompat group=mount:/existing
2026/09/16 09:13:17 INFO start lazy group evaluation field=test.base group=mount:/existing
2026/09/16 09:13:17 INFO end lazy group evaluation field=test.base group=mount:/existing duration=16.219µs
2026/09/16 09:13:17 INFO end lazy group evaluation field=Container.withMountedPathDockerfileCompat group=mount:/existing duration=45.129µs
2026/09/16 09:13:17 INFO start lazy evaluation field=test.directorySource
2026/09/16 09:13:17 INFO end lazy evaluation field=test.directorySource duration=135.169µs
2026/09/16 09:13:17 INFO end lazy group evaluation field=Container.withMountedDirectory group=write duration=164.549µs
2026/09/16 09:13:17 INFO start lazy group evaluation field=Container.withMountedDirectory group=mount:/existing
2026/09/16 09:13:17 INFO start lazy group evaluation field=test.base group=mount:/existing
2026/09/16 09:13:17 INFO end lazy group evaluation field=test.base group=mount:/existing duration=15.31µs
2026/09/16 09:13:17 INFO end lazy group evaluation field=Container.withMountedDirectory group=mount:/existing duration=42.88µs
2026/09/16 09:13:17 INFO start lazy group evaluation field=Container.withMountedFile group=metadata
2026/09/16 09:13:17 INFO start lazy group evaluation field=Container.withMountedPathDockerfileCompat group=fs
2026/09/16 09:13:17 INFO start lazy group evaluation field=test.base group=metadata
2026/09/16 09:13:17 INFO end lazy group evaluation field=test.base group=metadata duration=9.08µs
2026/09/16 09:13:17 INFO start lazy group evaluation field=test.base group=fs
2026/09/16 09:13:17 INFO end lazy group evaluation field=Container.withMountedFile group=metadata duration=67.97µs
2026/09/16 09:13:17 INFO start lazy group evaluation field=Container.withMountedDirectory group=execMeta
2026/09/16 09:13:17 INFO start lazy group evaluation field=test.base group=execMeta
2026/09/16 09:13:17 INFO start lazy group evaluation field=Container.withMountedFile group=write
2026/09/16 09:13:17 INFO end lazy group evaluation field=test.base group=execMeta duration=15.86µs
2026/09/16 09:13:17 INFO end lazy group evaluation field=Container.withMountedDirectory group=execMeta duration=52.03µs
2026/09/16 09:13:17 INFO start lazy evaluation field=test.fileSource
2026/09/16 09:13:17 INFO end lazy group evaluation field=test.base group=fs duration=9.64µs
2026/09/16 09:13:17 INFO end lazy evaluation field=test.fileSource duration=10.91µs
2026/09/16 09:13:17 INFO end lazy group evaluation field=Container.withMountedPathDockerfileCompat group=fs duration=163.08µs
2026/09/16 09:13:17 INFO end lazy group evaluation field=Container.withMountedFile group=write duration=46.18µs
2026/09/16 09:13:17 INFO start lazy group evaluation field=Container.withMountedFile group=mount:/existing
2026/09/16 09:13:17 INFO start lazy group evaluation field=test.base group=mount:/existing
2026/09/16 09:13:17 INFO end lazy group evaluation field=test.base group=mount:/existing duration=10.05µs
2026/09/16 09:13:17 INFO end lazy group evaluation field=Container.withMountedFile group=mount:/existing duration=37.28µs
2026/09/16 09:13:17 INFO start lazy group evaluation field=Container.withMountedDirectory group=fs
2026/09/16 09:13:17 INFO start lazy group evaluation field=Container.withMountedFile group=fs
2026/09/16 09:13:17 INFO start lazy group evaluation field=Container.withMountedFile group=execMeta
2026/09/16 09:13:17 INFO start lazy group evaluation field=test.base group=fs
2026/09/16 09:13:17 INFO end lazy group evaluation field=test.base group=fs duration=9.53µs
2026/09/16 09:13:17 INFO start lazy group evaluation field=test.base group=execMeta
2026/09/16 09:13:17 INFO start lazy group evaluation field=test.base group=fs
2026/09/16 09:13:17 INFO end lazy group evaluation field=test.base group=execMeta duration=11.89µs
2026/09/16 09:13:17 INFO end lazy group evaluation field=test.base group=fs duration=44.34µs
2026/09/16 09:13:17 INFO end lazy group evaluation field=Container.withMountedDirectory group=fs duration=251.64µs
2026/09/16 09:13:17 INFO end lazy group evaluation field=Container.withMountedFile group=execMeta duration=36.69µs
2026/09/16 09:13:17 INFO end lazy group evaluation field=Container.withMountedFile group=fs duration=37.22µs
2026/09/16 09:13:17 INFO discarding dagql cache without persistence hasSQLDB=false hasPersistDB=false
2026/09/16 09:13:17 INFO discarding dagql cache without persistence hasSQLDB=false hasPersistDB=false
2026/09/16 09:13:17 INFO start lazy group evaluation field=Container.withMountedPathDockerfileCompat group=execMeta
2026/09/16 09:13:17 INFO start lazy group evaluation field=test.base group=execMeta
2026/09/16 09:13:17 INFO end lazy group evaluation field=test.base group=execMeta duration=14.58µs
2026/09/16 09:13:17 INFO end lazy group evaluation field=Container.withMountedPathDockerfileCompat group=execMeta duration=343.1µs
2026/09/16 09:13:17 INFO discarding dagql cache without persistence hasSQLDB=false hasPersistDB=false
--- PASS: TestContainerMountedSourceWriterParts (0.00s)
    --- PASS: TestContainerMountedSourceWriterParts/directory (0.00s)
    --- PASS: TestContainerMountedSourceWriterParts/file (0.00s)
    --- PASS: TestContainerMountedSourceWriterParts/dockerfile_compatible_directory (0.00s)
=== RUN   TestContainerMountedSourceWriterNamedOwner
=== RUN   TestContainerMountedSourceWriterNamedOwner/directory
=== PAUSE TestContainerMountedSourceWriterNamedOwner/directory
=== RUN   TestContainerMountedSourceWriterNamedOwner/file
=== PAUSE TestContainerMountedSourceWriterNamedOwner/file
=== CONT  TestContainerMountedSourceWriterNamedOwner/directory
=== CONT  TestContainerMountedSourceWriterNamedOwner/file
2026/09/16 09:13:17 INFO start lazy group evaluation field=Container.withMountedDirectory group=metadata
2026/09/16 09:13:17 INFO start lazy group evaluation field=test.base group=metadata
2026/09/16 09:13:17 INFO end lazy group evaluation field=test.base group=metadata duration=9.26µs
2026/09/16 09:13:17 INFO end lazy group evaluation field=Container.withMountedDirectory group=metadata duration=62.51µs
2026/09/16 09:13:17 INFO start lazy group evaluation field=Container.withMountedFile group=metadata
2026/09/16 09:13:17 INFO start lazy group evaluation field=test.base group=metadata
2026/09/16 09:13:17 INFO end lazy group evaluation field=test.base group=metadata duration=14.57µs
2026/09/16 09:13:17 INFO start lazy group evaluation field=Container.withMountedDirectory group=write
2026/09/16 09:13:17 INFO end lazy group evaluation field=Container.withMountedFile group=metadata duration=55.159µs
2026/09/16 09:13:17 INFO end lazy group evaluation field=Container.withMountedDirectory group=write duration=14.809µs err="open /etc/passwd: failed to get server: current query: no query in context"
2026/09/16 09:13:17 INFO discarding dagql cache without persistence hasSQLDB=false hasPersistDB=false
2026/09/16 09:13:17 INFO start lazy group evaluation field=Container.withMountedFile group=write
2026/09/16 09:13:17 INFO end lazy group evaluation field=Container.withMountedFile group=write duration=24.98µs err="open /etc/passwd: failed to get server: current query: no query in context"
2026/09/16 09:13:17 INFO discarding dagql cache without persistence hasSQLDB=false hasPersistDB=false
--- PASS: TestContainerMountedSourceWriterNamedOwner (0.00s)
    --- PASS: TestContainerMountedSourceWriterNamedOwner/directory (0.00s)
    --- PASS: TestContainerMountedSourceWriterNamedOwner/file (0.00s)
=== RUN   TestContainerMountedSourceWriterShadowsNestedMount
2026/09/16 09:13:17 INFO start lazy group evaluation field=Container.withMountedDirectory group=metadata
2026/09/16 09:13:17 INFO start lazy group evaluation field=test.base group=metadata
2026/09/16 09:13:17 INFO end lazy group evaluation field=test.base group=metadata duration=10.14µs
2026/09/16 09:13:17 INFO end lazy group evaluation field=Container.withMountedDirectory group=metadata duration=72.45µs
2026/09/16 09:13:17 INFO start lazy group evaluation field=Container.withMountedDirectory group=execMeta
2026/09/16 09:13:17 INFO start lazy group evaluation field=Container.withMountedDirectory group=write
2026/09/16 09:13:17 INFO start lazy group evaluation field=test.base group=execMeta
2026/09/16 09:13:17 INFO end lazy group evaluation field=test.base group=execMeta duration=8.76µs
2026/09/16 09:13:17 INFO end lazy group evaluation field=Container.withMountedDirectory group=execMeta duration=44.94µs
2026/09/16 09:13:17 INFO start lazy evaluation field=test.directorySource
2026/09/16 09:13:17 INFO end lazy evaluation field=test.directorySource duration=18.91µs
2026/09/16 09:13:17 INFO end lazy group evaluation field=Container.withMountedDirectory group=write duration=51.28µs
2026/09/16 09:13:17 INFO start lazy group evaluation field=Container.withMountedDirectory group=fs
2026/09/16 09:13:17 INFO start lazy group evaluation field=test.base group=fs
2026/09/16 09:13:17 INFO end lazy group evaluation field=test.base group=fs duration=17.85µs
2026/09/16 09:13:17 INFO end lazy group evaluation field=Container.withMountedDirectory group=fs duration=92.57µs
2026/09/16 09:13:17 INFO discarding dagql cache without persistence hasSQLDB=false hasPersistDB=false
--- PASS: TestContainerMountedSourceWriterShadowsNestedMount (0.00s)
=== RUN   TestDockerfileCompatMountSourceIsFile
=== RUN   TestDockerfileCompatMountSourceIsFile/empty_root
=== RUN   TestDockerfileCompatMountSourceIsFile/absolute_dot_root
=== RUN   TestDockerfileCompatMountSourceIsFile/relative_dot_root
=== RUN   TestDockerfileCompatMountSourceIsFile/relative_directory
=== RUN   TestDockerfileCompatMountSourceIsFile/directory_with_trailing_slash
=== RUN   TestDockerfileCompatMountSourceIsFile/file_with_trailing_slash
--- PASS: TestDockerfileCompatMountSourceIsFile (0.00s)
    --- PASS: TestDockerfileCompatMountSourceIsFile/empty_root (0.00s)
    --- PASS: TestDockerfileCompatMountSourceIsFile/absolute_dot_root (0.00s)
    --- PASS: TestDockerfileCompatMountSourceIsFile/relative_dot_root (0.00s)
    --- PASS: TestDockerfileCompatMountSourceIsFile/relative_directory (0.00s)
    --- PASS: TestDockerfileCompatMountSourceIsFile/directory_with_trailing_slash (0.00s)
    --- PASS: TestDockerfileCompatMountSourceIsFile/file_with_trailing_slash (0.00s)
=== RUN   TestContainerPathWriterRouting
=== RUN   TestContainerPathWriterRouting/rootfs
=== PAUSE TestContainerPathWriterRouting/rootfs
=== RUN   TestContainerPathWriterRouting/mount
=== PAUSE TestContainerPathWriterRouting/mount
=== CONT  TestContainerPathWriterRouting/rootfs
=== CONT  TestContainerPathWriterRouting/mount
2026/09/16 09:13:17 INFO start lazy group evaluation field=Container.withDirectory group=metadata
2026/09/16 09:13:17 INFO start lazy group evaluation field=test.base group=metadata
2026/09/16 09:13:17 INFO end lazy group evaluation field=test.base group=metadata duration=10.76µs
2026/09/16 09:13:17 INFO end lazy group evaluation field=Container.withDirectory group=metadata duration=61.7µs
2026/09/16 09:13:17 INFO start lazy group evaluation field=Container.withDirectory group=metadata
2026/09/16 09:13:17 INFO start lazy group evaluation field=test.base group=metadata
2026/09/16 09:13:17 INFO end lazy group evaluation field=test.base group=metadata duration=15.4µs
2026/09/16 09:13:17 INFO end lazy group evaluation field=Container.withDirectory group=metadata duration=53.03µs
2026/09/16 09:13:17 INFO start lazy group evaluation field=Container.withDirectory group=write
2026/09/16 09:13:17 INFO start lazy evaluation field=test.directorySource
2026/09/16 09:13:17 INFO end lazy evaluation field=test.directorySource duration=14.73µs
2026/09/16 09:13:17 INFO start lazy group evaluation field=Container.withDirectory group=write
2026/09/16 09:13:17 INFO start lazy group evaluation field=test.base group=fs
2026/09/16 09:13:17 INFO end lazy group evaluation field=test.base group=fs duration=12.62µs
2026/09/16 09:13:17 INFO start lazy evaluation field=test.directorySource
2026/09/16 09:13:17 INFO start lazy group evaluation field=test.base group=mount:/m
2026/09/16 09:13:17 INFO end lazy evaluation field=test.directorySource duration=15.32µs
2026/09/16 09:13:17 INFO end lazy group evaluation field=test.base group=mount:/m duration=15.3µs
2026/09/16 09:13:17 INFO end lazy group evaluation field=Container.withDirectory group=write duration=82.19µs err="failed to get dagql server: current query: no query in context"
2026/09/16 09:13:17 INFO discarding dagql cache without persistence hasSQLDB=false hasPersistDB=false
2026/09/16 09:13:17 INFO end lazy group evaluation field=Container.withDirectory group=write duration=56.67µs err="failed to get dagql server: current query: no query in context"
2026/09/16 09:13:17 INFO discarding dagql cache without persistence hasSQLDB=false hasPersistDB=false
--- PASS: TestContainerPathWriterRouting (0.00s)
    --- PASS: TestContainerPathWriterRouting/rootfs (0.00s)
    --- PASS: TestContainerPathWriterRouting/mount (0.00s)
=== RUN   TestContainerPathWriterExactMountRemoval
=== RUN   TestContainerPathWriterExactMountRemoval/with_directory_removes_file_mount
2026/09/16 09:13:17 INFO start lazy group evaluation field=Container.withDirectory group=metadata
2026/09/16 09:13:17 INFO start lazy group evaluation field=test.base group=metadata
2026/09/16 09:13:17 INFO end lazy group evaluation field=test.base group=metadata duration=10.89µs
2026/09/16 09:13:17 INFO end lazy group evaluation field=Container.withDirectory group=metadata duration=77.05µs
2026/09/16 09:13:17 INFO discarding dagql cache without persistence hasSQLDB=false hasPersistDB=false
=== RUN   TestContainerPathWriterExactMountRemoval/with_file_removes_directory_mount
2026/09/16 09:13:17 INFO start lazy group evaluation field=Container.withFile group=metadata
2026/09/16 09:13:17 INFO start lazy group evaluation field=test.base group=metadata
2026/09/16 09:13:17 INFO end lazy group evaluation field=test.base group=metadata duration=9.55µs
2026/09/16 09:13:17 INFO end lazy group evaluation field=Container.withFile group=metadata duration=59.44µs
2026/09/16 09:13:17 INFO discarding dagql cache without persistence hasSQLDB=false hasPersistDB=false
--- PASS: TestContainerPathWriterExactMountRemoval (0.00s)
    --- PASS: TestContainerPathWriterExactMountRemoval/with_directory_removes_file_mount (0.00s)
    --- PASS: TestContainerPathWriterExactMountRemoval/with_file_removes_directory_mount (0.00s)
=== RUN   TestContainerWithoutPathFullEvaluationWithEmptyRootFS
2026/09/16 09:13:17 INFO start lazy group evaluation field=Container.withoutPath group=metadata
2026/09/16 09:13:17 INFO end lazy group evaluation field=Container.withoutPath group=metadata duration=53.139µs
2026/09/16 09:13:17 INFO start lazy group evaluation field=Container.withoutPath group=execMeta
2026/09/16 09:13:17 INFO end lazy group evaluation field=Container.withoutPath group=execMeta duration=5.15µs
2026/09/16 09:13:17 INFO start lazy group evaluation field=Container.withoutPath group=write
2026/09/16 09:13:17 INFO end lazy group evaluation field=Container.withoutPath group=write duration=27.24µs
2026/09/16 09:13:17 INFO discarding dagql cache without persistence hasSQLDB=false hasPersistDB=false
--- PASS: TestContainerWithoutPathFullEvaluationWithEmptyRootFS (0.00s)
=== RUN   TestContainerWithoutPathsJointWriteGroup
--- PASS: TestContainerWithoutPathsJointWriteGroup (0.00s)
=== RUN   TestContainerGetVariantRefsEvaluatesImageParts
2026/09/16 09:13:17 INFO start lazy group evaluation field=test.base group=metadata
2026/09/16 09:13:17 INFO end lazy group evaluation field=test.base group=metadata duration=11.51µs
2026/09/16 09:13:17 INFO start lazy group evaluation field=test.base group=fs
2026/09/16 09:13:17 INFO end lazy group evaluation field=test.base group=fs duration=17.65µs
2026/09/16 09:13:17 INFO discarding dagql cache without persistence hasSQLDB=false hasPersistDB=false
--- PASS: TestContainerGetVariantRefsEvaluatesImageParts (0.00s)
=== RUN   TestContainerMetadataChainLeavesSnapshotGroupsPending
=== PAUSE TestContainerMetadataChainLeavesSnapshotGroupsPending
=== RUN   TestContainerDirectEvaluateRunsRefinedGroups
=== PAUSE TestContainerDirectEvaluateRunsRefinedGroups
=== RUN   TestContainerDelegationOverwritesStalePreCopiedAccessor
=== PAUSE TestContainerDelegationOverwritesStalePreCopiedAccessor
=== RUN   TestContainerConcurrentGroupCompletionClearsLazyOnce
=== PAUSE TestContainerConcurrentGroupCompletionClearsLazyOnce
=== RUN   TestContainerRoutingReadsRaceRefinedClear
=== PAUSE TestContainerRoutingReadsRaceRefinedClear
=== RUN   TestContainerRoutingReadsRaceUnrefinedClear
=== PAUSE TestContainerRoutingReadsRaceUnrefinedClear
=== RUN   TestContainerHasPendingFallbackRacesDirectClear
=== PAUSE TestContainerHasPendingFallbackRacesDirectClear
=== RUN   TestContainerPersistedUnsupportedTargetPreservesConsumedExecMeta
=== RUN   TestContainerPersistedUnsupportedTargetPreservesConsumedExecMeta/tmpfs
2026/09/16 09:13:17 INFO start lazy group evaluation field=Container.withDirectory group=metadata
2026/09/16 09:13:17 INFO end lazy group evaluation field=Container.withDirectory group=metadata duration=44.05µs
2026/09/16 09:13:17 INFO start lazy group evaluation field=Container.withDirectory group=execMeta
2026/09/16 09:13:17 INFO end lazy group evaluation field=Container.withDirectory group=execMeta duration=13.6µs
2026/09/16 09:13:17 INFO starting dagql cache close hasSQLDB=true hasPersistDB=true
2026/09/16 09:13:17 INFO marking dagql cache clean shutdown
2026/09/16 09:13:17 WARN successfully marked clean shutdown in persistence metadata
2026/09/16 09:13:17 INFO completed dagql cache close successfully
2026/09/16 09:13:17 INFO start lazy group evaluation field="Container stored part" group=open:execMeta
2026/09/16 09:13:17 INFO end lazy group evaluation field="Container stored part" group=open:execMeta duration=62.06µs
2026/09/16 09:13:17 INFO starting dagql cache close hasSQLDB=true hasPersistDB=true
2026/09/16 09:13:17 INFO marking dagql cache clean shutdown
2026/09/16 09:13:17 WARN successfully marked clean shutdown in persistence metadata
2026/09/16 09:13:17 INFO completed dagql cache close successfully
=== RUN   TestContainerPersistedUnsupportedTargetPreservesConsumedExecMeta/cache
2026/09/16 09:13:17 INFO start lazy group evaluation field=Container.withDirectory group=metadata
2026/09/16 09:13:17 INFO end lazy group evaluation field=Container.withDirectory group=metadata duration=43.31µs
2026/09/16 09:13:17 INFO start lazy group evaluation field=Container.withDirectory group=execMeta
2026/09/16 09:13:17 INFO end lazy group evaluation field=Container.withDirectory group=execMeta duration=14.07µs
2026/09/16 09:13:17 INFO starting dagql cache close hasSQLDB=true hasPersistDB=true
2026/09/16 09:13:17 INFO marking dagql cache clean shutdown
2026/09/16 09:13:17 WARN successfully marked clean shutdown in persistence metadata
2026/09/16 09:13:17 INFO completed dagql cache close successfully
2026/09/16 09:13:17 INFO start lazy group evaluation field="Container stored part" group=open:execMeta
2026/09/16 09:13:17 INFO end lazy group evaluation field="Container stored part" group=open:execMeta duration=39.02µs
2026/09/16 09:13:17 INFO starting dagql cache close hasSQLDB=true hasPersistDB=true
2026/09/16 09:13:17 INFO marking dagql cache clean shutdown
2026/09/16 09:13:17 WARN successfully marked clean shutdown in persistence metadata
2026/09/16 09:13:17 INFO completed dagql cache close successfully
--- PASS: TestContainerPersistedUnsupportedTargetPreservesConsumedExecMeta (0.03s)
    --- PASS: TestContainerPersistedUnsupportedTargetPreservesConsumedExecMeta/tmpfs (0.02s)
    --- PASS: TestContainerPersistedUnsupportedTargetPreservesConsumedExecMeta/cache (0.01s)
=== RUN   TestContainerRestoreIndependentParts
2026/09/16 09:13:17 INFO start lazy group evaluation field="Container stored part" group=open:fs
2026/09/16 09:13:17 INFO end lazy group evaluation field="Container stored part" group=open:fs duration=39.72µs
2026/09/16 09:13:17 INFO start lazy group evaluation field="Container stored part" group=open:execMeta
2026/09/16 09:13:17 INFO end lazy group evaluation field="Container stored part" group=open:execMeta duration=17µs
2026/09/16 09:13:17 INFO discarding dagql cache without persistence hasSQLDB=false hasPersistDB=false
--- PASS: TestContainerRestoreIndependentParts (0.00s)
=== RUN   TestContainerRestoreDirectMetadataSweep
2026/09/16 09:13:17 INFO start lazy group evaluation field=Container.withLabel group=execMeta
2026/09/16 09:13:17 INFO end lazy group evaluation field=Container.withLabel group=execMeta duration=26.32µs
2026/09/16 09:13:17 INFO start lazy group evaluation field="Container stored part" group=open:fs
2026/09/16 09:13:17 INFO end lazy group evaluation field="Container stored part" group=open:fs duration=28.69µs
2026/09/16 09:13:17 INFO start lazy group evaluation field=Container.withLabel group=fs
2026/09/16 09:13:17 INFO end lazy group evaluation field=Container.withLabel group=fs duration=12.61µs
2026/09/16 09:13:17 INFO discarding dagql cache without persistence hasSQLDB=false hasPersistDB=false
--- PASS: TestContainerRestoreDirectMetadataSweep (0.00s)
=== RUN   TestContainerRestoreConcurrentParts
2026/09/16 09:13:17 INFO start lazy group evaluation field="Container stored part" group=open:fs
2026/09/16 09:13:17 INFO start lazy group evaluation field="Container stored part" group=open:execMeta
2026/09/16 09:13:17 INFO end lazy group evaluation field="Container stored part" group=open:execMeta duration=13.65µs
2026/09/16 09:13:17 INFO end lazy group evaluation field="Container stored part" group=open:fs duration=150.29µs
2026/09/16 09:13:17 INFO discarding dagql cache without persistence hasSQLDB=false hasPersistDB=false
--- PASS: TestContainerRestoreConcurrentParts (0.00s)
=== RUN   TestContainerRestoreOpenFailureKeepsRecipeConsumed
2026/09/16 09:13:17 INFO start lazy group evaluation field="Container stored part" group=open:fs
2026/09/16 09:13:17 INFO end lazy group evaluation field="Container stored part" group=open:fs duration=35.52µs err="open stored container part \"fs\": stored snapshot temporarily unavailable"
2026/09/16 09:13:17 INFO start lazy group evaluation field="Container stored part" group=open:fs
2026/09/16 09:13:17 INFO end lazy group evaluation field="Container stored part" group=open:fs duration=15.87µs
2026/09/16 09:13:17 INFO start lazy group evaluation field=test.base group=execMeta
2026/09/16 09:13:17 INFO end lazy group evaluation field=test.base group=execMeta duration=15.51µs
2026/09/16 09:13:17 INFO discarding dagql cache without persistence hasSQLDB=false hasPersistDB=false
--- PASS: TestContainerRestoreOpenFailureKeepsRecipeConsumed (0.00s)
=== RUN   TestContainerPersistedPartsIgnorePendingAccessorSeeds
2026/09/16 09:13:17 INFO start lazy group evaluation field=test.base group=metadata
2026/09/16 09:13:17 INFO end lazy group evaluation field=test.base group=metadata duration=27.36µs
--- PASS: TestContainerPersistedPartsIgnorePendingAccessorSeeds (0.00s)
=== RUN   TestContainerPersistedJointOutputsSeedOriginalAndOpenIndependently
2026/09/16 09:13:17 INFO start lazy group evaluation field="Container stored part" group=open:execMeta
2026/09/16 09:13:17 INFO end lazy group evaluation field="Container stored part" group=open:execMeta duration=30.58µs
2026/09/16 09:13:17 INFO start lazy group evaluation field="Container stored part" group=open:fs
2026/09/16 09:13:17 INFO end lazy group evaluation field="Container stored part" group=open:fs duration=15.74µs
2026/09/16 09:13:17 INFO discarding dagql cache without persistence hasSQLDB=false hasPersistDB=false
--- PASS: TestContainerPersistedJointOutputsSeedOriginalAndOpenIndependently (0.00s)
=== RUN   TestContainerPersistedPartsRejectMissingCompletedValue
--- PASS: TestContainerPersistedPartsRejectMissingCompletedValue (0.00s)
=== RUN   TestContainerRestoreReportingAndBookkeepingRetry
=== RUN   TestContainerRestoreReportingAndBookkeepingRetry/stored_only
2026/09/16 09:13:17 INFO start lazy group evaluation field="Container stored part" group=open:fs
2026/09/16 09:13:17 INFO end lazy group evaluation field="Container stored part" group=open:fs duration=27.73µs
2026/09/16 09:13:17 INFO discarding dagql cache without persistence hasSQLDB=false hasPersistDB=false
=== RUN   TestContainerRestoreReportingAndBookkeepingRetry/pending_sibling
2026/09/16 09:13:17 INFO start lazy group evaluation field="Container stored part" group=open:fs
2026/09/16 09:13:17 INFO end lazy group evaluation field="Container stored part" group=open:fs duration=23.77µs
2026/09/16 09:13:17 INFO start lazy group evaluation field=test.base group=execMeta
2026/09/16 09:13:17 INFO end lazy group evaluation field=test.base group=execMeta duration=15.65µs
2026/09/16 09:13:17 INFO discarding dagql cache without persistence hasSQLDB=false hasPersistDB=false
--- PASS: TestContainerRestoreReportingAndBookkeepingRetry (0.00s)
    --- PASS: TestContainerRestoreReportingAndBookkeepingRetry/stored_only (0.00s)
    --- PASS: TestContainerRestoreReportingAndBookkeepingRetry/pending_sibling (0.00s)
=== RUN   TestContainerRestoreSnapshotOwnershipAndRelease
2000/01/01 00:00:00 INFO start lazy group evaluation field="Container stored part" group=open:fs
2000/01/01 00:00:00 INFO end lazy group evaluation field="Container stored part" group=open:fs duration=0s
2000/01/01 00:00:00 INFO start lazy group evaluation field="Container stored part" group=open:fs
2000/01/01 00:00:00 INFO end lazy group evaluation field="Container stored part" group=open:fs duration=0s
2000/01/01 00:00:00 INFO discarding dagql cache without persistence hasSQLDB=false hasPersistDB=false
--- PASS: TestContainerRestoreSnapshotOwnershipAndRelease (0.00s)
=== RUN   TestContainerPersistedDetachedFileAndDirectoryPaths
2026/09/16 09:13:17 INFO starting dagql cache close hasSQLDB=true hasPersistDB=true
2026/09/16 09:13:17 INFO marking dagql cache clean shutdown
2026/09/16 09:13:17 WARN successfully marked clean shutdown in persistence metadata
2026/09/16 09:13:17 INFO completed dagql cache close successfully
2026/09/16 09:13:17 INFO start lazy group evaluation field="Container stored part" group=open:mount:/file
2026/09/16 09:13:17 INFO end lazy group evaluation field="Container stored part" group=open:mount:/file duration=41.64µs
2026/09/16 09:13:17 INFO start lazy group evaluation field="Container stored part" group=open:mount:/dir
2026/09/16 09:13:17 INFO end lazy group evaluation field="Container stored part" group=open:mount:/dir duration=19.4µs
2026/09/16 09:13:17 INFO start lazy group evaluation field="Container stored part" group=open:fs
2026/09/16 09:13:17 INFO end lazy group evaluation field="Container stored part" group=open:fs duration=41.33µs
2026/09/16 09:13:17 INFO discarding dagql cache without persistence hasSQLDB=true hasPersistDB=true
--- PASS: TestContainerPersistedDetachedFileAndDirectoryPaths (0.01s)
=== RUN   TestContainerRestoreAttemptLifetime
=== RUN   TestContainerRestoreAttemptLifetime/cancel_leader_with_healthy_waiter
2000/01/01 00:00:00 INFO start lazy group evaluation field="Container stored part" group=open:fs
2000/01/01 00:00:00 INFO end lazy group evaluation field="Container stored part" group=open:fs duration=0s
2000/01/01 00:00:00 INFO discarding dagql cache without persistence hasSQLDB=false hasPersistDB=false
=== RUN   TestContainerRestoreAttemptLifetime/release_during_open
2000/01/01 00:00:00 INFO start lazy group evaluation field="Container stored part" group=open:fs
2000/01/01 00:00:00 INFO end lazy group evaluation field="Container stored part" group=open:fs duration=0s
2000/01/01 00:00:00 INFO discarding dagql cache without persistence hasSQLDB=false hasPersistDB=false
--- PASS: TestContainerRestoreAttemptLifetime (0.00s)
    --- PASS: TestContainerRestoreAttemptLifetime/cancel_leader_with_healthy_waiter (0.00s)
    --- PASS: TestContainerRestoreAttemptLifetime/release_during_open (0.00s)
=== RUN   TestContainerCompletedProducerPersistsWithoutLoadingParents
2026/09/16 09:13:17 INFO start lazy group evaluation field=Container.withLabel group=metadata
2026/09/16 09:13:17 INFO end lazy group evaluation field=Container.withLabel group=metadata duration=41.2µs
2026/09/16 09:13:17 INFO start lazy group evaluation field=Container.withLabel group=fs
2026/09/16 09:13:17 INFO end lazy group evaluation field=Container.withLabel group=fs duration=7.98µs
2026/09/16 09:13:17 INFO start lazy group evaluation field=Container.withLabel group=execMeta
2026/09/16 09:13:17 INFO end lazy group evaluation field=Container.withLabel group=execMeta duration=5.27µs
2026/09/16 09:13:17 INFO starting dagql cache close hasSQLDB=true hasPersistDB=true
2026/09/16 09:13:17 INFO marking dagql cache clean shutdown
2026/09/16 09:13:17 WARN successfully marked clean shutdown in persistence metadata
2026/09/16 09:13:17 INFO completed dagql cache close successfully
2026/09/16 09:13:17 INFO start lazy group evaluation field="Container stored part" group=open:fs
2026/09/16 09:13:17 INFO end lazy group evaluation field="Container stored part" group=open:fs duration=56.88µs err="open stored container part \"fs\": local snapshot unavailable"
2026/09/16 09:13:17 INFO start lazy group evaluation field="Container stored part" group=open:execMeta
2026/09/16 09:13:17 INFO end lazy group evaluation field="Container stored part" group=open:execMeta duration=29.64µs
2026/09/16 09:13:17 INFO start lazy group evaluation field="Container stored part" group=open:fs
2026/09/16 09:13:17 INFO end lazy group evaluation field="Container stored part" group=open:fs duration=23.72µs
=== RUN   TestContainerCompletedProducerPersistsWithoutLoadingParents/completed_producer_references_relocate_without_loading
=== RUN   TestContainerCompletedProducerPersistsWithoutLoadingParents/old_complete_rows_without_producer_bytes
2026/09/16 09:13:17 INFO discarding dagql cache without persistence hasSQLDB=true hasPersistDB=true
--- PASS: TestContainerCompletedProducerPersistsWithoutLoadingParents (0.02s)
    --- PASS: TestContainerCompletedProducerPersistsWithoutLoadingParents/completed_producer_references_relocate_without_loading (0.00s)
    --- PASS: TestContainerCompletedProducerPersistsWithoutLoadingParents/old_complete_rows_without_producer_bytes (0.00s)
=== RUN   TestContainerDirectorySelectorReturnsRootFSErrorBeforeSelection
=== PAUSE TestContainerDirectorySelectorReturnsRootFSErrorBeforeSelection
=== RUN   TestContainerDirectorySelectorLeavesSiblingMountsPending
=== PAUSE TestContainerDirectorySelectorLeavesSiblingMountsPending
=== RUN   TestContainerRootFSSelectorLeavesMountsPending
=== PAUSE TestContainerRootFSSelectorLeavesMountsPending
=== RUN   TestContainerStdoutSkipsReadOnlyMountDelegation
=== PAUSE TestContainerStdoutSkipsReadOnlyMountDelegation
=== RUN   TestContainerShutdownPersistenceWaitsForReader
=== RUN   TestContainerShutdownPersistenceWaitsForReader/pending
2026/09/16 09:13:17 INFO start lazy group evaluation field=Container.withLabel group=metadata
2026/09/16 09:13:17 INFO end lazy group evaluation field=Container.withLabel group=metadata duration=32.29µs
2026/09/16 09:13:17 INFO starting dagql cache close hasSQLDB=true hasPersistDB=true
    container_shutdown_persistence_test.go:105: observed shutdown waiting for the read-only latch:
        goroutine 1537 [sync.Mutex.Lock]:
        internal/sync.runtime_SemacquireMutex(0x27f9c9191398?, 0x3f?, 0x31f2300?)
        	/home/exedev/go/pkg/mod/golang.org/toolchain@v0.0.1-go1.26.6.linux-amd64/src/runtime/sema.go:95 +0x25
        internal/sync.(*Mutex).lockSlow(0x27f9c8839198)
        	/home/exedev/go/pkg/mod/golang.org/toolchain@v0.0.1-go1.26.6.linux-amd64/src/internal/sync/mutex.go:149 +0x15d
        internal/sync.(*Mutex).Lock(...)
        	/home/exedev/go/pkg/mod/golang.org/toolchain@v0.0.1-go1.26.6.linux-amd64/src/internal/sync/mutex.go:70
        sync.(*Mutex).Lock(...)
        	/home/exedev/go/pkg/mod/golang.org/toolchain@v0.0.1-go1.26.6.linux-amd64/src/sync/mutex.go:46
        github.com/dagger/dagger/core.(*Container).lockForPersistence(0x34aa7a0?, 0x1)
        	/tmp/b1-b2-followup/b1/core/container_persistence.go:120 +0x106
        github.com/dagger/dagger/core.(*Container).EncodePersistedObject(0x27f9c8fc9088, {0x3cd26a8, 0x27f9c8fde300}, 0x27f9c884e5c0)
        	/tmp/b1-b2-followup/b1/core/container_persistence.go:46 +0x9d
        github.com/dagger/dagger/dagql.encodePersistedResultEnvelope({0x3cd26a8, 0x27f9c8fde300}, 0x27f9c884e5c0, {0x3d06910, 0x27f9c8fab960}, 0x1)
        	/tmp/b1-b2-followup/b1/dagql/cache_persistence_self.go:188 +0x542
        github.com/dagger/dagger/dagql.defaultPersistedSelfCodec.EncodeResult({}, {0x3cd26a8, 0x27f9c8fde300}, {0x3c990a0, 0x27f9c8da1b88}, {0x3d06910, 0x27f9c8fab960})
        	/tmp/b1-b2-followup/b1/dagql/cache_persistence_self.go:119 +0x257
        github.com/dagger/dagger/dagql.(*Cache).persistResultEnvelope(0x27f9c8da1b88, {0x3cd26a8?, 0x27f9c8f93ad0?}, 0x27f9c84dd500)
        	/tmp/b1-b2-followup/b1/dagql/cache_persistence_worker.go:519 +0x2c8
        github.com/dagger/dagger/dagql.(*Cache).snapshotPersistState(_, {_, _})
        	/tmp/b1-b2-followup/b1/dagql/cache_persistence_worker.go:248 +0x2006
        github.com/dagger/dagger/dagql.(*Cache).persistCurrentState(0x27f9c8da1b88, {0x3cd26a8, 0x27f9c8f93ad0})
        	/tmp/b1-b2-followup/b1/dagql/cache_persistence_worker.go:19 +0x9c
        github.com/dagger/dagger/dagql.(*Cache).Close.func1()
        	/tmp/b1-b2-followup/b1/dagql/cache.go:4348 +0x372
        sync.(*Once).doSlow(0x27f9c8f03f88?, 0x27f9c8f03fd0?)
        	/home/exedev/go/pkg/mod/golang.org/toolchain@v0.0.1-go1.26.6.linux-amd64/src/sync/once.go:78 +0xac
        sync.(*Once).Do(...)
        	/home/exedev/go/pkg/mod/golang.org/toolchain@v0.0.1-go1.26.6.linux-amd64/src/sync/once.go:69
        github.com/dagger/dagger/dagql.(*Cache).Close(0x27f9c8da1b88, {0x3cd26a8?, 0x27f9c8f93ad0?})
        	/tmp/b1-b2-followup/b1/dagql/cache.go:4333 +0x54
        github.com/dagger/dagger/core.TestContainerShutdownPersistenceWaitsForReader.func1.4()
        	/tmp/b1-b2-followup/b1/core/container_shutdown_persistence_test.go:104 +0x2e
        created by github.com/dagger/dagger/core.TestContainerShutdownPersistenceWaitsForReader.func1 in goroutine 1486
        	/tmp/b1-b2-followup/b1/core/container_shutdown_persistence_test.go:104 +0xd59
2026/09/16 09:13:17 INFO marking dagql cache clean shutdown
2026/09/16 09:13:17 WARN successfully marked clean shutdown in persistence metadata
2026/09/16 09:13:17 INFO completed dagql cache close successfully
2026/09/16 09:13:17 INFO discarding dagql cache without persistence hasSQLDB=true hasPersistDB=true
=== RUN   TestContainerShutdownPersistenceWaitsForReader/completed
2026/09/16 09:13:17 INFO start lazy group evaluation field=Container.withLabel group=metadata
2026/09/16 09:13:17 INFO end lazy group evaluation field=Container.withLabel group=metadata duration=29.88µs
2026/09/16 09:13:17 INFO start lazy group evaluation field=Container.withLabel group=fs
2026/09/16 09:13:17 INFO end lazy group evaluation field=Container.withLabel group=fs duration=6.87µs
2026/09/16 09:13:17 INFO start lazy group evaluation field=Container.withLabel group=execMeta
2026/09/16 09:13:17 INFO end lazy group evaluation field=Container.withLabel group=execMeta duration=7.72µs
2026/09/16 09:13:17 INFO starting dagql cache close hasSQLDB=true hasPersistDB=true
    container_shutdown_persistence_test.go:105: observed shutdown waiting for the read-only latch:
        goroutine 1653 [sync.Mutex.Lock]:
        internal/sync.runtime_SemacquireMutex(0x27f9c9195398?, 0x3f?, 0x31f2300?)
        	/home/exedev/go/pkg/mod/golang.org/toolchain@v0.0.1-go1.26.6.linux-amd64/src/runtime/sema.go:95 +0x25
        internal/sync.(*Mutex).lockSlow(0x27f9c88ecab8)
        	/home/exedev/go/pkg/mod/golang.org/toolchain@v0.0.1-go1.26.6.linux-amd64/src/internal/sync/mutex.go:149 +0x15d
        internal/sync.(*Mutex).Lock(...)
        	/home/exedev/go/pkg/mod/golang.org/toolchain@v0.0.1-go1.26.6.linux-amd64/src/internal/sync/mutex.go:70
        sync.(*Mutex).Lock(...)
        	/home/exedev/go/pkg/mod/golang.org/toolchain@v0.0.1-go1.26.6.linux-amd64/src/sync/mutex.go:46
        github.com/dagger/dagger/core.(*Container).lockForPersistence(0x34aa7a0?, 0x1)
        	/tmp/b1-b2-followup/b1/core/container_persistence.go:120 +0x106
        github.com/dagger/dagger/core.(*Container).EncodePersistedObject(0x27f9c87b2588, {0x3cd26a8, 0x27f9c88942a0}, 0x27f9c884e0c0)
        	/tmp/b1-b2-followup/b1/core/container_persistence.go:46 +0x9d
        github.com/dagger/dagger/dagql.encodePersistedResultEnvelope({0x3cd26a8, 0x27f9c88942a0}, 0x27f9c884e0c0, {0x3d06910, 0x27f9c8ef20b0}, 0x1)
        	/tmp/b1-b2-followup/b1/dagql/cache_persistence_self.go:188 +0x542
        github.com/dagger/dagger/dagql.defaultPersistedSelfCodec.EncodeResult({}, {0x3cd26a8, 0x27f9c88942a0}, {0x3c990a0, 0x27f9c89c22c8}, {0x3d06910, 0x27f9c8ef20b0})
        	/tmp/b1-b2-followup/b1/dagql/cache_persistence_self.go:119 +0x257
        github.com/dagger/dagger/dagql.(*Cache).persistResultEnvelope(0x27f9c89c22c8, {0x3cd26a8?, 0x27f9c88b9470?}, 0x27f9c84dc100)
        	/tmp/b1-b2-followup/b1/dagql/cache_persistence_worker.go:519 +0x2c8
        github.com/dagger/dagger/dagql.(*Cache).snapshotPersistState(_, {_, _})
        	/tmp/b1-b2-followup/b1/dagql/cache_persistence_worker.go:248 +0x2006
        github.com/dagger/dagger/dagql.(*Cache).persistCurrentState(0x27f9c89c22c8, {0x3cd26a8, 0x27f9c88b9470})
        	/tmp/b1-b2-followup/b1/dagql/cache_persistence_worker.go:19 +0x9c
        github.com/dagger/dagger/dagql.(*Cache).Close.func1()
        	/tmp/b1-b2-followup/b1/dagql/cache.go:4348 +0x372
        sync.(*Once).doSlow(0x0?, 0x0?)
        	/home/exedev/go/pkg/mod/golang.org/toolchain@v0.0.1-go1.26.6.linux-amd64/src/sync/once.go:78 +0xac
        sync.(*Once).Do(...)
        	/home/exedev/go/pkg/mod/golang.org/toolchain@v0.0.1-go1.26.6.linux-amd64/src/sync/once.go:69
        github.com/dagger/dagger/dagql.(*Cache).Close(0x27f9c89c22c8, {0x3cd26a8?, 0x27f9c88b9470?})
        	/tmp/b1-b2-followup/b1/dagql/cache.go:4333 +0x54
        github.com/dagger/dagger/core.TestContainerShutdownPersistenceWaitsForReader.func1.4()
        	/tmp/b1-b2-followup/b1/core/container_shutdown_persistence_test.go:104 +0x2e
        created by github.com/dagger/dagger/core.TestContainerShutdownPersistenceWaitsForReader.func1 in goroutine 1618
        	/tmp/b1-b2-followup/b1/core/container_shutdown_persistence_test.go:104 +0xd59
2026/09/16 09:13:17 INFO marking dagql cache clean shutdown
2026/09/16 09:13:17 WARN successfully marked clean shutdown in persistence metadata
2026/09/16 09:13:17 INFO completed dagql cache close successfully
2026/09/16 09:13:17 INFO discarding dagql cache without persistence hasSQLDB=true hasPersistDB=true
--- PASS: TestContainerShutdownPersistenceWaitsForReader (0.03s)
    --- PASS: TestContainerShutdownPersistenceWaitsForReader/pending (0.02s)
    --- PASS: TestContainerShutdownPersistenceWaitsForReader/completed (0.02s)
=== RUN   TestIsKnownDockerfileSyntaxFrontend
=== PAUSE TestIsKnownDockerfileSyntaxFrontend
=== RUN   TestIsKnownDockerfileSyntaxFrontendUnknown
=== PAUSE TestIsKnownDockerfileSyntaxFrontendUnknown
=== RUN   TestAroundFuncRoutesPayloadsBeforeSpanDeduplication
--- PASS: TestAroundFuncRoutesPayloadsBeforeSpanDeduplication (0.00s)
=== RUN   TestAroundFuncLogsOnlyPayloadsMissingFromSpans
2026/09/16 09:13:17 INFO start call field=Void.agent digest=xxh3:61c2befaf9462852
2026/09/16 09:13:17 INFO end call field=Void.agent cached=false digest=xxh3:61c2befaf9462852
--- PASS: TestAroundFuncLogsOnlyPayloadsMissingFromSpans (0.00s)
=== RUN   TestRecordCallPayloadsEmitsTransitiveClosure
--- PASS: TestRecordCallPayloadsEmitsTransitiveClosure (0.00s)
=== RUN   TestRecordCallPayloadsSkipsFramesDeliveredBySpans
--- PASS: TestRecordCallPayloadsSkipsFramesDeliveredBySpans (0.00s)
=== RUN   TestRecordCallPayloadsDedupesPerDeliveryDomain
--- PASS: TestRecordCallPayloadsDedupesPerDeliveryDomain (0.00s)
=== RUN   TestRecordCallPayloadsRequiresSeenKeyStore
--- PASS: TestRecordCallPayloadsRequiresSeenKeyStore (0.00s)
=== RUN   TestCopyAttemptUnpackNonArchiveSingleFileDestDirHintCreatesDestDir
=== PAUSE TestCopyAttemptUnpackNonArchiveSingleFileDestDirHintCreatesDestDir
=== RUN   TestCopyAttemptUnpackNonArchiveSingleFileNoDestDirHintCopiesToExactPath
=== PAUSE TestCopyAttemptUnpackNonArchiveSingleFileNoDestDirHintCopiesToExactPath
=== RUN   TestLayercopyModePreservesSpecialPermissionBits
=== RUN   TestLayercopyModePreservesSpecialPermissionBits/setgid
=== RUN   TestLayercopyModePreservesSpecialPermissionBits/sticky
=== RUN   TestLayercopyModePreservesSpecialPermissionBits/all
=== RUN   TestLayercopyModePreservesSpecialPermissionBits/setuid
--- PASS: TestLayercopyModePreservesSpecialPermissionBits (0.00s)
    --- PASS: TestLayercopyModePreservesSpecialPermissionBits/setgid (0.00s)
    --- PASS: TestLayercopyModePreservesSpecialPermissionBits/sticky (0.00s)
    --- PASS: TestLayercopyModePreservesSpecialPermissionBits/all (0.00s)
    --- PASS: TestLayercopyModePreservesSpecialPermissionBits/setuid (0.00s)
=== RUN   TestConvertRejectToMarkers
=== RUN   TestConvertRejectToMarkers/rejected_hunk_becomes_a_marker_block_at_its_old_position
=== RUN   TestConvertRejectToMarkers/multiple_hunks_insert_bottom-up_without_shifting
=== RUN   TestConvertRejectToMarkers/hunk_position_past_end_of_file_clamps_to_end
=== RUN   TestConvertRejectToMarkers/missing_target_file_gets_created_with_the_marker_block
--- PASS: TestConvertRejectToMarkers (0.00s)
    --- PASS: TestConvertRejectToMarkers/rejected_hunk_becomes_a_marker_block_at_its_old_position (0.00s)
    --- PASS: TestConvertRejectToMarkers/multiple_hunks_insert_bottom-up_without_shifting (0.00s)
    --- PASS: TestConvertRejectToMarkers/hunk_position_past_end_of_file_clamps_to_end (0.00s)
    --- PASS: TestConvertRejectToMarkers/missing_target_file_gets_created_with_the_marker_block (0.00s)
=== RUN   TestFindRejectFiles
--- PASS: TestFindRejectFiles (0.00s)
=== RUN   TestApplyGitPatchLeaveMarkers
=== RUN   TestApplyGitPatchLeaveMarkers/a_rejected_hunk_becomes_conflict_markers
=== RUN   TestApplyGitPatchLeaveMarkers/a_file_that_cannot_be_patched_at_all_fails
--- PASS: TestApplyGitPatchLeaveMarkers (0.01s)
    --- PASS: TestApplyGitPatchLeaveMarkers/a_rejected_hunk_becomes_conflict_markers (0.00s)
    --- PASS: TestApplyGitPatchLeaveMarkers/a_file_that_cannot_be_patched_at_all_fails (0.00s)
=== RUN   TestWholeFileApplyErrors
--- PASS: TestWholeFileApplyErrors (0.00s)
=== RUN   TestHTTPCompletedProducerEvaluate
=== RUN   TestHTTPCompletedProducerEvaluate/equal
2026/09/16 09:13:17 INFO start lazy evaluation field=HTTPState._resolve
2026/09/16 09:13:17 INFO end lazy evaluation field=HTTPState._resolve duration=18.496232ms
=== RUN   TestHTTPCompletedProducerEvaluate/changed_timestamp
2026/09/16 09:13:17 INFO start lazy evaluation field=HTTPState._resolve
2026/09/16 09:13:17 INFO end lazy evaluation field=HTTPState._resolve duration=7.170763ms
=== RUN   TestHTTPCompletedProducerEvaluate/invalid_timestamp
2026/09/16 09:13:17 INFO start lazy evaluation field=HTTPState._resolve
2026/09/16 09:13:17 INFO end lazy evaluation field=HTTPState._resolve duration=6.474343ms
=== RUN   TestHTTPCompletedProducerEvaluate/empty_checksum
2026/09/16 09:13:17 INFO start lazy evaluation field=HTTPState._resolve
2026/09/16 09:13:17 INFO end lazy evaluation field=HTTPState._resolve duration=6.012884ms
=== RUN   TestHTTPCompletedProducerEvaluate/checksum
2026/09/16 09:13:17 INFO start lazy evaluation field=HTTPState._resolve
2026/09/16 09:13:17 INFO end lazy evaluation field=HTTPState._resolve duration=6.275794ms
=== RUN   TestHTTPCompletedProducerEvaluate/changed_body
2026/09/16 09:13:17 INFO start lazy evaluation field=HTTPState._resolve
2026/09/16 09:13:17 INFO end lazy evaluation field=HTTPState._resolve duration=6.173084ms err="HTTP File producer body mismatch: recorded sha256:d81c55f49c5bb0d36bc11e3966ec4efab66f8dfefbbc1761161ca9d230e5466a, fetched sha256:d67e2e944994496c8d8ec76eed0cf9f09679448d584b532bebf941852a37f5ed"
=== RUN   TestHTTPCompletedProducerEvaluate/checksum_mismatch
2026/09/16 09:13:17 INFO start lazy evaluation field=HTTPState._resolve
2026/09/16 09:13:17 INFO end lazy evaluation field=HTTPState._resolve duration=4.279716ms err="http checksum mismatch: expected sha256:d81c55f49c5bb0d36bc11e3966ec4efab66f8dfefbbc1761161ca9d230e5466a, got sha256:d67e2e944994496c8d8ec76eed0cf9f09679448d584b532bebf941852a37f5ed"
=== RUN   TestHTTPCompletedProducerEvaluate/bad_checksum
2026/09/16 09:13:17 INFO start lazy evaluation field=HTTPState._resolve
2026/09/16 09:13:17 INFO end lazy evaluation field=HTTPState._resolve duration=36µs err="invalid checksum \"invalid\": invalid checksum digest format"
=== RUN   TestHTTPCompletedProducerEvaluate/status
2026/09/16 09:13:17 INFO start lazy evaluation field=HTTPState._resolve
2026/09/16 09:13:17 INFO end lazy evaluation field=HTTPState._resolve duration=658.42µs err="invalid response status 500 Internal Server Error"
=== RUN   TestHTTPCompletedProducerEvaluate/partial
2026/09/16 09:13:17 INFO start lazy evaluation field=HTTPState._resolve
2026/09/16 09:13:17 INFO end lazy evaluation field=HTTPState._resolve duration=16.792624ms
=== RUN   TestHTTPCompletedProducerEvaluate/not_modified
2026/09/16 09:13:17 INFO start lazy evaluation field=HTTPState._resolve
2026/09/16 09:13:17 INFO end lazy evaluation field=HTTPState._resolve duration=15.892725ms err="HTTP File producer body mismatch: recorded sha256:d81c55f49c5bb0d36bc11e3966ec4efab66f8dfefbbc1761161ca9d230e5466a, fetched sha256:e3b0c44298fc1c149afbf4c8996fb92427ae41e4649b934ca495991b7852b855"
=== RUN   TestHTTPCompletedProducerEvaluate/no_content
2026/09/16 09:13:17 INFO start lazy evaluation field=HTTPState._resolve
2026/09/16 09:13:17 INFO end lazy evaluation field=HTTPState._resolve duration=11.712368ms err="HTTP File producer body mismatch: recorded sha256:d81c55f49c5bb0d36bc11e3966ec4efab66f8dfefbbc1761161ca9d230e5466a, fetched sha256:e3b0c44298fc1c149afbf4c8996fb92427ae41e4649b934ca495991b7852b855"
2026/09/16 09:13:17 INFO start lazy evaluation field=HTTPState._resolve
2026/09/16 09:13:17 INFO end lazy evaluation field=HTTPState._resolve duration=8.351552ms
2026/09/16 09:13:17 INFO start lazy evaluation field=HTTPState._resolve
2026/09/16 09:13:17 INFO end lazy evaluation field=HTTPState._resolve duration=8.530762ms
=== RUN   TestHTTPCompletedProducerEvaluate/transport
2026/09/16 09:13:17 INFO start lazy evaluation field=HTTPState._resolve
2026/09/16 09:13:17 INFO end lazy evaluation field=HTTPState._resolve duration=283.62µs err="Get \"http://127.0.0.1:1\": dial tcp 127.0.0.1:1: connect: connection refused"
=== RUN   TestHTTPCompletedProducerEvaluate/canceled
2026/09/16 09:13:17 INFO start lazy evaluation field=HTTPState._resolve
2026/09/16 09:13:17 INFO end lazy evaluation field=HTTPState._resolve duration=70.76µs err="Get \"http://127.0.0.1:1\": context canceled"
2026/09/16 09:13:17 INFO discarding dagql cache without persistence hasSQLDB=false hasPersistDB=false
--- PASS: TestHTTPCompletedProducerEvaluate (0.20s)
    --- PASS: TestHTTPCompletedProducerEvaluate/equal (0.03s)
    --- PASS: TestHTTPCompletedProducerEvaluate/changed_timestamp (0.02s)
    --- PASS: TestHTTPCompletedProducerEvaluate/invalid_timestamp (0.01s)
    --- PASS: TestHTTPCompletedProducerEvaluate/empty_checksum (0.01s)
    --- PASS: TestHTTPCompletedProducerEvaluate/checksum (0.02s)
    --- PASS: TestHTTPCompletedProducerEvaluate/changed_body (0.01s)
    --- PASS: TestHTTPCompletedProducerEvaluate/checksum_mismatch (0.00s)
    --- PASS: TestHTTPCompletedProducerEvaluate/bad_checksum (0.00s)
    --- PASS: TestHTTPCompletedProducerEvaluate/status (0.00s)
    --- PASS: TestHTTPCompletedProducerEvaluate/partial (0.03s)
    --- PASS: TestHTTPCompletedProducerEvaluate/not_modified (0.02s)
    --- PASS: TestHTTPCompletedProducerEvaluate/no_content (0.01s)
    --- PASS: TestHTTPCompletedProducerEvaluate/transport (0.00s)
    --- PASS: TestHTTPCompletedProducerEvaluate/canceled (0.00s)
=== RUN   TestHTTPProducerWriter
=== RUN   TestHTTPProducerWriter/data.txt/0
2026/09/16 09:13:17 INFO start lazy evaluation field=HTTPState._resolve
2026/09/16 09:13:17 INFO end lazy evaluation field=HTTPState._resolve duration=6.215183ms
=== RUN   TestHTTPProducerWriter/data.txt/600
2026/09/16 09:13:17 INFO start lazy evaluation field=HTTPState._resolve
2026/09/16 09:13:17 INFO end lazy evaluation field=HTTPState._resolve duration=4.847085ms
=== RUN   TestHTTPProducerWriter/data.txt/644
2026/09/16 09:13:17 INFO start lazy evaluation field=HTTPState._resolve
2026/09/16 09:13:17 INFO end lazy evaluation field=HTTPState._resolve duration=8.003302ms
=== RUN   TestHTTPProducerWriter/data.txt/755
2026/09/16 09:13:17 INFO start lazy evaluation field=HTTPState._resolve
2026/09/16 09:13:17 INFO end lazy evaluation field=HTTPState._resolve duration=6.122204ms
=== RUN   TestHTTPProducerWriter//data.txt/0
2026/09/16 09:13:17 INFO start lazy evaluation field=HTTPState._resolve
2026/09/16 09:13:17 INFO end lazy evaluation field=HTTPState._resolve duration=6.896413ms
=== RUN   TestHTTPProducerWriter//data.txt/600
2026/09/16 09:13:17 INFO start lazy evaluation field=HTTPState._resolve
2026/09/16 09:13:17 INFO end lazy evaluation field=HTTPState._resolve duration=8.067292ms
=== RUN   TestHTTPProducerWriter//data.txt/644
2026/09/16 09:13:17 INFO start lazy evaluation field=HTTPState._resolve
2026/09/16 09:13:17 INFO end lazy evaluation field=HTTPState._resolve duration=6.689723ms
=== RUN   TestHTTPProducerWriter//data.txt/755
2026/09/16 09:13:17 INFO start lazy evaluation field=HTTPState._resolve
2026/09/16 09:13:17 INFO end lazy evaluation field=HTTPState._resolve duration=7.435763ms
=== RUN   TestHTTPProducerWriter/../data.txt/0
2026/09/16 09:13:17 INFO start lazy evaluation field=HTTPState._resolve
2026/09/16 09:13:17 INFO end lazy evaluation field=HTTPState._resolve duration=7.482942ms
=== RUN   TestHTTPProducerWriter/../data.txt/600
2026/09/16 09:13:18 INFO start lazy evaluation field=HTTPState._resolve
2026/09/16 09:13:18 INFO end lazy evaluation field=HTTPState._resolve duration=7.489713ms
=== RUN   TestHTTPProducerWriter/../data.txt/644
2026/09/16 09:13:18 INFO start lazy evaluation field=HTTPState._resolve
2026/09/16 09:13:18 INFO end lazy evaluation field=HTTPState._resolve duration=8.952921ms
=== RUN   TestHTTPProducerWriter/../data.txt/755
2026/09/16 09:13:18 INFO start lazy evaluation field=HTTPState._resolve
2026/09/16 09:13:18 INFO end lazy evaluation field=HTTPState._resolve duration=9.634341ms
=== RUN   TestHTTPProducerWriter/a/../data.txt/0
2026/09/16 09:13:18 INFO start lazy evaluation field=HTTPState._resolve
2026/09/16 09:13:18 INFO end lazy evaluation field=HTTPState._resolve duration=6.798944ms
=== RUN   TestHTTPProducerWriter/a/../data.txt/600
2026/09/16 09:13:18 INFO start lazy evaluation field=HTTPState._resolve
2026/09/16 09:13:18 INFO end lazy evaluation field=HTTPState._resolve duration=7.578233ms
=== RUN   TestHTTPProducerWriter/a/../data.txt/644
2026/09/16 09:13:18 INFO start lazy evaluation field=HTTPState._resolve
2026/09/16 09:13:18 INFO end lazy evaluation field=HTTPState._resolve duration=7.397322ms
=== RUN   TestHTTPProducerWriter/a/../data.txt/755
2026/09/16 09:13:18 INFO start lazy evaluation field=HTTPState._resolve
2026/09/16 09:13:18 INFO end lazy evaluation field=HTTPState._resolve duration=6.898154ms
=== RUN   TestHTTPProducerWriter/./data.txt/0
2026/09/16 09:13:18 INFO start lazy evaluation field=HTTPState._resolve
2026/09/16 09:13:18 INFO end lazy evaluation field=HTTPState._resolve duration=7.785463ms
=== RUN   TestHTTPProducerWriter/./data.txt/600
2026/09/16 09:13:18 INFO start lazy evaluation field=HTTPState._resolve
2026/09/16 09:13:18 INFO end lazy evaluation field=HTTPState._resolve duration=7.670222ms
=== RUN   TestHTTPProducerWriter/./data.txt/644
2026/09/16 09:13:18 INFO start lazy evaluation field=HTTPState._resolve
2026/09/16 09:13:18 INFO end lazy evaluation field=HTTPState._resolve duration=7.884202ms
=== RUN   TestHTTPProducerWriter/./data.txt/755
2026/09/16 09:13:18 INFO start lazy evaluation field=HTTPState._resolve
2026/09/16 09:13:18 INFO end lazy evaluation field=HTTPState._resolve duration=7.243233ms
=== RUN   TestHTTPProducerWriter/sub/data.txt/0
2026/09/16 09:13:18 INFO start lazy evaluation field=HTTPState._resolve
2026/09/16 09:13:18 INFO end lazy evaluation field=HTTPState._resolve duration=4.831845ms err="file write failed: open /sub/data.txt: no such file or directory"
=== RUN   TestHTTPProducerWriter/sub/data.txt/600
2026/09/16 09:13:18 INFO start lazy evaluation field=HTTPState._resolve
2026/09/16 09:13:18 INFO end lazy evaluation field=HTTPState._resolve duration=4.138206ms err="file write failed: open /sub/data.txt: no such file or directory"
=== RUN   TestHTTPProducerWriter/sub/data.txt/644
2026/09/16 09:13:18 INFO start lazy evaluation field=HTTPState._resolve
2026/09/16 09:13:18 INFO end lazy evaluation field=HTTPState._resolve duration=4.439805ms err="file write failed: open /sub/data.txt: no such file or directory"
=== RUN   TestHTTPProducerWriter/sub/data.txt/755
2026/09/16 09:13:18 INFO start lazy evaluation field=HTTPState._resolve
2026/09/16 09:13:18 INFO end lazy evaluation field=HTTPState._resolve duration=4.983055ms err="file write failed: open /sub/data.txt: no such file or directory"
=== RUN   TestHTTPProducerWriter/restrictive_umask
2026/09/16 09:13:18 INFO start lazy evaluation field=HTTPState._resolve
2026/09/16 09:13:18 INFO end lazy evaluation field=HTTPState._resolve duration=7.168703ms
=== RUN   TestHTTPProducerWriter/public_eager_layout
2026/09/16 09:13:18 INFO discarding dagql cache without persistence hasSQLDB=false hasPersistDB=false
--- PASS: TestHTTPProducerWriter (1.04s)
    --- PASS: TestHTTPProducerWriter/data.txt/0 (0.04s)
    --- PASS: TestHTTPProducerWriter/data.txt/600 (0.03s)
    --- PASS: TestHTTPProducerWriter/data.txt/644 (0.04s)
    --- PASS: TestHTTPProducerWriter/data.txt/755 (0.04s)
    --- PASS: TestHTTPProducerWriter//data.txt/0 (0.05s)
    --- PASS: TestHTTPProducerWriter//data.txt/600 (0.04s)
    --- PASS: TestHTTPProducerWriter//data.txt/644 (0.04s)
    --- PASS: TestHTTPProducerWriter//data.txt/755 (0.04s)
    --- PASS: TestHTTPProducerWriter/../data.txt/0 (0.04s)
    --- PASS: TestHTTPProducerWriter/../data.txt/600 (0.04s)
    --- PASS: TestHTTPProducerWriter/../data.txt/644 (0.04s)
    --- PASS: TestHTTPProducerWriter/../data.txt/755 (0.05s)
    --- PASS: TestHTTPProducerWriter/a/../data.txt/0 (0.04s)
    --- PASS: TestHTTPProducerWriter/a/../data.txt/600 (0.04s)
    --- PASS: TestHTTPProducerWriter/a/../data.txt/644 (0.04s)
    --- PASS: TestHTTPProducerWriter/a/../data.txt/755 (0.04s)
    --- PASS: TestHTTPProducerWriter/./data.txt/0 (0.04s)
    --- PASS: TestHTTPProducerWriter/./data.txt/600 (0.04s)
    --- PASS: TestHTTPProducerWriter/./data.txt/644 (0.04s)
    --- PASS: TestHTTPProducerWriter/./data.txt/755 (0.04s)
    --- PASS: TestHTTPProducerWriter/sub/data.txt/0 (0.02s)
    --- PASS: TestHTTPProducerWriter/sub/data.txt/600 (0.02s)
    --- PASS: TestHTTPProducerWriter/sub/data.txt/644 (0.02s)
    --- PASS: TestHTTPProducerWriter/sub/data.txt/755 (0.02s)
    --- PASS: TestHTTPProducerWriter/restrictive_umask (0.02s)
    --- PASS: TestHTTPProducerWriter/public_eager_layout (0.09s)
=== RUN   TestHTTPProducerCleanup
=== RUN   TestHTTPProducerCleanup/copy
2026/09/16 09:13:18 INFO start lazy evaluation field=HTTPState._resolve
2026/09/16 09:13:18 INFO end lazy evaluation field=HTTPState._resolve duration=14.397846ms err="file write failed: unexpected EOF"
=== RUN   TestHTTPProducerCleanup/close
2026/09/16 09:13:18 INFO start lazy evaluation field=HTTPState._resolve
2026/09/16 09:13:18 INFO end lazy evaluation field=HTTPState._resolve duration=7.211812ms err="file write failed: close /data: bad file descriptor"
=== RUN   TestHTTPProducerCleanup/chmod
2026/09/16 09:13:18 INFO start lazy evaluation field=HTTPState._resolve
2026/09/16 09:13:18 INFO end lazy evaluation field=HTTPState._resolve duration=5.056185ms err="file write failed: chmod /data: no such file or directory"
=== RUN   TestHTTPProducerCleanup/timestamp
=== RUN   TestHTTPProducerCleanup/checksum
2026/09/16 09:13:18 INFO start lazy evaluation field=HTTPState._resolve
2026/09/16 09:13:18 INFO end lazy evaluation field=HTTPState._resolve duration=5.579244ms err="http checksum mismatch: expected sha256:d9298a10d1b0735837dc4bd85dac641b0f3cef27a47e5d53a54f2f3f5b2fcffa, got sha256:230d8358dc8e8890b4c58deeb62912ee2f20357ae92a5cc861b98e68fe31acb5"
=== RUN   TestHTTPProducerCleanup/commit
2026/09/16 09:13:18 INFO start lazy evaluation field=HTTPState._resolve
2026/09/16 09:13:18 INFO end lazy evaluation field=HTTPState._resolve duration=5.073205ms err="injected commit"
=== RUN   TestHTTPProducerCleanup/mount
2026/09/16 09:13:18 INFO start lazy evaluation field=HTTPState._resolve
2026/09/16 09:13:18 INFO end lazy evaluation field=HTTPState._resolve duration=3.563696ms err="file write failed: injected mount"
=== RUN   TestHTTPProducerCleanup/digest
2026/09/16 09:13:18 INFO start lazy evaluation field=HTTPState._resolve
2026/09/16 09:13:18 INFO end lazy evaluation field=HTTPState._resolve duration=6.454314ms err="HTTP File producer body mismatch: recorded sha256:d9298a10d1b0735837dc4bd85dac641b0f3cef27a47e5d53a54f2f3f5b2fcffa, fetched sha256:230d8358dc8e8890b4c58deeb62912ee2f20357ae92a5cc861b98e68fe31acb5"
=== RUN   TestHTTPProducerCleanup/move
2026/09/16 09:13:18 INFO start lazy evaluation field=HTTPState._resolve
2026/09/16 09:13:18 INFO end lazy evaluation field=HTTPState._resolve duration=6.305304ms err="producer receiver: File snapshot already installed"
=== RUN   TestHTTPProducerCleanup/success
2026/09/16 09:13:18 INFO start lazy evaluation field=HTTPState._resolve
2026/09/16 09:13:18 INFO end lazy evaluation field=HTTPState._resolve duration=6.355463ms
2026/09/16 09:13:18 INFO discarding dagql cache without persistence hasSQLDB=false hasPersistDB=false
--- PASS: TestHTTPProducerCleanup (0.23s)
    --- PASS: TestHTTPProducerCleanup/copy (0.01s)
    --- PASS: TestHTTPProducerCleanup/close (0.01s)
    --- PASS: TestHTTPProducerCleanup/chmod (0.01s)
    --- PASS: TestHTTPProducerCleanup/timestamp (0.16s)
    --- PASS: TestHTTPProducerCleanup/checksum (0.01s)
    --- PASS: TestHTTPProducerCleanup/commit (0.01s)
    --- PASS: TestHTTPProducerCleanup/mount (0.00s)
    --- PASS: TestHTTPProducerCleanup/digest (0.01s)
    --- PASS: TestHTTPProducerCleanup/move (0.01s)
    --- PASS: TestHTTPProducerCleanup/success (0.01s)
=== RUN   TestHTTPStateConcurrentResolveCapture
2026/09/16 09:13:18 INFO discarding dagql cache without persistence hasSQLDB=false hasPersistDB=false
--- PASS: TestHTTPStateConcurrentResolveCapture (0.06s)
=== RUN   TestStatelessHTTPProducerIsolation
2026/09/16 09:13:18 INFO start lazy evaluation field=HTTPState._resolve
2026/09/16 09:13:18 INFO end lazy evaluation field=HTTPState._resolve duration=10.22953ms
2026/09/16 09:13:19 INFO start lazy evaluation field=HTTPState._resolve
2026/09/16 09:13:19 INFO end lazy evaluation field=HTTPState._resolve duration=7.028893ms
2026/09/16 09:13:19 INFO discarding dagql cache without persistence hasSQLDB=false hasPersistDB=false
--- PASS: TestStatelessHTTPProducerIsolation (0.06s)
=== RUN   TestCompletedProducerConcurrentDemand
2026/09/16 09:13:19 INFO start lazy evaluation field=HTTPState._resolve
2026/09/16 09:13:19 INFO end lazy evaluation field=HTTPState._resolve duration=16.567454ms
2026/09/16 09:13:19 INFO start lazy evaluation field=HTTPState._resolve
2026/09/16 09:13:19 INFO end lazy evaluation field=HTTPState._resolve duration=7.186913ms
2026/09/16 09:13:19 INFO start lazy evaluation field=HTTPState._resolve
2026/09/16 09:13:19 INFO end lazy evaluation field=HTTPState._resolve duration=5.532055ms
2026/09/16 09:13:19 INFO discarding dagql cache without persistence hasSQLDB=false hasPersistDB=false
--- PASS: TestCompletedProducerConcurrentDemand (0.04s)
=== RUN   TestEagerProducerCodecs
=== RUN   TestEagerProducerCodecs/*core.DirectoryGitCleanedLazy
=== RUN   TestEagerProducerCodecs/*core.DirectoryGitBundleImportLazy
=== RUN   TestEagerProducerCodecs/*core.DirectoryGitTreeLazy
=== RUN   TestEagerProducerCodecs/*core.DirectoryGitCommitTreeLazy
=== RUN   TestEagerProducerCodecs/HTTP_scalars
=== RUN   TestEagerProducerCodecs/builtin_field_pairing
2026/09/16 09:13:19 INFO discarding dagql cache without persistence hasSQLDB=true hasPersistDB=true
2026/09/16 09:13:19 INFO discarding dagql cache without persistence hasSQLDB=true hasPersistDB=true
=== RUN   TestEagerProducerCodecs/exact_equivalent_input
=== RUN   TestEagerProducerCodecs/snapshot_without_producer
2026/09/16 09:13:19 INFO discarding dagql cache without persistence hasSQLDB=true hasPersistDB=true
--- PASS: TestEagerProducerCodecs (0.03s)
    --- PASS: TestEagerProducerCodecs/*core.DirectoryGitCleanedLazy (0.00s)
    --- PASS: TestEagerProducerCodecs/*core.DirectoryGitBundleImportLazy (0.00s)
    --- PASS: TestEagerProducerCodecs/*core.DirectoryGitTreeLazy (0.00s)
    --- PASS: TestEagerProducerCodecs/*core.DirectoryGitCommitTreeLazy (0.00s)
    --- PASS: TestEagerProducerCodecs/HTTP_scalars (0.00s)
    --- PASS: TestEagerProducerCodecs/builtin_field_pairing (0.02s)
    --- PASS: TestEagerProducerCodecs/exact_equivalent_input (0.00s)
    --- PASS: TestEagerProducerCodecs/snapshot_without_producer (0.00s)
=== RUN   TestEagerProducerRelocation
2026/09/16 09:13:19 INFO discarding dagql cache without persistence hasSQLDB=true hasPersistDB=true
--- PASS: TestEagerProducerRelocation (0.01s)
=== RUN   TestEagerProducerSaveReopen
2026/09/16 09:13:19 INFO starting dagql cache close hasSQLDB=true hasPersistDB=true
2026/09/16 09:13:19 INFO marking dagql cache clean shutdown
2026/09/16 09:13:19 WARN successfully marked clean shutdown in persistence metadata
2026/09/16 09:13:19 INFO completed dagql cache close successfully
2026/09/16 09:13:19 INFO starting dagql cache close hasSQLDB=true hasPersistDB=true
2026/09/16 09:13:19 INFO marking dagql cache clean shutdown
2026/09/16 09:13:19 WARN successfully marked clean shutdown in persistence metadata
2026/09/16 09:13:19 INFO completed dagql cache close successfully
2026/09/16 09:13:19 WARN failed to determine cache usage size resultID=3 usageIdentity=bundle-snapshot err="context canceled"
2026/09/16 09:13:19 WARN failed to determine cache usage size resultID=7 usageIdentity=saved-0 err="context canceled"
2026/09/16 09:13:19 WARN failed to determine cache usage size resultID=8 usageIdentity=saved-1 err="context canceled"
2026/09/16 09:13:19 WARN failed to determine cache usage size resultID=9 usageIdentity=saved-2 err="context canceled"
2026/09/16 09:13:19 WARN failed to determine cache usage size resultID=10 usageIdentity=saved-3 err="context canceled"
2026/09/16 09:13:19 WARN failed to determine cache usage size resultID=14 usageIdentity=saved-builtin err="context canceled"
2026/09/16 09:13:19 WARN failed to determine cache usage size resultID=12 usageIdentity=saved-http err="context canceled"
2026/09/16 09:13:19 WARN failed to determine cache usage size resultID=13 usageIdentity=saved-schema err="context canceled"
2026/09/16 09:13:19 WARN failed to determine cache usage size resultID=1 usageIdentity=source-snapshot err="context canceled"
2026/09/16 09:13:19 INFO dagql pruned result resultID=1 call=Query.source digest=xxh3:3c2e226aa6c269bf args=[] description=source measuredSizeBytes=0 reclaimedBytes=0
2026/09/16 09:13:19 INFO dagql pruned result resultID=3 call=Query.bundle-file digest=xxh3:1b1051a7f010896c args=[] description=bundle-file measuredSizeBytes=0 reclaimedBytes=0
2026/09/16 09:13:19 INFO dagql pruned result resultID=7 call=GitRepository.__cleaned digest=xxh3:b7e1bbcd4c596cf6 args=[] description=__cleaned measuredSizeBytes=0 reclaimedBytes=0
2026/09/16 09:13:19 INFO dagql pruned result resultID=2 call=Query.repo digest=xxh3:16dc6903e3f06350 args=[] description=repo measuredSizeBytes=0 reclaimedBytes=0
2026/09/16 09:13:19 INFO dagql pruned result resultID=4 call=Query.bundle digest=xxh3:3b4c0ba878b9d6c5 args=[] description=bundle measuredSizeBytes=0 reclaimedBytes=0
2026/09/16 09:13:19 INFO dagql pruned result resultID=8 call=GitRepository.__withBundleDirectory digest="" args="[bundle=result:4]" description=__withBundleDirectory measuredSizeBytes=0 reclaimedBytes=0
2026/09/16 09:13:19 INFO dagql pruned result resultID=5 call=Query.ref digest=xxh3:06409b9402fa5e16 args=[] description=ref measuredSizeBytes=0 reclaimedBytes=0
2026/09/16 09:13:19 INFO dagql pruned result resultID=9 call=GitRef.tree digest="" args=[] description=tree measuredSizeBytes=0 reclaimedBytes=0
2026/09/16 09:13:19 INFO dagql pruned result resultID=6 call=Query.commit digest=xxh3:87af3ded0e7b27f5 args=[] description=commit measuredSizeBytes=0 reclaimedBytes=0
2026/09/16 09:13:19 INFO dagql pruned result resultID=10 call=GitCommit.tree digest="" args=[] description=tree measuredSizeBytes=0 reclaimedBytes=0
2026/09/16 09:13:19 INFO dagql pruned result resultID=11 call=Query.saved-state digest=xxh3:13241ec1fd5393af args=[] description=saved-state measuredSizeBytes=0 reclaimedBytes=0
2026/09/16 09:13:19 INFO dagql pruned result resultID=12 call=HTTPState._resolve digest="" args=[] description=_resolve measuredSizeBytes=0 reclaimedBytes=0
2026/09/16 09:13:19 INFO dagql pruned result resultID=13 call=Query.saved-schema digest=xxh3:efe5f42da6ab32d9 args=[] description=saved-schema measuredSizeBytes=0 reclaimedBytes=0
2026/09/16 09:13:19 INFO dagql pruned result resultID=14 call=Query._builtinContainer digest=xxh3:60f5e1aac6746f44 args=[] description=_builtinContainer measuredSizeBytes=0 reclaimedBytes=0
2026/09/16 09:13:19 INFO discarding dagql cache without persistence hasSQLDB=true hasPersistDB=true
--- PASS: TestEagerProducerSaveReopen (0.03s)
=== RUN   TestError_Extensions
=== RUN   TestError_Extensions/simple_string_value
=== RUN   TestError_Extensions/number_value
=== RUN   TestError_Extensions/boolean_value
=== RUN   TestError_Extensions/null_value
=== RUN   TestError_Extensions/object_value
=== RUN   TestError_Extensions/array_value
=== RUN   TestError_Extensions/multiple_values
=== RUN   TestError_Extensions/empty_values
--- PASS: TestError_Extensions (0.00s)
    --- PASS: TestError_Extensions/simple_string_value (0.00s)
    --- PASS: TestError_Extensions/number_value (0.00s)
    --- PASS: TestError_Extensions/boolean_value (0.00s)
    --- PASS: TestError_Extensions/null_value (0.00s)
    --- PASS: TestError_Extensions/object_value (0.00s)
    --- PASS: TestError_Extensions/array_value (0.00s)
    --- PASS: TestError_Extensions/multiple_values (0.00s)
    --- PASS: TestError_Extensions/empty_values (0.00s)
=== RUN   TestError_Extensions_PreventDoubleEncoding
--- PASS: TestError_Extensions_PreventDoubleEncoding (0.00s)
=== RUN   TestFilesystemCompletedProducerPersistence
=== RUN   TestFilesystemCompletedProducerPersistence/Directory
2026/09/16 09:13:19 INFO start lazy evaluation field=Directory.directory
2026/09/16 09:13:19 INFO end lazy evaluation field=Directory.directory duration=80.53µs
2026/09/16 09:13:19 INFO starting dagql cache close hasSQLDB=true hasPersistDB=true
2026/09/16 09:13:19 INFO marking dagql cache clean shutdown
2026/09/16 09:13:19 WARN successfully marked clean shutdown in persistence metadata
2026/09/16 09:13:19 INFO completed dagql cache close successfully
2026/09/16 09:13:19 INFO start lazy evaluation field=Directory.restore
2026/09/16 09:13:19 INFO end lazy evaluation field=Directory.restore duration=58.72µs err="local snapshot unavailable"
2026/09/16 09:13:19 INFO start lazy evaluation field=Directory.restore
2026/09/16 09:13:19 INFO end lazy evaluation field=Directory.restore duration=19.36µs
2026/09/16 09:13:19 INFO discarding dagql cache without persistence hasSQLDB=true hasPersistDB=true
=== RUN   TestFilesystemCompletedProducerPersistence/File
2026/09/16 09:13:19 INFO start lazy evaluation field=File.file
2026/09/16 09:13:19 INFO end lazy evaluation field=File.file duration=91.6µs
2026/09/16 09:13:19 INFO starting dagql cache close hasSQLDB=true hasPersistDB=true
2026/09/16 09:13:19 INFO marking dagql cache clean shutdown
2026/09/16 09:13:19 WARN successfully marked clean shutdown in persistence metadata
2026/09/16 09:13:19 INFO completed dagql cache close successfully
2026/09/16 09:13:19 INFO start lazy evaluation field=File.restore
2026/09/16 09:13:19 INFO end lazy evaluation field=File.restore duration=60.93µs err="local snapshot unavailable"
2026/09/16 09:13:19 INFO start lazy evaluation field=File.restore
2026/09/16 09:13:19 INFO end lazy evaluation field=File.restore duration=20.83µs
2026/09/16 09:13:19 INFO discarding dagql cache without persistence hasSQLDB=true hasPersistDB=true
=== RUN   TestFilesystemCompletedProducerPersistence/Container.rootfs
2026/09/16 09:13:19 INFO start lazy evaluation field=Container.rootfs
2026/09/16 09:13:19 INFO end lazy evaluation field=Container.rootfs duration=43.04µs
2026/09/16 09:13:19 INFO starting dagql cache close hasSQLDB=true hasPersistDB=true
2026/09/16 09:13:19 INFO marking dagql cache clean shutdown
2026/09/16 09:13:19 WARN successfully marked clean shutdown in persistence metadata
2026/09/16 09:13:19 INFO completed dagql cache close successfully
2026/09/16 09:13:19 INFO start lazy evaluation field=Directory.restore
2026/09/16 09:13:19 INFO end lazy evaluation field=Directory.restore duration=39.599µs err="local snapshot unavailable"
2026/09/16 09:13:19 INFO start lazy evaluation field=Directory.restore
2026/09/16 09:13:19 INFO end lazy evaluation field=Directory.restore duration=19.98µs
2026/09/16 09:13:19 INFO discarding dagql cache without persistence hasSQLDB=true hasPersistDB=true
--- PASS: TestFilesystemCompletedProducerPersistence (0.04s)
    --- PASS: TestFilesystemCompletedProducerPersistence/Directory (0.01s)
    --- PASS: TestFilesystemCompletedProducerPersistence/File (0.02s)
    --- PASS: TestFilesystemCompletedProducerPersistence/Container.rootfs (0.01s)
=== RUN   TestModuleLoadFailureRegenerated
=== PAUSE TestModuleLoadFailureRegenerated
=== RUN   TestResolveGitBundleTargetPreservesAnnotatedTag
--- PASS: TestResolveGitBundleTargetPreservesAnnotatedTag (0.00s)
=== RUN   TestParseGitBundleHeader
=== RUN   TestParseGitBundleHeader/version_2
=== RUN   TestParseGitBundleHeader/version_3_sha256_with_prerequisite
=== RUN   TestParseGitBundleHeader/unsupported_capability
=== RUN   TestParseGitBundleHeader/missing_ref_name
=== RUN   TestParseGitBundleHeader/bad_signature
=== RUN   TestParseGitBundleHeader/bad_object_id
=== RUN   TestParseGitBundleHeader/bad_object_format
=== RUN   TestParseGitBundleHeader/duplicate_ref
=== RUN   TestParseGitBundleHeader/late_capability
=== RUN   TestParseGitBundleHeader/duplicate_capability
=== RUN   TestParseGitBundleHeader/truncated_header
=== RUN   TestParseGitBundleHeader/no_refs
=== RUN   TestParseGitBundleHeader/v2_with_capability
--- PASS: TestParseGitBundleHeader (0.00s)
    --- PASS: TestParseGitBundleHeader/version_2 (0.00s)
    --- PASS: TestParseGitBundleHeader/version_3_sha256_with_prerequisite (0.00s)
    --- PASS: TestParseGitBundleHeader/unsupported_capability (0.00s)
    --- PASS: TestParseGitBundleHeader/missing_ref_name (0.00s)
    --- PASS: TestParseGitBundleHeader/bad_signature (0.00s)
    --- PASS: TestParseGitBundleHeader/bad_object_id (0.00s)
    --- PASS: TestParseGitBundleHeader/bad_object_format (0.00s)
    --- PASS: TestParseGitBundleHeader/duplicate_ref (0.00s)
    --- PASS: TestParseGitBundleHeader/late_capability (0.00s)
    --- PASS: TestParseGitBundleHeader/duplicate_capability (0.00s)
    --- PASS: TestParseGitBundleHeader/truncated_header (0.00s)
    --- PASS: TestParseGitBundleHeader/no_refs (0.00s)
    --- PASS: TestParseGitBundleHeader/v2_with_capability (0.00s)
=== RUN   TestParseGitBundleHeaderRefLimit
--- PASS: TestParseGitBundleHeaderRefLimit (0.00s)
=== RUN   TestInspectGitBundleFileSafeguards
=== RUN   TestInspectGitBundleFileSafeguards/valid_envelope
=== RUN   TestInspectGitBundleFileSafeguards/truncated
=== RUN   TestInspectGitBundleFileSafeguards/corrupt
=== RUN   TestInspectGitBundleFileSafeguards/object_count
=== RUN   TestInspectGitBundleFileSafeguards/file_size
--- PASS: TestInspectGitBundleFileSafeguards (0.00s)
    --- PASS: TestInspectGitBundleFileSafeguards/valid_envelope (0.00s)
    --- PASS: TestInspectGitBundleFileSafeguards/truncated (0.00s)
    --- PASS: TestInspectGitBundleFileSafeguards/corrupt (0.00s)
    --- PASS: TestInspectGitBundleFileSafeguards/object_count (0.00s)
    --- PASS: TestInspectGitBundleFileSafeguards/file_size (0.00s)
=== RUN   TestParseGitCommitMetadata
--- PASS: TestParseGitCommitMetadata (0.00s)
=== RUN   TestParseGitCommitMetadataLenientTimezone
--- PASS: TestParseGitCommitMetadataLenientTimezone (0.00s)
=== RUN   TestParseGitTimezoneOffset
--- PASS: TestParseGitTimezoneOffset (0.00s)
=== RUN   TestGitCompletedProducersEvaluate
2026/09/16 09:13:19 INFO start lazy evaluation field=GitRepository.__cleaned
2026/09/16 09:13:19 INFO end lazy evaluation field=GitRepository.__cleaned duration=21.727379ms
=== RUN   TestGitCompletedProducersEvaluate/false-false-false
2026/09/16 09:13:19 INFO start lazy evaluation field=GitRef.tree
2026/09/16 09:13:19 INFO end lazy evaluation field=GitRef.tree duration=95.082467ms
=== RUN   TestGitCompletedProducersEvaluate/false-false-true
2026/09/16 09:13:19 INFO start lazy evaluation field=GitCommit.tree
2026/09/16 09:13:19 INFO end lazy evaluation field=GitCommit.tree duration=95.366937ms
=== RUN   TestGitCompletedProducersEvaluate/false-true-false
2026/09/16 09:13:19 INFO start lazy evaluation field=GitRef.tree
2026/09/16 09:13:20 INFO end lazy evaluation field=GitRef.tree duration=93.264359ms
=== RUN   TestGitCompletedProducersEvaluate/false-true-true
2026/09/16 09:13:20 INFO start lazy evaluation field=GitCommit.tree
2026/09/16 09:13:20 INFO end lazy evaluation field=GitCommit.tree duration=90.043152ms
=== RUN   TestGitCompletedProducersEvaluate/true-false-false
2026/09/16 09:13:20 INFO start lazy evaluation field=GitRef.tree
2026/09/16 09:13:20 INFO end lazy evaluation field=GitRef.tree duration=93.476578ms
=== RUN   TestGitCompletedProducersEvaluate/true-false-true
2026/09/16 09:13:20 INFO start lazy evaluation field=GitCommit.tree
2026/09/16 09:13:20 INFO end lazy evaluation field=GitCommit.tree duration=92.95564ms
=== RUN   TestGitCompletedProducersEvaluate/true-true-false
2026/09/16 09:13:20 INFO start lazy evaluation field=GitRef.tree
2026/09/16 09:13:20 INFO end lazy evaluation field=GitRef.tree duration=94.711638ms
=== RUN   TestGitCompletedProducersEvaluate/true-true-true
2026/09/16 09:13:21 INFO start lazy evaluation field=GitCommit.tree
2026/09/16 09:13:21 INFO end lazy evaluation field=GitCommit.tree duration=96.875756ms
2026/09/16 09:13:21 INFO start lazy evaluation field=GitRepository.__cleaned
2026/09/16 09:13:21 INFO end lazy evaluation field=GitRepository.__cleaned duration=11.352188ms err="git cleaned producer: saved input has no worktree"
2026/09/16 09:13:21 INFO discarding dagql cache without persistence hasSQLDB=false hasPersistDB=false
--- PASS: TestGitCompletedProducersEvaluate (2.06s)
    --- PASS: TestGitCompletedProducersEvaluate/false-false-false (0.22s)
    --- PASS: TestGitCompletedProducersEvaluate/false-false-true (0.23s)
    --- PASS: TestGitCompletedProducersEvaluate/false-true-false (0.22s)
    --- PASS: TestGitCompletedProducersEvaluate/false-true-true (0.21s)
    --- PASS: TestGitCompletedProducersEvaluate/true-false-false (0.23s)
    --- PASS: TestGitCompletedProducersEvaluate/true-false-true (0.23s)
    --- PASS: TestGitCompletedProducersEvaluate/true-true-false (0.23s)
    --- PASS: TestGitCompletedProducersEvaluate/true-true-true (0.23s)
=== RUN   TestGitCompletedProducersRemoteEvaluate
2026/09/16 09:13:21 INFO start lazy evaluation field=GitRef.tree
2026/09/16 09:13:21 INFO end lazy evaluation field=GitRef.tree duration=270.469296ms
2026/09/16 09:13:21 INFO start lazy evaluation field=GitCommit.tree
2026/09/16 09:13:21 INFO end lazy evaluation field=GitCommit.tree duration=203.587432ms
2026/09/16 09:13:22 INFO discarding dagql cache without persistence hasSQLDB=false hasPersistDB=false
--- PASS: TestGitCompletedProducersRemoteEvaluate (0.79s)
=== RUN   TestGitBundleCompletedProducerEvaluate
=== RUN   TestGitBundleCompletedProducerEvaluate/false
2026/09/16 09:13:22 INFO start lazy evaluation field=GitRepository.__withBundleDirectory
2026/09/16 09:13:22 INFO end lazy evaluation field=GitRepository.__withBundleDirectory duration=63.455318ms
2026/09/16 09:13:22 INFO start lazy evaluation field=GitRepository.__withBundleDirectory
2026/09/16 09:13:22 INFO end lazy evaluation field=GitRepository.__withBundleDirectory duration=23.121977ms err="git bundle header changed after parsing"
=== RUN   TestGitBundleCompletedProducerEvaluate/false/ref_order
2026/09/16 09:13:22 INFO start lazy evaluation field=GitRepository.__withBundleDirectory
2026/09/16 09:13:22 INFO end lazy evaluation field=GitRepository.__withBundleDirectory duration=22.645658ms err="git bundle header changed after parsing"
=== RUN   TestGitBundleCompletedProducerEvaluate/false/object_format
2026/09/16 09:13:22 INFO start lazy evaluation field=GitRepository.__withBundleDirectory
2026/09/16 09:13:22 INFO end lazy evaluation field=GitRepository.__withBundleDirectory duration=34.016037ms err="import git bundle prerequisites : git bundle object format is sha1, repository object format is sha256"
=== RUN   TestGitBundleCompletedProducerEvaluate/false/malformed
2026/09/16 09:13:22 INFO start lazy evaluation field=GitRepository.__withBundleDirectory
2026/09/16 09:13:22 INFO end lazy evaluation field=GitRepository.__withBundleDirectory duration=23.177968ms err="invalid git bundle signature \"invalid bundle\""
=== RUN   TestGitBundleCompletedProducerEvaluate/false/oversize
2026/09/16 09:13:22 INFO start lazy evaluation field=GitRepository.__withBundleDirectory
2026/09/16 09:13:22 INFO end lazy evaluation field=GitRepository.__withBundleDirectory duration=12.205228ms err="git bundle size 134217729 exceeds limit 134217728"
=== RUN   TestGitBundleCompletedProducerEvaluate/true
2026/09/16 09:13:22 INFO start lazy evaluation field=GitRepository.__withBundleDirectory
2026/09/16 09:13:22 INFO end lazy evaluation field=GitRepository.__withBundleDirectory duration=88.978303ms
=== RUN   TestGitBundleCompletedProducerEvaluate/true/advanced_prerequisite_hint_on_decoded_repository
2026/09/16 09:13:22 INFO start lazy evaluation field=GitRepository.__withBundleDirectory
2026/09/16 09:13:23 INFO end lazy evaluation field=GitRepository.__withBundleDirectory duration=163.033891ms
2026/09/16 09:13:23 INFO start lazy evaluation field=GitRepository.__withBundleDirectory
2026/09/16 09:13:23 INFO end lazy evaluation field=GitRepository.__withBundleDirectory duration=41.71594ms err="import git bundle prerequisites 451333897f94178850183a850b16b8dc295022cf: git bundle prerequisite 451333897f94178850183a850b16b8dc295022cf is not available from the repository"
2026/09/16 09:13:23 INFO start lazy evaluation field=GitRepository.__withBundleDirectory
2026/09/16 09:13:23 INFO end lazy evaluation field=GitRepository.__withBundleDirectory duration=21.476119ms err="git bundle header changed after parsing"
2026/09/16 09:13:23 INFO discarding dagql cache without persistence hasSQLDB=false hasPersistDB=false
--- PASS: TestGitBundleCompletedProducerEvaluate (1.28s)
    --- PASS: TestGitBundleCompletedProducerEvaluate/false (0.57s)
        --- PASS: TestGitBundleCompletedProducerEvaluate/false/ref_order (0.04s)
        --- PASS: TestGitBundleCompletedProducerEvaluate/false/object_format (0.08s)
        --- PASS: TestGitBundleCompletedProducerEvaluate/false/malformed (0.06s)
        --- PASS: TestGitBundleCompletedProducerEvaluate/false/oversize (0.03s)
    --- PASS: TestGitBundleCompletedProducerEvaluate/true (0.63s)
        --- PASS: TestGitBundleCompletedProducerEvaluate/true/advanced_prerequisite_hint_on_decoded_repository (0.29s)
=== RUN   TestSelectLatestGitRef
=== PAUSE TestSelectLatestGitRef
=== RUN   TestSelectLatestGitRefWithTagPrefix
=== PAUSE TestSelectLatestGitRefWithTagPrefix
=== RUN   TestSelectLatestGitRefFallsBackToHead
=== PAUSE TestSelectLatestGitRefFallsBackToHead
=== RUN   TestSelectLatestGitRefAnnotatedTag
=== PAUSE TestSelectLatestGitRefAnnotatedTag
=== RUN   TestSelectLatestGitRefOnlyPrereleasesFallsBackToHead
=== PAUSE TestSelectLatestGitRefOnlyPrereleasesFallsBackToHead
=== RUN   TestSelectLatestGitRefRejectsEquivalentVersions
=== PAUSE TestSelectLatestGitRefRejectsEquivalentVersions
=== RUN   TestSelectLatestGitRefAcceptsEquivalentVersionsWithSameSHA
=== PAUSE TestSelectLatestGitRefAcceptsEquivalentVersionsWithSameSHA
=== RUN   TestSelectLatestGitRefPrefersCompleteAliasAtDifferentCommit
=== PAUSE TestSelectLatestGitRefPrefersCompleteAliasAtDifferentCommit
=== RUN   TestSelectLatestGitRefAcceptsCalver
=== PAUSE TestSelectLatestGitRefAcceptsCalver
=== RUN   TestSelectGitRefWithVersionQuery
=== PAUSE TestSelectGitRefWithVersionQuery
=== RUN   TestSelectGitRefWithVersionQueryFallsBackToBranch
=== PAUSE TestSelectGitRefWithVersionQueryFallsBackToBranch
=== RUN   TestSelectGitRefWithVersionQueryPrefersTags
=== PAUSE TestSelectGitRefWithVersionQueryPrefersTags
=== RUN   TestValidateGitLatestRef
=== PAUSE TestValidateGitLatestRef
=== RUN   TestValidateGitLatestRefWithTagPrefix
=== PAUSE TestValidateGitLatestRefWithTagPrefix
=== RUN   TestGitRepositoryCloneWithBackendResetsRemoteMetadata
=== PAUSE TestGitRepositoryCloneWithBackendResetsRemoteMetadata
=== RUN   TestRemoteFromCacheResultAcceptsStringPayload
--- PASS: TestRemoteFromCacheResultAcceptsStringPayload (0.00s)
=== RUN   TestRemoteFromCacheResultRejectsInvalidPayload
--- PASS: TestRemoteFromCacheResultRejectsInvalidPayload (0.00s)
=== RUN   TestRemoteMetadataCacheKeyIsolation
--- PASS: TestRemoteMetadataCacheKeyIsolation (0.00s)
=== RUN   TestNamedFetchRefSpecs
--- PASS: TestNamedFetchRefSpecs (0.00s)
=== RUN   TestNamedFetchRefSpecsChangesWithPinnedSHA
--- PASS: TestNamedFetchRefSpecsChangesWithPinnedSHA (0.00s)
=== RUN   TestNamespaceObjects
=== PAUSE TestNamespaceObjects
=== RUN   TestTypeDefWithNameVerbatim
=== PAUSE TestTypeDefWithNameVerbatim
=== RUN   TestEnumMemberNameFormatting
=== PAUSE TestEnumMemberNameFormatting
=== RUN   TestHostFindUpAllPrefersExistsFS
=== PAUSE TestHostFindUpAllPrefersExistsFS
=== RUN   TestHostFindUpAllFallsBackToStatFS
=== PAUSE TestHostFindUpAllFallsBackToStatFS
=== RUN   TestJSONNullRoundTripPreservesNil
=== PAUSE TestJSONNullRoundTripPreservesNil
=== RUN   TestJSONStringRoundTripPreservesBytes
=== PAUSE TestJSONStringRoundTripPreservesBytes
=== RUN   TestLLMEndpointCredentialOutlivesRoutingScope
--- PASS: TestLLMEndpointCredentialOutlivesRoutingScope (0.02s)
=== RUN   TestLLMEndpointResolvesCredentialPerRequest
=== RUN   TestLLMEndpointResolvesCredentialPerRequest/clones_share_the_live_credential
=== RUN   TestLLMEndpointResolvesCredentialPerRequest/withModel_re-routes
--- PASS: TestLLMEndpointResolvesCredentialPerRequest (0.01s)
    --- PASS: TestLLMEndpointResolvesCredentialPerRequest/clones_share_the_live_credential (0.00s)
    --- PASS: TestLLMEndpointResolvesCredentialPerRequest/withModel_re-routes (0.00s)
=== RUN   TestLLMEndpointHonorsReportedExpiry
--- PASS: TestLLMEndpointHonorsReportedExpiry (0.01s)
=== RUN   TestLLMAuthFailureRetriesOnceWithFreshToken
--- PASS: TestLLMAuthFailureRetriesOnceWithFreshToken (1.28s)
=== RUN   TestLLMAuthFailureWithoutSourceIsPermanent
--- PASS: TestLLMAuthFailureWithoutSourceIsPermanent (0.00s)
=== RUN   TestAnthropicClientWithoutSourceKeepsBakedToken
--- PASS: TestAnthropicClientWithoutSourceKeepsBakedToken (0.00s)
=== RUN   TestCodexClientRotatesAccountIDWithToken
--- PASS: TestCodexClientRotatesAccountIDWithToken (0.00s)
=== RUN   TestLLMCredentialResolvesAgainstLoadingClient
--- PASS: TestLLMCredentialResolvesAgainstLoadingClient (0.00s)
=== RUN   TestLLMEndpointConcurrentCloneAndResolve
--- PASS: TestLLMEndpointConcurrentCloneAndResolve (0.00s)
=== RUN   TestEstimateContextTokensUsesLastUsageAndTrailingMessages
--- PASS: TestEstimateContextTokensUsesLastUsageAndTrailingMessages (0.00s)
=== RUN   TestEstimateContextTokensFallsBackToMessageEstimates
--- PASS: TestEstimateContextTokensFallsBackToMessageEstimates (0.00s)
=== RUN   TestHistoryPreserved
=== RUN   TestHistoryPreserved/identical_history_is_preserved
=== RUN   TestHistoryPreserved/appended_history_is_preserved
=== RUN   TestHistoryPreserved/equal-by-value_(not_pointer)_history_is_preserved
=== RUN   TestHistoryPreserved/fresh_conversation_is_not_preserved
=== RUN   TestHistoryPreserved/truncated_history_is_not_preserved
=== RUN   TestHistoryPreserved/rewritten_history_is_not_preserved
=== RUN   TestHistoryPreserved/empty_current_is_preserved_by_anything
=== RUN   TestHistoryPreserved/nil_is_never_preserved
--- PASS: TestHistoryPreserved (0.00s)
    --- PASS: TestHistoryPreserved/identical_history_is_preserved (0.00s)
    --- PASS: TestHistoryPreserved/appended_history_is_preserved (0.00s)
    --- PASS: TestHistoryPreserved/equal-by-value_(not_pointer)_history_is_preserved (0.00s)
    --- PASS: TestHistoryPreserved/fresh_conversation_is_not_preserved (0.00s)
    --- PASS: TestHistoryPreserved/truncated_history_is_not_preserved (0.00s)
    --- PASS: TestHistoryPreserved/rewritten_history_is_not_preserved (0.00s)
    --- PASS: TestHistoryPreserved/empty_current_is_preserved_by_anything (0.00s)
    --- PASS: TestHistoryPreserved/nil_is_never_preserved (0.00s)
=== RUN   TestMessagesEqual
--- PASS: TestMessagesEqual (0.00s)
=== RUN   TestSummarizeToolsetChange
=== RUN   TestSummarizeToolsetChange/added_tools_are_listed
=== RUN   TestSummarizeToolsetChange/removed_tools_are_listed
=== RUN   TestSummarizeToolsetChange/unchanged_toolset_reports_its_size
=== RUN   TestSummarizeToolsetChange/unknown_previous_toolset_reports_everything_as_added
--- PASS: TestSummarizeToolsetChange (0.00s)
    --- PASS: TestSummarizeToolsetChange/added_tools_are_listed (0.00s)
    --- PASS: TestSummarizeToolsetChange/removed_tools_are_listed (0.00s)
    --- PASS: TestSummarizeToolsetChange/unchanged_toolset_reports_its_size (0.00s)
    --- PASS: TestSummarizeToolsetChange/unknown_previous_toolset_reports_everything_as_added (0.00s)
=== RUN   TestSummarizeContinuation
=== RUN   TestSummarizeContinuation/preserved_history_says_nothing_extra
=== RUN   TestSummarizeContinuation/replaced_history_is_reported
--- PASS: TestSummarizeContinuation (0.00s)
    --- PASS: TestSummarizeContinuation/preserved_history_says_nothing_extra (0.00s)
    --- PASS: TestSummarizeContinuation/replaced_history_is_reported (0.00s)
=== RUN   TestToolResultSelectors
=== RUN   TestToolResultSelectors/result_whose_call_is_in_the_adopted_history_appends_normally
=== RUN   TestToolResultSelectors/result_for_a_call_in_an_earlier_assistant_turn_degrades_to_a_user_message
=== RUN   TestToolResultSelectors/result_for_a_call_already_answered_degrades_to_a_user_message
=== RUN   TestToolResultSelectors/sibling_results_already_appended_do_not_orphan_the_call
=== RUN   TestToolResultSelectors/orphaned_result_degrades_to_a_user_message
=== RUN   TestToolResultSelectors/unknown_tool_name_falls_back_to_the_call_ID
=== RUN   TestToolResultSelectors/a_nil_target_keeps_tool_results_as_tool_results
--- PASS: TestToolResultSelectors (0.00s)
    --- PASS: TestToolResultSelectors/result_whose_call_is_in_the_adopted_history_appends_normally (0.00s)
    --- PASS: TestToolResultSelectors/result_for_a_call_in_an_earlier_assistant_turn_degrades_to_a_user_message (0.00s)
    --- PASS: TestToolResultSelectors/result_for_a_call_already_answered_degrades_to_a_user_message (0.00s)
    --- PASS: TestToolResultSelectors/sibling_results_already_appended_do_not_orphan_the_call (0.00s)
    --- PASS: TestToolResultSelectors/orphaned_result_degrades_to_a_user_message (0.00s)
    --- PASS: TestToolResultSelectors/unknown_tool_name_falls_back_to_the_call_ID (0.00s)
    --- PASS: TestToolResultSelectors/a_nil_target_keeps_tool_results_as_tool_results (0.00s)
=== RUN   TestSplitContinuationCalls
--- PASS: TestSplitContinuationCalls (0.00s)
=== RUN   TestStateRingsAndContinuationsAreExclusiveOutOfOrder
=== RUN   TestStateRingsAndContinuationsAreExclusiveOutOfOrder/state_rings_refuse_after_a_continuation
=== RUN   TestStateRingsAndContinuationsAreExclusiveOutOfOrder/SetSelfLLM_resets_the_divergence_flag
--- PASS: TestStateRingsAndContinuationsAreExclusiveOutOfOrder (0.00s)
    --- PASS: TestStateRingsAndContinuationsAreExclusiveOutOfOrder/state_rings_refuse_after_a_continuation (0.00s)
    --- PASS: TestStateRingsAndContinuationsAreExclusiveOutOfOrder/SetSelfLLM_resets_the_divergence_flag (0.00s)
=== RUN   TestCredentialTransportRefreshesPerRequest
--- PASS: TestCredentialTransportRefreshesPerRequest (0.00s)
=== RUN   TestCredentialTransportLeavesRequestUnmodified
--- PASS: TestCredentialTransportLeavesRequestUnmodified (0.00s)
=== RUN   TestCredentialTransportDoesNotRestoreInvalidatedSDKToken
--- PASS: TestCredentialTransportDoesNotRestoreInvalidatedSDKToken (0.00s)
=== RUN   TestCredentialSourceRejectOnlyCurrentToken
--- PASS: TestCredentialSourceRejectOnlyCurrentToken (0.00s)
=== RUN   TestCredentialTransportNoSourceIsPassthrough
--- PASS: TestCredentialTransportNoSourceIsPassthrough (0.00s)
=== RUN   TestCredentialSourceCollapsesBursts
--- PASS: TestCredentialSourceCollapsesBursts (0.00s)
=== RUN   TestCredentialSourceExpiresAtHorizon
--- PASS: TestCredentialSourceExpiresAtHorizon (0.00s)
=== RUN   TestCredentialSourceMaxTTL
--- PASS: TestCredentialSourceMaxTTL (0.00s)
=== RUN   TestCredentialSourceUnknownExpiryFallsBackToTTL
--- PASS: TestCredentialSourceUnknownExpiryFallsBackToTTL (0.00s)
=== RUN   TestParseCredentialExpiry
--- PASS: TestParseCredentialExpiry (0.00s)
=== RUN   TestCredentialSourceFallsBackToStale
--- PASS: TestCredentialSourceFallsBackToStale (0.00s)
=== RUN   TestCredentialSourceInvalidate
--- PASS: TestCredentialSourceInvalidate (0.00s)
=== RUN   TestCredentialReloaderReadsTokenBeforeExpiry
--- PASS: TestCredentialReloaderReadsTokenBeforeExpiry (0.00s)
=== RUN   TestCredentialReloaderTolerance
=== RUN   TestCredentialReloaderTolerance/no_token_means_no_credential_and_no_expiry_lookup
=== RUN   TestCredentialReloaderTolerance/unreadable_expiry_is_unknown,_not_fatal
=== RUN   TestCredentialReloaderTolerance/garbage_expiry_is_unknown,_not_expired
=== RUN   TestCredentialReloaderTolerance/failed_token_lookup_is_fatal
--- PASS: TestCredentialReloaderTolerance (0.00s)
    --- PASS: TestCredentialReloaderTolerance/no_token_means_no_credential_and_no_expiry_lookup (0.00s)
    --- PASS: TestCredentialReloaderTolerance/unreadable_expiry_is_unknown,_not_fatal (0.00s)
    --- PASS: TestCredentialReloaderTolerance/garbage_expiry_is_unknown,_not_expired (0.00s)
    --- PASS: TestCredentialReloaderTolerance/failed_token_lookup_is_fatal (0.00s)
=== RUN   TestCredentialResolverDetach
--- PASS: TestCredentialResolverDetach (0.00s)
=== RUN   TestCredentialApplierCodex
--- PASS: TestCredentialApplierCodex (0.00s)
=== RUN   TestGenaiNullableSchema
--- PASS: TestGenaiNullableSchema (0.00s)
=== RUN   TestDecodeThoughtSignature
--- PASS: TestDecodeThoughtSignature (0.00s)
=== RUN   TestGenaiThinkingConfig
--- PASS: TestGenaiThinkingConfig (0.00s)
=== RUN   TestGenaiThinkingRoundTrip
--- PASS: TestGenaiThinkingRoundTrip (0.00s)
=== RUN   TestGenaiThinkingCapture
--- PASS: TestGenaiThinkingCapture (0.00s)
=== RUN   TestGenaiParallelToolCallIDs
--- PASS: TestGenaiParallelToolCallIDs (0.00s)
=== RUN   TestGenaiToolCallUsesProvidedID
--- PASS: TestGenaiToolCallUsesProvidedID (0.00s)
=== RUN   TestGenaiToolCallIDRoundTrip
--- PASS: TestGenaiToolCallIDRoundTrip (0.00s)
=== RUN   TestGenaiTextAnswerSignature
--- PASS: TestGenaiTextAnswerSignature (0.00s)
=== RUN   TestGenaiMultipleThinkingSegments
--- PASS: TestGenaiMultipleThinkingSegments (0.00s)
=== RUN   TestNormalizeModelID
--- PASS: TestNormalizeModelID (0.00s)
=== RUN   TestLookupCatalogModel
--- PASS: TestLookupCatalogModel (0.00s)
=== RUN   TestClampMaxTokensToContext
--- PASS: TestClampMaxTokensToContext (0.00s)
=== RUN   TestObjectToolEligible
--- PASS: TestObjectToolEligible (0.00s)
=== RUN   TestObjectMethodSchema
--- PASS: TestObjectMethodSchema (0.00s)
=== RUN   TestLiftableObjectArg
--- PASS: TestLiftableObjectArg (0.00s)
=== RUN   TestArgTypeToJSONSchema
--- PASS: TestArgTypeToJSONSchema (0.00s)
=== RUN   TestCombineSpanResult
--- PASS: TestCombineSpanResult (0.00s)
=== RUN   TestDirectLogs
--- PASS: TestDirectLogs (0.00s)
=== RUN   TestStandaloneToolsTreatLLMArgsAsUnsatisfiable
--- PASS: TestStandaloneToolsTreatLLMArgsAsUnsatisfiable (0.00s)
=== RUN   TestBoundToolsUseTheirDefiningSchemaAuthoritatively
=== RUN   TestBoundToolsUseTheirDefiningSchemaAuthoritatively/lazy
=== RUN   TestBoundToolsUseTheirDefiningSchemaAuthoritatively/dispatch
=== RUN   TestBoundToolsUseTheirDefiningSchemaAuthoritatively/dispatch/eager
=== RUN   TestBoundToolsUseTheirDefiningSchemaAuthoritatively/dispatch/lazy_load
=== RUN   TestBoundToolsUseTheirDefiningSchemaAuthoritatively/dispatch/state_return
=== RUN   TestBoundToolsUseTheirDefiningSchemaAuthoritatively/dispatch/dependency_attachment
--- PASS: TestBoundToolsUseTheirDefiningSchemaAuthoritatively (0.00s)
    --- PASS: TestBoundToolsUseTheirDefiningSchemaAuthoritatively/lazy (0.00s)
    --- PASS: TestBoundToolsUseTheirDefiningSchemaAuthoritatively/dispatch (0.00s)
        --- PASS: TestBoundToolsUseTheirDefiningSchemaAuthoritatively/dispatch/eager (0.00s)
        --- PASS: TestBoundToolsUseTheirDefiningSchemaAuthoritatively/dispatch/lazy_load (0.00s)
        --- PASS: TestBoundToolsUseTheirDefiningSchemaAuthoritatively/dispatch/state_return (0.00s)
        --- PASS: TestBoundToolsUseTheirDefiningSchemaAuthoritatively/dispatch/dependency_attachment (0.00s)
=== RUN   TestBuildObjectMethodSelector
=== RUN   TestBuildObjectMethodSelector/explicit_null_decodes_for_a_nullable_argument
=== RUN   TestBuildObjectMethodSelector/address_string_lifts_into_the_object
=== RUN   TestBuildObjectMethodSelector/a_real_ID_still_decodes_directly
=== RUN   TestBuildObjectMethodSelector/unresolvable_address_reports_both_attempts
=== RUN   TestBuildObjectMethodSelector/non-string_values_surface_the_plain_decode_error
=== RUN   TestBuildObjectMethodSelector/non-addressable_args_do_not_lift
=== RUN   TestBuildObjectMethodSelector/addressable-but-not-liftable_args_do_not_lift
--- PASS: TestBuildObjectMethodSelector (0.00s)
    --- PASS: TestBuildObjectMethodSelector/explicit_null_decodes_for_a_nullable_argument (0.00s)
    --- PASS: TestBuildObjectMethodSelector/address_string_lifts_into_the_object (0.00s)
    --- PASS: TestBuildObjectMethodSelector/a_real_ID_still_decodes_directly (0.00s)
    --- PASS: TestBuildObjectMethodSelector/unresolvable_address_reports_both_attempts (0.00s)
    --- PASS: TestBuildObjectMethodSelector/non-string_values_surface_the_plain_decode_error (0.00s)
    --- PASS: TestBuildObjectMethodSelector/non-addressable_args_do_not_lift (0.00s)
    --- PASS: TestBuildObjectMethodSelector/addressable-but-not-liftable_args_do_not_lift (0.00s)
=== RUN   TestLLMTransportSpanInternal
=== RUN   TestLLMTransportSpanInternal/success_stays_hidden
=== RUN   TestLLMTransportSpanInternal/error_is_revealed
--- PASS: TestLLMTransportSpanInternal (0.00s)
    --- PASS: TestLLMTransportSpanInternal/success_stays_hidden (0.00s)
    --- PASS: TestLLMTransportSpanInternal/error_is_revealed (0.00s)
=== RUN   TestIsStreamingResponse
=== RUN   TestIsStreamingResponse/openai_stream_body,_json_response_CT
=== RUN   TestIsStreamingResponse/anthropic_accept_header_+_event-stream_CT
=== RUN   TestIsStreamingResponse/response_CT_fallback
=== RUN   TestIsStreamingResponse/non-streaming_request_buffers
=== RUN   TestIsStreamingResponse/streaming_request_that_errors_is_buffered
--- PASS: TestIsStreamingResponse (0.00s)
    --- PASS: TestIsStreamingResponse/openai_stream_body,_json_response_CT (0.00s)
    --- PASS: TestIsStreamingResponse/anthropic_accept_header_+_event-stream_CT (0.00s)
    --- PASS: TestIsStreamingResponse/response_CT_fallback (0.00s)
    --- PASS: TestIsStreamingResponse/non-streaming_request_buffers (0.00s)
    --- PASS: TestIsStreamingResponse/streaming_request_that_errors_is_buffered (0.00s)
=== RUN   TestMessageSpansCarryGenAIAgentIdentity
--- PASS: TestMessageSpansCarryGenAIAgentIdentity (0.00s)
=== RUN   TestDisplayToolArgsAreLineTerminatedOnce
=== RUN   TestDisplayToolArgsAreLineTerminatedOnce/trailing-newline-false
=== RUN   TestDisplayToolArgsAreLineTerminatedOnce/trailing-newline-true
--- PASS: TestDisplayToolArgsAreLineTerminatedOnce (0.00s)
    --- PASS: TestDisplayToolArgsAreLineTerminatedOnce/trailing-newline-false (0.00s)
    --- PASS: TestDisplayToolArgsAreLineTerminatedOnce/trailing-newline-true (0.00s)
=== RUN   TestEmitHistoryPreservesHeaderArgsAndTerminatesJSON
--- PASS: TestEmitHistoryPreservesHeaderArgsAndTerminatesJSON (0.00s)
=== RUN   TestEmitHistoryEmitsAuthoritativePatchResult
--- PASS: TestEmitHistoryEmitsAuthoritativePatchResult (0.00s)
=== RUN   TestRecordedResponseProviderEmitsPerToolCallDisplaySpans
--- PASS: TestRecordedResponseProviderEmitsPerToolCallDisplaySpans (0.00s)
=== RUN   TestParseSkillFrontmatter
=== RUN   TestParseSkillFrontmatter/name_and_description
=== RUN   TestParseSkillFrontmatter/description_with_a_colon_and_em_dash
=== RUN   TestParseSkillFrontmatter/tolerates_a_leading_BOM
=== RUN   TestParseSkillFrontmatter/missing_frontmatter
=== RUN   TestParseSkillFrontmatter/unterminated_frontmatter
=== RUN   TestParseSkillFrontmatter/terminator_must_be_exactly_---
=== RUN   TestParseSkillFrontmatter/terminator_as_the_final_line_without_a_newline
=== RUN   TestParseSkillFrontmatter/CRLF_line_endings
--- PASS: TestParseSkillFrontmatter (0.00s)
    --- PASS: TestParseSkillFrontmatter/name_and_description (0.00s)
    --- PASS: TestParseSkillFrontmatter/description_with_a_colon_and_em_dash (0.00s)
    --- PASS: TestParseSkillFrontmatter/tolerates_a_leading_BOM (0.00s)
    --- PASS: TestParseSkillFrontmatter/missing_frontmatter (0.00s)
    --- PASS: TestParseSkillFrontmatter/unterminated_frontmatter (0.00s)
    --- PASS: TestParseSkillFrontmatter/terminator_must_be_exactly_--- (0.00s)
    --- PASS: TestParseSkillFrontmatter/terminator_as_the_final_line_without_a_newline (0.00s)
    --- PASS: TestParseSkillFrontmatter/CRLF_line_endings (0.00s)
=== RUN   TestSkillDescription
--- PASS: TestSkillDescription (0.00s)
=== RUN   TestSkillFilePath
--- PASS: TestSkillFilePath (0.00s)
=== RUN   TestEmbeddedSkillSource
=== RUN   TestEmbeddedSkillSource/list_surfaces_only_allowlisted_skills
=== RUN   TestEmbeddedSkillSource/read_defaults_to_SKILL.md
=== RUN   TestEmbeddedSkillSource/read_a_reference_file
=== RUN   TestEmbeddedSkillSource/non-allowlisted_skill_is_not_found
=== RUN   TestEmbeddedSkillSource/missing_file_errors
--- PASS: TestEmbeddedSkillSource (0.00s)
    --- PASS: TestEmbeddedSkillSource/list_surfaces_only_allowlisted_skills (0.00s)
    --- PASS: TestEmbeddedSkillSource/read_defaults_to_SKILL.md (0.00s)
    --- PASS: TestEmbeddedSkillSource/read_a_reference_file (0.00s)
    --- PASS: TestEmbeddedSkillSource/non-allowlisted_skill_is_not_found (0.00s)
    --- PASS: TestEmbeddedSkillSource/missing_file_errors (0.00s)
=== RUN   TestListSkillsDedupAndSort
--- PASS: TestListSkillsDedupAndSort (0.00s)
=== RUN   TestReadSkillFallthrough
--- PASS: TestReadSkillFallthrough (0.00s)
=== RUN   TestResolveSkillManifest
=== RUN   TestResolveSkillManifest/name_from_frontmatter
=== RUN   TestResolveSkillManifest/name_falls_back_to_the_directory_base
=== RUN   TestResolveSkillManifest/root_SKILL.md_is_named_by_its_frontmatter
=== RUN   TestResolveSkillManifest/rejects_a_root_SKILL.md_without_a_frontmatter_name
=== RUN   TestResolveSkillManifest/rejects_a_file_without_frontmatter
--- PASS: TestResolveSkillManifest (0.00s)
    --- PASS: TestResolveSkillManifest/name_from_frontmatter (0.00s)
    --- PASS: TestResolveSkillManifest/name_falls_back_to_the_directory_base (0.00s)
    --- PASS: TestResolveSkillManifest/root_SKILL.md_is_named_by_its_frontmatter (0.00s)
    --- PASS: TestResolveSkillManifest/rejects_a_root_SKILL.md_without_a_frontmatter_name (0.00s)
    --- PASS: TestResolveSkillManifest/rejects_a_file_without_frontmatter (0.00s)
=== RUN   TestSkillSourcesOrder
--- PASS: TestSkillSourcesOrder (0.00s)
=== RUN   TestEngineSkills
--- PASS: TestEngineSkills (0.00s)
=== RUN   TestDaggerSkills
--- PASS: TestDaggerSkills (0.00s)
=== RUN   TestAnthropicStoppedCleanly
--- PASS: TestAnthropicStoppedCleanly (0.00s)
=== RUN   TestOpenAIFinishedCleanly
--- PASS: TestOpenAIFinishedCleanly (0.00s)
=== RUN   TestGenaiFinishedCleanly
--- PASS: TestGenaiFinishedCleanly (0.00s)
=== RUN   TestLlmConfig
--- PASS: TestLlmConfig (0.00s)
=== RUN   TestLlmConfigLayeredAnthropicAuth
=== RUN   TestLlmConfigLayeredAnthropicAuth/container_API_key_overrides_host_OAuth_login
=== RUN   TestLlmConfigLayeredAnthropicAuth/container_OAuth_overrides_host_API_key
=== RUN   TestLlmConfigLayeredAnthropicAuth/container_with_no_auth_inherits_host_OAuth
=== RUN   TestLlmConfigLayeredAnthropicAuth/single_load_with_both_prefers_OAuth
--- PASS: TestLlmConfigLayeredAnthropicAuth (0.00s)
    --- PASS: TestLlmConfigLayeredAnthropicAuth/container_API_key_overrides_host_OAuth_login (0.00s)
    --- PASS: TestLlmConfigLayeredAnthropicAuth/container_OAuth_overrides_host_API_key (0.00s)
    --- PASS: TestLlmConfigLayeredAnthropicAuth/container_with_no_auth_inherits_host_OAuth (0.00s)
    --- PASS: TestLlmConfigLayeredAnthropicAuth/single_load_with_both_prefers_OAuth (0.00s)
=== RUN   TestLlmConfigLocalSupplied
--- PASS: TestLlmConfigLocalSupplied (0.00s)
=== RUN   TestLocalModelRouting
--- PASS: TestLocalModelRouting (0.00s)
=== RUN   TestCodexModelRouting
--- PASS: TestCodexModelRouting (0.00s)
=== RUN   TestSmallModelRouting
=== RUN   TestSmallModelRouting/configured_model_wins_and_provider_remains_concrete
=== RUN   TestSmallModelRouting/catalog_fallback_follows_provider
=== RUN   TestSmallModelRouting/local_and_unknown_providers_safely_retain_their_route
=== RUN   TestSmallModelRouting/configured_local_model_is_supported
--- PASS: TestSmallModelRouting (0.00s)
    --- PASS: TestSmallModelRouting/configured_model_wins_and_provider_remains_concrete (0.00s)
    --- PASS: TestSmallModelRouting/catalog_fallback_follows_provider (0.00s)
    --- PASS: TestSmallModelRouting/local_and_unknown_providers_safely_retain_their_route (0.00s)
    --- PASS: TestSmallModelRouting/configured_local_model_is_supported (0.00s)
=== RUN   TestExplicitProviderRouting
--- PASS: TestExplicitProviderRouting (0.00s)
=== RUN   TestOpenAIRequestUsesNonStrictNullableToolSchema
--- PASS: TestOpenAIRequestUsesNonStrictNullableToolSchema (0.00s)
=== RUN   TestContentBlockInputRoundTrip
--- PASS: TestContentBlockInputRoundTrip (0.00s)
=== RUN   TestLLMErrorMessage
=== RUN   TestLLMErrorMessage/codex_detail
=== RUN   TestLLMErrorMessage/openai_error
=== RUN   TestLLMErrorMessage/bare_message
=== RUN   TestLLMErrorMessage/empty
=== RUN   TestLLMErrorMessage/unrecognized
=== RUN   TestLLMErrorMessage/not_json
--- PASS: TestLLMErrorMessage (0.00s)
    --- PASS: TestLLMErrorMessage/codex_detail (0.00s)
    --- PASS: TestLLMErrorMessage/openai_error (0.00s)
    --- PASS: TestLLMErrorMessage/bare_message (0.00s)
    --- PASS: TestLLMErrorMessage/empty (0.00s)
    --- PASS: TestLLMErrorMessage/unrecognized (0.00s)
    --- PASS: TestLLMErrorMessage/not_json (0.00s)
=== RUN   TestCodexAPIError
--- PASS: TestCodexAPIError (0.00s)
=== RUN   TestCodexReasoningRoundTrip
--- PASS: TestCodexReasoningRoundTrip (0.00s)
=== RUN   TestCodexConvertReasoningOrder
--- PASS: TestCodexConvertReasoningOrder (0.00s)
=== RUN   TestCodexConvertEmptyToolArgs
--- PASS: TestCodexConvertEmptyToolArgs (0.00s)
=== RUN   TestLlmConfigDisableStreaming
=== RUN   TestLlmConfigDisableStreaming/not_disabled_by_default
=== RUN   TestLlmConfigDisableStreaming/explicitly_not_disabled,_FALSE
=== RUN   TestLlmConfigDisableStreaming/explicitly_not_disabled,_0
=== RUN   TestLlmConfigDisableStreaming/disabled,_true
=== RUN   TestLlmConfigDisableStreaming/disabled,_1
=== RUN   TestLlmConfigDisableStreaming/empty_value
--- PASS: TestLlmConfigDisableStreaming (0.01s)
    --- PASS: TestLlmConfigDisableStreaming/not_disabled_by_default (0.00s)
    --- PASS: TestLlmConfigDisableStreaming/explicitly_not_disabled,_FALSE (0.00s)
    --- PASS: TestLlmConfigDisableStreaming/explicitly_not_disabled,_0 (0.00s)
    --- PASS: TestLlmConfigDisableStreaming/disabled,_true (0.00s)
    --- PASS: TestLlmConfigDisableStreaming/disabled,_1 (0.00s)
    --- PASS: TestLlmConfigDisableStreaming/empty_value (0.00s)
=== RUN   TestLlmConfigEnvFile
--- PASS: TestLlmConfigEnvFile (0.00s)
=== RUN   TestDescribeLoadFailure
=== PAUSE TestDescribeLoadFailure
=== RUN   TestUpdateWorkspaceLockEntry
=== PAUSE TestUpdateWorkspaceLockEntry
=== RUN   TestUpdateWorkspaceLockIgnoresUnsupportedEntries
=== PAUSE TestUpdateWorkspaceLockIgnoresUnsupportedEntries
=== RUN   TestUpdateVanityURLLockEntry
--- PASS: TestUpdateVanityURLLockEntry (0.01s)
=== RUN   TestUpdateVanityURLLockEntryValidatesInputs
--- PASS: TestUpdateVanityURLLockEntryValidatesInputs (0.00s)
=== RUN   TestUpdateVanityURLLockEntryPreservesMappingOnFailure
=== RUN   TestUpdateVanityURLLockEntryPreservesMappingOnFailure/server_error
=== RUN   TestUpdateVanityURLLockEntryPreservesMappingOnFailure/not_a_redirect
=== RUN   TestUpdateVanityURLLockEntryPreservesMappingOnFailure/missing_location
=== RUN   TestUpdateVanityURLLockEntryPreservesMappingOnFailure/invalid_location
=== RUN   TestUpdateVanityURLLockEntryPreservesMappingOnFailure/cancelled_request
--- PASS: TestUpdateVanityURLLockEntryPreservesMappingOnFailure (0.02s)
    --- PASS: TestUpdateVanityURLLockEntryPreservesMappingOnFailure/server_error (0.01s)
    --- PASS: TestUpdateVanityURLLockEntryPreservesMappingOnFailure/not_a_redirect (0.01s)
    --- PASS: TestUpdateVanityURLLockEntryPreservesMappingOnFailure/missing_location (0.00s)
    --- PASS: TestUpdateVanityURLLockEntryPreservesMappingOnFailure/invalid_location (0.01s)
    --- PASS: TestUpdateVanityURLLockEntryPreservesMappingOnFailure/cancelled_request (0.00s)
=== RUN   TestSelectedSHAEntry
=== PAUSE TestSelectedSHAEntry
=== RUN   TestUpdateGitLatestLockEntryValidatesInputs
=== PAUSE TestUpdateGitLatestLockEntryValidatesInputs
=== RUN   TestParseGitLookupInputsRejectsUnknownOption
=== PAUSE TestParseGitLookupInputsRejectsUnknownOption
=== RUN   TestParseOCILockInputs
=== PAUSE TestParseOCILockInputs
=== RUN   TestParseOCILatestLockInputs
=== PAUSE TestParseOCILatestLockInputs
=== RUN   TestCallPreservesHeaderArgs
--- PASS: TestCallPreservesHeaderArgs (0.00s)
=== RUN   TestToolResultContentType
--- PASS: TestToolResultContentType (0.00s)
=== RUN   TestCallMarksPatchResult
--- PASS: TestCallMarksPatchResult (0.00s)
=== RUN   TestTimeoutTool
=== RUN   TestTimeoutTool/schema
=== RUN   TestTimeoutTool/success
=== RUN   TestTimeoutTool/deadline_cancellation_reaches_nested_tool
=== RUN   TestTimeoutTool/invalid_duration
=== RUN   TestTimeoutTool/unavailable_target
=== RUN   TestTimeoutTool/self_wrapping
=== RUN   TestTimeoutTool/nested_call_is_traced_as_a_tool_call_of_its_own
--- PASS: TestTimeoutTool (0.01s)
    --- PASS: TestTimeoutTool/schema (0.00s)
    --- PASS: TestTimeoutTool/success (0.00s)
    --- PASS: TestTimeoutTool/deadline_cancellation_reaches_nested_tool (0.01s)
    --- PASS: TestTimeoutTool/invalid_duration (0.00s)
    --- PASS: TestTimeoutTool/unavailable_target (0.00s)
    --- PASS: TestTimeoutTool/self_wrapping (0.00s)
    --- PASS: TestTimeoutTool/nested_call_is_traced_as_a_tool_call_of_its_own (0.00s)
=== RUN   TestGenMCPToolPreservesSchema
--- PASS: TestGenMCPToolPreservesSchema (0.00s)
=== RUN   TestAssembleLines
=== RUN   TestAssembleLines/whole_lines_keep_their_provenance
=== RUN   TestAssembleLines/line_split_across_records_is_assembled_once
=== RUN   TestAssembleLines/straddling_line_takes_the_starting_record's_provenance
=== RUN   TestAssembleLines/trailing_newlines_don't_contribute_lines
=== RUN   TestAssembleLines/unterminated_final_line_is_kept
=== RUN   TestAssembleLines/empty_input
--- PASS: TestAssembleLines (0.00s)
    --- PASS: TestAssembleLines/whole_lines_keep_their_provenance (0.00s)
    --- PASS: TestAssembleLines/line_split_across_records_is_assembled_once (0.00s)
    --- PASS: TestAssembleLines/straddling_line_takes_the_starting_record's_provenance (0.00s)
    --- PASS: TestAssembleLines/trailing_newlines_don't_contribute_lines (0.00s)
    --- PASS: TestAssembleLines/unterminated_final_line_is_kept (0.00s)
    --- PASS: TestAssembleLines/empty_input (0.00s)
=== RUN   TestCallPayloadRecordsExcludedFromLLMLogs
=== RUN   TestCallPayloadRecordsExcludedFromLLMLogs/ReadLogs
=== RUN   TestCallPayloadRecordsExcludedFromLLMLogs/automatic_tool_result
--- PASS: TestCallPayloadRecordsExcludedFromLLMLogs (0.00s)
    --- PASS: TestCallPayloadRecordsExcludedFromLLMLogs/ReadLogs (0.00s)
    --- PASS: TestCallPayloadRecordsExcludedFromLLMLogs/automatic_tool_result (0.00s)
=== RUN   TestLimitIndirectLines
=== RUN   TestLimitIndirectLines/a_long_report_survives_noisy_nested_work
=== RUN   TestLimitIndirectLines/direct_lines_are_never_dropped_even_past_the_limit
=== RUN   TestLimitIndirectLines/interleaved_runs_each_report_their_own_count
=== RUN   TestLimitIndirectLines/nothing_is_abridged_when_nested_output_fits
=== RUN   TestLimitIndirectLines/zero_limit_keeps_everything
=== RUN   TestLimitIndirectLines/long_lines_are_still_character-capped
=== RUN   TestLimitIndirectLines/a_runaway_direct_print_hits_the_byte_cap
--- PASS: TestLimitIndirectLines (0.00s)
    --- PASS: TestLimitIndirectLines/a_long_report_survives_noisy_nested_work (0.00s)
    --- PASS: TestLimitIndirectLines/direct_lines_are_never_dropped_even_past_the_limit (0.00s)
    --- PASS: TestLimitIndirectLines/interleaved_runs_each_report_their_own_count (0.00s)
    --- PASS: TestLimitIndirectLines/nothing_is_abridged_when_nested_output_fits (0.00s)
    --- PASS: TestLimitIndirectLines/zero_limit_keeps_everything (0.00s)
    --- PASS: TestLimitIndirectLines/long_lines_are_still_character-capped (0.00s)
    --- PASS: TestLimitIndirectLines/a_runaway_direct_print_hits_the_byte_cap (0.00s)
=== RUN   TestCapLinesBytes
=== RUN   TestCapLinesBytes/under_budget_passes_through
=== RUN   TestCapLinesBytes/zero_budget_disables_the_cap
=== RUN   TestCapLinesBytes/over_budget_drops_the_middle_behind_a_marker
=== RUN   TestCapLinesBytes/an_oversized_boundary_line_still_survives
--- PASS: TestCapLinesBytes (0.00s)
    --- PASS: TestCapLinesBytes/under_budget_passes_through (0.00s)
    --- PASS: TestCapLinesBytes/zero_budget_disables_the_cap (0.00s)
    --- PASS: TestCapLinesBytes/over_budget_drops_the_middle_behind_a_marker (0.00s)
    --- PASS: TestCapLinesBytes/an_oversized_boundary_line_still_survives (0.00s)
=== RUN   TestGuardToolResultInBudgetIsIdentical
--- PASS: TestGuardToolResultInBudgetIsIdentical (0.00s)
=== RUN   TestGuardToolResultClampsMonsterLine
--- PASS: TestGuardToolResultClampsMonsterLine (0.00s)
=== RUN   TestGuardToolResultDropsMiddleOverBudget
--- PASS: TestGuardToolResultDropsMiddleOverBudget (0.02s)
=== RUN   TestGuardToolResultNeverSplitsRunes
--- PASS: TestGuardToolResultNeverSplitsRunes (0.00s)
=== RUN   TestGuardToolResultDegenerateSizes
--- PASS: TestGuardToolResultDegenerateSizes (0.00s)
=== RUN   TestInternalSpanFilterSubtreeBounds
--- PASS: TestInternalSpanFilterSubtreeBounds (0.00s)
=== RUN   TestNormalizeSpanArg
=== RUN   TestNormalizeSpanArg/bare_span_ID
=== RUN   TestNormalizeSpanArg/surrounding_whitespace
=== RUN   TestNormalizeSpanArg/span=_report_rendering
=== RUN   TestNormalizeSpanArg/error-origin_marker
=== RUN   TestNormalizeSpanArg/traceparent_prefix
=== RUN   TestNormalizeSpanArg/w3c_traceparent
=== RUN   TestNormalizeSpanArg/unrecognized_input_passes_through
=== RUN   TestNormalizeSpanArg/16_chars_but_not_hex_passes_through
--- PASS: TestNormalizeSpanArg (0.00s)
    --- PASS: TestNormalizeSpanArg/bare_span_ID (0.00s)
    --- PASS: TestNormalizeSpanArg/surrounding_whitespace (0.00s)
    --- PASS: TestNormalizeSpanArg/span=_report_rendering (0.00s)
    --- PASS: TestNormalizeSpanArg/error-origin_marker (0.00s)
    --- PASS: TestNormalizeSpanArg/traceparent_prefix (0.00s)
    --- PASS: TestNormalizeSpanArg/w3c_traceparent (0.00s)
    --- PASS: TestNormalizeSpanArg/unrecognized_input_passes_through (0.00s)
    --- PASS: TestNormalizeSpanArg/16_chars_but_not_hex_passes_through (0.00s)
=== RUN   TestRenderReadLogs
=== RUN   TestRenderReadLogs/numbers_the_lines
=== RUN   TestRenderReadLogs/offset_trims_from_the_end
=== RUN   TestRenderReadLogs/negative_offset_reads_the_tail
=== RUN   TestRenderReadLogs/offset_past_the_start_reports_the_total
=== RUN   TestRenderReadLogs/grep_filters_and_keeps_original_numbering
=== RUN   TestRenderReadLogs/grep_with_no_matches_reports_the_searched_count
=== RUN   TestRenderReadLogs/invalid_grep_pattern_errors
=== RUN   TestRenderReadLogs/limit_keeps_the_tail_with_a_counted_marker
--- PASS: TestRenderReadLogs (0.00s)
    --- PASS: TestRenderReadLogs/numbers_the_lines (0.00s)
    --- PASS: TestRenderReadLogs/offset_trims_from_the_end (0.00s)
    --- PASS: TestRenderReadLogs/negative_offset_reads_the_tail (0.00s)
    --- PASS: TestRenderReadLogs/offset_past_the_start_reports_the_total (0.00s)
    --- PASS: TestRenderReadLogs/grep_filters_and_keeps_original_numbering (0.00s)
    --- PASS: TestRenderReadLogs/grep_with_no_matches_reports_the_searched_count (0.00s)
    --- PASS: TestRenderReadLogs/invalid_grep_pattern_errors (0.00s)
    --- PASS: TestRenderReadLogs/limit_keeps_the_tail_with_a_counted_marker (0.00s)
=== RUN   TestModuleFunctionCacheImplicitInputs
=== RUN   TestModuleFunctionCacheImplicitInputs/default_policy
=== RUN   TestModuleFunctionCacheImplicitInputs/explicit_per-session_policy
=== RUN   TestModuleFunctionCacheImplicitInputs/default_policy_with_module_disable-default-caching
=== RUN   TestModuleFunctionCacheImplicitInputs/explicit_never_policy
--- PASS: TestModuleFunctionCacheImplicitInputs (0.00s)
    --- PASS: TestModuleFunctionCacheImplicitInputs/default_policy (0.00s)
    --- PASS: TestModuleFunctionCacheImplicitInputs/explicit_per-session_policy (0.00s)
    --- PASS: TestModuleFunctionCacheImplicitInputs/default_policy_with_module_disable-default-caching (0.00s)
    --- PASS: TestModuleFunctionCacheImplicitInputs/explicit_never_policy (0.00s)
=== RUN   TestModuleFunctionCacheImplicitInputsNilSafe
--- PASS: TestModuleFunctionCacheImplicitInputsNilSafe (0.00s)
=== RUN   TestCallerInModuleFunction
=== PAUSE TestCallerInModuleFunction
=== RUN   TestModuleFunctionLoadWorkspaceArgRejectsFunctionCallRuntimeCaller
=== PAUSE TestModuleFunctionLoadWorkspaceArgRejectsFunctionCallRuntimeCaller
=== RUN   TestModTreePath
--- PASS: TestModTreePath (0.00s)
=== RUN   TestModTreeNode
--- PASS: TestModTreeNode (0.00s)
=== RUN   TestModTreeCommandNamePreservesQualifiedPath
--- PASS: TestModTreeCommandNamePreservesQualifiedPath (0.00s)
=== RUN   TestCollectedContentCollectUnknownAnyResult
=== PAUSE TestCollectedContentCollectUnknownAnyResult
=== RUN   TestNamespaceSourceMap
=== RUN   TestNamespaceSourceMap/synthesizes_module-name-only_source_map_when_SDK_provides_none
--- PASS: TestNamespaceSourceMap (0.00s)
    --- PASS: TestNamespaceSourceMap/synthesizes_module-name-only_source_map_when_SDK_provides_none (0.00s)
=== RUN   TestDaggerGetEligible
=== RUN   TestDaggerGetEligible/www.marcosnils.com/go
=== RUN   TestDaggerGetEligible/https://www.marcosnils.com/go
=== RUN   TestDaggerGetEligible/github.com/dagger/dagger
=== RUN   TestDaggerGetEligible/www.marcosnils.com/go@v1.2.3
=== RUN   TestDaggerGetEligible/http://example.com/mod
=== RUN   TestDaggerGetEligible/ssh://git@github.com/foo/bar
=== RUN   TestDaggerGetEligible/git://example.com/foo
=== RUN   TestDaggerGetEligible/git@github.com:foo/bar
=== RUN   TestDaggerGetEligible/./local/path
=== RUN   TestDaggerGetEligible//abs/path
=== RUN   TestDaggerGetEligible/nodot/path
=== RUN   TestDaggerGetEligible/#00
--- PASS: TestDaggerGetEligible (0.00s)
    --- PASS: TestDaggerGetEligible/www.marcosnils.com/go (0.00s)
    --- PASS: TestDaggerGetEligible/https://www.marcosnils.com/go (0.00s)
    --- PASS: TestDaggerGetEligible/github.com/dagger/dagger (0.00s)
    --- PASS: TestDaggerGetEligible/www.marcosnils.com/go@v1.2.3 (0.00s)
    --- PASS: TestDaggerGetEligible/http://example.com/mod (0.00s)
    --- PASS: TestDaggerGetEligible/ssh://git@github.com/foo/bar (0.00s)
    --- PASS: TestDaggerGetEligible/git://example.com/foo (0.00s)
    --- PASS: TestDaggerGetEligible/git@github.com:foo/bar (0.00s)
    --- PASS: TestDaggerGetEligible/./local/path (0.00s)
    --- PASS: TestDaggerGetEligible//abs/path (0.00s)
    --- PASS: TestDaggerGetEligible/nodot/path (0.00s)
    --- PASS: TestDaggerGetEligible/#00 (0.00s)
=== RUN   TestDaggerGetProbe
=== RUN   TestDaggerGetProbe/redirect_strips_dagger-get_and_preserves_version
=== RUN   TestDaggerGetProbe/redirect_without_version
=== RUN   TestDaggerGetProbe/no_redirect_falls_back_to_original
--- PASS: TestDaggerGetProbe (0.02s)
    --- PASS: TestDaggerGetProbe/redirect_strips_dagger-get_and_preserves_version (0.00s)
    --- PASS: TestDaggerGetProbe/redirect_without_version (0.01s)
    --- PASS: TestDaggerGetProbe/no_redirect_falls_back_to_original (0.00s)
=== RUN   TestDaggerGetProbeRejectsNonHTTPSLocation
--- PASS: TestDaggerGetProbeRejectsNonHTTPSLocation (0.01s)
=== RUN   TestDaggerGetProbeIgnoresCanonicalizationRedirects
=== RUN   TestDaggerGetProbeIgnoresCanonicalizationRedirects/dot-git_canonicalization_is_ignored
=== RUN   TestDaggerGetProbeIgnoresCanonicalizationRedirects/dot-git_canonicalization_with_version_is_ignored
=== RUN   TestDaggerGetProbeIgnoresCanonicalizationRedirects/trailing-slash_canonicalization_is_ignored
--- PASS: TestDaggerGetProbeIgnoresCanonicalizationRedirects (0.01s)
    --- PASS: TestDaggerGetProbeIgnoresCanonicalizationRedirects/dot-git_canonicalization_is_ignored (0.00s)
    --- PASS: TestDaggerGetProbeIgnoresCanonicalizationRedirects/dot-git_canonicalization_with_version_is_ignored (0.00s)
    --- PASS: TestDaggerGetProbeIgnoresCanonicalizationRedirects/trailing-slash_canonicalization_is_ignored (0.00s)
=== RUN   TestDaggerGetProbeIgnoresAuthWallRedirects
--- PASS: TestDaggerGetProbeIgnoresAuthWallRedirects (0.00s)
=== RUN   TestResolveDaggerGetRedirectCachesPerSession
--- PASS: TestResolveDaggerGetRedirectCachesPerSession (0.01s)
=== RUN   TestResolveDaggerGetRedirectRequiresSessionInfrastructure
=== RUN   TestResolveDaggerGetRedirectRequiresSessionInfrastructure/no_session_infrastructure
=== RUN   TestResolveDaggerGetRedirectRequiresSessionInfrastructure/cache_without_metadata
=== RUN   TestResolveDaggerGetRedirectRequiresSessionInfrastructure/metadata_without_cache
--- PASS: TestResolveDaggerGetRedirectRequiresSessionInfrastructure (0.00s)
    --- PASS: TestResolveDaggerGetRedirectRequiresSessionInfrastructure/no_session_infrastructure (0.00s)
    --- PASS: TestResolveDaggerGetRedirectRequiresSessionInfrastructure/cache_without_metadata (0.00s)
    --- PASS: TestResolveDaggerGetRedirectRequiresSessionInfrastructure/metadata_without_cache (0.00s)
=== RUN   TestResolveDaggerGetRedirectUsesWorkspaceLock
--- PASS: TestResolveDaggerGetRedirectUsesWorkspaceLock (0.00s)
=== RUN   TestResolveDaggerGetRedirectWritesWorkspaceLock
--- PASS: TestResolveDaggerGetRedirectWritesWorkspaceLock (0.01s)
=== RUN   TestSourceURLWithVersionOverridesDestinationVersion
--- PASS: TestSourceURLWithVersionOverridesDestinationVersion (0.00s)
=== RUN   TestResolveDaggerGetRedirectPreservesDestinationVersion
=== RUN   TestResolveDaggerGetRedirectPreservesDestinationVersion//input=
=== RUN   TestResolveDaggerGetRedirectPreservesDestinationVersion//input=@main
=== RUN   TestResolveDaggerGetRedirectPreservesDestinationVersion/@v1.2.3/input=
=== RUN   TestResolveDaggerGetRedirectPreservesDestinationVersion/@v1.2.3/input=@main
=== RUN   TestResolveDaggerGetRedirectPreservesDestinationVersion/#v1.2.3/input=
=== RUN   TestResolveDaggerGetRedirectPreservesDestinationVersion/#v1.2.3/input=@main
--- PASS: TestResolveDaggerGetRedirectPreservesDestinationVersion (0.06s)
    --- PASS: TestResolveDaggerGetRedirectPreservesDestinationVersion//input= (0.01s)
    --- PASS: TestResolveDaggerGetRedirectPreservesDestinationVersion//input=@main (0.01s)
    --- PASS: TestResolveDaggerGetRedirectPreservesDestinationVersion/@v1.2.3/input= (0.01s)
    --- PASS: TestResolveDaggerGetRedirectPreservesDestinationVersion/@v1.2.3/input=@main (0.01s)
    --- PASS: TestResolveDaggerGetRedirectPreservesDestinationVersion/#v1.2.3/input= (0.01s)
    --- PASS: TestResolveDaggerGetRedirectPreservesDestinationVersion/#v1.2.3/input=@main (0.01s)
=== RUN   TestModuleGitDefaultRefSelector
=== PAUSE TestModuleGitDefaultRefSelector
=== RUN   TestParsedGitRefStringSetVersion
=== PAUSE TestParsedGitRefStringSetVersion
=== RUN   TestParsedGitRefStringVersionQuerySemantics
=== PAUSE TestParsedGitRefStringVersionQuerySemantics
=== RUN   TestMatchVersion
--- PASS: TestMatchVersion (0.00s)
=== RUN   TestParseRefString
=== RUN   TestParseRefString/github.com/shykes/daggerverse/ci
=== PAUSE TestParseRefString/github.com/shykes/daggerverse/ci
=== RUN   TestParseRefString/ssh://github.com/shykes/daggerverse/ci@version
=== PAUSE TestParseRefString/ssh://github.com/shykes/daggerverse/ci@version
=== RUN   TestParseRefString/https://github.com/shykes/daggerverse#version:ci
=== PAUSE TestParseRefString/https://github.com/shykes/daggerverse#version:ci
=== RUN   TestParseRefString/github.com/dagger/python/ruff@main
=== PAUSE TestParseRefString/github.com/dagger/python/ruff@main
=== RUN   TestParseRefString/https://github.com/dagger/python/ruff@main
=== PAUSE TestParseRefString/https://github.com/dagger/python/ruff@main
=== RUN   TestParseRefString/https://github.com/dagger/python#main:ruff
=== PAUSE TestParseRefString/https://github.com/dagger/python#main:ruff
=== RUN   TestParseRefString/https://github.com/dagger/python#main
=== PAUSE TestParseRefString/https://github.com/dagger/python#main
=== RUN   TestParseRefString/github.com/dagger/python/ruff#main
=== PAUSE TestParseRefString/github.com/dagger/python/ruff#main
=== RUN   TestParseRefString/https://github.com/dagger/python/ruff#main
=== PAUSE TestParseRefString/https://github.com/dagger/python/ruff#main
=== RUN   TestParseRefString/github.com/dagger/python@main:ruff
=== PAUSE TestParseRefString/github.com/dagger/python@main:ruff
=== RUN   TestParseRefString/https://github.com/dagger/python@main:ruff
=== PAUSE TestParseRefString/https://github.com/dagger/python@main:ruff
=== RUN   TestParseRefString/github.com/dagger/python#main:ruff
=== PAUSE TestParseRefString/github.com/dagger/python#main:ruff
=== RUN   TestParseRefString/./some/local/path
=== PAUSE TestParseRefString/./some/local/path
=== RUN   TestParseRefString/github.com/shykes/daggerverse.git/../../
=== PAUSE TestParseRefString/github.com/shykes/daggerverse.git/../../
=== CONT  TestParseRefString/github.com/shykes/daggerverse/ci
=== CONT  TestParseRefString/github.com/dagger/python/ruff#main
=== CONT  TestParseRefString/github.com/dagger/python#main:ruff
=== CONT  TestParseRefString/https://github.com/dagger/python/ruff@main
=== CONT  TestParseRefString/github.com/dagger/python/ruff@main
=== CONT  TestParseRefString/github.com/shykes/daggerverse.git/../../
=== CONT  TestParseRefString/https://github.com/dagger/python/ruff#main
=== CONT  TestParseRefString/github.com/dagger/python@main:ruff
=== CONT  TestParseRefString/./some/local/path
=== CONT  TestParseRefString/https://github.com/shykes/daggerverse#version:ci
=== CONT  TestParseRefString/https://github.com/dagger/python#main
=== CONT  TestParseRefString/ssh://github.com/shykes/daggerverse/ci@version
=== CONT  TestParseRefString/https://github.com/dagger/python@main:ruff
=== CONT  TestParseRefString/https://github.com/dagger/python#main:ruff
--- PASS: TestParseRefString (0.00s)
    --- PASS: TestParseRefString/github.com/shykes/daggerverse/ci (0.00s)
    --- PASS: TestParseRefString/github.com/dagger/python#main:ruff (0.00s)
    --- PASS: TestParseRefString/github.com/dagger/python/ruff#main (0.00s)
    --- PASS: TestParseRefString/github.com/dagger/python/ruff@main (0.00s)
    --- PASS: TestParseRefString/https://github.com/dagger/python/ruff@main (0.00s)
    --- PASS: TestParseRefString/github.com/shykes/daggerverse.git/../../ (0.00s)
    --- PASS: TestParseRefString/https://github.com/shykes/daggerverse#version:ci (0.00s)
    --- PASS: TestParseRefString/ssh://github.com/shykes/daggerverse/ci@version (0.00s)
    --- PASS: TestParseRefString/https://github.com/dagger/python/ruff#main (0.00s)
    --- PASS: TestParseRefString/https://github.com/dagger/python#main (0.00s)
    --- PASS: TestParseRefString/github.com/dagger/python@main:ruff (0.00s)
    --- PASS: TestParseRefString/https://github.com/dagger/python#main:ruff (0.00s)
    --- PASS: TestParseRefString/./some/local/path (0.00s)
    --- PASS: TestParseRefString/https://github.com/dagger/python@main:ruff (0.00s)
=== RUN   TestParseRefStringRemoteFailure
--- PASS: TestParseRefStringRemoteFailure (0.00s)
=== RUN   TestModuleSourceAttachDependencyResultsRetainsSDKImpl
=== PAUSE TestModuleSourceAttachDependencyResultsRetainsSDKImpl
=== RUN   TestModuleSourcePersistenceRetainsSelfCallsCapability
=== PAUSE TestModuleSourcePersistenceRetainsSelfCallsCapability
=== RUN   TestGitModuleSourceSymbolic
=== RUN   TestGitModuleSourceSymbolic/Go-style_URL
=== RUN   TestGitModuleSourceSymbolic/SCP-like_reference
=== RUN   TestGitModuleSourceSymbolic/SCP-like_reference_with_no_subdir
=== RUN   TestGitModuleSourceSymbolic/version_query
=== RUN   TestGitModuleSourceSymbolic/literal_Git_ref
=== RUN   TestGitModuleSourceSymbolic/literal_Git_ref_at_repository_root
=== RUN   TestGitModuleSourceSymbolic/literal_Git_ref_with_explicit_dot_subpath
--- PASS: TestGitModuleSourceSymbolic (0.00s)
    --- PASS: TestGitModuleSourceSymbolic/Go-style_URL (0.00s)
    --- PASS: TestGitModuleSourceSymbolic/SCP-like_reference (0.00s)
    --- PASS: TestGitModuleSourceSymbolic/SCP-like_reference_with_no_subdir (0.00s)
    --- PASS: TestGitModuleSourceSymbolic/version_query (0.00s)
    --- PASS: TestGitModuleSourceSymbolic/literal_Git_ref (0.00s)
    --- PASS: TestGitModuleSourceSymbolic/literal_Git_ref_at_repository_root (0.00s)
    --- PASS: TestGitModuleSourceSymbolic/literal_Git_ref_with_explicit_dot_subpath (0.00s)
=== RUN   TestWorkspaceContextDirPath
=== PAUSE TestWorkspaceContextDirPath
=== RUN   TestModuleObjectAttachDependencyResultsRecurses
=== PAUSE TestModuleObjectAttachDependencyResultsRecurses
=== RUN   TestDecodePersistedModuleObjectValueResultRefLoadsResult
=== PAUSE TestDecodePersistedModuleObjectValueResultRefLoadsResult
=== RUN   TestModulePersistedTypeDefsRoundTripPreservesNullableValidity
=== PAUSE TestModulePersistedTypeDefsRoundTripPreservesNullableValidity
=== RUN   TestModuleObjectConvertToSDKInputUsesCurrentFieldID
=== PAUSE TestModuleObjectConvertToSDKInputUsesCurrentFieldID
=== RUN   TestModuleObjectConvertToSDKInputRewritesStoredResults
=== PAUSE TestModuleObjectConvertToSDKInputRewritesStoredResults
=== RUN   TestModuleObjectPersistedResultRefsRoundTrip
=== PAUSE TestModuleObjectPersistedResultRefsRoundTrip
=== RUN   TestModuleObjectEncodeRejectsRawCallIDInSemanticField
=== PAUSE TestModuleObjectEncodeRejectsRawCallIDInSemanticField
=== RUN   TestModuleObjectEncodeAllowsRawCallIDInPrivateField
=== PAUSE TestModuleObjectEncodeAllowsRawCallIDInPrivateField
=== RUN   TestModuleObjectPrivateHandleFieldRetainedAcrossProducerSessionClose
=== PAUSE TestModuleObjectPrivateHandleFieldRetainedAcrossProducerSessionClose
=== RUN   TestModuleObjectAttachDependencyResultsRewritesHandleVariants
=== PAUSE TestModuleObjectAttachDependencyResultsRewritesHandleVariants
=== RUN   TestModuleObjectAttachHandleErrorsWithoutServer
=== PAUSE TestModuleObjectAttachHandleErrorsWithoutServer
=== RUN   TestModuleObjectAttachHandleWithoutAmbientServer
=== PAUSE TestModuleObjectAttachHandleWithoutAmbientServer
=== RUN   TestModuleObjectAttachDependencyResultsRetainsSemanticInterfaceHandleField
=== PAUSE TestModuleObjectAttachDependencyResultsRetainsSemanticInterfaceHandleField
=== RUN   TestModuleObjectNestedNumbersSurvivePersistenceAndSDKConversion
=== PAUSE TestModuleObjectNestedNumbersSurvivePersistenceAndSDKConversion
=== RUN   TestEmitServiceStartProducesLoaderShape
--- PASS: TestEmitServiceStartProducesLoaderShape (0.00s)
=== RUN   TestPersistedActionGroupsShareOwnersThroughRestart
2026/09/16 09:13:24 INFO starting dagql cache close hasSQLDB=true hasPersistDB=true
2026/09/16 09:13:24 INFO marking dagql cache clean shutdown
2026/09/16 09:13:24 WARN successfully marked clean shutdown in persistence metadata
2026/09/16 09:13:24 INFO completed dagql cache close successfully
2026/09/16 09:13:24 INFO starting dagql cache close hasSQLDB=true hasPersistDB=true
2026/09/16 09:13:24 INFO marking dagql cache clean shutdown
2026/09/16 09:13:24 WARN successfully marked clean shutdown in persistence metadata
2026/09/16 09:13:24 INFO completed dagql cache close successfully
=== RUN   TestPersistedActionGroupsShareOwnersThroughRestart/omitting_the_bound_workspace_leaves_the_group_without_one
=== RUN   TestPersistedActionGroupsShareOwnersThroughRestart/omitting_the_defining_module_leaves_no_server_to_select_from
2026/09/16 09:13:24 WARN failed to determine cache usage size resultID=2 usageIdentity=shared-root err="context canceled"
2026/09/16 09:13:24 INFO dagql pruned result resultID=5 call=Query.check-group digest=xxh3:466d3b9fbbec833a args=[] description=check-group measuredSizeBytes=0 reclaimedBytes=0
2026/09/16 09:13:24 INFO dagql pruned result resultID=6 call=Query.up-group digest=xxh3:e7f0e31446c535f2 args=[] description=up-group measuredSizeBytes=0 reclaimedBytes=0
2026/09/16 09:13:24 INFO dagql pruned result resultID=3 call=Query.bound-workspace digest=xxh3:4570f3b669b39f25 args=[] description=bound-workspace measuredSizeBytes=0 reclaimedBytes=0
2026/09/16 09:13:24 INFO dagql pruned result resultID=7 call=Query.terminal-group digest=xxh3:3fc2e3239508c392 args=[] description=terminal-group measuredSizeBytes=0 reclaimedBytes=0
2026/09/16 09:13:24 INFO dagql pruned result resultID=4 call=Query.check-error digest=xxh3:5a751198be548a57 args=[] description=check-error measuredSizeBytes=0 reclaimedBytes=0
2026/09/16 09:13:24 INFO dagql pruned result resultID=8 call=Query.single-check digest=xxh3:d10fb0aab46b1183 args=[] description=single-check measuredSizeBytes=0 reclaimedBytes=0
2026/09/16 09:13:24 INFO dagql pruned result resultID=9 call=Query.single-up digest=xxh3:f3e431e215213f5f args=[] description=single-up measuredSizeBytes=0 reclaimedBytes=0
2026/09/16 09:13:24 INFO dagql pruned result resultID=1 call=Query.cold-module digest=xxh3:c166dd3b4d32acad args=[] description=cold-module measuredSizeBytes=0 reclaimedBytes=0
2026/09/16 09:13:24 INFO dagql pruned result resultID=10 call=Query.single-terminal digest=xxh3:2ce8f822ef4c2af0 args=[] description=single-terminal measuredSizeBytes=0 reclaimedBytes=0
2026/09/16 09:13:24 INFO dagql pruned result resultID=2 call=Query.shared-root digest=xxh3:5e092ba673ef28c5 args=[] description=shared-root measuredSizeBytes=0 reclaimedBytes=0
2026/09/16 09:13:24 INFO dagql pruned result resultID=11 call=Query.holder digest=xxh3:c494792c17243ad5 args=[] description=holder measuredSizeBytes=0 reclaimedBytes=0
2026/09/16 09:13:24 INFO discarding dagql cache without persistence hasSQLDB=true hasPersistDB=true
--- PASS: TestPersistedActionGroupsShareOwnersThroughRestart (0.03s)
    --- PASS: TestPersistedActionGroupsShareOwnersThroughRestart/omitting_the_bound_workspace_leaves_the_group_without_one (0.00s)
    --- PASS: TestPersistedActionGroupsShareOwnersThroughRestart/omitting_the_defining_module_leaves_no_server_to_select_from (0.00s)
=== RUN   TestPersistedModuleEnumDecodesThroughDefiningModule
2026/09/16 09:13:24 INFO starting dagql cache close hasSQLDB=true hasPersistDB=true
2026/09/16 09:13:24 INFO marking dagql cache clean shutdown
2026/09/16 09:13:24 WARN successfully marked clean shutdown in persistence metadata
2026/09/16 09:13:24 INFO completed dagql cache close successfully
2026/09/16 09:13:24 INFO discarding dagql cache without persistence hasSQLDB=true hasPersistDB=true
--- PASS: TestPersistedModuleEnumDecodesThroughDefiningModule (0.01s)
=== RUN   TestPersistedRemoteGitRepositoryRestoresAuthMirrorAndServices
2026/09/16 09:13:24 INFO starting dagql cache close hasSQLDB=true hasPersistDB=true
2026/09/16 09:13:24 INFO marking dagql cache clean shutdown
2026/09/16 09:13:24 WARN successfully marked clean shutdown in persistence metadata
2026/09/16 09:13:24 INFO completed dagql cache close successfully
2026/09/16 09:13:24 INFO starting dagql cache close hasSQLDB=true hasPersistDB=true
2026/09/16 09:13:24 INFO marking dagql cache clean shutdown
2026/09/16 09:13:24 WARN successfully marked clean shutdown in persistence metadata
2026/09/16 09:13:24 INFO completed dagql cache close successfully
=== RUN   TestPersistedRemoteGitRepositoryRestoresAuthMirrorAndServices/dropping_mirrorResultID
=== RUN   TestPersistedRemoteGitRepositoryRestoresAuthMirrorAndServices/dropping_sshAuthSocketResultID
=== RUN   TestPersistedRemoteGitRepositoryRestoresAuthMirrorAndServices/dropping_authTokenResultID
=== RUN   TestPersistedRemoteGitRepositoryRestoresAuthMirrorAndServices/dropping_authHeaderResultID
=== RUN   TestPersistedRemoteGitRepositoryRestoresAuthMirrorAndServices/dropping_services
2026/09/16 09:13:24 INFO discarding dagql cache without persistence hasSQLDB=true hasPersistDB=true
--- PASS: TestPersistedRemoteGitRepositoryRestoresAuthMirrorAndServices (0.02s)
    --- PASS: TestPersistedRemoteGitRepositoryRestoresAuthMirrorAndServices/dropping_mirrorResultID (0.00s)
    --- PASS: TestPersistedRemoteGitRepositoryRestoresAuthMirrorAndServices/dropping_sshAuthSocketResultID (0.00s)
    --- PASS: TestPersistedRemoteGitRepositoryRestoresAuthMirrorAndServices/dropping_authTokenResultID (0.00s)
    --- PASS: TestPersistedRemoteGitRepositoryRestoresAuthMirrorAndServices/dropping_authHeaderResultID (0.00s)
    --- PASS: TestPersistedRemoteGitRepositoryRestoresAuthMirrorAndServices/dropping_services (0.00s)
=== RUN   TestPersistedRemoteGitRepositoryUsesFreshSessionResources
2026/09/16 09:13:24 INFO starting dagql cache close hasSQLDB=true hasPersistDB=true
2026/09/16 09:13:24 INFO marking dagql cache clean shutdown
2026/09/16 09:13:24 WARN successfully marked clean shutdown in persistence metadata
2026/09/16 09:13:24 INFO completed dagql cache close successfully
=== RUN   TestPersistedRemoteGitRepositoryUsesFreshSessionResources/an_unbound_handle_fails_at_use
=== RUN   TestPersistedRemoteGitRepositoryUsesFreshSessionResources/a_dropped_credential_changes_the_selection
2026/09/16 09:13:24 INFO discarding dagql cache without persistence hasSQLDB=true hasPersistDB=true
--- PASS: TestPersistedRemoteGitRepositoryUsesFreshSessionResources (0.02s)
    --- PASS: TestPersistedRemoteGitRepositoryUsesFreshSessionResources/an_unbound_handle_fails_at_use (0.00s)
    --- PASS: TestPersistedRemoteGitRepositoryUsesFreshSessionResources/a_dropped_credential_changes_the_selection (0.00s)
=== RUN   TestPersistedMetadataFamiliesSurviveRestart
2026/09/16 09:13:24 INFO starting dagql cache close hasSQLDB=true hasPersistDB=true
2026/09/16 09:13:24 INFO marking dagql cache clean shutdown
2026/09/16 09:13:24 WARN successfully marked clean shutdown in persistence metadata
2026/09/16 09:13:24 INFO completed dagql cache close successfully
=== RUN   TestPersistedMetadataFamiliesSurviveRestart/first-restart/env-var
=== RUN   TestPersistedMetadataFamiliesSurviveRestart/first-restart/env-var-empty
=== RUN   TestPersistedMetadataFamiliesSurviveRestart/first-restart/port-nil-description
=== RUN   TestPersistedMetadataFamiliesSurviveRestart/first-restart/port-empty-description
=== RUN   TestPersistedMetadataFamiliesSurviveRestart/first-restart/port-described
=== RUN   TestPersistedMetadataFamiliesSurviveRestart/first-restart/sdk-config
=== RUN   TestPersistedMetadataFamiliesSurviveRestart/first-restart/git-bundle-ref
=== RUN   TestPersistedMetadataFamiliesSurviveRestart/first-restart/schema
=== RUN   TestPersistedMetadataFamiliesSurviveRestart/first-restart/current-module
=== RUN   TestPersistedMetadataFamiliesSurviveRestart/first-restart/workspace-migration
=== RUN   TestPersistedMetadataFamiliesSurviveRestart/first-restart/workspace-migration-step
=== RUN   TestPersistedMetadataFamiliesSurviveRestart/first-restart/cloud
=== RUN   TestPersistedMetadataFamiliesSurviveRestart/first-restart/terminal-legacy
=== RUN   TestPersistedMetadataFamiliesSurviveRestart/first-restart/module-config-client
2026/09/16 09:13:24 INFO starting dagql cache close hasSQLDB=true hasPersistDB=true
2026/09/16 09:13:24 INFO marking dagql cache clean shutdown
2026/09/16 09:13:24 WARN successfully marked clean shutdown in persistence metadata
2026/09/16 09:13:24 INFO completed dagql cache close successfully
2026/09/16 09:13:24 INFO starting dagql cache close hasSQLDB=true hasPersistDB=true
2026/09/16 09:13:24 INFO marking dagql cache clean shutdown
2026/09/16 09:13:24 WARN successfully marked clean shutdown in persistence metadata
2026/09/16 09:13:24 INFO completed dagql cache close successfully
=== RUN   TestPersistedMetadataFamiliesSurviveRestart/after-untouched-save/env-var
=== RUN   TestPersistedMetadataFamiliesSurviveRestart/after-untouched-save/env-var-empty
=== RUN   TestPersistedMetadataFamiliesSurviveRestart/after-untouched-save/port-nil-description
=== RUN   TestPersistedMetadataFamiliesSurviveRestart/after-untouched-save/port-empty-description
=== RUN   TestPersistedMetadataFamiliesSurviveRestart/after-untouched-save/port-described
=== RUN   TestPersistedMetadataFamiliesSurviveRestart/after-untouched-save/sdk-config
=== RUN   TestPersistedMetadataFamiliesSurviveRestart/after-untouched-save/git-bundle-ref
=== RUN   TestPersistedMetadataFamiliesSurviveRestart/after-untouched-save/schema
=== RUN   TestPersistedMetadataFamiliesSurviveRestart/after-untouched-save/current-module
=== RUN   TestPersistedMetadataFamiliesSurviveRestart/after-untouched-save/workspace-migration
=== RUN   TestPersistedMetadataFamiliesSurviveRestart/after-untouched-save/workspace-migration-step
=== RUN   TestPersistedMetadataFamiliesSurviveRestart/after-untouched-save/cloud
=== RUN   TestPersistedMetadataFamiliesSurviveRestart/after-untouched-save/terminal-legacy
=== RUN   TestPersistedMetadataFamiliesSurviveRestart/after-untouched-save/module-config-client
2026/09/16 09:13:24 INFO discarding dagql cache without persistence hasSQLDB=true hasPersistDB=true
--- PASS: TestPersistedMetadataFamiliesSurviveRestart (0.02s)
    --- PASS: TestPersistedMetadataFamiliesSurviveRestart/first-restart/env-var (0.00s)
    --- PASS: TestPersistedMetadataFamiliesSurviveRestart/first-restart/env-var-empty (0.00s)
    --- PASS: TestPersistedMetadataFamiliesSurviveRestart/first-restart/port-nil-description (0.00s)
    --- PASS: TestPersistedMetadataFamiliesSurviveRestart/first-restart/port-empty-description (0.00s)
    --- PASS: TestPersistedMetadataFamiliesSurviveRestart/first-restart/port-described (0.00s)
    --- PASS: TestPersistedMetadataFamiliesSurviveRestart/first-restart/sdk-config (0.00s)
    --- PASS: TestPersistedMetadataFamiliesSurviveRestart/first-restart/git-bundle-ref (0.00s)
    --- PASS: TestPersistedMetadataFamiliesSurviveRestart/first-restart/schema (0.00s)
    --- PASS: TestPersistedMetadataFamiliesSurviveRestart/first-restart/current-module (0.00s)
    --- PASS: TestPersistedMetadataFamiliesSurviveRestart/first-restart/workspace-migration (0.00s)
    --- PASS: TestPersistedMetadataFamiliesSurviveRestart/first-restart/workspace-migration-step (0.00s)
    --- PASS: TestPersistedMetadataFamiliesSurviveRestart/first-restart/cloud (0.00s)
    --- PASS: TestPersistedMetadataFamiliesSurviveRestart/first-restart/terminal-legacy (0.00s)
    --- PASS: TestPersistedMetadataFamiliesSurviveRestart/first-restart/module-config-client (0.00s)
    --- PASS: TestPersistedMetadataFamiliesSurviveRestart/after-untouched-save/env-var (0.00s)
    --- PASS: TestPersistedMetadataFamiliesSurviveRestart/after-untouched-save/env-var-empty (0.00s)
    --- PASS: TestPersistedMetadataFamiliesSurviveRestart/after-untouched-save/port-nil-description (0.00s)
    --- PASS: TestPersistedMetadataFamiliesSurviveRestart/after-untouched-save/port-empty-description (0.00s)
    --- PASS: TestPersistedMetadataFamiliesSurviveRestart/after-untouched-save/port-described (0.00s)
    --- PASS: TestPersistedMetadataFamiliesSurviveRestart/after-untouched-save/sdk-config (0.00s)
    --- PASS: TestPersistedMetadataFamiliesSurviveRestart/after-untouched-save/git-bundle-ref (0.00s)
    --- PASS: TestPersistedMetadataFamiliesSurviveRestart/after-untouched-save/schema (0.00s)
    --- PASS: TestPersistedMetadataFamiliesSurviveRestart/after-untouched-save/current-module (0.00s)
    --- PASS: TestPersistedMetadataFamiliesSurviveRestart/after-untouched-save/workspace-migration (0.00s)
    --- PASS: TestPersistedMetadataFamiliesSurviveRestart/after-untouched-save/workspace-migration-step (0.00s)
    --- PASS: TestPersistedMetadataFamiliesSurviveRestart/after-untouched-save/cloud (0.00s)
    --- PASS: TestPersistedMetadataFamiliesSurviveRestart/after-untouched-save/terminal-legacy (0.00s)
    --- PASS: TestPersistedMetadataFamiliesSurviveRestart/after-untouched-save/module-config-client (0.00s)
=== RUN   TestPersistedMetadataControlsDetectLoss
=== RUN   TestPersistedMetadataControlsDetectLoss/dropping_a_present_empty_port_description
=== RUN   TestPersistedMetadataControlsDetectLoss/reordering_migration_warnings_and_steps
=== RUN   TestPersistedMetadataControlsDetectLoss/untyped_number_decoding_rounds_the_SDK_config
=== RUN   TestPersistedMetadataControlsDetectLoss/sdk_config_keeps_empty_maps_distinct_from_absent_ones
=== RUN   TestPersistedMetadataControlsDetectLoss/sdk_config_keeps_empty_maps_distinct_from_absent_ones/absent_maps
=== RUN   TestPersistedMetadataControlsDetectLoss/sdk_config_keeps_empty_maps_distinct_from_absent_ones/empty_maps
=== RUN   TestPersistedMetadataControlsDetectLoss/sdk_config_keeps_empty_maps_distinct_from_absent_ones/present_maps
=== RUN   TestPersistedMetadataControlsDetectLoss/current_module_without_its_row_is_absent
--- PASS: TestPersistedMetadataControlsDetectLoss (0.00s)
    --- PASS: TestPersistedMetadataControlsDetectLoss/dropping_a_present_empty_port_description (0.00s)
    --- PASS: TestPersistedMetadataControlsDetectLoss/reordering_migration_warnings_and_steps (0.00s)
    --- PASS: TestPersistedMetadataControlsDetectLoss/untyped_number_decoding_rounds_the_SDK_config (0.00s)
    --- PASS: TestPersistedMetadataControlsDetectLoss/sdk_config_keeps_empty_maps_distinct_from_absent_ones (0.00s)
        --- PASS: TestPersistedMetadataControlsDetectLoss/sdk_config_keeps_empty_maps_distinct_from_absent_ones/absent_maps (0.00s)
        --- PASS: TestPersistedMetadataControlsDetectLoss/sdk_config_keeps_empty_maps_distinct_from_absent_ones/empty_maps (0.00s)
        --- PASS: TestPersistedMetadataControlsDetectLoss/sdk_config_keeps_empty_maps_distinct_from_absent_ones/present_maps (0.00s)
    --- PASS: TestPersistedMetadataControlsDetectLoss/current_module_without_its_row_is_absent (0.00s)
=== RUN   TestPersistedOptionalVoidSurvivesRestart
2026/09/16 09:13:24 INFO starting dagql cache close hasSQLDB=true hasPersistDB=true
2026/09/16 09:13:24 INFO marking dagql cache clean shutdown
2026/09/16 09:13:24 WARN successfully marked clean shutdown in persistence metadata
2026/09/16 09:13:24 INFO completed dagql cache close successfully
2026/09/16 09:13:24 INFO starting dagql cache close hasSQLDB=true hasPersistDB=true
2026/09/16 09:13:24 INFO marking dagql cache clean shutdown
2026/09/16 09:13:24 WARN successfully marked clean shutdown in persistence metadata
2026/09/16 09:13:24 INFO completed dagql cache close successfully
=== RUN   TestPersistedOptionalVoidSurvivesRestart/a_nil_result_under_a_non-optional_declaration_is_a_present_Void_outside_the_contract
2026/09/16 09:13:24 INFO discarding dagql cache without persistence hasSQLDB=true hasPersistDB=true
--- PASS: TestPersistedOptionalVoidSurvivesRestart (0.01s)
    --- PASS: TestPersistedOptionalVoidSurvivesRestart/a_nil_result_under_a_non-optional_declaration_is_a_present_Void_outside_the_contract (0.00s)
=== RUN   TestPersistedModuleConfigurationNumbersStayExact
=== RUN   TestPersistedModuleConfigurationNumbersStayExact/module_SDK_and_workspace_configuration
=== RUN   TestPersistedModuleConfigurationNumbersStayExact/module_source_SDK_configuration
2026/09/16 09:13:25 INFO discarding dagql cache without persistence hasSQLDB=true hasPersistDB=true
--- PASS: TestPersistedModuleConfigurationNumbersStayExact (0.01s)
    --- PASS: TestPersistedModuleConfigurationNumbersStayExact/module_SDK_and_workspace_configuration (0.00s)
    --- PASS: TestPersistedModuleConfigurationNumbersStayExact/module_source_SDK_configuration (0.00s)
=== RUN   TestPersistedCoreLazyPayloadRelocation
=== RUN   TestPersistedCoreLazyPayloadRelocation/an_omitted_mapping_fails_without_partial_writes
2026/09/16 09:13:25 INFO discarding dagql cache without persistence hasSQLDB=true hasPersistDB=true
--- PASS: TestPersistedCoreLazyPayloadRelocation (0.01s)
    --- PASS: TestPersistedCoreLazyPayloadRelocation/an_omitted_mapping_fails_without_partial_writes (0.00s)
=== RUN   TestPersistedModuleObjectPayloadRelocation
=== RUN   TestPersistedModuleObjectPayloadRelocation/an_omitted_mapping_fails_without_partial_writes
2026/09/16 09:13:25 INFO discarding dagql cache without persistence hasSQLDB=true hasPersistDB=true
--- PASS: TestPersistedModuleObjectPayloadRelocation (0.01s)
    --- PASS: TestPersistedModuleObjectPayloadRelocation/an_omitted_mapping_fails_without_partial_writes (0.00s)
=== RUN   TestPersistedActionPayloadRelocationKeepsNodeIndices
2026/09/16 09:13:25 INFO discarding dagql cache without persistence hasSQLDB=true hasPersistDB=true
--- PASS: TestPersistedActionPayloadRelocationKeepsNodeIndices (0.01s)
=== RUN   TestPersistedCoreStorageRolesAreClassified
2026/09/16 09:13:25 INFO discarding dagql cache without persistence hasSQLDB=true hasPersistDB=true
--- PASS: TestPersistedCoreStorageRolesAreClassified (0.01s)
=== RUN   TestPersistedRelocatedRowsSurviveWorkerSaveAndReopen
2026/09/16 09:13:25 INFO starting dagql cache close hasSQLDB=true hasPersistDB=true
2026/09/16 09:13:25 INFO marking dagql cache clean shutdown
2026/09/16 09:13:25 WARN successfully marked clean shutdown in persistence metadata
2026/09/16 09:13:25 INFO completed dagql cache close successfully
2026/09/16 09:13:25 INFO starting dagql cache close hasSQLDB=true hasPersistDB=true
2026/09/16 09:13:25 INFO marking dagql cache clean shutdown
2026/09/16 09:13:25 WARN successfully marked clean shutdown in persistence metadata
2026/09/16 09:13:25 INFO completed dagql cache close successfully
2026/09/16 09:13:25 INFO starting dagql cache close hasSQLDB=true hasPersistDB=true
2026/09/16 09:13:25 INFO marking dagql cache clean shutdown
2026/09/16 09:13:25 WARN successfully marked clean shutdown in persistence metadata
2026/09/16 09:13:25 INFO completed dagql cache close successfully
2026/09/16 09:13:25 INFO starting dagql cache close hasSQLDB=true hasPersistDB=true
2026/09/16 09:13:25 INFO marking dagql cache clean shutdown
2026/09/16 09:13:25 WARN successfully marked clean shutdown in persistence metadata
2026/09/16 09:13:25 INFO completed dagql cache close successfully
2026/09/16 09:13:25 INFO discarding dagql cache without persistence hasSQLDB=true hasPersistDB=true
--- PASS: TestPersistedRelocatedRowsSurviveWorkerSaveAndReopen (0.03s)
=== RUN   TestPersistedContainerRecipeRelocationUsesRecordedCall
=== RUN   TestPersistedContainerRecipeRelocationUsesRecordedCall/a_pending_recipe_without_its_recorded_call_is_refused
=== RUN   TestPersistedContainerRecipeRelocationUsesRecordedCall/a_recorded_call_naming_no_recipe_is_refused
=== RUN   TestPersistedContainerRecipeRelocationUsesRecordedCall/a_different_recipe's_call_does_not_reach_these_positions
2026/09/16 09:13:25 INFO discarding dagql cache without persistence hasSQLDB=true hasPersistDB=true
--- PASS: TestPersistedContainerRecipeRelocationUsesRecordedCall (0.01s)
    --- PASS: TestPersistedContainerRecipeRelocationUsesRecordedCall/a_pending_recipe_without_its_recorded_call_is_refused (0.00s)
    --- PASS: TestPersistedContainerRecipeRelocationUsesRecordedCall/a_recorded_call_naming_no_recipe_is_refused (0.00s)
    --- PASS: TestPersistedContainerRecipeRelocationUsesRecordedCall/a_different_recipe's_call_does_not_reach_these_positions (0.00s)
=== RUN   TestProducerPathCleanup
=== RUN   TestProducerPathCleanup/blob/mount
2026/09/16 09:13:25 INFO start lazy evaluation field=File.blob
2026/09/16 09:13:25 INFO end lazy evaluation field=File.blob duration=50.58µs err="injected path failure"
=== RUN   TestProducerPathCleanup/blob/write
2026/09/16 09:13:25 INFO start lazy evaluation field=File.blob
2026/09/16 09:13:25 INFO end lazy evaluation field=File.blob duration=51.41µs err="open /tmp/TestProducerPathCleanupblobwrite2756919274/001/data: is a directory"
=== RUN   TestProducerPathCleanup/blob/commit
2026/09/16 09:13:25 INFO start lazy evaluation field=File.blob
2026/09/16 09:13:25 INFO end lazy evaluation field=File.blob duration=94.26µs err="commit blob snapshot: injected path failure"
=== RUN   TestProducerPathCleanup/blob/success
2026/09/16 09:13:25 INFO start lazy evaluation field=File.blob
2026/09/16 09:13:25 INFO end lazy evaluation field=File.blob duration=88.94µs
=== RUN   TestProducerPathCleanup/http/mount
=== RUN   TestProducerPathCleanup/http/write
=== RUN   TestProducerPathCleanup/http/commit
=== RUN   TestProducerPathCleanup/http/success
=== RUN   TestProducerPathCleanup/cleaned_bare_alias
2026/09/16 09:13:25 INFO discarding dagql cache without persistence hasSQLDB=false hasPersistDB=false
--- PASS: TestProducerPathCleanup (0.01s)
    --- PASS: TestProducerPathCleanup/blob/mount (0.00s)
    --- PASS: TestProducerPathCleanup/blob/write (0.00s)
    --- PASS: TestProducerPathCleanup/blob/commit (0.00s)
    --- PASS: TestProducerPathCleanup/blob/success (0.00s)
    --- PASS: TestProducerPathCleanup/http/mount (0.00s)
    --- PASS: TestProducerPathCleanup/http/write (0.00s)
    --- PASS: TestProducerPathCleanup/http/commit (0.00s)
    --- PASS: TestProducerPathCleanup/http/success (0.00s)
    --- PASS: TestProducerPathCleanup/cleaned_bare_alias (0.01s)
=== RUN   TestProducerTemporaryIndexCleanup
=== RUN   TestProducerTemporaryIndexCleanup/copy
=== RUN   TestProducerTemporaryIndexCleanup/close
=== RUN   TestProducerTemporaryIndexCleanup/command
=== RUN   TestProducerTemporaryIndexCleanup/success
--- PASS: TestProducerTemporaryIndexCleanup (0.00s)
    --- PASS: TestProducerTemporaryIndexCleanup/copy (0.00s)
    --- PASS: TestProducerTemporaryIndexCleanup/close (0.00s)
    --- PASS: TestProducerTemporaryIndexCleanup/command (0.00s)
    --- PASS: TestProducerTemporaryIndexCleanup/success (0.00s)
=== RUN   TestQueryNewModuleInitializesDeps
=== PAUSE TestQueryNewModuleInitializesDeps
=== RUN   TestSelectLatestReleaseTagIgnoresLowerAmbiguity
=== PAUSE TestSelectLatestReleaseTagIgnoresLowerAmbiguity
=== RUN   TestSelectLatestReleaseTagReportsOriginalTags
=== PAUSE TestSelectLatestReleaseTagReportsOriginalTags
=== RUN   TestSelectReleaseTagWithVersionQuery
=== PAUSE TestSelectReleaseTagWithVersionQuery
=== RUN   TestSelectReleaseTagRejectsInvalidVersionQuery
=== PAUSE TestSelectReleaseTagRejectsInvalidVersionQuery
=== RUN   TestParseReleaseTagPreservesPrefixedName
=== PAUSE TestParseReleaseTagPreservesPrefixedName
=== RUN   TestPreferCanonicalGitReleaseTag
=== PAUSE TestPreferCanonicalGitReleaseTag
=== RUN   TestSchemaJSONFileSelectorHiddenFieldsAffectCallIdentity
--- PASS: TestSchemaJSONFileSelectorHiddenFieldsAffectCallIdentity (0.00s)
=== RUN   TestNewSchema
=== RUN   TestNewSchema/valid
=== RUN   TestNewSchema/malformed_JSON
=== RUN   TestNewSchema/missing___schema
--- PASS: TestNewSchema (0.00s)
    --- PASS: TestNewSchema/valid (0.00s)
    --- PASS: TestNewSchema/malformed_JSON (0.00s)
    --- PASS: TestNewSchema/missing___schema (0.00s)
=== RUN   TestSchemaMerge
--- PASS: TestSchemaMerge (0.00s)
=== RUN   TestSchemaMergeReusesModuleConstructor
--- PASS: TestSchemaMergeReusesModuleConstructor (0.00s)
=== RUN   TestSchemaMergeIdempotent
--- PASS: TestSchemaMergeIdempotent (0.00s)
=== RUN   TestSchemaMergeConflict
--- PASS: TestSchemaMergeConflict (0.00s)
=== RUN   TestSchemaMergeRequiresModuleName
--- PASS: TestSchemaMergeRequiresModuleName (0.00s)
=== RUN   TestSchemaMergeInterfaceAndEnum
=== RUN   TestSchemaMergeInterfaceAndEnum/interface
=== RUN   TestSchemaMergeInterfaceAndEnum/enum
--- PASS: TestSchemaMergeInterfaceAndEnum (0.00s)
    --- PASS: TestSchemaMergeInterfaceAndEnum/interface (0.00s)
    --- PASS: TestSchemaMergeInterfaceAndEnum/enum (0.00s)
=== RUN   TestSchemaMergeScalar
--- PASS: TestSchemaMergeScalar (0.00s)
=== RUN   TestSchemaContentsRoundTrip
--- PASS: TestSchemaContentsRoundTrip (0.00s)
=== RUN   TestRecordBoundServiceFQDNs
=== PAUSE TestRecordBoundServiceFQDNs
=== RUN   TestRunningServiceOriginSpanContextsAreDeterministic
--- PASS: TestRunningServiceOriginSpanContextsAreDeterministic (0.00s)
=== RUN   TestServiceBindingExitErrorAddsBindingOriginAlongsideInnerOrigin
--- PASS: TestServiceBindingExitErrorAddsBindingOriginAlongsideInnerOrigin (0.00s)
=== RUN   TestStartWithKeySuppressesDependencyExitPropagationUntilRelease
--- PASS: TestStartWithKeySuppressesDependencyExitPropagationUntilRelease (0.06s)
=== RUN   TestSecretPlaintextFallsBackToAvailableSessionResourceBinding
--- PASS: TestSecretPlaintextFallsBackToAvailableSessionResourceBinding (0.00s)
=== RUN   TestSocketForwardAgentClientFallsBackToAvailableSessionResourceBinding
--- PASS: TestSocketForwardAgentClientFallsBackToAvailableSessionResourceBinding (0.00s)
=== RUN   TestSnapshotTransferTypedAdoptionAndRestart
2026/09/16 09:13:25 INFO start lazy evaluation field=Container.rootfs
2026/09/16 09:13:25 INFO end lazy evaluation field=Container.rootfs duration=206.72µs
2026/09/16 09:13:25 INFO starting dagql cache close hasSQLDB=true hasPersistDB=true
2026/09/16 09:13:25 INFO marking dagql cache clean shutdown
2026/09/16 09:13:25 WARN successfully marked clean shutdown in persistence metadata
2026/09/16 09:13:25 INFO completed dagql cache close successfully
    snapshot_transfer_test.go:95: after clean cache close: lease=276207073-Db2V labels=map[buildkit/lease.temporary:2026-09-16T09:13:25.276213863Z containerd.io/gc.flat:2026-09-16T09:13:25.276216143Z dagger.io/snapshot-transfer:true] resources=[{sha256:889805cb9d03c333667f127b027be4fb4669772e57c88a9629b48ead3af6458e content} {sha256:e23e8cfe8fbe0dae7b822af32853362933813797c6a8b99f7a2cacfd5f80b1db content} {a4eb4i8mmcs6mqb089e5er6q8 snapshots/native} {kwqxjlaximzmss0fht1bylwgb snapshots/native}]
    snapshot_transfer_test.go:95: after clean cache close: lease=dagql/result/1/fs labels=map[containerd.io/gc.flat:2026-09-16T09:13:25.356903284Z] resources=[{sha256:889805cb9d03c333667f127b027be4fb4669772e57c88a9629b48ead3af6458e content} {sha256:e23e8cfe8fbe0dae7b822af32853362933813797c6a8b99f7a2cacfd5f80b1db content} {a4eb4i8mmcs6mqb089e5er6q8 snapshots/native} {kwqxjlaximzmss0fht1bylwgb snapshots/native}]
    snapshot_transfer_test.go:95: after clean cache close: lease=dagql/result/2/snapshot labels=map[containerd.io/gc.flat:2026-09-16T09:13:25.363442048Z] resources=[{sha256:889805cb9d03c333667f127b027be4fb4669772e57c88a9629b48ead3af6458e content} {sha256:e23e8cfe8fbe0dae7b822af32853362933813797c6a8b99f7a2cacfd5f80b1db content} {a4eb4i8mmcs6mqb089e5er6q8 snapshots/native} {kwqxjlaximzmss0fht1bylwgb snapshots/native}]
    snapshot_transfer_test.go:95: after clean cache close: lease=dagql/result/3/snapshot labels=map[containerd.io/gc.flat:2026-09-16T09:13:25.382612769Z] resources=[{sha256:889805cb9d03c333667f127b027be4fb4669772e57c88a9629b48ead3af6458e content} {sha256:e23e8cfe8fbe0dae7b822af32853362933813797c6a8b99f7a2cacfd5f80b1db content} {a4eb4i8mmcs6mqb089e5er6q8 snapshots/native} {kwqxjlaximzmss0fht1bylwgb snapshots/native}]
    snapshot_transfer_test.go:95: after clean cache close: lease=unrelated-temporary labels=map[buildkit/lease.temporary:2026-09-16T09:13:25.402752269Z] resources=[]
2026/09/16 09:13:25 INFO start lazy group evaluation field="Container stored part" group=open:fs
2026/09/16 09:13:25 INFO end lazy group evaluation field="Container stored part" group=open:fs duration=100.03µs
2026/09/16 09:13:25 INFO start lazy evaluation field=Directory.restore
2026/09/16 09:13:25 INFO end lazy evaluation field=Directory.restore duration=103.45µs
2026/09/16 09:13:25 INFO start lazy evaluation field=File.restore
2026/09/16 09:13:25 INFO end lazy evaluation field=File.restore duration=86.459µs
2026/09/16 09:13:25 INFO starting dagql cache close hasSQLDB=true hasPersistDB=true
2026/09/16 09:13:25 INFO marking dagql cache clean shutdown
2026/09/16 09:13:25 WARN successfully marked clean shutdown in persistence metadata
2026/09/16 09:13:25 INFO completed dagql cache close successfully
    snapshot_transfer_test.go:165: Container, Directory and File persisted/reopened: source reads=2 apply calls=2
--- PASS: TestSnapshotTransferTypedAdoptionAndRestart (0.31s)
=== RUN   TestPersistedObjectListSurvivesRepeatedRestore
2026/09/16 09:13:25 INFO starting dagql cache close hasSQLDB=true hasPersistDB=true
2026/09/16 09:13:25 INFO marking dagql cache clean shutdown
2026/09/16 09:13:25 WARN successfully marked clean shutdown in persistence metadata
2026/09/16 09:13:25 INFO completed dagql cache close successfully
2026/09/16 09:13:25 INFO starting dagql cache close hasSQLDB=true hasPersistDB=true
2026/09/16 09:13:25 INFO marking dagql cache clean shutdown
2026/09/16 09:13:25 WARN successfully marked clean shutdown in persistence metadata
2026/09/16 09:13:25 INFO completed dagql cache close successfully
2026/09/16 09:13:25 INFO start lazy evaluation field=Directory.restore
2026/09/16 09:13:25 INFO end lazy evaluation field=Directory.restore duration=44.32µs
2026/09/16 09:13:25 INFO starting dagql cache close hasSQLDB=true hasPersistDB=true
2026/09/16 09:13:25 INFO marking dagql cache clean shutdown
2026/09/16 09:13:25 WARN successfully marked clean shutdown in persistence metadata
2026/09/16 09:13:25 INFO completed dagql cache close successfully
2026/09/16 09:13:25 INFO starting dagql cache close hasSQLDB=true hasPersistDB=true
2026/09/16 09:13:25 INFO marking dagql cache clean shutdown
2026/09/16 09:13:25 WARN successfully marked clean shutdown in persistence metadata
2026/09/16 09:13:25 INFO completed dagql cache close successfully
--- PASS: TestPersistedObjectListSurvivesRepeatedRestore (0.02s)
=== RUN   TestWorkspaceRestoreOpensNothing
2026/09/16 09:13:25 INFO starting dagql cache close hasSQLDB=true hasPersistDB=true
2026/09/16 09:13:25 INFO marking dagql cache clean shutdown
2026/09/16 09:13:25 WARN successfully marked clean shutdown in persistence metadata
2026/09/16 09:13:25 INFO completed dagql cache close successfully
2026/09/16 09:13:25 INFO starting dagql cache close hasSQLDB=true hasPersistDB=true
2026/09/16 09:13:25 INFO marking dagql cache clean shutdown
2026/09/16 09:13:25 WARN successfully marked clean shutdown in persistence metadata
2026/09/16 09:13:25 INFO completed dagql cache close successfully
2026/09/16 09:13:25 INFO start lazy evaluation field=Directory.restore
2026/09/16 09:13:25 INFO end lazy evaluation field=Directory.restore duration=56.049µs
2026/09/16 09:13:25 INFO starting dagql cache close hasSQLDB=true hasPersistDB=true
2026/09/16 09:13:25 INFO marking dagql cache clean shutdown
2026/09/16 09:13:25 WARN successfully marked clean shutdown in persistence metadata
2026/09/16 09:13:25 INFO completed dagql cache close successfully
--- PASS: TestWorkspaceRestoreOpensNothing (0.02s)
=== RUN   TestModuleObjectListFieldRestore
2026/09/16 09:13:25 INFO starting dagql cache close hasSQLDB=true hasPersistDB=true
2026/09/16 09:13:25 INFO marking dagql cache clean shutdown
2026/09/16 09:13:25 WARN successfully marked clean shutdown in persistence metadata
2026/09/16 09:13:25 INFO completed dagql cache close successfully
2026/09/16 09:13:25 INFO starting dagql cache close hasSQLDB=true hasPersistDB=true
2026/09/16 09:13:25 INFO marking dagql cache clean shutdown
2026/09/16 09:13:25 WARN successfully marked clean shutdown in persistence metadata
2026/09/16 09:13:25 INFO completed dagql cache close successfully
2026/09/16 09:13:25 INFO starting dagql cache close hasSQLDB=true hasPersistDB=true
2026/09/16 09:13:25 INFO marking dagql cache clean shutdown
2026/09/16 09:13:25 WARN successfully marked clean shutdown in persistence metadata
2026/09/16 09:13:25 INFO completed dagql cache close successfully
--- PASS: TestModuleObjectListFieldRestore (0.02s)
=== RUN   TestRestoredSnapshotLazyChildrenKeepParentClosed
=== RUN   TestRestoredSnapshotLazyChildrenKeepParentClosed/Directory
2026/09/16 09:13:25 INFO starting dagql cache close hasSQLDB=true hasPersistDB=true
2026/09/16 09:13:25 INFO marking dagql cache clean shutdown
2026/09/16 09:13:25 WARN successfully marked clean shutdown in persistence metadata
2026/09/16 09:13:25 INFO completed dagql cache close successfully
2026/09/16 09:13:25 INFO start lazy evaluation field=Directory.without
2026/09/16 09:13:25 INFO start lazy evaluation field=Directory.restore
2026/09/16 09:13:25 INFO end lazy evaluation field=Directory.restore duration=35.6µs
2026/09/16 09:13:25 INFO end lazy evaluation field=Directory.without duration=200.86µs err="context canceled"
2026/09/16 09:13:25 INFO discarding dagql cache without persistence hasSQLDB=true hasPersistDB=true
=== RUN   TestRestoredSnapshotLazyChildrenKeepParentClosed/File
2026/09/16 09:13:25 INFO starting dagql cache close hasSQLDB=true hasPersistDB=true
2026/09/16 09:13:25 INFO marking dagql cache clean shutdown
2026/09/16 09:13:25 WARN successfully marked clean shutdown in persistence metadata
2026/09/16 09:13:25 INFO completed dagql cache close successfully
2026/09/16 09:13:25 INFO start lazy evaluation field=File.withName
2026/09/16 09:13:25 INFO start lazy evaluation field=File.restore
2026/09/16 09:13:25 INFO end lazy evaluation field=File.restore duration=20.66µs
2026/09/16 09:13:25 INFO end lazy evaluation field=File.withName duration=165.72µs err="context canceled"
2026/09/16 09:13:25 INFO discarding dagql cache without persistence hasSQLDB=true hasPersistDB=true
--- PASS: TestRestoredSnapshotLazyChildrenKeepParentClosed (0.03s)
    --- PASS: TestRestoredSnapshotLazyChildrenKeepParentClosed/Directory (0.01s)
    --- PASS: TestRestoredSnapshotLazyChildrenKeepParentClosed/File (0.01s)
=== RUN   TestRestoredSnapshotContainerRecipeInput
2026/09/16 09:13:25 INFO starting dagql cache close hasSQLDB=true hasPersistDB=true
2026/09/16 09:13:25 INFO marking dagql cache clean shutdown
2026/09/16 09:13:25 WARN successfully marked clean shutdown in persistence metadata
2026/09/16 09:13:25 INFO completed dagql cache close successfully
2026/09/16 09:13:25 INFO start lazy group evaluation field=Container.withDirectory group=metadata
2026/09/16 09:13:25 INFO end lazy group evaluation field=Container.withDirectory group=metadata duration=63.15µs
2026/09/16 09:13:25 INFO start lazy group evaluation field=Container.withDirectory group=execMeta
2026/09/16 09:13:25 INFO end lazy group evaluation field=Container.withDirectory group=execMeta duration=8.4µs
2026/09/16 09:13:25 INFO start lazy group evaluation field=Container.withDirectory group=write
2026/09/16 09:13:25 INFO start lazy evaluation field=Directory.restore
2026/09/16 09:13:25 INFO end lazy evaluation field=Directory.restore duration=29.3µs
2026/09/16 09:13:25 INFO start lazy group evaluation field="Container stored part" group=open:fs
2026/09/16 09:13:25 INFO end lazy group evaluation field="Container stored part" group=open:fs duration=53.13µs
2026/09/16 09:13:25 INFO start lazy evaluation field=Container.rootfs
2026/09/16 09:13:25 INFO end lazy evaluation field=Container.rootfs duration=33.61µs
2026/09/16 09:13:25 INFO end lazy group evaluation field=Container.withDirectory group=write duration=529.77µs err="snapshotmanager.New failed: context canceled"
2026/09/16 09:13:25 INFO discarding dagql cache without persistence hasSQLDB=true hasPersistDB=true
--- PASS: TestRestoredSnapshotContainerRecipeInput (0.01s)
=== RUN   TestRestoredSnapshotRoundTrip
=== RUN   TestRestoredSnapshotRoundTrip/Directory
2026/09/16 09:13:25 INFO starting dagql cache close hasSQLDB=true hasPersistDB=true
2026/09/16 09:13:25 INFO marking dagql cache clean shutdown
2026/09/16 09:13:25 WARN successfully marked clean shutdown in persistence metadata
2026/09/16 09:13:25 INFO completed dagql cache close successfully
2026/09/16 09:13:25 INFO starting dagql cache close hasSQLDB=true hasPersistDB=true
2026/09/16 09:13:25 INFO marking dagql cache clean shutdown
2026/09/16 09:13:25 WARN successfully marked clean shutdown in persistence metadata
2026/09/16 09:13:25 INFO completed dagql cache close successfully
2026/09/16 09:13:25 INFO start lazy evaluation field=Directory.restore
2026/09/16 09:13:25 INFO end lazy evaluation field=Directory.restore duration=42.57µs
2026/09/16 09:13:25 INFO starting dagql cache close hasSQLDB=true hasPersistDB=true
2026/09/16 09:13:25 INFO marking dagql cache clean shutdown
2026/09/16 09:13:25 WARN successfully marked clean shutdown in persistence metadata
2026/09/16 09:13:25 INFO completed dagql cache close successfully
=== RUN   TestRestoredSnapshotRoundTrip/Directory/
2026/09/16 09:13:25 INFO starting dagql cache close hasSQLDB=true hasPersistDB=true
2026/09/16 09:13:25 INFO marking dagql cache clean shutdown
2026/09/16 09:13:25 WARN successfully marked clean shutdown in persistence metadata
2026/09/16 09:13:25 INFO completed dagql cache close successfully
2026/09/16 09:13:25 INFO starting dagql cache close hasSQLDB=true hasPersistDB=true
2026/09/16 09:13:25 INFO marking dagql cache clean shutdown
2026/09/16 09:13:25 WARN successfully marked clean shutdown in persistence metadata
2026/09/16 09:13:25 INFO completed dagql cache close successfully
2026/09/16 09:13:25 INFO start lazy evaluation field=Directory.restore
2026/09/16 09:13:25 INFO end lazy evaluation field=Directory.restore duration=71.85µs
2026/09/16 09:13:25 INFO starting dagql cache close hasSQLDB=true hasPersistDB=true
2026/09/16 09:13:25 INFO marking dagql cache clean shutdown
2026/09/16 09:13:25 WARN successfully marked clean shutdown in persistence metadata
2026/09/16 09:13:25 INFO completed dagql cache close successfully
=== RUN   TestRestoredSnapshotRoundTrip/Directory/nested/name
2026/09/16 09:13:25 INFO starting dagql cache close hasSQLDB=true hasPersistDB=true
2026/09/16 09:13:25 INFO marking dagql cache clean shutdown
2026/09/16 09:13:25 WARN successfully marked clean shutdown in persistence metadata
2026/09/16 09:13:25 INFO completed dagql cache close successfully
2026/09/16 09:13:25 INFO starting dagql cache close hasSQLDB=true hasPersistDB=true
2026/09/16 09:13:25 INFO marking dagql cache clean shutdown
2026/09/16 09:13:25 WARN successfully marked clean shutdown in persistence metadata
2026/09/16 09:13:25 INFO completed dagql cache close successfully
2026/09/16 09:13:25 INFO start lazy evaluation field=Directory.restore
2026/09/16 09:13:25 INFO end lazy evaluation field=Directory.restore duration=44.28µs
2026/09/16 09:13:25 INFO starting dagql cache close hasSQLDB=true hasPersistDB=true
2026/09/16 09:13:25 INFO marking dagql cache clean shutdown
2026/09/16 09:13:25 WARN successfully marked clean shutdown in persistence metadata
2026/09/16 09:13:25 INFO completed dagql cache close successfully
=== RUN   TestRestoredSnapshotRoundTrip/File
2026/09/16 09:13:25 INFO starting dagql cache close hasSQLDB=true hasPersistDB=true
2026/09/16 09:13:25 INFO marking dagql cache clean shutdown
2026/09/16 09:13:25 WARN successfully marked clean shutdown in persistence metadata
2026/09/16 09:13:25 INFO completed dagql cache close successfully
2026/09/16 09:13:25 INFO starting dagql cache close hasSQLDB=true hasPersistDB=true
2026/09/16 09:13:25 INFO marking dagql cache clean shutdown
2026/09/16 09:13:25 WARN successfully marked clean shutdown in persistence metadata
2026/09/16 09:13:25 INFO completed dagql cache close successfully
2026/09/16 09:13:25 INFO start lazy evaluation field=File.restore
2026/09/16 09:13:25 INFO end lazy evaluation field=File.restore duration=32.11µs
2026/09/16 09:13:25 INFO starting dagql cache close hasSQLDB=true hasPersistDB=true
2026/09/16 09:13:25 INFO marking dagql cache clean shutdown
2026/09/16 09:13:25 WARN successfully marked clean shutdown in persistence metadata
2026/09/16 09:13:25 INFO completed dagql cache close successfully
=== RUN   TestRestoredSnapshotRoundTrip/File/
2026/09/16 09:13:25 INFO starting dagql cache close hasSQLDB=true hasPersistDB=true
2026/09/16 09:13:25 INFO marking dagql cache clean shutdown
2026/09/16 09:13:25 WARN successfully marked clean shutdown in persistence metadata
2026/09/16 09:13:25 INFO completed dagql cache close successfully
2026/09/16 09:13:25 INFO starting dagql cache close hasSQLDB=true hasPersistDB=true
2026/09/16 09:13:25 INFO marking dagql cache clean shutdown
2026/09/16 09:13:25 WARN successfully marked clean shutdown in persistence metadata
2026/09/16 09:13:25 INFO completed dagql cache close successfully
2026/09/16 09:13:25 INFO start lazy evaluation field=File.restore
2026/09/16 09:13:25 INFO end lazy evaluation field=File.restore duration=27.64µs
2026/09/16 09:13:25 INFO starting dagql cache close hasSQLDB=true hasPersistDB=true
2026/09/16 09:13:25 INFO marking dagql cache clean shutdown
2026/09/16 09:13:25 WARN successfully marked clean shutdown in persistence metadata
2026/09/16 09:13:25 INFO completed dagql cache close successfully
=== RUN   TestRestoredSnapshotRoundTrip/File/nested/name
2026/09/16 09:13:25 INFO starting dagql cache close hasSQLDB=true hasPersistDB=true
2026/09/16 09:13:25 INFO marking dagql cache clean shutdown
2026/09/16 09:13:25 WARN successfully marked clean shutdown in persistence metadata
2026/09/16 09:13:25 INFO completed dagql cache close successfully
2026/09/16 09:13:25 INFO starting dagql cache close hasSQLDB=true hasPersistDB=true
2026/09/16 09:13:25 INFO marking dagql cache clean shutdown
2026/09/16 09:13:25 WARN successfully marked clean shutdown in persistence metadata
2026/09/16 09:13:25 INFO completed dagql cache close successfully
2026/09/16 09:13:25 INFO start lazy evaluation field=File.restore
2026/09/16 09:13:25 INFO end lazy evaluation field=File.restore duration=28.93µs
2026/09/16 09:13:25 INFO starting dagql cache close hasSQLDB=true hasPersistDB=true
2026/09/16 09:13:25 INFO marking dagql cache clean shutdown
2026/09/16 09:13:25 WARN successfully marked clean shutdown in persistence metadata
2026/09/16 09:13:25 INFO completed dagql cache close successfully
--- PASS: TestRestoredSnapshotRoundTrip (0.08s)
    --- PASS: TestRestoredSnapshotRoundTrip/Directory (0.01s)
    --- PASS: TestRestoredSnapshotRoundTrip/Directory/ (0.02s)
    --- PASS: TestRestoredSnapshotRoundTrip/Directory/nested/name (0.02s)
    --- PASS: TestRestoredSnapshotRoundTrip/File (0.01s)
    --- PASS: TestRestoredSnapshotRoundTrip/File/ (0.01s)
    --- PASS: TestRestoredSnapshotRoundTrip/File/nested/name (0.01s)
=== RUN   TestRestoredSnapshotFailureAndConcurrentDemand
=== RUN   TestRestoredSnapshotFailureAndConcurrentDemand/Directory
2000/01/01 00:00:00 INFO start lazy evaluation field=Directory.restore
2000/01/01 00:00:00 INFO end lazy evaluation field=Directory.restore duration=0s err="snapshot unavailable"
2000/01/01 00:00:00 INFO start lazy evaluation field=Directory.restore
2000/01/01 00:00:00 INFO end lazy evaluation field=Directory.restore duration=0s err="snapshot unavailable"
2000/01/01 00:00:00 INFO start lazy evaluation field=Directory.restore
2000/01/01 00:00:00 INFO end lazy evaluation field=Directory.restore duration=0s
2000/01/01 00:00:00 INFO discarding dagql cache without persistence hasSQLDB=false hasPersistDB=false
=== RUN   TestRestoredSnapshotFailureAndConcurrentDemand/File
2000/01/01 00:00:00 INFO start lazy evaluation field=File.restore
2000/01/01 00:00:00 INFO end lazy evaluation field=File.restore duration=0s err="snapshot unavailable"
2000/01/01 00:00:00 INFO start lazy evaluation field=File.restore
2000/01/01 00:00:00 INFO end lazy evaluation field=File.restore duration=0s err="snapshot unavailable"
2000/01/01 00:00:00 INFO start lazy evaluation field=File.restore
2000/01/01 00:00:00 INFO end lazy evaluation field=File.restore duration=0s
2000/01/01 00:00:00 INFO discarding dagql cache without persistence hasSQLDB=false hasPersistDB=false
--- PASS: TestRestoredSnapshotFailureAndConcurrentDemand (0.00s)
    --- PASS: TestRestoredSnapshotFailureAndConcurrentDemand/Directory (0.00s)
    --- PASS: TestRestoredSnapshotFailureAndConcurrentDemand/File (0.00s)
=== RUN   TestRestoredSnapshotUsageAndRelease
=== RUN   TestRestoredSnapshotUsageAndRelease/Directory/open=false
2000/01/01 00:00:00 INFO discarding dagql cache without persistence hasSQLDB=false hasPersistDB=false
=== RUN   TestRestoredSnapshotUsageAndRelease/Directory/open=true
2000/01/01 00:00:00 INFO start lazy evaluation field=Directory.restore
2000/01/01 00:00:00 INFO end lazy evaluation field=Directory.restore duration=0s
2000/01/01 00:00:00 INFO discarding dagql cache without persistence hasSQLDB=false hasPersistDB=false
=== RUN   TestRestoredSnapshotUsageAndRelease/File/open=false
2000/01/01 00:00:00 INFO discarding dagql cache without persistence hasSQLDB=false hasPersistDB=false
=== RUN   TestRestoredSnapshotUsageAndRelease/File/open=true
2000/01/01 00:00:00 INFO start lazy evaluation field=File.restore
2000/01/01 00:00:00 INFO end lazy evaluation field=File.restore duration=0s
2000/01/01 00:00:00 INFO discarding dagql cache without persistence hasSQLDB=false hasPersistDB=false
--- PASS: TestRestoredSnapshotUsageAndRelease (0.00s)
    --- PASS: TestRestoredSnapshotUsageAndRelease/Directory/open=false (0.00s)
    --- PASS: TestRestoredSnapshotUsageAndRelease/Directory/open=true (0.00s)
    --- PASS: TestRestoredSnapshotUsageAndRelease/File/open=false (0.00s)
    --- PASS: TestRestoredSnapshotUsageAndRelease/File/open=true (0.00s)
=== RUN   TestRestoredSnapshotReportingAndBookkeepingRetry
=== RUN   TestRestoredSnapshotReportingAndBookkeepingRetry/Directory
2026/09/16 09:13:25 INFO start lazy evaluation field=Directory.restore
2026/09/16 09:13:25 INFO end lazy evaluation field=Directory.restore duration=25.52µs
2026/09/16 09:13:25 INFO discarding dagql cache without persistence hasSQLDB=false hasPersistDB=false
=== RUN   TestRestoredSnapshotReportingAndBookkeepingRetry/File
2026/09/16 09:13:25 INFO start lazy evaluation field=File.restore
2026/09/16 09:13:25 INFO end lazy evaluation field=File.restore duration=38.8µs
2026/09/16 09:13:25 INFO discarding dagql cache without persistence hasSQLDB=false hasPersistDB=false
--- PASS: TestRestoredSnapshotReportingAndBookkeepingRetry (0.00s)
    --- PASS: TestRestoredSnapshotReportingAndBookkeepingRetry/Directory (0.00s)
    --- PASS: TestRestoredSnapshotReportingAndBookkeepingRetry/File (0.00s)
=== RUN   TestRestoredSnapshotPathOrEvalFreshPaths
2026/09/16 09:13:25 INFO start lazy evaluation field=test
2026/09/16 09:13:25 INFO end lazy evaluation field=test duration=35.81µs
2026/09/16 09:13:25 INFO start lazy evaluation field=test
2026/09/16 09:13:25 INFO end lazy evaluation field=test duration=13.97µs
2026/09/16 09:13:25 INFO discarding dagql cache without persistence hasSQLDB=false hasPersistDB=false
--- PASS: TestRestoredSnapshotPathOrEvalFreshPaths (0.00s)
=== RUN   TestSourceFilePathsMixedStoredAndFresh
2026/09/16 09:13:25 INFO start lazy evaluation field=test
2026/09/16 09:13:25 INFO end lazy evaluation field=test duration=34.66µs
2026/09/16 09:13:25 INFO discarding dagql cache without persistence hasSQLDB=false hasPersistDB=false
--- PASS: TestSourceFilePathsMixedStoredAndFresh (0.00s)
=== RUN   TestRestoredSnapshotAttemptLifetime
=== RUN   TestRestoredSnapshotAttemptLifetime/Directory/release=false
2000/01/01 00:00:00 INFO start lazy evaluation field=Directory.restore
2000/01/01 00:00:00 INFO end lazy evaluation field=Directory.restore duration=0s
2000/01/01 00:00:00 INFO discarding dagql cache without persistence hasSQLDB=false hasPersistDB=false
=== RUN   TestRestoredSnapshotAttemptLifetime/Directory/release=true
2000/01/01 00:00:00 INFO start lazy evaluation field=Directory.restore
2000/01/01 00:00:00 INFO end lazy evaluation field=Directory.restore duration=0s
2000/01/01 00:00:00 INFO discarding dagql cache without persistence hasSQLDB=false hasPersistDB=false
=== RUN   TestRestoredSnapshotAttemptLifetime/File/release=false
2000/01/01 00:00:00 INFO start lazy evaluation field=File.restore
2000/01/01 00:00:00 INFO end lazy evaluation field=File.restore duration=0s
2000/01/01 00:00:00 INFO discarding dagql cache without persistence hasSQLDB=false hasPersistDB=false
=== RUN   TestRestoredSnapshotAttemptLifetime/File/release=true
2000/01/01 00:00:00 INFO start lazy evaluation field=File.restore
2000/01/01 00:00:00 INFO end lazy evaluation field=File.restore duration=0s
2000/01/01 00:00:00 INFO discarding dagql cache without persistence hasSQLDB=false hasPersistDB=false
--- PASS: TestRestoredSnapshotAttemptLifetime (0.00s)
    --- PASS: TestRestoredSnapshotAttemptLifetime/Directory/release=false (0.00s)
    --- PASS: TestRestoredSnapshotAttemptLifetime/Directory/release=true (0.00s)
    --- PASS: TestRestoredSnapshotAttemptLifetime/File/release=false (0.00s)
    --- PASS: TestRestoredSnapshotAttemptLifetime/File/release=true (0.00s)
=== RUN   TestRestoredSnapshotUntouchedEnvelope
=== RUN   TestRestoredSnapshotUntouchedEnvelope/Directory
2026/09/16 09:13:25 INFO starting dagql cache close hasSQLDB=true hasPersistDB=true
2026/09/16 09:13:25 INFO marking dagql cache clean shutdown
2026/09/16 09:13:25 WARN successfully marked clean shutdown in persistence metadata
2026/09/16 09:13:25 INFO completed dagql cache close successfully
2026/09/16 09:13:25 INFO starting dagql cache close hasSQLDB=true hasPersistDB=true
2026/09/16 09:13:25 INFO marking dagql cache clean shutdown
2026/09/16 09:13:25 WARN successfully marked clean shutdown in persistence metadata
2026/09/16 09:13:25 INFO completed dagql cache close successfully
2026/09/16 09:13:25 INFO start lazy evaluation field=Directory.restore
2026/09/16 09:13:25 INFO end lazy evaluation field=Directory.restore duration=65.09µs
2026/09/16 09:13:25 INFO discarding dagql cache without persistence hasSQLDB=true hasPersistDB=true
=== RUN   TestRestoredSnapshotUntouchedEnvelope/File
2026/09/16 09:13:25 INFO starting dagql cache close hasSQLDB=true hasPersistDB=true
2026/09/16 09:13:25 INFO marking dagql cache clean shutdown
2026/09/16 09:13:25 WARN successfully marked clean shutdown in persistence metadata
2026/09/16 09:13:25 INFO completed dagql cache close successfully
2026/09/16 09:13:25 INFO starting dagql cache close hasSQLDB=true hasPersistDB=true
2026/09/16 09:13:25 INFO marking dagql cache clean shutdown
2026/09/16 09:13:25 WARN successfully marked clean shutdown in persistence metadata
2026/09/16 09:13:25 INFO completed dagql cache close successfully
2026/09/16 09:13:25 INFO start lazy evaluation field=File.restore
2026/09/16 09:13:25 INFO end lazy evaluation field=File.restore duration=63.45µs
2026/09/16 09:13:25 INFO discarding dagql cache without persistence hasSQLDB=true hasPersistDB=true
--- PASS: TestRestoredSnapshotUntouchedEnvelope (0.03s)
    --- PASS: TestRestoredSnapshotUntouchedEnvelope/Directory (0.01s)
    --- PASS: TestRestoredSnapshotUntouchedEnvelope/File (0.01s)
=== RUN   TestSourceFilePathsPreservesFreshErrors
2026/09/16 09:13:25 INFO start lazy evaluation field=test
2026/09/16 09:13:25 INFO end lazy evaluation field=test duration=16.37µs err="fresh source failed"
2026/09/16 09:13:25 INFO discarding dagql cache without persistence hasSQLDB=false hasPersistDB=false
--- PASS: TestSourceFilePathsPreservesFreshErrors (0.00s)
=== RUN   TestRestoredSnapshotDiagnostics
2026/09/16 09:13:25 INFO starting dagql cache close hasSQLDB=true hasPersistDB=true
2026/09/16 09:13:25 INFO marking dagql cache clean shutdown
2026/09/16 09:13:25 WARN successfully marked clean shutdown in persistence metadata
2026/09/16 09:13:25 INFO completed dagql cache close successfully
2026/09/16 09:13:25 INFO start lazy evaluation field=Directory.restore
2026/09/16 09:13:25 INFO end lazy evaluation field=Directory.restore duration=48.18µs
2026/09/16 09:13:25 INFO starting dagql cache close hasSQLDB=true hasPersistDB=true
2026/09/16 09:13:25 INFO marking dagql cache clean shutdown
2026/09/16 09:13:25 WARN successfully marked clean shutdown in persistence metadata
2026/09/16 09:13:25 INFO completed dagql cache close successfully
2026/09/16 09:13:25 INFO start lazy evaluation field=File.restore
2026/09/16 09:13:25 INFO end lazy evaluation field=File.restore duration=62.43µs
2026/09/16 09:13:25 INFO discarding dagql cache without persistence hasSQLDB=true hasPersistDB=true
2026/09/16 09:13:25 INFO discarding dagql cache without persistence hasSQLDB=true hasPersistDB=true
--- PASS: TestRestoredSnapshotDiagnostics (0.03s)
=== RUN   TestInitCacheEvidenceGates
=== PAUSE TestInitCacheEvidenceGates
=== RUN   TestRecordCacheEvidenceMappingHit
=== PAUSE TestRecordCacheEvidenceMappingHit
=== RUN   TestRecordCacheEvidenceMappingExecutedMissFacts
=== PAUSE TestRecordCacheEvidenceMappingExecutedMissFacts
=== RUN   TestRecordCacheEvidenceMappingJoinedStampsNoMissFacts
=== PAUSE TestRecordCacheEvidenceMappingJoinedStampsNoMissFacts
=== RUN   TestRecordCacheEvidenceMappingUncached
=== PAUSE TestRecordCacheEvidenceMappingUncached
=== RUN   TestRecordCacheEvidenceMappingUndecidedStampsNothing
=== PAUSE TestRecordCacheEvidenceMappingUndecidedStampsNothing
=== RUN   TestAroundFuncCacheEvidenceLifecycle
=== PAUSE TestAroundFuncCacheEvidenceLifecycle
=== RUN   TestAroundFuncMarksTrivialFieldsInternal
2026/09/16 09:13:25 INFO start call field=Query.value digest=xxh3:fce6d35ae467f0f2
2026/09/16 09:13:25 INFO end call field=Query.value cached=false digest=xxh3:fce6d35ae467f0f2
--- PASS: TestAroundFuncMarksTrivialFieldsInternal (0.00s)
=== RUN   TestProfileSkipClassifier
=== PAUSE TestProfileSkipClassifier
=== RUN   TestProfileSkipIsDebugIndependentPureFunction
=== PAUSE TestProfileSkipIsDebugIndependentPureFunction
=== RUN   TestIntrospectionRootFieldsMatchProfileSkip
=== PAUSE TestIntrospectionRootFieldsMatchProfileSkip
=== RUN   TestAroundFuncStampsProfileSkipBeforeInheritedSkip
=== PAUSE TestAroundFuncStampsProfileSkipBeforeInheritedSkip
=== RUN   TestParseCallerCalleeRefs
--- PASS: TestParseCallerCalleeRefs (0.00s)
=== RUN   TestAroundFuncMarksIntrospectionRootAsSkipped
--- PASS: TestAroundFuncMarksIntrospectionRootAsSkipped (0.00s)
=== RUN   TestAroundFuncSkipsIntrospectionDescendantsViaContext
--- PASS: TestAroundFuncSkipsIntrospectionDescendantsViaContext (0.00s)
=== RUN   TestIsIntrospectionPreservesClassification
=== RUN   TestIsIntrospectionPreservesClassification/root_currentTypeDefs
=== RUN   TestIsIntrospectionPreservesClassification/root_plain_field
=== RUN   TestIsIntrospectionPreservesClassification/function_builder_field
=== RUN   TestIsIntrospectionPreservesClassification/descendant_of_introspection_root
=== RUN   TestIsIntrospectionPreservesClassification/descendant_of_plain_root
--- PASS: TestIsIntrospectionPreservesClassification (0.00s)
    --- PASS: TestIsIntrospectionPreservesClassification/root_currentTypeDefs (0.00s)
    --- PASS: TestIsIntrospectionPreservesClassification/root_plain_field (0.00s)
    --- PASS: TestIsIntrospectionPreservesClassification/function_builder_field (0.00s)
    --- PASS: TestIsIntrospectionPreservesClassification/descendant_of_introspection_root (0.00s)
    --- PASS: TestIsIntrospectionPreservesClassification/descendant_of_plain_root (0.00s)
=== RUN   TestRecordStatusDoesNotMarkPendingLazyResultCached
--- PASS: TestRecordStatusDoesNotMarkPendingLazyResultCached (0.00s)
=== RUN   TestTerminalGroupRunRequiresOneTarget
=== RUN   TestTerminalGroupRunRequiresOneTarget/no_target
=== RUN   TestTerminalGroupRunRequiresOneTarget/multiple_targets
--- PASS: TestTerminalGroupRunRequiresOneTarget (0.00s)
    --- PASS: TestTerminalGroupRunRequiresOneTarget/no_target (0.00s)
    --- PASS: TestTerminalGroupRunRequiresOneTarget/multiple_targets (0.00s)
=== RUN   TestSupportsTerminal
=== RUN   TestSupportsTerminal/container
=== RUN   TestSupportsTerminal/directory
=== RUN   TestSupportsTerminal/optional_container
=== RUN   TestSupportsTerminal/other_object
=== RUN   TestSupportsTerminal/non-object
--- PASS: TestSupportsTerminal (0.00s)
    --- PASS: TestSupportsTerminal/container (0.00s)
    --- PASS: TestSupportsTerminal/directory (0.00s)
    --- PASS: TestSupportsTerminal/optional_container (0.00s)
    --- PASS: TestSupportsTerminal/other_object (0.00s)
    --- PASS: TestSupportsTerminal/non-object (0.00s)
=== RUN   TestGuardText
=== RUN   TestGuardText/empty_input
=== RUN   TestGuardText/within_both_limits_passes_through_byte-identical
=== RUN   TestGuardText/a_long_line_is_clamped_inline
=== RUN   TestGuardText/the_clamp_cuts_on_a_rune_boundary
=== RUN   TestGuardText/over_budget_drops_the_middle_behind_the_guard's_marker
--- PASS: TestGuardText (0.00s)
    --- PASS: TestGuardText/empty_input (0.00s)
    --- PASS: TestGuardText/within_both_limits_passes_through_byte-identical (0.00s)
    --- PASS: TestGuardText/a_long_line_is_clamped_inline (0.00s)
    --- PASS: TestGuardText/the_clamp_cuts_on_a_rune_boundary (0.00s)
    --- PASS: TestGuardText/over_budget_drops_the_middle_behind_the_guard's_marker (0.00s)
=== RUN   TestTraceReportGuardPassesThroughSmallReports
--- PASS: TestTraceReportGuardPassesThroughSmallReports (0.00s)
=== RUN   TestTraceReportGuardClampsLongLines
--- PASS: TestTraceReportGuardClampsLongLines (0.00s)
=== RUN   TestTraceReportGuardClampsOnRuneBoundary
--- PASS: TestTraceReportGuardClampsOnRuneBoundary (0.00s)
=== RUN   TestTraceReportGuardTruncatesMiddle
--- PASS: TestTraceReportGuardTruncatesMiddle (0.00s)
=== RUN   TestExpandedSpansUnwrapsToFirstRealWork
--- PASS: TestExpandedSpansUnwrapsToFirstRealWork (0.00s)
=== RUN   TestToolCallReportOptsHideTreeButReadTraceKeepsIt
--- PASS: TestToolCallReportOptsHideTreeButReadTraceKeepsIt (0.00s)
=== RUN   TestTraceReportHidesInternalSpans
--- PASS: TestTraceReportHidesInternalSpans (0.00s)
=== RUN   TestResolveTraceTargetChecksMostRecentWins
--- PASS: TestResolveTraceTargetChecksMostRecentWins (0.00s)
=== RUN   TestResolveTraceTargetTestsMostRecentWins
--- PASS: TestResolveTraceTargetTestsMostRecentWins (0.00s)
=== RUN   TestResolveTraceTargetUnknownNames
--- PASS: TestResolveTraceTargetUnknownNames (0.00s)
=== RUN   TestResolveTraceTargetChecksUnderToolBoundary
--- PASS: TestResolveTraceTargetChecksUnderToolBoundary (0.00s)
=== RUN   TestResolveTraceTargetSpanErrors
--- PASS: TestResolveTraceTargetSpanErrors (0.00s)
=== RUN   TestReadTraceRerunSuggestion
--- PASS: TestReadTraceRerunSuggestion (0.00s)
=== RUN   TestTypeDefConversions
=== RUN   TestTypeDefConversions/STRING_KIND.ToInput
=== RUN   TestTypeDefConversions/STRING_KIND.ToTyped
=== RUN   TestTypeDefConversions/STRING_KIND.ToType
=== RUN   TestTypeDefConversions/INTEGER_KIND.ToInput
=== RUN   TestTypeDefConversions/INTEGER_KIND.ToTyped
=== RUN   TestTypeDefConversions/INTEGER_KIND.ToType
=== RUN   TestTypeDefConversions/FLOAT_KIND.ToInput
=== RUN   TestTypeDefConversions/FLOAT_KIND.ToTyped
=== RUN   TestTypeDefConversions/FLOAT_KIND.ToType
=== RUN   TestTypeDefConversions/BOOLEAN_KIND.ToInput
=== RUN   TestTypeDefConversions/BOOLEAN_KIND.ToTyped
=== RUN   TestTypeDefConversions/BOOLEAN_KIND.ToType
=== RUN   TestTypeDefConversions/SCALAR_KIND.ToInput
=== RUN   TestTypeDefConversions/SCALAR_KIND.ToTyped
=== RUN   TestTypeDefConversions/SCALAR_KIND.ToType
=== RUN   TestTypeDefConversions/LIST_KIND.ToInput
=== RUN   TestTypeDefConversions/LIST_KIND.ToTyped
=== RUN   TestTypeDefConversions/LIST_KIND.ToType
=== RUN   TestTypeDefConversions/OBJECT_KIND.ToInput
=== RUN   TestTypeDefConversions/OBJECT_KIND.ToTyped
=== RUN   TestTypeDefConversions/OBJECT_KIND.ToType
=== RUN   TestTypeDefConversions/INTERFACE_KIND.ToInput
=== RUN   TestTypeDefConversions/INTERFACE_KIND.ToTyped
=== RUN   TestTypeDefConversions/INTERFACE_KIND.ToType
=== RUN   TestTypeDefConversions/VOID_KIND.ToInput
=== RUN   TestTypeDefConversions/VOID_KIND.ToTyped
=== RUN   TestTypeDefConversions/VOID_KIND.ToType
=== RUN   TestTypeDefConversions/ENUM_KIND.ToInput
=== RUN   TestTypeDefConversions/ENUM_KIND.ToTyped
=== RUN   TestTypeDefConversions/ENUM_KIND.ToType
--- PASS: TestTypeDefConversions (0.00s)
    --- PASS: TestTypeDefConversions/STRING_KIND.ToInput (0.00s)
    --- PASS: TestTypeDefConversions/STRING_KIND.ToTyped (0.00s)
    --- PASS: TestTypeDefConversions/STRING_KIND.ToType (0.00s)
    --- PASS: TestTypeDefConversions/INTEGER_KIND.ToInput (0.00s)
    --- PASS: TestTypeDefConversions/INTEGER_KIND.ToTyped (0.00s)
    --- PASS: TestTypeDefConversions/INTEGER_KIND.ToType (0.00s)
    --- PASS: TestTypeDefConversions/FLOAT_KIND.ToInput (0.00s)
    --- PASS: TestTypeDefConversions/FLOAT_KIND.ToTyped (0.00s)
    --- PASS: TestTypeDefConversions/FLOAT_KIND.ToType (0.00s)
    --- PASS: TestTypeDefConversions/BOOLEAN_KIND.ToInput (0.00s)
    --- PASS: TestTypeDefConversions/BOOLEAN_KIND.ToTyped (0.00s)
    --- PASS: TestTypeDefConversions/BOOLEAN_KIND.ToType (0.00s)
    --- PASS: TestTypeDefConversions/SCALAR_KIND.ToInput (0.00s)
    --- PASS: TestTypeDefConversions/SCALAR_KIND.ToTyped (0.00s)
    --- PASS: TestTypeDefConversions/SCALAR_KIND.ToType (0.00s)
    --- PASS: TestTypeDefConversions/LIST_KIND.ToInput (0.00s)
    --- PASS: TestTypeDefConversions/LIST_KIND.ToTyped (0.00s)
    --- PASS: TestTypeDefConversions/LIST_KIND.ToType (0.00s)
    --- PASS: TestTypeDefConversions/OBJECT_KIND.ToInput (0.00s)
    --- PASS: TestTypeDefConversions/OBJECT_KIND.ToTyped (0.00s)
    --- PASS: TestTypeDefConversions/OBJECT_KIND.ToType (0.00s)
    --- PASS: TestTypeDefConversions/INTERFACE_KIND.ToInput (0.00s)
    --- PASS: TestTypeDefConversions/INTERFACE_KIND.ToTyped (0.00s)
    --- PASS: TestTypeDefConversions/INTERFACE_KIND.ToType (0.00s)
    --- PASS: TestTypeDefConversions/VOID_KIND.ToInput (0.00s)
    --- PASS: TestTypeDefConversions/VOID_KIND.ToTyped (0.00s)
    --- PASS: TestTypeDefConversions/VOID_KIND.ToType (0.00s)
    --- PASS: TestTypeDefConversions/ENUM_KIND.ToInput (0.00s)
    --- PASS: TestTypeDefConversions/ENUM_KIND.ToTyped (0.00s)
    --- PASS: TestTypeDefConversions/ENUM_KIND.ToType (0.00s)
=== RUN   TestFunctionCallReturnValueStoresDecodedJSON
--- PASS: TestFunctionCallReturnValueStoresDecodedJSON (0.00s)
=== RUN   TestFunctionCallReturnValueAllowsNull
--- PASS: TestFunctionCallReturnValueAllowsNull (0.00s)
=== RUN   TestFunctionCallReturnIsExactlyOnce
--- PASS: TestFunctionCallReturnIsExactlyOnce (0.00s)
=== RUN   TestFunctionCallReturnRequiresActiveCall
--- PASS: TestFunctionCallReturnRequiresActiveCall (0.00s)
=== RUN   TestPrepareEngineVolumeSourceCreatesAndPreservesDirectories
=== PAUSE TestPrepareEngineVolumeSourceCreatesAndPreservesDirectories
=== RUN   TestPrepareEngineVolumeSourceConcurrentCreation
=== PAUSE TestPrepareEngineVolumeSourceConcurrentCreation
=== RUN   TestPrepareEngineVolumeSourceSubdirAndSymlinkClamp
=== PAUSE TestPrepareEngineVolumeSourceSubdirAndSymlinkClamp
=== RUN   TestPrepareEngineVolumeSourceRejectsWrongType
=== PAUSE TestPrepareEngineVolumeSourceRejectsWrongType
=== RUN   TestEngineVolumeMountOptionsFollowCapability
=== PAUSE TestEngineVolumeMountOptionsFollowCapability
=== RUN   TestSSHFSCommandArgsSecure
=== PAUSE TestSSHFSCommandArgsSecure
=== RUN   TestSSHFSCommandArgsInsecure
=== PAUSE TestSSHFSCommandArgsInsecure
=== RUN   TestSSHFSCommandArgsWithoutAllowOther
=== PAUSE TestSSHFSCommandArgsWithoutAllowOther
=== RUN   TestFuseConfAllowsOther
=== PAUSE TestFuseConfAllowsOther
=== RUN   TestSSHFSServiceHostPort
=== PAUSE TestSSHFSServiceHostPort
=== RUN   TestSSHFSServiceHostPortRejectsAmbiguousService
=== PAUSE TestSSHFSServiceHostPortRejectsAmbiguousService
=== RUN   TestSSHFSSourceForURL
=== PAUSE TestSSHFSSourceForURL
=== RUN   TestSSHFSSourceForURLRejectsInvalidEndpoint
=== PAUSE TestSSHFSSourceForURLRejectsInvalidEndpoint
=== RUN   TestRunSSHFSVolumeCleanupLogsError
--- PASS: TestRunSSHFSVolumeCleanupLogsError (0.00s)
=== RUN   TestVolumePersistedObjectRoundTrip
=== PAUSE TestVolumePersistedObjectRoundTrip
=== RUN   TestEngineVolumePersistedObjectRoundTrip
=== PAUSE TestEngineVolumePersistedObjectRoundTrip
=== RUN   TestEngineVolumeHasNoDependencies
=== PAUSE TestEngineVolumeHasNoDependencies
=== RUN   TestValidateEngineVolumeName
=== PAUSE TestValidateEngineVolumeName
=== RUN   TestValidateEngineVolumeSubdir
=== PAUSE TestValidateEngineVolumeSubdir
=== RUN   TestVolumeAttachDependencyResultsAttachesResources
=== PAUSE TestVolumeAttachDependencyResultsAttachesResources
=== RUN   TestContainerWithMountedVolumeAddsVolumeMount
=== PAUSE TestContainerWithMountedVolumeAddsVolumeMount
=== RUN   TestContainerPersistedObjectRoundTripsVolumeMount
=== PAUSE TestContainerPersistedObjectRoundTripsVolumeMount
=== RUN   TestContainerAttachDependencyResultsKindsOwnsVolumeMount
=== PAUSE TestContainerAttachDependencyResultsKindsOwnsVolumeMount
=== RUN   TestWorkspaceMigrationRetainsChangesets
=== PAUSE TestWorkspaceMigrationRetainsChangesets
=== RUN   TestServiceRetainsOneLaunchingScopeUntilExit
=== PAUSE TestServiceRetainsOneLaunchingScopeUntilExit
=== RUN   TestServicesStartHappy
=== PAUSE TestServicesStartHappy
=== RUN   TestServicesStartHappyDifferentServers
=== PAUSE TestServicesStartHappyDifferentServers
=== RUN   TestServicesStartSad
=== PAUSE TestServicesStartSad
=== RUN   TestServicesStartConcurrentHappy
=== PAUSE TestServicesStartConcurrentHappy
=== RUN   TestServicesStartConcurrentSad
=== PAUSE TestServicesStartConcurrentSad
=== RUN   TestServicesStartConcurrentSadThenHappy
=== PAUSE TestServicesStartConcurrentSadThenHappy
=== RUN   TestServicesRunningServicesListing
=== PAUSE TestServicesRunningServicesListing
=== RUN   TestServicesExitedServicesListing
=== PAUSE TestServicesExitedServicesListing
=== RUN   TestServicesDetachRace
=== PAUSE TestServicesDetachRace
=== CONT  TestRecordCacheEvidenceMappingExecutedMissFacts
=== CONT  TestAttributionHeader
=== CONT  TestSelectLatestGitRefAcceptsEquivalentVersionsWithSameSHA
--- PASS: TestAttributionHeader (0.00s)
=== CONT  TestParsedGitRefStringVersionQuerySemantics
=== RUN   TestParsedGitRefStringVersionQuerySemantics/at_selector_uses_semver_query
=== PAUSE TestParsedGitRefStringVersionQuerySemantics/at_selector_uses_semver_query
--- PASS: TestSelectLatestGitRefAcceptsEquivalentVersionsWithSameSHA (0.00s)
=== CONT  TestRecordCacheEvidenceMappingHit
=== RUN   TestParsedGitRefStringVersionQuerySemantics/fragment_selector_stays_literal
=== CONT  TestSSHFSSourceForURLRejectsInvalidEndpoint
--- PASS: TestRecordCacheEvidenceMappingExecutedMissFacts (0.00s)
=== CONT  TestServicesDetachRace
=== CONT  TestParseOCILockInputs
=== CONT  TestSSHFSServiceHostPort
=== CONT  TestModuleGitDefaultRefSelector
=== CONT  TestModuleObjectAttachHandleErrorsWithoutServer
=== RUN   TestSSHFSSourceForURLRejectsInvalidEndpoint/missing_user
--- PASS: TestSSHFSServiceHostPort (0.00s)
=== CONT  TestFuseConfAllowsOther
--- PASS: TestFuseConfAllowsOther (0.00s)
=== CONT  TestSSHFSCommandArgsWithoutAllowOther
--- PASS: TestSSHFSCommandArgsWithoutAllowOther (0.00s)
=== CONT  TestSSHFSCommandArgsInsecure
--- PASS: TestRecordCacheEvidenceMappingHit (0.00s)
=== CONT  TestSSHFSCommandArgsSecure
=== RUN   TestSSHFSSourceForURLRejectsInvalidEndpoint/missing_host
--- PASS: TestSSHFSCommandArgsInsecure (0.00s)
--- PASS: TestSSHFSCommandArgsSecure (0.00s)
=== CONT  TestEngineVolumeMountOptionsFollowCapability
=== RUN   TestEngineVolumeMountOptionsFollowCapability/writable
=== PAUSE TestParsedGitRefStringVersionQuerySemantics/fragment_selector_stays_literal
=== RUN   TestSSHFSSourceForURLRejectsInvalidEndpoint/missing_path
=== CONT  TestCallerInModuleFunction
=== CONT  TestModuleFunctionLoadWorkspaceArgRejectsFunctionCallRuntimeCaller
--- PASS: TestCallerInModuleFunction (0.00s)
=== CONT  TestPrepareEngineVolumeSourceConcurrentCreation
=== RUN   TestSSHFSSourceForURLRejectsInvalidEndpoint/leading_dash_host
--- PASS: TestSSHFSSourceForURLRejectsInvalidEndpoint (0.00s)
    --- PASS: TestSSHFSSourceForURLRejectsInvalidEndpoint/missing_user (0.00s)
    --- PASS: TestSSHFSSourceForURLRejectsInvalidEndpoint/missing_host (0.00s)
    --- PASS: TestSSHFSSourceForURLRejectsInvalidEndpoint/missing_path (0.00s)
    --- PASS: TestSSHFSSourceForURLRejectsInvalidEndpoint/leading_dash_host (0.00s)
--- PASS: TestModuleFunctionLoadWorkspaceArgRejectsFunctionCallRuntimeCaller (0.00s)
=== CONT  TestPrepareEngineVolumeSourceCreatesAndPreservesDirectories
=== CONT  TestSSHFSSourceForURL
--- PASS: TestServicesDetachRace (0.00s)
=== CONT  TestIntrospectionRootFieldsMatchProfileSkip
--- PASS: TestSSHFSSourceForURL (0.00s)
=== CONT  TestProfileSkipIsDebugIndependentPureFunction
--- PASS: TestProfileSkipIsDebugIndependentPureFunction (0.00s)
=== CONT  TestProfileSkipClassifier
--- PASS: TestIntrospectionRootFieldsMatchProfileSkip (0.00s)
=== CONT  TestAroundFuncCacheEvidenceLifecycle
=== CONT  TestServiceRetainsOneLaunchingScopeUntilExit
=== CONT  TestParsedGitRefStringSetVersion
=== CONT  TestRecordCacheEvidenceMappingUncached
2026/09/16 09:13:25 INFO start call field=Query.evidenceLifecycle digest=xxh3:76e7e4afdde6f05f
=== RUN   TestParseOCILockInputs/default_transport
=== CONT  TestRecordCacheEvidenceMappingJoinedStampsNoMissFacts
=== CONT  TestServicesStartConcurrentSad
=== PAUSE TestParseOCILockInputs/default_transport
2026/09/16 09:13:25 INFO end call field=Query.evidenceLifecycle cached=false digest=xxh3:76e7e4afdde6f05f
=== RUN   TestParseOCILockInputs/plain_HTTP
--- PASS: TestProfileSkipClassifier (0.00s)
=== CONT  TestSSHFSServiceHostPortRejectsAmbiguousService
--- PASS: TestParsedGitRefStringSetVersion (0.00s)
--- PASS: TestRecordCacheEvidenceMappingUncached (0.00s)
2026/09/16 09:13:25 INFO start call field=Query.load digest=xxh3:4108ee038f21f3fe
=== RUN   TestModuleGitDefaultRefSelector/legacy_API_uses_HEAD
=== CONT  TestServicesRunningServicesListing
2026/09/16 09:13:25 INFO end call field=Query.load cached=false digest=xxh3:4108ee038f21f3fe
=== PAUSE TestModuleGitDefaultRefSelector/legacy_API_uses_HEAD
=== CONT  TestServicesStartConcurrentSadThenHappy
=== CONT  TestPrepareEngineVolumeSourceRejectsWrongType
=== RUN   TestModuleGitDefaultRefSelector/current_API_uses_latest
=== CONT  TestAroundFuncStampsProfileSkipBeforeInheritedSkip
=== PAUSE TestModuleGitDefaultRefSelector/current_API_uses_latest
=== CONT  TestCollectedContentCollectUnknownAnyResult
=== CONT  TestEnumMemberNameFormatting
=== RUN   TestEnumMemberNameFormatting/ACTIVE
=== CONT  TestParseGitLookupInputsRejectsUnknownOption
2026/09/16 09:13:25 WARN failed to derive call digest field=Query.withExec err="no dagql cache in context"
=== CONT  TestUpdateGitLatestLockEntryValidatesInputs
=== CONT  TestSelectedSHAEntry
=== RUN   TestSelectedSHAEntry/Git
=== PAUSE TestSelectedSHAEntry/Git
=== RUN   TestUpdateGitLatestLockEntryValidatesInputs/missing_inputs
=== RUN   TestSelectedSHAEntry/OCI
=== PAUSE TestUpdateGitLatestLockEntryValidatesInputs/missing_inputs
=== CONT  TestPrepareEngineVolumeSourceSubdirAndSymlinkClamp
=== PAUSE TestSelectedSHAEntry/OCI
=== RUN   TestUpdateGitLatestLockEntryValidatesInputs/invalid_remote_type
=== CONT  TestUpdateWorkspaceLockIgnoresUnsupportedEntries
=== PAUSE TestParseOCILockInputs/plain_HTTP
=== RUN   TestParseOCILockInputs/insecure_HTTPS
=== CONT  TestServicesExitedServicesListing
=== CONT  TestUpdateWorkspaceLockEntry
=== PAUSE TestParseOCILockInputs/insecure_HTTPS
=== RUN   TestParseOCILockInputs/missing_inputs
=== CONT  TestDescribeLoadFailure
=== PAUSE TestParseOCILockInputs/missing_inputs
=== RUN   TestParseOCILockInputs/too_many_inputs
=== RUN   TestDescribeLoadFailure/inlines_the_failing_exec's_stderr
=== PAUSE TestParseOCILockInputs/too_many_inputs
=== PAUSE TestDescribeLoadFailure/inlines_the_failing_exec's_stderr
=== RUN   TestParseOCILockInputs/invalid_ref
=== CONT  TestParseOCILatestLockInputs
=== RUN   TestDescribeLoadFailure/falls_back_to_stdout_when_stderr_is_empty
=== PAUSE TestDescribeLoadFailure/falls_back_to_stdout_when_stderr_is_empty
=== CONT  TestRecordCacheEvidenceMappingUndecidedStampsNothing
=== RUN   TestDescribeLoadFailure/replaces_the_run-dagger-generate_hint_for_missing_generated_files
=== PAUSE TestDescribeLoadFailure/replaces_the_run-dagger-generate_hint_for_missing_generated_files
=== CONT  TestJSONStringRoundTripPreservesBytes
=== RUN   TestDescribeLoadFailure/leaves_other_errors_alone
=== PAUSE TestDescribeLoadFailure/leaves_other_errors_alone
=== CONT  TestJSONNullRoundTripPreservesNil
=== CONT  TestHostFindUpAllFallsBackToStatFS
=== CONT  TestModuleObjectConvertToSDKInputUsesCurrentFieldID
=== CONT  TestModuleObjectAttachDependencyResultsRewritesHandleVariants
=== CONT  TestHostFindUpAllPrefersExistsFS
=== PAUSE TestUpdateGitLatestLockEntryValidatesInputs/invalid_remote_type
=== RUN   TestUpdateGitLatestLockEntryValidatesInputs/empty_remote
=== PAUSE TestUpdateGitLatestLockEntryValidatesInputs/empty_remote
=== RUN   TestUpdateGitLatestLockEntryValidatesInputs/invalid_prefix_type
=== PAUSE TestUpdateGitLatestLockEntryValidatesInputs/invalid_prefix_type
=== RUN   TestUpdateGitLatestLockEntryValidatesInputs/empty_prefix
=== PAUSE TestUpdateGitLatestLockEntryValidatesInputs/empty_prefix
=== RUN   TestUpdateGitLatestLockEntryValidatesInputs/invalid_version_query
=== CONT  TestModuleObjectPrivateHandleFieldRetainedAcrossProducerSessionClose
=== PAUSE TestUpdateGitLatestLockEntryValidatesInputs/invalid_version_query
=== RUN   TestUpdateGitLatestLockEntryValidatesInputs/unknown_option
=== PAUSE TestUpdateGitLatestLockEntryValidatesInputs/unknown_option
=== CONT  TestModuleObjectEncodeAllowsRawCallIDInPrivateField
=== RUN   TestUpdateGitLatestLockEntryValidatesInputs/extra_input
=== PAUSE TestUpdateGitLatestLockEntryValidatesInputs/extra_input
=== CONT  TestModuleObjectEncodeRejectsRawCallIDInSemanticField
=== CONT  TestModuleObjectPersistedResultRefsRoundTrip
=== CONT  TestModuleObjectConvertToSDKInputRewritesStoredResults
=== CONT  TestSelectGitRefWithVersionQueryPrefersTags
=== CONT  TestNamespaceObjects
=== RUN   TestNamespaceObjects/namespace
=== CONT  TestTypeDefWithNameVerbatim
=== CONT  TestGitRepositoryCloneWithBackendResetsRemoteMetadata
=== CONT  TestValidateGitLatestRefWithTagPrefix
=== CONT  TestValidateGitLatestRef
=== CONT  TestContainerDirectorySelectorLeavesSiblingMountsPending
=== RUN   TestValidateGitLatestRef/stable_tag
=== PAUSE TestValidateGitLatestRef/stable_tag
=== CONT  TestSelectLatestGitRefRejectsEquivalentVersions
=== RUN   TestValidateGitLatestRef/stable_tag_without_v
=== PAUSE TestValidateGitLatestRef/stable_tag_without_v
=== RUN   TestSelectLatestGitRefRejectsEquivalentVersions/optional_v_prefix
=== RUN   TestValidateGitLatestRef/incomplete_tag
=== PAUSE TestValidateGitLatestRef/incomplete_tag
=== PAUSE TestSelectLatestGitRefRejectsEquivalentVersions/optional_v_prefix
=== CONT  TestSelectLatestGitRefOnlyPrereleasesFallsBackToHead
=== RUN   TestSelectLatestGitRefRejectsEquivalentVersions/calver_and_semver
=== PAUSE TestSelectLatestGitRefRejectsEquivalentVersions/calver_and_semver
=== RUN   TestSelectLatestGitRefRejectsEquivalentVersions/zero-padded_version
=== PAUSE TestParseOCILockInputs/invalid_ref
=== PAUSE TestSelectLatestGitRefRejectsEquivalentVersions/zero-padded_version
=== RUN   TestParseOCILockInputs/empty_ref
=== CONT  TestSelectLatestGitRefWithTagPrefix
2026/09/16 09:13:25 INFO start lazy evaluation field=Container.directory
=== PAUSE TestParseOCILockInputs/empty_ref
=== RUN   TestParseOCILockInputs/untagged_ref
=== PAUSE TestParseOCILockInputs/untagged_ref
=== RUN   TestValidateGitLatestRef/calver_tag
2026/09/16 09:13:25 INFO start lazy group evaluation field=test.base group=metadata
=== RUN   TestParseOCILockInputs/invalid_protocol
2026/09/16 09:13:25 INFO end lazy group evaluation field=test.base group=metadata duration=14.66µs
=== PAUSE TestValidateGitLatestRef/calver_tag
=== PAUSE TestParseOCILockInputs/invalid_protocol
--- PASS: TestSSHFSServiceHostPortRejectsAmbiguousService (0.00s)
=== CONT  TestSelectLatestGitRef
=== RUN   TestParseOCILockInputs/unknown_option
2026/09/16 09:13:25 INFO start lazy group evaluation field=test.base group=mount:/a
2026/09/16 09:13:25 INFO end lazy group evaluation field=test.base group=mount:/a duration=16.24µs
=== PAUSE TestParseOCILockInputs/unknown_option
=== RUN   TestParseOCILockInputs/insecure_HTTP
=== CONT  TestModuleLoadFailureRegenerated
=== PAUSE TestParseOCILockInputs/insecure_HTTP
=== CONT  TestCopyAttemptUnpackNonArchiveSingleFileNoDestDirHintCopiesToExactPath
=== CONT  TestCopyAttemptUnpackNonArchiveSingleFileDestDirHintCreatesDestDir
2026/09/16 09:13:25 INFO end lazy evaluation field=Container.directory duration=196.37µs
2026/09/16 09:13:25 INFO discarding dagql cache without persistence hasSQLDB=false hasPersistDB=false
=== CONT  TestIsKnownDockerfileSyntaxFrontendUnknown
=== CONT  TestIsKnownDockerfileSyntaxFrontend
--- PASS: TestModuleObjectAttachHandleErrorsWithoutServer (0.00s)
--- PASS: TestRecordCacheEvidenceMappingJoinedStampsNoMissFacts (0.00s)
--- PASS: TestAroundFuncCacheEvidenceLifecycle (0.00s)
--- PASS: TestServicesRunningServicesListing (0.00s)
=== RUN   TestEnumMemberNameFormatting/P256
=== CONT  TestContainerStdoutSkipsReadOnlyMountDelegation
=== CONT  TestSelectLatestGitRefAnnotatedTag
=== CONT  TestSelectReleaseTagWithVersionQuery
=== RUN   TestSelectReleaseTagWithVersionQuery/v1
=== PAUSE TestSelectReleaseTagWithVersionQuery/v1
=== RUN   TestSelectReleaseTagWithVersionQuery/1.2
=== PAUSE TestSelectReleaseTagWithVersionQuery/1.2
=== RUN   TestSelectReleaseTagWithVersionQuery/v1.2.3
=== PAUSE TestSelectReleaseTagWithVersionQuery/v1.2.3
2026/09/16 09:13:25 INFO start lazy group evaluation field=Container.withExec group=metadata
=== RUN   TestSelectReleaseTagWithVersionQuery/v1.2-beta
=== PAUSE TestSelectReleaseTagWithVersionQuery/v1.2-beta
=== RUN   TestSelectReleaseTagWithVersionQuery/v1.2.4-beta
=== PAUSE TestSelectReleaseTagWithVersionQuery/v1.2.4-beta
=== RUN   TestSelectReleaseTagWithVersionQuery/v1.2.4-rc
=== PAUSE TestSelectReleaseTagWithVersionQuery/v1.2.4-rc
2026/09/16 09:13:25 INFO start lazy group evaluation field=test.base group=metadata
--- PASS: TestIsKnownDockerfileSyntaxFrontend (0.00s)
2026/09/16 09:13:25 INFO end lazy group evaluation field=test.base group=metadata duration=16.68µs
=== RUN   TestEnumMemberNameFormatting/P_256
2026/09/16 09:13:25 INFO end lazy group evaluation field=Container.withExec group=metadata duration=78.44µs
=== RUN   TestEnumMemberNameFormatting/X25519
2026/09/16 09:13:25 INFO start lazy group evaluation field=Container.withExec group=execOutputs
=== RUN   TestEnumMemberNameFormatting/ED25519
=== RUN   TestEnumMemberNameFormatting/fooBar
=== RUN   TestEnumMemberNameFormatting/foo-bar
2026/09/16 09:13:25 INFO start lazy group evaluation field=test.base group=mount:/ro
2026/09/16 09:13:25 INFO end lazy group evaluation field=test.base group=mount:/ro duration=15.49µs
=== RUN   TestEnumMemberNameFormatting/p256
--- PASS: TestEnumMemberNameFormatting (0.00s)
    --- PASS: TestEnumMemberNameFormatting/ACTIVE (0.00s)
    --- PASS: TestEnumMemberNameFormatting/P256 (0.00s)
    --- PASS: TestEnumMemberNameFormatting/P_256 (0.00s)
    --- PASS: TestEnumMemberNameFormatting/X25519 (0.00s)
    --- PASS: TestEnumMemberNameFormatting/ED25519 (0.00s)
    --- PASS: TestEnumMemberNameFormatting/fooBar (0.00s)
    --- PASS: TestEnumMemberNameFormatting/foo-bar (0.00s)
    --- PASS: TestEnumMemberNameFormatting/p256 (0.00s)
=== CONT  TestRecordBoundServiceFQDNs
=== RUN   TestRecordBoundServiceFQDNs/records_the_name_the_running_service_registered_under
2026/09/16 09:13:25 INFO start lazy group evaluation field=test.base group=fs
=== PAUSE TestRecordBoundServiceFQDNs/records_the_name_the_running_service_registered_under
2026/09/16 09:13:25 INFO end lazy group evaluation field=test.base group=fs duration=13.25µs
=== RUN   TestRecordBoundServiceFQDNs/skips_hosts_outside_the_engine's_DNS_domain
--- PASS: TestCopyAttemptUnpackNonArchiveSingleFileNoDestDirHintCopiesToExactPath (0.00s)
=== CONT  TestSelectLatestGitRefFallsBackToHead
=== PAUSE TestRecordBoundServiceFQDNs/skips_hosts_outside_the_engine's_DNS_domain
2026/09/16 09:13:25 INFO end lazy group evaluation field=Container.withExec group=execOutputs duration=116.959µs err="get current query: no query in context"
--- PASS: TestSelectLatestGitRefFallsBackToHead (0.00s)
=== CONT  TestParseReleaseTagPreservesPrefixedName
=== RUN   TestRecordBoundServiceFQDNs/skips_a_host_already_equal_to_the_bound_hostname
2026/09/16 09:13:25 INFO discarding dagql cache without persistence hasSQLDB=false hasPersistDB=false
--- PASS: TestParseReleaseTagPreservesPrefixedName (0.00s)
=== CONT  TestSelectReleaseTagRejectsInvalidVersionQuery
=== PAUSE TestRecordBoundServiceFQDNs/skips_a_host_already_equal_to_the_bound_hostname
=== CONT  TestSelectLatestGitRefAcceptsCalver
=== CONT  TestSelectGitRefWithVersionQueryFallsBackToBranch
=== CONT  TestPreferCanonicalGitReleaseTag
=== RUN   TestPreferCanonicalGitReleaseTag/v_prefix
=== CONT  TestSelectGitRefWithVersionQuery
=== CONT  TestQueryNewModuleInitializesDeps
=== PAUSE TestPreferCanonicalGitReleaseTag/v_prefix
=== RUN   TestPreferCanonicalGitReleaseTag/no_padding_before_v_prefix
=== CONT  TestSelectLatestReleaseTagReportsOriginalTags
=== PAUSE TestPreferCanonicalGitReleaseTag/no_padding_before_v_prefix
=== CONT  TestSelectLatestReleaseTagIgnoresLowerAmbiguity
=== RUN   TestPreferCanonicalGitReleaseTag/precision_before_v_prefix
=== CONT  TestContainerDirectEvaluateRunsRefinedGroups
=== PAUSE TestPreferCanonicalGitReleaseTag/precision_before_v_prefix
=== CONT  TestContainerDirectorySelectorReturnsRootFSErrorBeforeSelection
=== RUN   TestPreferCanonicalGitReleaseTag/no_padding_before_precision
=== PAUSE TestPreferCanonicalGitReleaseTag/no_padding_before_precision
=== RUN   TestPreferCanonicalGitReleaseTag/no_build_metadata_before_v_prefix
=== PAUSE TestPreferCanonicalGitReleaseTag/no_build_metadata_before_v_prefix
=== RUN   TestPreferCanonicalGitReleaseTag/fewer_leading_zeroes
=== PAUSE TestPreferCanonicalGitReleaseTag/fewer_leading_zeroes
=== CONT  TestContainerRootFSSelectorLeavesMountsPending
2026/09/16 09:13:25 INFO start lazy group evaluation field=Container.withUser group=metadata
=== CONT  TestContainerRoutingReadsRaceUnrefinedClear
2026/09/16 09:13:25 INFO start lazy evaluation field=Container.directory
2026/09/16 09:13:25 INFO start lazy group evaluation field=test.base group=metadata
2026/09/16 09:13:25 INFO end lazy group evaluation field=test.base group=metadata duration=14.94µs
2026/09/16 09:13:25 INFO end lazy group evaluation field=Container.withUser group=metadata duration=70.31µs
2026/09/16 09:13:25 INFO start lazy group evaluation field=Container.withUser group=fs
2026/09/16 09:13:25 INFO start lazy group evaluation field=test.base group=metadata
2026/09/16 09:13:25 INFO end lazy group evaluation field=test.base group=metadata duration=38.56µs
2026/09/16 09:13:25 INFO start lazy group evaluation field=test.base group=fs
2026/09/16 09:13:25 INFO end lazy group evaluation field=test.base group=fs duration=9.85µs
2026/09/16 09:13:25 INFO end lazy group evaluation field=Container.withUser group=fs duration=36.32µs
2026/09/16 09:13:25 INFO start lazy group evaluation field=Container.withUser group=execMeta
2026/09/16 09:13:25 INFO start lazy group evaluation field=test.base group=fs
2026/09/16 09:13:25 INFO start lazy group evaluation field=test.base group=execMeta
2026/09/16 09:13:25 INFO end lazy group evaluation field=test.base group=execMeta duration=8.88µs
2026/09/16 09:13:25 INFO end lazy group evaluation field=test.base group=fs duration=15.28µs err="injected rootfs failure"
=== CONT  TestContainerHasPendingFallbackRacesDirectClear
2026/09/16 09:13:25 INFO end lazy group evaluation field=Container.withUser group=execMeta duration=32.58µs
2026/09/16 09:13:25 INFO end lazy evaluation field=Container.directory duration=144.22µs err="injected rootfs failure"
2026/09/16 09:13:25 INFO discarding dagql cache without persistence hasSQLDB=false hasPersistDB=false
=== CONT  TestContainerRoutingReadsRaceRefinedClear
2026/09/16 09:13:25 INFO discarding dagql cache without persistence hasSQLDB=false hasPersistDB=false
=== CONT  TestContainerConcurrentGroupCompletionClearsLazyOnce
=== CONT  TestContainerDelegationOverwritesStalePreCopiedAccessor
=== CONT  TestServicesStartHappyDifferentServers
=== RUN   TestServicesStartHappyDifferentServers/start_one
2026/09/16 09:13:25 INFO start lazy evaluation field=test.unrefinedWriter
2026/09/16 09:13:25 INFO start lazy group evaluation field=test.base group=metadata
2026/09/16 09:13:25 INFO end lazy group evaluation field=test.base group=metadata duration=20.31µs
2026/09/16 09:13:25 INFO start lazy group evaluation field=test.base group=metadata
=== RUN   TestValidateGitLatestRef/uncanonicalized_head
2026/09/16 09:13:25 INFO end lazy group evaluation field=test.base group=metadata duration=25.14µs
=== PAUSE TestValidateGitLatestRef/uncanonicalized_head
=== RUN   TestValidateGitLatestRef/default_branch
2026/09/16 09:13:25 INFO start lazy group evaluation field=test.base group=execMeta
2026/09/16 09:13:25 INFO end lazy group evaluation field=test.base group=execMeta duration=8.94µs
=== PAUSE TestValidateGitLatestRef/default_branch
=== RUN   TestValidateGitLatestRef/non-semver_tag
2026/09/16 09:13:25 INFO start lazy group evaluation field=test.base group=execMeta
2026/09/16 09:13:25 INFO end lazy group evaluation field=test.base group=execMeta duration=72.17µs
=== PAUSE TestValidateGitLatestRef/non-semver_tag
=== RUN   TestValidateGitLatestRef/prerelease_tag
2026/09/16 09:13:25 INFO start lazy group evaluation field=test.base group=fs
=== PAUSE TestValidateGitLatestRef/prerelease_tag
=== RUN   TestValidateGitLatestRef/arbitrary_ref
=== PAUSE TestValidateGitLatestRef/arbitrary_ref
2026/09/16 09:13:25 INFO start lazy group evaluation field=test.base group=fs
=== RUN   TestValidateGitLatestRef/empty_branch
=== PAUSE TestValidateGitLatestRef/empty_branch
2026/09/16 09:13:25 INFO start lazy evaluation field=Container.rootfs
2026/09/16 09:13:25 INFO start lazy group evaluation field=test.base group=metadata
2026/09/16 09:13:25 INFO end lazy group evaluation field=test.base group=metadata duration=17.379µs
2026/09/16 09:13:25 INFO start lazy group evaluation field=test.base group=fs
2026/09/16 09:13:25 INFO end lazy group evaluation field=test.base group=fs duration=14.44µs
2026/09/16 09:13:25 INFO end lazy evaluation field=Container.rootfs duration=504.819µs
2026/09/16 09:13:25 INFO discarding dagql cache without persistence hasSQLDB=false hasPersistDB=false
=== CONT  TestServicesStartSad
2026/09/16 09:13:25 INFO start lazy group evaluation field=Container.withEnvVariable group=metadata
=== CONT  TestServicesStartHappy
=== RUN   TestServicesStartHappy/start_one
2026/09/16 09:13:25 INFO start lazy evaluation field=test.unrefinedWriter
2026/09/16 09:13:25 INFO end lazy evaluation field=test.unrefinedWriter duration=28.9µs
--- PASS: TestContainerStdoutSkipsReadOnlyMountDelegation (0.00s)
--- PASS: TestSelectReleaseTagRejectsInvalidVersionQuery (0.00s)
2026/09/16 09:13:25 INFO end lazy group evaluation field=Container.withEnvVariable group=metadata duration=91.27µs
--- PASS: TestCollectedContentCollectUnknownAnyResult (0.00s)
2026/09/16 09:13:25 INFO start lazy group evaluation field=Container.withEnvVariable group=fs
--- PASS: TestUpdateWorkspaceLockEntry (0.00s)
--- PASS: TestRecordCacheEvidenceMappingUndecidedStampsNothing (0.00s)
--- PASS: TestParseOCILatestLockInputs (0.00s)
2026/09/16 09:13:25 INFO end lazy group evaluation field=Container.withEnvVariable group=fs duration=9.53µs
--- PASS: TestJSONStringRoundTripPreservesBytes (0.00s)
--- PASS: TestJSONNullRoundTripPreservesNil (0.00s)
2026/09/16 09:13:25 INFO start lazy group evaluation field=Container.withEnvVariable group=execMeta
--- PASS: TestUpdateWorkspaceLockIgnoresUnsupportedEntries (0.00s)
2026/09/16 09:13:25 INFO end lazy group evaluation field=Container.withEnvVariable group=execMeta duration=12.51µs
=== RUN   TestEngineVolumeMountOptionsFollowCapability/recursive_readonly
2026/09/16 09:13:25 INFO discarding dagql cache without persistence hasSQLDB=false hasPersistDB=false
--- PASS: TestContainerDelegationOverwritesStalePreCopiedAccessor (0.00s)
=== CONT  TestValidateEngineVolumeSubdir
2026/09/16 09:13:25 INFO start lazy group evaluation field=test.base group=metadata
--- PASS: TestValidateEngineVolumeSubdir (0.00s)
=== CONT  TestModulePersistedTypeDefsRoundTripPreservesNullableValidity
2026/09/16 09:13:25 INFO end lazy group evaluation field=test.base group=metadata duration=508.199µs
=== CONT  TestServicesStartConcurrentHappy
2026/09/16 09:13:25 INFO start lazy group evaluation field=test.base group=fs
2026/09/16 09:13:25 INFO end lazy group evaluation field=test.base group=fs duration=15.17µs
--- PASS: TestPrepareEngineVolumeSourceRejectsWrongType (0.00s)
=== RUN   TestRecordBoundServiceFQDNs/skips_unstarted_and_missing_entries
--- PASS: TestHostFindUpAllFallsBackToStatFS (0.00s)
--- PASS: TestModuleObjectAttachDependencyResultsRewritesHandleVariants (0.00s)
=== PAUSE TestRecordBoundServiceFQDNs/skips_unstarted_and_missing_entries
--- PASS: TestPrepareEngineVolumeSourceCreatesAndPreservesDirectories (0.00s)
--- PASS: TestModuleObjectEncodeAllowsRawCallIDInPrivateField (0.00s)
2026/09/16 09:13:25 INFO start lazy group evaluation field=test.base group=execMeta
2026/09/16 09:13:25 INFO end lazy group evaluation field=test.base group=execMeta duration=51.1µs
=== CONT  TestInitCacheEvidenceGates
=== RUN   TestRecordBoundServiceFQDNs/does_not_write_through_a_map_shared_with_a_shallow_clone
=== PAUSE TestRecordBoundServiceFQDNs/does_not_write_through_a_map_shared_with_a_shallow_clone
=== RUN   TestRecordBoundServiceFQDNs/tolerates_absent_metadata
=== PAUSE TestRecordBoundServiceFQDNs/tolerates_absent_metadata
2026/09/16 09:13:25 INFO start lazy group evaluation field=test.base group=mount:/b
--- PASS: TestSelectGitRefWithVersionQueryPrefersTags (0.00s)
=== CONT  TestWorkspaceMigrationRetainsChangesets
--- PASS: TestServiceRetainsOneLaunchingScopeUntilExit (0.00s)
--- PASS: TestInitCacheEvidenceGates (0.00s)
2026/09/16 09:13:25 INFO start lazy group evaluation field=test.base group=mount:/a
=== CONT  TestContainerAttachDependencyResultsKindsOwnsVolumeMount
2026/09/16 09:13:25 INFO end lazy group evaluation field=test.base group=mount:/a duration=37.72µs
=== RUN   TestNamespaceObjects/namespace_into_camel_case
2026/09/16 09:13:25 INFO end lazy group evaluation field=test.base group=mount:/b duration=108.17µs
--- PASS: TestTypeDefWithNameVerbatim (0.00s)
2026/09/16 09:13:25 INFO discarding dagql cache without persistence hasSQLDB=false hasPersistDB=false
--- PASS: TestHostFindUpAllPrefersExistsFS (0.00s)
--- PASS: TestGitRepositoryCloneWithBackendResetsRemoteMetadata (0.00s)
=== CONT  TestContainerPersistedObjectRoundTripsVolumeMount
--- PASS: TestModuleObjectPrivateHandleFieldRetainedAcrossProducerSessionClose (0.00s)
=== CONT  TestDecodePersistedModuleObjectValueResultRefLoadsResult
--- PASS: TestValidateGitLatestRefWithTagPrefix (0.00s)
--- PASS: TestModuleObjectConvertToSDKInputUsesCurrentFieldID (0.00s)
--- PASS: TestModuleObjectEncodeRejectsRawCallIDInSemanticField (0.00s)
--- PASS: TestContainerAttachDependencyResultsKindsOwnsVolumeMount (0.00s)
--- PASS: TestSelectLatestGitRefOnlyPrereleasesFallsBackToHead (0.00s)
=== CONT  TestContainerWithMountedVolumeAddsVolumeMount
--- PASS: TestSelectLatestGitRefWithTagPrefix (0.00s)
--- PASS: TestSelectLatestGitRef (0.00s)
--- PASS: TestModuleLoadFailureRegenerated (0.00s)
--- PASS: TestContainerDirectorySelectorLeavesSiblingMountsPending (0.00s)
--- PASS: TestIsKnownDockerfileSyntaxFrontendUnknown (0.00s)
--- PASS: TestAroundFuncStampsProfileSkipBeforeInheritedSkip (0.00s)
--- PASS: TestModuleObjectConvertToSDKInputRewritesStoredResults (0.00s)
--- PASS: TestSelectLatestGitRefAnnotatedTag (0.00s)
--- PASS: TestSelectGitRefWithVersionQueryFallsBackToBranch (0.00s)
--- PASS: TestSelectLatestGitRefAcceptsCalver (0.00s)
--- PASS: TestQueryNewModuleInitializesDeps (0.00s)
--- PASS: TestSelectGitRefWithVersionQuery (0.00s)
--- PASS: TestSelectLatestReleaseTagIgnoresLowerAmbiguity (0.00s)
=== CONT  TestModuleObjectAttachDependencyResultsRecurses
--- PASS: TestSelectLatestReleaseTagReportsOriginalTags (0.00s)
--- PASS: TestPrepareEngineVolumeSourceConcurrentCreation (0.00s)
--- PASS: TestContainerDirectEvaluateRunsRefinedGroups (0.00s)
--- PASS: TestContainerDirectorySelectorReturnsRootFSErrorBeforeSelection (0.00s)
--- PASS: TestCopyAttemptUnpackNonArchiveSingleFileDestDirHintCreatesDestDir (0.00s)
--- PASS: TestModuleObjectPersistedResultRefsRoundTrip (0.00s)
--- PASS: TestParseGitLookupInputsRejectsUnknownOption (0.00s)
--- PASS: TestDecodePersistedModuleObjectValueResultRefLoadsResult (0.00s)
=== CONT  TestVolumeAttachDependencyResultsAttachesResources
=== RUN   TestServicesStartHappyDifferentServers/start_another
--- PASS: TestContainerRootFSSelectorLeavesMountsPending (0.00s)
--- PASS: TestServicesStartSad (0.00s)
=== RUN   TestServicesStartHappy/start_another
--- PASS: TestModuleObjectAttachDependencyResultsRecurses (0.00s)
=== CONT  TestEngineVolumePersistedObjectRoundTrip
--- PASS: TestVolumeAttachDependencyResultsAttachesResources (0.00s)
--- PASS: TestContainerConcurrentGroupCompletionClearsLazyOnce (0.00s)
--- PASS: TestContainerWithMountedVolumeAddsVolumeMount (0.00s)
=== CONT  TestWorkspaceContextDirPath
--- PASS: TestServicesStartHappy (0.00s)
    --- PASS: TestServicesStartHappy/start_one (0.00s)
    --- PASS: TestServicesStartHappy/start_another (0.00s)
=== CONT  TestModuleSourcePersistenceRetainsSelfCallsCapability
=== RUN   TestWorkspaceContextDirPath/relative_path_joins_module_root_subpath_and_anchors_to_root
=== RUN   TestNamespaceObjects/don't_namespace_when_equal
--- PASS: TestServicesStartHappyDifferentServers (0.00s)
    --- PASS: TestServicesStartHappyDifferentServers/start_one (0.00s)
    --- PASS: TestServicesStartHappyDifferentServers/start_another (0.00s)
=== CONT  TestValidateEngineVolumeName
=== RUN   TestWorkspaceContextDirPath/relative_dot_resolves_to_the_module_root_subpath
=== RUN   TestNamespaceObjects/don't_namespace_when_prefixed
--- PASS: TestContainerPersistedObjectRoundTripsVolumeMount (0.00s)
=== CONT  TestModuleSourceAttachDependencyResultsRetainsSDKImpl
=== RUN   TestWorkspaceContextDirPath/absolute_path_ignores_the_module_root_subpath
--- PASS: TestModuleSourcePersistenceRetainsSelfCallsCapability (0.00s)
=== RUN   TestNamespaceObjects/still_namespace_when_prefixed_if_not_full
=== RUN   TestWorkspaceContextDirPath/empty_subpath_with_dot_resolves_to_the_workspace_root
--- PASS: TestWorkspaceMigrationRetainsChangesets (0.00s)
=== CONT  TestModuleObjectNestedNumbersSurvivePersistenceAndSDKConversion
--- PASS: TestEngineVolumePersistedObjectRoundTrip (0.00s)
=== RUN   TestWorkspaceContextDirPath/empty_subpath_with_relative_path_anchors_to_root
=== CONT  TestValidateContainerTagWithVersionQuery
--- PASS: TestNamespaceObjects (0.00s)
    --- PASS: TestNamespaceObjects/namespace (0.00s)
    --- PASS: TestNamespaceObjects/namespace_into_camel_case (0.00s)
    --- PASS: TestNamespaceObjects/don't_namespace_when_equal (0.00s)
    --- PASS: TestNamespaceObjects/don't_namespace_when_prefixed (0.00s)
    --- PASS: TestNamespaceObjects/still_namespace_when_prefixed_if_not_full (0.00s)
--- PASS: TestValidateContainerTagWithVersionQuery (0.00s)
=== RUN   TestWorkspaceContextDirPath/parent_traversal_stays_within_the_workspace_tree
2026/09/16 09:13:25 INFO end lazy evaluation field=test.unrefinedWriter duration=1.419578ms
=== CONT  TestContainerMetadataChainLeavesSnapshotGroupsPending
--- PASS: TestValidateEngineVolumeName (0.00s)
--- PASS: TestModuleSourceAttachDependencyResultsRetainsSDKImpl (0.00s)
=== RUN   TestWorkspaceContextDirPath/sibling_traversal_stays_within_the_workspace_root
=== RUN   TestWorkspaceContextDirPath/over-escaping_traversal_clamps_to_the_workspace_root
=== CONT  TestSelectLatestGitRefPrefersCompleteAliasAtDifferentCommit
=== RUN   TestWorkspaceContextDirPath/unclean_relative_path_is_normalized
2026/09/16 09:13:25 INFO discarding dagql cache without persistence hasSQLDB=false hasPersistDB=false
--- PASS: TestWorkspaceContextDirPath (0.00s)
    --- PASS: TestWorkspaceContextDirPath/relative_path_joins_module_root_subpath_and_anchors_to_root (0.00s)
    --- PASS: TestWorkspaceContextDirPath/relative_dot_resolves_to_the_module_root_subpath (0.00s)
    --- PASS: TestWorkspaceContextDirPath/absolute_path_ignores_the_module_root_subpath (0.00s)
    --- PASS: TestWorkspaceContextDirPath/empty_subpath_with_dot_resolves_to_the_workspace_root (0.00s)
    --- PASS: TestWorkspaceContextDirPath/empty_subpath_with_relative_path_anchors_to_root (0.00s)
    --- PASS: TestWorkspaceContextDirPath/parent_traversal_stays_within_the_workspace_tree (0.00s)
    --- PASS: TestWorkspaceContextDirPath/sibling_traversal_stays_within_the_workspace_root (0.00s)
    --- PASS: TestWorkspaceContextDirPath/over-escaping_traversal_clamps_to_the_workspace_root (0.00s)
    --- PASS: TestWorkspaceContextDirPath/unclean_relative_path_is_normalized (0.00s)
2026/09/16 09:13:25 INFO end lazy group evaluation field=test.base group=fs duration=1.282648ms
=== CONT  TestParsedGitRefStringVersionQuerySemantics/at_selector_uses_semver_query
=== CONT  TestModuleObjectAttachHandleWithoutAmbientServer
=== CONT  TestVolumePersistedObjectRoundTrip
2026/09/16 09:13:25 INFO discarding dagql cache without persistence hasSQLDB=false hasPersistDB=false
=== CONT  TestParsedGitRefStringVersionQuerySemantics/fragment_selector_stays_literal
--- PASS: TestSelectLatestGitRefPrefersCompleteAliasAtDifferentCommit (0.00s)
--- PASS: TestContainerRoutingReadsRaceUnrefinedClear (0.00s)
--- PASS: TestContainerRoutingReadsRaceRefinedClear (0.00s)
=== CONT  TestModuleObjectAttachDependencyResultsRetainsSemanticInterfaceHandleField
=== CONT  TestValidateContainerLatestTag
=== RUN   TestValidateContainerLatestTag/stable
=== PAUSE TestValidateContainerLatestTag/stable
=== RUN   TestValidateContainerLatestTag/stable_with_v
=== PAUSE TestValidateContainerLatestTag/stable_with_v
--- PASS: TestParsedGitRefStringVersionQuerySemantics (0.00s)
    --- PASS: TestParsedGitRefStringVersionQuerySemantics/at_selector_uses_semver_query (0.00s)
    --- PASS: TestParsedGitRefStringVersionQuerySemantics/fragment_selector_stays_literal (0.00s)
=== RUN   TestValidateContainerLatestTag/incomplete
=== PAUSE TestValidateContainerLatestTag/incomplete
2026/09/16 09:13:25 INFO end lazy group evaluation field=test.base group=fs duration=1.619628ms
=== RUN   TestValidateContainerLatestTag/calver
=== CONT  TestEngineVolumeHasNoDependencies
=== PAUSE TestValidateContainerLatestTag/calver
--- PASS: TestEngineVolumeHasNoDependencies (0.00s)
2026/09/16 09:13:25 INFO discarding dagql cache without persistence hasSQLDB=false hasPersistDB=false
=== CONT  TestSelectContainerTagWithVersionQuery
--- PASS: TestContainerHasPendingFallbackRacesDirectClear (0.00s)
=== CONT  TestCacheVolumeAttachDependencyResultsAttachesSource
=== CONT  TestContainerFinalDelegationSweepDoesNotStartParentWork
2026/09/16 09:13:25 INFO start lazy group evaluation field=Container.withWorkdir group=metadata
--- PASS: TestSelectContainerTagWithVersionQuery (0.00s)
=== CONT  TestContainerFromSuccessfulFSConsumesFinalDelegations
2026/09/16 09:13:25 INFO start lazy group evaluation field=test.base group=metadata
2026/09/16 09:13:25 INFO end lazy group evaluation field=test.base group=metadata duration=14.5µs
2026/09/16 09:13:25 INFO end lazy group evaluation field=Container.withWorkdir group=metadata duration=79.75µs
--- PASS: TestModuleObjectAttachHandleWithoutAmbientServer (0.00s)
=== CONT  TestContainerCanUseFromContentDigest
--- PASS: TestContainerCanUseFromContentDigest (0.00s)
=== CONT  TestExecNetModeConflict
--- PASS: TestVolumePersistedObjectRoundTrip (0.00s)
--- PASS: TestExecNetModeConflict (0.00s)
=== CONT  TestExecNetModeHost
=== CONT  TestExecNetModeNone
--- PASS: TestExecNetModeHost (0.00s)
--- PASS: TestExecNetModeNone (0.00s)
=== CONT  TestExecNetModeDefault
=== CONT  TestContainerExecMetadataKeepsVolatileNamesAndExpandErrors
--- PASS: TestExecNetModeDefault (0.00s)
2026/09/16 09:13:25 INFO start lazy group evaluation field=Container.withWorkdir group=fs
=== RUN   TestValidateContainerLatestTag/latest_fallback
=== CONT  TestContainerExecEvaluatesParentMountsConcurrently
=== PAUSE TestValidateContainerLatestTag/latest_fallback
=== CONT  TestContainerExecReadOnlyMountStaysPending
2026/09/16 09:13:25 INFO start lazy group evaluation field=test.base group=fs
2026/09/16 09:13:25 INFO end lazy group evaluation field=test.base group=fs duration=17.68µs
2026/09/16 09:13:25 INFO end lazy group evaluation field=Container.withWorkdir group=fs duration=72.28µs
2026/09/16 09:13:25 INFO start lazy group evaluation field=Container.withWorkdir group=execMeta
2026/09/16 09:13:25 INFO start lazy group evaluation field=test.base group=execMeta
2026/09/16 09:13:25 INFO end lazy group evaluation field=test.base group=execMeta duration=9.32µs
2026/09/16 09:13:25 INFO end lazy group evaluation field=Container.withWorkdir group=execMeta duration=47.48µs
2026/09/16 09:13:25 INFO discarding dagql cache without persistence hasSQLDB=false hasPersistDB=false
=== CONT  TestContainerExecMetadataReadRunsNothing
2026/09/16 09:13:25 INFO start lazy group evaluation field=Container.withExec group=metadata
=== CONT  TestCacheVolumeDecodeDistinctPersistedResultsSharingSnapshot
2026/09/16 09:13:25 INFO start lazy group evaluation field=test.base group=metadata
2026/09/16 09:13:25 INFO end lazy group evaluation field=test.base group=metadata duration=6.72µs
2026/09/16 09:13:25 INFO end lazy group evaluation field=Container.withExec group=metadata duration=39.52µs
2026/09/16 09:13:25 INFO start lazy group evaluation field=Container.from group=metadata
2026/09/16 09:13:25 INFO discarding dagql cache without persistence hasSQLDB=false hasPersistDB=false
2026/09/16 09:13:25 INFO end lazy group evaluation field=Container.from group=metadata duration=33.38µs
=== CONT  TestCacheVolumeInitializeSnapshotCreatesMutableSnapshot
2026/09/16 09:13:25 INFO start lazy group evaluation field=Container.from group=execMeta
2026/09/16 09:13:25 INFO end lazy group evaluation field=Container.from group=execMeta duration=6.81µs
=== CONT  TestCacheVolumeLockKeyUsesSourceID
2026/09/16 09:13:25 INFO start lazy group evaluation field=test.containerFrom group=write
2026/09/16 09:13:25 INFO start lazy group evaluation field=Container.withEnvVariable group=metadata
2026/09/16 09:13:25 INFO end lazy group evaluation field=test.containerFrom group=write duration=12.25µs
2026/09/16 09:13:25 INFO discarding dagql cache without persistence hasSQLDB=false hasPersistDB=false
2026/09/16 09:13:25 INFO start lazy group evaluation field=test.base group=metadata
=== CONT  TestSelectLatestContainerTag
2026/09/16 09:13:25 INFO end lazy group evaluation field=test.base group=metadata duration=11.75µs
2026/09/16 09:13:25 INFO end lazy group evaluation field=Container.withEnvVariable group=metadata duration=67.1µs
2026/09/16 09:13:25 INFO start lazy group evaluation field=Container.withExec group=metadata
=== RUN   TestSelectLatestContainerTag/stable_release
2026/09/16 09:13:25 INFO discarding dagql cache without persistence hasSQLDB=false hasPersistDB=false
=== PAUSE TestSelectLatestContainerTag/stable_release
2026/09/16 09:13:25 INFO start lazy group evaluation field=Container.withExec group=metadata
=== CONT  TestAgentStopRejectsWaitCycles
2026/09/16 09:13:25 INFO start lazy group evaluation field=test.base group=metadata
=== RUN   TestSelectLatestContainerTag/optional_v_prefix_is_ambiguous
2026/09/16 09:13:25 INFO end lazy group evaluation field=test.base group=metadata duration=15.8µs
=== PAUSE TestSelectLatestContainerTag/optional_v_prefix_is_ambiguous
=== RUN   TestAgentStopRejectsWaitCycles/self
2026/09/16 09:13:25 INFO start lazy group evaluation field=test.base group=metadata
=== RUN   TestSelectLatestContainerTag/optional_v_prefix_beats_incomplete_alias_handling
2026/09/16 09:13:25 INFO end lazy group evaluation field=test.base group=metadata duration=9.729µs
2026/09/16 09:13:25 INFO end lazy group evaluation field=Container.withExec group=metadata duration=75.549µs
=== PAUSE TestSelectLatestContainerTag/optional_v_prefix_beats_incomplete_alias_handling
2026/09/16 09:13:25 INFO end lazy group evaluation field=Container.withExec group=metadata duration=52.919µs
=== RUN   TestSelectLatestContainerTag/complete_version_wins_over_incomplete_alias
2026/09/16 09:13:25 INFO start lazy group evaluation field=Container.withExec group=metadata
2026/09/16 09:13:25 INFO starting dagql cache close hasSQLDB=false hasPersistDB=false
=== PAUSE TestSelectLatestContainerTag/complete_version_wins_over_incomplete_alias
2026/09/16 09:13:25 INFO completed dagql cache close successfully
=== RUN   TestSelectLatestContainerTag/incomplete_version_remains_eligible
=== CONT  TestCacheVolumeEncodePersistsSourceResultID
2026/09/16 09:13:25 INFO start lazy group evaluation field=Container.withExec group=execOutputs
=== PAUSE TestSelectLatestContainerTag/incomplete_version_remains_eligible
2026/09/16 09:13:25 INFO start lazy group evaluation field=test.base group=metadata
=== RUN   TestSelectLatestContainerTag/most_complete_alias_wins
2026/09/16 09:13:25 INFO end lazy group evaluation field=test.base group=metadata duration=10.64µs
=== PAUSE TestSelectLatestContainerTag/most_complete_alias_wins
2026/09/16 09:13:25 INFO start lazy group evaluation field=Container.withExec group=mount:/ro
2026/09/16 09:13:25 INFO end lazy group evaluation field=Container.withExec group=metadata duration=48.78µs
=== RUN   TestSelectLatestContainerTag/calver_is_ambiguous_with_normalized_semver
=== PAUSE TestSelectLatestContainerTag/calver_is_ambiguous_with_normalized_semver
=== RUN   TestSelectLatestContainerTag/zero_padding_is_ambiguous
2026/09/16 09:13:25 INFO start lazy group evaluation field=test.base group=mount:/ro
2026/09/16 09:13:25 INFO end lazy group evaluation field=test.base group=mount:/ro duration=10.23µs
=== PAUSE TestSelectLatestContainerTag/zero_padding_is_ambiguous
=== CONT  TestHTTPStateUsageSizeUsesPersistedSnapshotID
2026/09/16 09:13:25 INFO start lazy group evaluation field=test.base group=mount:/two
2026/09/16 09:13:25 INFO end lazy group evaluation field=Container.withExec group=mount:/ro duration=52.76µs
=== RUN   TestSelectLatestContainerTag/zero-padded_trailing_component_is_not_an_incomplete_alias
=== CONT  TestCacheVolumeUsageSizeUsesPersistedSnapshotID
=== PAUSE TestSelectLatestContainerTag/zero-padded_trailing_component_is_not_an_incomplete_alias
2026/09/16 09:13:25 INFO start lazy group evaluation field=Container.withExec group=execOutputs
=== CONT  TestCacheVolumeUsageSizeUsesLiveSnapshotID
2026/09/16 09:13:25 INFO discarding dagql cache without persistence hasSQLDB=false hasPersistDB=false
=== RUN   TestSelectLatestContainerTag/calver_release
=== CONT  TestCacheVolumeUsageIdentityUsesLiveSnapshotID
2026/09/16 09:13:25 INFO start lazy group evaluation field=test.base group=fs
=== PAUSE TestSelectLatestContainerTag/calver_release
2026/09/16 09:13:25 INFO end lazy group evaluation field=test.base group=fs duration=11.08µs
=== CONT  TestResolveReply
=== CONT  TestAgentStopRegistersWaitUntilReturn
=== RUN   TestSelectLatestContainerTag/only_prereleases
--- PASS: TestCacheVolumeAttachDependencyResultsAttachesSource (0.00s)
=== PAUSE TestSelectLatestContainerTag/only_prereleases
--- PASS: TestContainerMetadataChainLeavesSnapshotGroupsPending (0.00s)
=== RUN   TestSelectLatestContainerTag/no_tags
2026/09/16 09:13:25 INFO start lazy group evaluation field=test.base group=fs
--- PASS: TestModulePersistedTypeDefsRoundTripPreservesNullableValidity (0.00s)
2026/09/16 09:13:25 INFO start lazy group evaluation field=test.base group=mount:/one
2026/09/16 09:13:25 INFO end lazy group evaluation field=test.base group=fs duration=12.03µs
=== PAUSE TestSelectLatestContainerTag/no_tags
2026/09/16 09:13:25 INFO end lazy group evaluation field=test.base group=mount:/two duration=96.22µs
--- PASS: TestContainerExecMetadataKeepsVolatileNamesAndExpandErrors (0.00s)
=== CONT  TestAgentReseedRejectsPausedDrain
--- PASS: TestCacheVolumeInitializeSnapshotCreatesMutableSnapshot (0.00s)
2026/09/16 09:13:25 INFO end lazy group evaluation field=test.base group=mount:/one duration=32.62µs
--- PASS: TestContainerFromSuccessfulFSConsumesFinalDelegations (0.00s)
2026/09/16 09:13:25 INFO end lazy group evaluation field=Container.withExec group=execOutputs duration=83.37µs err="get current query: no query in context"
--- PASS: TestContainerFinalDelegationSweepDoesNotStartParentWork (0.00s)
2026/09/16 09:13:25 INFO end lazy group evaluation field=Container.withExec group=execOutputs duration=179.83µs err="get current query: no query in context"
=== RUN   TestEngineVolumeMountOptionsFollowCapability/readonly_fallback
2026/09/16 09:13:25 INFO start lazy group evaluation field=Container.withExec group=execOutputs
2026/09/16 09:13:25 INFO discarding dagql cache without persistence hasSQLDB=false hasPersistDB=false
--- PASS: TestContainerExecEvaluatesParentMountsConcurrently (0.00s)
=== CONT  TestDrainWindowProjectsRunning
2026/09/16 09:13:25 INFO end lazy group evaluation field=Container.withExec group=execOutputs duration=32.6µs err="get current query: no query in context"
--- PASS: TestResolveReply (0.00s)
=== CONT  TestEventDelivery
2026/09/16 09:13:25 INFO start lazy group evaluation field=Container.withExec group=execOutputs
--- PASS: TestAgentReseedRejectsPausedDrain (0.00s)
=== CONT  TestOriginOmittedFromChain
2026/09/16 09:13:25 INFO end lazy group evaluation field=Container.withExec group=execOutputs duration=22.63µs err="get current query: no query in context"
--- PASS: TestAgentStopRegistersWaitUntilReturn (0.00s)
=== CONT  TestRenderMessagesForModel
--- PASS: TestOriginOmittedFromChain (0.00s)
--- PASS: TestCacheVolumeEncodePersistsSourceResultID (0.00s)
2026/09/16 09:13:25 INFO discarding dagql cache without persistence hasSQLDB=false hasPersistDB=false
--- PASS: TestHTTPStateUsageSizeUsesPersistedSnapshotID (0.00s)
--- PASS: TestCacheVolumeUsageSizeUsesPersistedSnapshotID (0.00s)
--- PASS: TestContainerExecMetadataReadRunsNothing (0.00s)
=== CONT  TestAgentWaitGuard
=== CONT  TestModuleGitDefaultRefSelector/current_API_uses_latest
=== CONT  TestModuleGitDefaultRefSelector/legacy_API_uses_HEAD
=== CONT  TestSelectedSHAEntry/Git
=== CONT  TestSelectedSHAEntry/OCI
=== CONT  TestContainerFromMetadataDoesNotPullImage
=== CONT  TestDescribeLoadFailure/inlines_the_failing_exec's_stderr
--- PASS: TestRenderMessagesForModel (0.00s)
=== CONT  TestDescribeLoadFailure/replaces_the_run-dagger-generate_hint_for_missing_generated_files
--- PASS: TestAgentWaitGuard (0.00s)
=== CONT  TestDescribeLoadFailure/leaves_other_errors_alone
--- PASS: TestContainerExecReadOnlyMountStaysPending (0.00s)
--- PASS: TestCacheVolumeUsageIdentityUsesLiveSnapshotID (0.00s)
=== CONT  TestDescribeLoadFailure/falls_back_to_stdout_when_stderr_is_empty
=== RUN   TestAgentStopRejectsWaitCycles/cross-agent
=== RUN   TestValidateContainerLatestTag/prerelease
=== PAUSE TestValidateContainerLatestTag/prerelease
=== CONT  TestUpdateGitLatestLockEntryValidatesInputs/missing_inputs
--- PASS: TestCacheVolumeUsageSizeUsesLiveSnapshotID (0.00s)
--- PASS: TestDrainWindowProjectsRunning (0.00s)
--- PASS: TestCacheVolumeLockKeyUsesSourceID (0.00s)
=== CONT  TestUpdateGitLatestLockEntryValidatesInputs/empty_prefix
--- PASS: TestModuleGitDefaultRefSelector (0.00s)
    --- PASS: TestModuleGitDefaultRefSelector/current_API_uses_latest (0.00s)
    --- PASS: TestModuleGitDefaultRefSelector/legacy_API_uses_HEAD (0.00s)
=== CONT  TestUpdateGitLatestLockEntryValidatesInputs/extra_input
--- PASS: TestSelectedSHAEntry (0.00s)
    --- PASS: TestSelectedSHAEntry/Git (0.00s)
    --- PASS: TestSelectedSHAEntry/OCI (0.00s)
--- PASS: TestAgentStopRejectsWaitCycles (0.00s)
    --- PASS: TestAgentStopRejectsWaitCycles/self (0.00s)
    --- PASS: TestAgentStopRejectsWaitCycles/cross-agent (0.00s)
=== CONT  TestUpdateGitLatestLockEntryValidatesInputs/unknown_option
=== CONT  TestUpdateGitLatestLockEntryValidatesInputs/invalid_version_query
=== CONT  TestUpdateGitLatestLockEntryValidatesInputs/empty_remote
=== CONT  TestUpdateGitLatestLockEntryValidatesInputs/invalid_prefix_type
=== CONT  TestSelectLatestGitRefRejectsEquivalentVersions/optional_v_prefix
=== CONT  TestSelectLatestGitRefRejectsEquivalentVersions/zero-padded_version
=== RUN   TestValidateContainerLatestTag/non-semver
=== PAUSE TestValidateContainerLatestTag/non-semver
2026/09/16 09:13:25 INFO start lazy group evaluation field=Container.from group=metadata
=== CONT  TestUpdateGitLatestLockEntryValidatesInputs/invalid_remote_type
--- PASS: TestModuleObjectNestedNumbersSurvivePersistenceAndSDKConversion (0.00s)
2026/09/16 09:13:25 INFO end lazy group evaluation field=Container.from group=metadata duration=47.82µs
2026/09/16 09:13:25 INFO start lazy group evaluation field=Container.from group=execMeta
=== CONT  TestSelectLatestGitRefRejectsEquivalentVersions/calver_and_semver
2026/09/16 09:13:25 INFO end lazy group evaluation field=Container.from group=execMeta duration=6.55µs
=== CONT  TestParseOCILockInputs/insecure_HTTP
=== CONT  TestParseOCILockInputs/empty_ref
=== CONT  TestParseOCILockInputs/default_transport
=== CONT  TestParseOCILockInputs/unknown_option
2026/09/16 09:13:25 INFO start lazy group evaluation field=Container.from group=write
=== CONT  TestParseOCILockInputs/untagged_ref
2026/09/16 09:13:25 INFO end lazy group evaluation field=Container.from group=write duration=12.83µs err="no query in context"
--- PASS: TestUpdateGitLatestLockEntryValidatesInputs (0.00s)
    --- PASS: TestUpdateGitLatestLockEntryValidatesInputs/missing_inputs (0.00s)
    --- PASS: TestUpdateGitLatestLockEntryValidatesInputs/empty_prefix (0.00s)
    --- PASS: TestUpdateGitLatestLockEntryValidatesInputs/unknown_option (0.00s)
    --- PASS: TestUpdateGitLatestLockEntryValidatesInputs/extra_input (0.00s)
    --- PASS: TestUpdateGitLatestLockEntryValidatesInputs/invalid_version_query (0.00s)
    --- PASS: TestUpdateGitLatestLockEntryValidatesInputs/empty_remote (0.00s)
    --- PASS: TestUpdateGitLatestLockEntryValidatesInputs/invalid_prefix_type (0.00s)
    --- PASS: TestUpdateGitLatestLockEntryValidatesInputs/invalid_remote_type (0.00s)
--- PASS: TestSelectLatestGitRefRejectsEquivalentVersions (0.00s)
    --- PASS: TestSelectLatestGitRefRejectsEquivalentVersions/zero-padded_version (0.00s)
    --- PASS: TestSelectLatestGitRefRejectsEquivalentVersions/optional_v_prefix (0.00s)
    --- PASS: TestSelectLatestGitRefRejectsEquivalentVersions/calver_and_semver (0.00s)
2026/09/16 09:13:25 INFO discarding dagql cache without persistence hasSQLDB=false hasPersistDB=false
--- PASS: TestPrepareEngineVolumeSourceSubdirAndSymlinkClamp (0.01s)
=== CONT  TestParseOCILockInputs/plain_HTTP
=== CONT  TestParseOCILockInputs/invalid_ref
=== CONT  TestParseOCILockInputs/too_many_inputs
=== CONT  TestParseOCILockInputs/insecure_HTTPS
=== CONT  TestSelectReleaseTagWithVersionQuery/v1.2.4-rc
=== CONT  TestSelectReleaseTagWithVersionQuery/v1.2-beta
=== CONT  TestSelectReleaseTagWithVersionQuery/v1.2.4-beta
=== CONT  TestSelectReleaseTagWithVersionQuery/v1.2.3
=== CONT  TestSelectReleaseTagWithVersionQuery/1.2
=== CONT  TestPreferCanonicalGitReleaseTag/no_padding_before_precision
=== CONT  TestPreferCanonicalGitReleaseTag/v_prefix
=== CONT  TestPreferCanonicalGitReleaseTag/no_padding_before_v_prefix
=== CONT  TestParseOCILockInputs/invalid_protocol
--- PASS: TestDescribeLoadFailure (0.00s)
    --- PASS: TestDescribeLoadFailure/leaves_other_errors_alone (0.00s)
    --- PASS: TestDescribeLoadFailure/replaces_the_run-dagger-generate_hint_for_missing_generated_files (0.00s)
    --- PASS: TestDescribeLoadFailure/inlines_the_failing_exec's_stderr (0.00s)
    --- PASS: TestDescribeLoadFailure/falls_back_to_stdout_when_stderr_is_empty (0.00s)
--- PASS: TestContainerFromMetadataDoesNotPullImage (0.00s)
--- PASS: TestEngineVolumeMountOptionsFollowCapability (0.01s)
    --- PASS: TestEngineVolumeMountOptionsFollowCapability/writable (0.00s)
    --- PASS: TestEngineVolumeMountOptionsFollowCapability/recursive_readonly (0.00s)
    --- PASS: TestEngineVolumeMountOptionsFollowCapability/readonly_fallback (0.00s)
=== CONT  TestValidateGitLatestRef/incomplete_tag
=== CONT  TestParseOCILockInputs/missing_inputs
=== CONT  TestValidateGitLatestRef/uncanonicalized_head
=== CONT  TestValidateGitLatestRef/calver_tag
=== CONT  TestValidateGitLatestRef/prerelease_tag
=== CONT  TestValidateGitLatestRef/empty_branch
=== CONT  TestValidateGitLatestRef/non-semver_tag
=== CONT  TestValidateGitLatestRef/stable_tag_without_v
=== CONT  TestPreferCanonicalGitReleaseTag/no_build_metadata_before_v_prefix
=== CONT  TestValidateGitLatestRef/arbitrary_ref
=== CONT  TestRecordBoundServiceFQDNs/records_the_name_the_running_service_registered_under
=== CONT  TestRecordBoundServiceFQDNs/does_not_write_through_a_map_shared_with_a_shallow_clone
=== CONT  TestRecordBoundServiceFQDNs/tolerates_absent_metadata
=== CONT  TestRecordBoundServiceFQDNs/skips_unstarted_and_missing_entries
=== CONT  TestRecordBoundServiceFQDNs/skips_hosts_outside_the_engine's_DNS_domain
=== CONT  TestSelectLatestContainerTag/stable_release
=== CONT  TestPreferCanonicalGitReleaseTag/precision_before_v_prefix
=== CONT  TestSelectLatestContainerTag/calver_is_ambiguous_with_normalized_semver
=== CONT  TestSelectLatestContainerTag/no_tags
=== CONT  TestRecordBoundServiceFQDNs/skips_a_host_already_equal_to_the_bound_hostname
=== CONT  TestSelectLatestContainerTag/calver_release
=== CONT  TestSelectReleaseTagWithVersionQuery/v1
=== CONT  TestSelectLatestContainerTag/zero-padded_trailing_component_is_not_an_incomplete_alias
=== CONT  TestSelectLatestContainerTag/complete_version_wins_over_incomplete_alias
=== CONT  TestSelectLatestContainerTag/zero_padding_is_ambiguous
--- PASS: TestSelectReleaseTagWithVersionQuery (0.00s)
    --- PASS: TestSelectReleaseTagWithVersionQuery/v1.2-beta (0.00s)
    --- PASS: TestSelectReleaseTagWithVersionQuery/v1.2.4-rc (0.00s)
    --- PASS: TestSelectReleaseTagWithVersionQuery/1.2 (0.00s)
    --- PASS: TestSelectReleaseTagWithVersionQuery/v1.2.3 (0.00s)
    --- PASS: TestSelectReleaseTagWithVersionQuery/v1.2.4-beta (0.00s)
    --- PASS: TestSelectReleaseTagWithVersionQuery/v1 (0.00s)
=== CONT  TestSelectLatestContainerTag/incomplete_version_remains_eligible
=== CONT  TestSelectLatestContainerTag/optional_v_prefix_beats_incomplete_alias_handling
=== CONT  TestSelectLatestContainerTag/only_prereleases
=== CONT  TestSelectLatestContainerTag/optional_v_prefix_is_ambiguous
=== CONT  TestValidateContainerLatestTag/stable
=== CONT  TestValidateContainerLatestTag/non-semver
=== CONT  TestPreferCanonicalGitReleaseTag/fewer_leading_zeroes
=== CONT  TestValidateContainerLatestTag/incomplete
=== CONT  TestValidateContainerLatestTag/prerelease
=== CONT  TestValidateContainerLatestTag/latest_fallback
=== CONT  TestSelectLatestContainerTag/most_complete_alias_wins
=== CONT  TestValidateContainerLatestTag/stable_with_v
=== CONT  TestValidateContainerLatestTag/calver
--- PASS: TestPreferCanonicalGitReleaseTag (0.00s)
    --- PASS: TestPreferCanonicalGitReleaseTag/no_padding_before_precision (0.00s)
    --- PASS: TestPreferCanonicalGitReleaseTag/no_padding_before_v_prefix (0.00s)
    --- PASS: TestPreferCanonicalGitReleaseTag/v_prefix (0.00s)
    --- PASS: TestPreferCanonicalGitReleaseTag/no_build_metadata_before_v_prefix (0.00s)
    --- PASS: TestPreferCanonicalGitReleaseTag/precision_before_v_prefix (0.00s)
    --- PASS: TestPreferCanonicalGitReleaseTag/fewer_leading_zeroes (0.00s)
=== CONT  TestValidateGitLatestRef/stable_tag
--- PASS: TestRecordBoundServiceFQDNs (0.00s)
    --- PASS: TestRecordBoundServiceFQDNs/records_the_name_the_running_service_registered_under (0.00s)
    --- PASS: TestRecordBoundServiceFQDNs/does_not_write_through_a_map_shared_with_a_shallow_clone (0.00s)
    --- PASS: TestRecordBoundServiceFQDNs/skips_hosts_outside_the_engine's_DNS_domain (0.00s)
    --- PASS: TestRecordBoundServiceFQDNs/skips_a_host_already_equal_to_the_bound_hostname (0.00s)
    --- PASS: TestRecordBoundServiceFQDNs/tolerates_absent_metadata (0.00s)
    --- PASS: TestRecordBoundServiceFQDNs/skips_unstarted_and_missing_entries (0.00s)
=== CONT  TestValidateGitLatestRef/default_branch
--- PASS: TestValidateContainerLatestTag (0.00s)
    --- PASS: TestValidateContainerLatestTag/stable (0.00s)
    --- PASS: TestValidateContainerLatestTag/non-semver (0.00s)
    --- PASS: TestValidateContainerLatestTag/incomplete (0.00s)
    --- PASS: TestValidateContainerLatestTag/prerelease (0.00s)
    --- PASS: TestValidateContainerLatestTag/latest_fallback (0.00s)
    --- PASS: TestValidateContainerLatestTag/stable_with_v (0.00s)
    --- PASS: TestValidateContainerLatestTag/calver (0.00s)
--- PASS: TestValidateGitLatestRef (0.00s)
    --- PASS: TestValidateGitLatestRef/incomplete_tag (0.00s)
    --- PASS: TestValidateGitLatestRef/uncanonicalized_head (0.00s)
    --- PASS: TestValidateGitLatestRef/calver_tag (0.00s)
    --- PASS: TestValidateGitLatestRef/empty_branch (0.00s)
    --- PASS: TestValidateGitLatestRef/prerelease_tag (0.00s)
    --- PASS: TestValidateGitLatestRef/non-semver_tag (0.00s)
    --- PASS: TestValidateGitLatestRef/stable_tag_without_v (0.00s)
    --- PASS: TestValidateGitLatestRef/arbitrary_ref (0.00s)
    --- PASS: TestValidateGitLatestRef/stable_tag (0.00s)
    --- PASS: TestValidateGitLatestRef/default_branch (0.00s)
--- PASS: TestSelectLatestContainerTag (0.00s)
    --- PASS: TestSelectLatestContainerTag/stable_release (0.00s)
    --- PASS: TestSelectLatestContainerTag/no_tags (0.00s)
    --- PASS: TestSelectLatestContainerTag/calver_release (0.00s)
    --- PASS: TestSelectLatestContainerTag/calver_is_ambiguous_with_normalized_semver (0.00s)
    --- PASS: TestSelectLatestContainerTag/complete_version_wins_over_incomplete_alias (0.00s)
    --- PASS: TestSelectLatestContainerTag/zero-padded_trailing_component_is_not_an_incomplete_alias (0.00s)
    --- PASS: TestSelectLatestContainerTag/incomplete_version_remains_eligible (0.00s)
    --- PASS: TestSelectLatestContainerTag/only_prereleases (0.00s)
    --- PASS: TestSelectLatestContainerTag/optional_v_prefix_beats_incomplete_alias_handling (0.00s)
    --- PASS: TestSelectLatestContainerTag/optional_v_prefix_is_ambiguous (0.00s)
    --- PASS: TestSelectLatestContainerTag/zero_padding_is_ambiguous (0.00s)
    --- PASS: TestSelectLatestContainerTag/most_complete_alias_wins (0.00s)
--- PASS: TestParseOCILockInputs (0.00s)
    --- PASS: TestParseOCILockInputs/empty_ref (0.00s)
    --- PASS: TestParseOCILockInputs/insecure_HTTP (0.00s)
    --- PASS: TestParseOCILockInputs/default_transport (0.00s)
    --- PASS: TestParseOCILockInputs/untagged_ref (0.00s)
    --- PASS: TestParseOCILockInputs/invalid_ref (0.00s)
    --- PASS: TestParseOCILockInputs/unknown_option (0.00s)
    --- PASS: TestParseOCILockInputs/insecure_HTTPS (0.00s)
    --- PASS: TestParseOCILockInputs/too_many_inputs (0.00s)
    --- PASS: TestParseOCILockInputs/plain_HTTP (0.00s)
    --- PASS: TestParseOCILockInputs/missing_inputs (0.00s)
    --- PASS: TestParseOCILockInputs/invalid_protocol (0.00s)
--- PASS: TestModuleObjectAttachDependencyResultsRetainsSemanticInterfaceHandleField (0.00s)
--- PASS: TestEventDelivery (0.00s)
2026/09/16 09:13:25 INFO starting dagql cache close hasSQLDB=true hasPersistDB=true
2026/09/16 09:13:25 INFO marking dagql cache clean shutdown
2026/09/16 09:13:25 WARN successfully marked clean shutdown in persistence metadata
2026/09/16 09:13:25 INFO completed dagql cache close successfully
--- PASS: TestServicesExitedServicesListing (0.02s)
2026/09/16 09:13:25 INFO starting dagql cache close hasSQLDB=true hasPersistDB=true
2026/09/16 09:13:25 INFO marking dagql cache clean shutdown
2026/09/16 09:13:25 WARN successfully marked clean shutdown in persistence metadata
2026/09/16 09:13:25 INFO completed dagql cache close successfully
--- PASS: TestCacheVolumeDecodeDistinctPersistedResultsSharingSnapshot (0.02s)
--- PASS: TestServicesStartConcurrentHappy (0.11s)
--- PASS: TestServicesStartConcurrentSadThenHappy (0.12s)
--- PASS: TestServicesStartConcurrentSad (0.12s)
PASS
ok  	github.com/dagger/dagger/core	9.281s
