=== RUN   TestAgentClientScopeLifetime
--- PASS: TestAgentClientScopeLifetime (0.00s)
=== RUN   TestAttributionHeader
=== PAUSE TestAttributionHeader
=== RUN   TestRenderMessagesForModel
=== PAUSE TestRenderMessagesForModel
=== RUN   TestOriginOmittedFromChain
=== PAUSE TestOriginOmittedFromChain
=== RUN   TestAgentWaitGuard
=== PAUSE TestAgentWaitGuard
=== RUN   TestResolveReply
=== PAUSE TestResolveReply
=== RUN   TestEventDelivery
=== PAUSE TestEventDelivery
=== RUN   TestDrainWindowProjectsRunning
=== PAUSE TestDrainWindowProjectsRunning
=== RUN   TestEmitUserMessageSpanRecordsOrigin
--- PASS: TestEmitUserMessageSpanRecordsOrigin (0.00s)
=== RUN   TestAgentReseedRejectsPausedDrain
=== PAUSE TestAgentReseedRejectsPausedDrain
=== RUN   TestAgentStopRejectsWaitCycles
=== PAUSE TestAgentStopRejectsWaitCycles
=== RUN   TestAgentStopRegistersWaitUntilReturn
=== PAUSE TestAgentStopRegistersWaitUntilReturn
=== RUN   TestPublishStateEdgeTriggered
--- PASS: TestPublishStateEdgeTriggered (0.00s)
=== RUN   TestPublishStateBeforeStartIsSilent
--- PASS: TestPublishStateBeforeStartIsSilent (0.00s)
=== RUN   TestPublishStateSealedTombstone
--- PASS: TestPublishStateSealedTombstone (0.00s)
=== RUN   TestEmitAgentStateRecordShape
--- PASS: TestEmitAgentStateRecordShape (0.00s)
=== RUN   TestEmitAgentSnapshotRecordShape
--- PASS: TestEmitAgentSnapshotRecordShape (0.00s)
=== RUN   TestEmitAgentFailureMessage
--- PASS: TestEmitAgentFailureMessage (0.00s)
=== RUN   TestStopReasonRidesTerminalRecord
--- PASS: TestStopReasonRidesTerminalRecord (0.00s)
=== RUN   TestKillAllStopsWithSessionReason
--- PASS: TestKillAllStopsWithSessionReason (0.00s)
=== RUN   TestAuditedEagerProducersEvaluate
2026/09/16 09:28:42 INFO start lazy evaluation field=Query._builtinContainer
2026/09/16 09:28:42 INFO end lazy evaluation field=Query._builtinContainer duration=15.312505ms
2026/09/16 09:28:42 INFO start lazy evaluation field=Query._builtinContainer
2026/09/16 09:28:42 INFO end lazy evaluation field=Query._builtinContainer duration=54.8µs err="lookup builtin image manifest sha256:90c48b875b1caba8ee7f40a7cc62d7934555e6366aac5f07e5d542b1d0fc32c9: content sha256:90c48b875b1caba8ee7f40a7cc62d7934555e6366aac5f07e5d542b1d0fc32c9: not found"
=== RUN   TestAuditedEagerProducersEvaluate/empty_patch_without_producer
=== RUN   TestAuditedEagerProducersEvaluate/saved_schema_bytes
2026/09/16 09:28:42 INFO start lazy evaluation field=File.blob
2026/09/16 09:28:42 INFO end lazy evaluation field=File.blob duration=15.984354ms
2026/09/16 09:28:42 INFO discarding dagql cache without persistence hasSQLDB=false hasPersistDB=false
--- PASS: TestAuditedEagerProducersEvaluate (0.19s)
    --- PASS: TestAuditedEagerProducersEvaluate/empty_patch_without_producer (0.07s)
    --- PASS: TestAuditedEagerProducersEvaluate/saved_schema_bytes (0.04s)
=== RUN   TestCacheVolumeUsageIdentityUsesLiveSnapshotID
=== PAUSE TestCacheVolumeUsageIdentityUsesLiveSnapshotID
=== RUN   TestCacheVolumeUsageSizeUsesLiveSnapshotID
=== PAUSE TestCacheVolumeUsageSizeUsesLiveSnapshotID
=== RUN   TestCacheVolumeUsageSizeUsesPersistedSnapshotID
=== PAUSE TestCacheVolumeUsageSizeUsesPersistedSnapshotID
=== RUN   TestHTTPStateUsageSizeUsesPersistedSnapshotID
=== PAUSE TestHTTPStateUsageSizeUsesPersistedSnapshotID
=== RUN   TestCacheVolumeEncodePersistsSourceResultID
=== PAUSE TestCacheVolumeEncodePersistsSourceResultID
=== RUN   TestCacheVolumeAttachDependencyResultsAttachesSource
=== PAUSE TestCacheVolumeAttachDependencyResultsAttachesSource
=== RUN   TestCacheVolumeLockKeyUsesSourceID
=== PAUSE TestCacheVolumeLockKeyUsesSourceID
=== RUN   TestCacheVolumeInitializeSnapshotCreatesMutableSnapshot
=== PAUSE TestCacheVolumeInitializeSnapshotCreatesMutableSnapshot
=== RUN   TestCacheVolumeDecodeDistinctPersistedResultsSharingSnapshot
=== PAUSE TestCacheVolumeDecodeDistinctPersistedResultsSharingSnapshot
=== RUN   TestChangesetDeltaMatchesGit
=== RUN   TestChangesetDeltaMatchesGit/add_modify_remove
=== RUN   TestChangesetDeltaMatchesGit/pure_rename
=== RUN   TestChangesetDeltaMatchesGit/nested_removed_dir
=== RUN   TestChangesetDeltaMatchesGit/added_dir_tree
=== RUN   TestChangesetDeltaMatchesGit/empty_before
=== RUN   TestChangesetDeltaMatchesGit/mtime-only_change_is_not_modified
=== RUN   TestChangesetDeltaMatchesGit/same_size_same_mtime_different_content
=== RUN   TestChangesetDeltaMatchesGit/exec_bit_change
=== RUN   TestChangesetDeltaMatchesGit/symlink_target_change
=== RUN   TestChangesetDeltaMatchesGit/file_replaced_by_dir
=== RUN   TestChangesetDeltaMatchesGit/dir_replaced_by_file
=== RUN   TestChangesetDeltaMatchesGit/binary_files
=== RUN   TestChangesetDeltaMatchesGit/identical_trees
=== RUN   TestChangesetDeltaMatchesGit/added_empty_dir_only
=== RUN   TestChangesetDeltaMatchesGit/rename_with_modification_stays_paired_like_git
--- PASS: TestChangesetDeltaMatchesGit (0.16s)
    --- PASS: TestChangesetDeltaMatchesGit/add_modify_remove (0.02s)
    --- PASS: TestChangesetDeltaMatchesGit/pure_rename (0.02s)
    --- PASS: TestChangesetDeltaMatchesGit/nested_removed_dir (0.01s)
    --- PASS: TestChangesetDeltaMatchesGit/added_dir_tree (0.01s)
    --- PASS: TestChangesetDeltaMatchesGit/empty_before (0.01s)
    --- PASS: TestChangesetDeltaMatchesGit/mtime-only_change_is_not_modified (0.00s)
    --- PASS: TestChangesetDeltaMatchesGit/same_size_same_mtime_different_content (0.01s)
    --- PASS: TestChangesetDeltaMatchesGit/exec_bit_change (0.01s)
    --- PASS: TestChangesetDeltaMatchesGit/symlink_target_change (0.01s)
    --- PASS: TestChangesetDeltaMatchesGit/file_replaced_by_dir (0.01s)
    --- PASS: TestChangesetDeltaMatchesGit/dir_replaced_by_file (0.01s)
    --- PASS: TestChangesetDeltaMatchesGit/binary_files (0.02s)
    --- PASS: TestChangesetDeltaMatchesGit/identical_trees (0.00s)
    --- PASS: TestChangesetDeltaMatchesGit/added_empty_dir_only (0.00s)
    --- PASS: TestChangesetDeltaMatchesGit/rename_with_modification_stays_paired_like_git (0.02s)
=== RUN   TestParseGitOutput
=== RUN   TestParseGitOutput/empty
=== RUN   TestParseGitOutput/all_change_types
=== RUN   TestParseGitOutput/rename
=== RUN   TestParseGitOutput/copy
--- PASS: TestParseGitOutput (0.00s)
    --- PASS: TestParseGitOutput/empty (0.00s)
    --- PASS: TestParseGitOutput/all_change_types (0.00s)
    --- PASS: TestParseGitOutput/rename (0.00s)
    --- PASS: TestParseGitOutput/copy (0.00s)
=== RUN   TestParseGitNumStatOutput
=== RUN   TestParseGitNumStatOutput/normal_files
=== RUN   TestParseGitNumStatOutput/renames
--- PASS: TestParseGitNumStatOutput (0.00s)
    --- PASS: TestParseGitNumStatOutput/normal_files (0.00s)
    --- PASS: TestParseGitNumStatOutput/renames (0.00s)
=== RUN   TestRelativeDiffPath
--- PASS: TestRelativeDiffPath (0.00s)
=== RUN   TestListSubdirectories
--- PASS: TestListSubdirectories (0.00s)
=== RUN   TestDiffStringSlices
=== RUN   TestDiffStringSlices/no_changes
=== RUN   TestDiffStringSlices/mixed
--- PASS: TestDiffStringSlices (0.00s)
    --- PASS: TestDiffStringSlices/no_changes (0.00s)
    --- PASS: TestDiffStringSlices/mixed (0.00s)
=== RUN   TestCollapseChildPaths
=== RUN   TestCollapseChildPaths/empty
=== RUN   TestCollapseChildPaths/directory_hides_children
=== RUN   TestCollapseChildPaths/siblings_preserved
--- PASS: TestCollapseChildPaths (0.00s)
    --- PASS: TestCollapseChildPaths/empty (0.00s)
    --- PASS: TestCollapseChildPaths/directory_hides_children (0.00s)
    --- PASS: TestCollapseChildPaths/siblings_preserved (0.00s)
=== RUN   TestCompareDirectories_Integration
--- PASS: TestCompareDirectories_Integration (0.01s)
=== RUN   TestCompareDirectories_OldDirIsBrokenWorktree
--- PASS: TestCompareDirectories_OldDirIsBrokenWorktree (0.01s)
=== RUN   TestCompareDirectoriesNumStat_Integration
--- PASS: TestCompareDirectoriesNumStat_Integration (0.00s)
=== RUN   TestFixDiffGitHeader
=== RUN   TestFixDiffGitHeader/added_file_(both_sides_b/)
=== RUN   TestFixDiffGitHeader/deleted_file_(both_sides_a/)
=== RUN   TestFixDiffGitHeader/modified_file_is_left_alone
=== RUN   TestFixDiffGitHeader/nested_path
=== RUN   TestFixDiffGitHeader/path_containing_spaces
=== RUN   TestFixDiffGitHeader/quoted_path
=== RUN   TestFixDiffGitHeader/rename_header_keeps_distinct_paths
=== RUN   TestFixDiffGitHeader/non-header_line_untouched
=== RUN   TestFixDiffGitHeader/unparseable_header_untouched
--- PASS: TestFixDiffGitHeader (0.00s)
    --- PASS: TestFixDiffGitHeader/added_file_(both_sides_b/) (0.00s)
    --- PASS: TestFixDiffGitHeader/deleted_file_(both_sides_a/) (0.00s)
    --- PASS: TestFixDiffGitHeader/modified_file_is_left_alone (0.00s)
    --- PASS: TestFixDiffGitHeader/nested_path (0.00s)
    --- PASS: TestFixDiffGitHeader/path_containing_spaces (0.00s)
    --- PASS: TestFixDiffGitHeader/quoted_path (0.00s)
    --- PASS: TestFixDiffGitHeader/rename_header_keeps_distinct_paths (0.00s)
    --- PASS: TestFixDiffGitHeader/non-header_line_untouched (0.00s)
    --- PASS: TestFixDiffGitHeader/unparseable_header_untouched (0.00s)
=== RUN   TestDiffGitHeaderRewriter
--- PASS: TestDiffGitHeaderRewriter (0.00s)
=== RUN   TestWriteGitDiffPatch_Integration
--- PASS: TestWriteGitDiffPatch_Integration (0.03s)
=== RUN   TestPathSets
--- PASS: TestPathSets (0.00s)
=== RUN   TestChangesetConflicts
=== RUN   TestChangesetConflicts/no_conflicts
=== RUN   TestChangesetConflicts/empty_addition
=== RUN   TestChangesetConflicts/added_path
=== RUN   TestChangesetConflicts/modified
=== RUN   TestChangesetConflicts/modified_and_deleted
=== RUN   TestChangesetConflicts/deleted_and_modified
=== RUN   TestChangesetConflicts/removed_twice
--- PASS: TestChangesetConflicts (0.00s)
    --- PASS: TestChangesetConflicts/no_conflicts (0.00s)
    --- PASS: TestChangesetConflicts/empty_addition (0.00s)
    --- PASS: TestChangesetConflicts/added_path (0.00s)
    --- PASS: TestChangesetConflicts/modified (0.00s)
    --- PASS: TestChangesetConflicts/modified_and_deleted (0.00s)
    --- PASS: TestChangesetConflicts/deleted_and_modified (0.00s)
    --- PASS: TestChangesetConflicts/removed_twice (0.00s)
=== RUN   TestRecordCompletedProducer
=== RUN   TestRecordCompletedProducer/Directory
=== RUN   TestRecordCompletedProducer/Directory/#00
=== RUN   TestRecordCompletedProducer/Directory/nil_value
=== RUN   TestRecordCompletedProducer/Directory/nil_producer
=== RUN   TestRecordCompletedProducer/Directory/typed_nil_producer
=== RUN   TestRecordCompletedProducer/Directory/pending
=== RUN   TestRecordCompletedProducer/Directory/recorded
=== RUN   TestRecordCompletedProducer/Directory/kind
=== RUN   TestRecordCompletedProducer/Directory/json
=== RUN   TestRecordCompletedProducer/Directory/path_accessor
=== RUN   TestRecordCompletedProducer/Directory/snapshot_accessor
=== RUN   TestRecordCompletedProducer/Directory/path
=== RUN   TestRecordCompletedProducer/Directory/snapshot
=== RUN   TestRecordCompletedProducer/Directory/nil_snapshot
=== RUN   TestRecordCompletedProducer/Directory/restore
=== RUN   TestRecordCompletedProducer/File
=== RUN   TestRecordCompletedProducer/File/#00
=== RUN   TestRecordCompletedProducer/File/nil_value
=== RUN   TestRecordCompletedProducer/File/nil_producer
=== RUN   TestRecordCompletedProducer/File/typed_nil_producer
=== RUN   TestRecordCompletedProducer/File/pending
=== RUN   TestRecordCompletedProducer/File/recorded
=== RUN   TestRecordCompletedProducer/File/kind
=== RUN   TestRecordCompletedProducer/File/json
=== RUN   TestRecordCompletedProducer/File/path_accessor
=== RUN   TestRecordCompletedProducer/File/snapshot_accessor
=== RUN   TestRecordCompletedProducer/File/path
=== RUN   TestRecordCompletedProducer/File/snapshot
=== RUN   TestRecordCompletedProducer/File/nil_snapshot
=== RUN   TestRecordCompletedProducer/File/restore
=== RUN   TestRecordCompletedProducer/existing_completed_kinds_attach
2026/09/16 09:28:43 INFO discarding dagql cache without persistence hasSQLDB=true hasPersistDB=true
--- PASS: TestRecordCompletedProducer (0.02s)
    --- PASS: TestRecordCompletedProducer/Directory (0.00s)
        --- PASS: TestRecordCompletedProducer/Directory/#00 (0.00s)
        --- PASS: TestRecordCompletedProducer/Directory/nil_value (0.00s)
        --- PASS: TestRecordCompletedProducer/Directory/nil_producer (0.00s)
        --- PASS: TestRecordCompletedProducer/Directory/typed_nil_producer (0.00s)
        --- PASS: TestRecordCompletedProducer/Directory/pending (0.00s)
        --- PASS: TestRecordCompletedProducer/Directory/recorded (0.00s)
        --- PASS: TestRecordCompletedProducer/Directory/kind (0.00s)
        --- PASS: TestRecordCompletedProducer/Directory/json (0.00s)
        --- PASS: TestRecordCompletedProducer/Directory/path_accessor (0.00s)
        --- PASS: TestRecordCompletedProducer/Directory/snapshot_accessor (0.00s)
        --- PASS: TestRecordCompletedProducer/Directory/path (0.00s)
        --- PASS: TestRecordCompletedProducer/Directory/snapshot (0.00s)
        --- PASS: TestRecordCompletedProducer/Directory/nil_snapshot (0.00s)
        --- PASS: TestRecordCompletedProducer/Directory/restore (0.00s)
    --- PASS: TestRecordCompletedProducer/File (0.00s)
        --- PASS: TestRecordCompletedProducer/File/#00 (0.00s)
        --- PASS: TestRecordCompletedProducer/File/nil_value (0.00s)
        --- PASS: TestRecordCompletedProducer/File/nil_producer (0.00s)
        --- PASS: TestRecordCompletedProducer/File/typed_nil_producer (0.00s)
        --- PASS: TestRecordCompletedProducer/File/pending (0.00s)
        --- PASS: TestRecordCompletedProducer/File/recorded (0.00s)
        --- PASS: TestRecordCompletedProducer/File/kind (0.00s)
        --- PASS: TestRecordCompletedProducer/File/json (0.00s)
        --- PASS: TestRecordCompletedProducer/File/path_accessor (0.00s)
        --- PASS: TestRecordCompletedProducer/File/snapshot_accessor (0.00s)
        --- PASS: TestRecordCompletedProducer/File/path (0.00s)
        --- PASS: TestRecordCompletedProducer/File/snapshot (0.00s)
        --- PASS: TestRecordCompletedProducer/File/nil_snapshot (0.00s)
        --- PASS: TestRecordCompletedProducer/File/restore (0.00s)
    --- PASS: TestRecordCompletedProducer/existing_completed_kinds_attach (0.01s)
=== RUN   TestCompletedProducerAttachmentBeforePublication
2026/09/16 09:28:43 INFO start lazy evaluation field=Directory.directory
2026/09/16 09:28:43 INFO end lazy evaluation field=Directory.directory duration=97.62µs
2026/09/16 09:28:43 INFO start lazy evaluation field=File.file
2026/09/16 09:28:43 INFO end lazy evaluation field=File.file duration=1.425359ms
2026/09/16 09:28:43 INFO discarding dagql cache without persistence hasSQLDB=true hasPersistDB=true
--- PASS: TestCompletedProducerAttachmentBeforePublication (0.02s)
=== RUN   TestMoveProducedOutputs
--- PASS: TestMoveProducedOutputs (0.00s)
=== RUN   TestCapturePersistedContainerDirectEvaluation
=== RUN   TestCapturePersistedContainerDirectEvaluation/metadata
2026/09/16 09:28:43 INFO start lazy group evaluation field=capture-test group=metadata
2026/09/16 09:28:43 INFO end lazy group evaluation field=capture-test group=metadata duration=48.73µs
2026/09/16 09:28:43 INFO discarding dagql cache without persistence hasSQLDB=false hasPersistDB=false
=== RUN   TestCapturePersistedContainerDirectEvaluation/snapshot
2026/09/16 09:28:43 INFO start lazy group evaluation field=capture-test group=metadata
2026/09/16 09:28:43 INFO end lazy group evaluation field=capture-test group=metadata duration=9.9µs
2026/09/16 09:28:43 INFO start lazy group evaluation field=capture-test group=fs
2026/09/16 09:28:43 INFO start lazy group evaluation field=capture-test group=execMeta
2026/09/16 09:28:43 INFO end lazy group evaluation field=capture-test group=execMeta duration=2.76µs
2026/09/16 09:28:43 INFO end lazy group evaluation field=capture-test group=fs duration=34µs
2026/09/16 09:28:43 INFO discarding dagql cache without persistence hasSQLDB=false hasPersistDB=false
=== RUN   TestCapturePersistedContainerDirectEvaluation/whole
2026/09/16 09:28:43 INFO start lazy group evaluation field=capture-test group=metadata
2026/09/16 09:28:43 INFO end lazy group evaluation field=capture-test group=metadata duration=39.86µs
2026/09/16 09:28:43 INFO start lazy group evaluation field=capture-test group=fs
2026/09/16 09:28:43 INFO end lazy group evaluation field=capture-test group=fs duration=8.48µs
2026/09/16 09:28:43 INFO start lazy group evaluation field=capture-test group=execMeta
2026/09/16 09:28:43 INFO end lazy group evaluation field=capture-test group=execMeta duration=8.51µs
2026/09/16 09:28:43 INFO discarding dagql cache without persistence hasSQLDB=false hasPersistDB=false
--- PASS: TestCapturePersistedContainerDirectEvaluation (0.00s)
    --- PASS: TestCapturePersistedContainerDirectEvaluation/metadata (0.00s)
    --- PASS: TestCapturePersistedContainerDirectEvaluation/snapshot (0.00s)
    --- PASS: TestCapturePersistedContainerDirectEvaluation/whole (0.00s)
=== RUN   TestCapturePersistedContainerExcludesNewDirectGroups
2026/09/16 09:28:43 INFO start lazy group evaluation field=capture-test group=metadata
2026/09/16 09:28:43 INFO end lazy group evaluation field=capture-test group=metadata duration=29.94µs
2026/09/16 09:28:43 INFO discarding dagql cache without persistence hasSQLDB=false hasPersistDB=false
--- PASS: TestCapturePersistedContainerExcludesNewDirectGroups (0.00s)
=== RUN   TestCapturePersistedContainerUnrefinedBody
=== RUN   TestCapturePersistedContainerUnrefinedBody/active
2026/09/16 09:28:43 INFO start lazy evaluation field=capture-whole-test
2026/09/16 09:28:43 INFO end lazy evaluation field=capture-whole-test duration=32.47µs
2026/09/16 09:28:43 INFO discarding dagql cache without persistence hasSQLDB=false hasPersistDB=false
=== RUN   TestCapturePersistedContainerUnrefinedBody/consumed-before-return
2026/09/16 09:28:43 INFO start lazy evaluation field=capture-whole-test
2026/09/16 09:28:43 INFO end lazy evaluation field=capture-whole-test duration=40.15µs
2026/09/16 09:28:43 INFO discarding dagql cache without persistence hasSQLDB=false hasPersistDB=false
--- PASS: TestCapturePersistedContainerUnrefinedBody (0.00s)
    --- PASS: TestCapturePersistedContainerUnrefinedBody/active (0.00s)
    --- PASS: TestCapturePersistedContainerUnrefinedBody/consumed-before-return (0.00s)
=== RUN   TestCapturePersistedContainerReleasesLocksOnCodecError
2026/09/16 09:28:43 INFO start lazy group evaluation field=capture-test group=metadata
2026/09/16 09:28:43 INFO end lazy group evaluation field=capture-test group=metadata duration=6.77µs
2026/09/16 09:28:43 INFO start lazy group evaluation field=capture-test group=fs
2026/09/16 09:28:43 INFO end lazy group evaluation field=capture-test group=fs duration=1.99µs
2026/09/16 09:28:43 INFO start lazy group evaluation field=capture-test group=execMeta
2026/09/16 09:28:43 INFO end lazy group evaluation field=capture-test group=execMeta duration=1.26µs
2026/09/16 09:28:43 INFO discarding dagql cache without persistence hasSQLDB=false hasPersistDB=false
--- PASS: TestCapturePersistedContainerReleasesLocksOnCodecError (0.00s)
=== RUN   TestContainerExecSuccessConsumesFinalReadOnlyMount
2026/09/16 09:28:43 INFO start lazy group evaluation field=Container.withExec group=metadata
2026/09/16 09:28:43 INFO start lazy group evaluation field=test.base group=metadata
2026/09/16 09:28:43 INFO end lazy group evaluation field=test.base group=metadata duration=10.65µs
2026/09/16 09:28:43 INFO end lazy group evaluation field=Container.withExec group=metadata duration=83.48µs
2026/09/16 09:28:43 INFO start lazy group evaluation field=test.containerExec group=execOutputs
2026/09/16 09:28:43 INFO start lazy group evaluation field=test.base group=mount:/ro
2026/09/16 09:28:43 INFO end lazy group evaluation field=test.base group=mount:/ro duration=15.25µs
2026/09/16 09:28:43 INFO start lazy group evaluation field=test.base group=fs
2026/09/16 09:28:43 INFO end lazy group evaluation field=test.base group=fs duration=19.08µs
2026/09/16 09:28:43 INFO end lazy group evaluation field=test.containerExec group=execOutputs duration=117.06µs
2026/09/16 09:28:43 INFO start lazy group evaluation field=Container.withExec group=mount:/ro
2026/09/16 09:28:43 INFO end lazy group evaluation field=Container.withExec group=mount:/ro duration=13.19µs
2026/09/16 09:28:43 INFO discarding dagql cache without persistence hasSQLDB=false hasPersistDB=false
--- PASS: TestContainerExecSuccessConsumesFinalReadOnlyMount (0.00s)
=== RUN   TestContainerExecMetadataReadRunsNothing
=== PAUSE TestContainerExecMetadataReadRunsNothing
=== RUN   TestContainerExecReadOnlyMountStaysPending
=== PAUSE TestContainerExecReadOnlyMountStaysPending
=== RUN   TestContainerExecEvaluatesParentMountsConcurrently
=== PAUSE TestContainerExecEvaluatesParentMountsConcurrently
=== RUN   TestContainerExecMetadataKeepsVolatileNamesAndExpandErrors
=== PAUSE TestContainerExecMetadataKeepsVolatileNamesAndExpandErrors
=== RUN   TestContainerExecPersistsInputMetadata
=== RUN   TestContainerExecPersistsInputMetadata/nil
2026/09/16 09:28:43 INFO discarding dagql cache without persistence hasSQLDB=true hasPersistDB=true
=== RUN   TestContainerExecPersistsInputMetadata/supplied
2026/09/16 09:28:43 INFO discarding dagql cache without persistence hasSQLDB=true hasPersistDB=true
--- PASS: TestContainerExecPersistsInputMetadata (0.02s)
    --- PASS: TestContainerExecPersistsInputMetadata/nil (0.01s)
    --- PASS: TestContainerExecPersistsInputMetadata/supplied (0.01s)
=== RUN   TestExecNetModeDefault
=== PAUSE TestExecNetModeDefault
=== RUN   TestExecNetModeNone
=== PAUSE TestExecNetModeNone
=== RUN   TestExecNetModeHost
=== PAUSE TestExecNetModeHost
=== RUN   TestExecNetModeConflict
=== PAUSE TestExecNetModeConflict
=== RUN   TestContainerCanUseFromContentDigest
=== PAUSE TestContainerCanUseFromContentDigest
=== RUN   TestContainerFromSuccessfulFSConsumesFinalDelegations
=== PAUSE TestContainerFromSuccessfulFSConsumesFinalDelegations
=== RUN   TestContainerFromMetadataDoesNotPullImage
=== PAUSE TestContainerFromMetadataDoesNotPullImage
=== RUN   TestContainerFromDelegatesSnapshotParts
2026/09/16 09:28:43 INFO start lazy group evaluation field=Container.from group=metadata
2026/09/16 09:28:43 INFO start lazy group evaluation field=test.base group=metadata
2026/09/16 09:28:43 INFO end lazy group evaluation field=test.base group=metadata duration=4.25µs
2026/09/16 09:28:43 INFO end lazy group evaluation field=Container.from group=metadata duration=35.54µs
2026/09/16 09:28:43 INFO start lazy group evaluation field=Container.from group=execMeta
2026/09/16 09:28:43 INFO start lazy group evaluation field=test.base group=execMeta
2026/09/16 09:28:43 INFO end lazy group evaluation field=test.base group=execMeta duration=3.62µs
2026/09/16 09:28:43 INFO end lazy group evaluation field=Container.from group=execMeta duration=20.18µs
2026/09/16 09:28:43 INFO start lazy group evaluation field=Container.from group=mount:/parent-mount
2026/09/16 09:28:43 INFO start lazy group evaluation field=test.base group=mount:/parent-mount
2026/09/16 09:28:43 INFO end lazy group evaluation field=test.base group=mount:/parent-mount duration=4.86µs
2026/09/16 09:28:43 INFO end lazy group evaluation field=Container.from group=mount:/parent-mount duration=23.89µs
2026/09/16 09:28:43 INFO discarding dagql cache without persistence hasSQLDB=false hasPersistDB=false
--- PASS: TestContainerFromDelegatesSnapshotParts (0.00s)
=== RUN   TestSelectLatestContainerTag
=== PAUSE TestSelectLatestContainerTag
=== RUN   TestValidateContainerLatestTag
=== PAUSE TestValidateContainerLatestTag
=== RUN   TestSelectContainerTagWithVersionQuery
=== PAUSE TestSelectContainerTagWithVersionQuery
=== RUN   TestValidateContainerTagWithVersionQuery
=== PAUSE TestValidateContainerTagWithVersionQuery
=== RUN   TestContainerFinalDelegationSweepDoesNotStartParentWork
=== PAUSE TestContainerFinalDelegationSweepDoesNotStartParentWork
=== RUN   TestContainerMetadataOnlyMountMutationParts
=== RUN   TestContainerMetadataOnlyMountMutationParts/mounted_cache
=== PAUSE TestContainerMetadataOnlyMountMutationParts/mounted_cache
=== RUN   TestContainerMetadataOnlyMountMutationParts/mounted_temp
=== PAUSE TestContainerMetadataOnlyMountMutationParts/mounted_temp
=== RUN   TestContainerMetadataOnlyMountMutationParts/mounted_volume
=== PAUSE TestContainerMetadataOnlyMountMutationParts/mounted_volume
=== RUN   TestContainerMetadataOnlyMountMutationParts/mounted_secret
=== PAUSE TestContainerMetadataOnlyMountMutationParts/mounted_secret
=== RUN   TestContainerMetadataOnlyMountMutationParts/mounted_cache_shadows_snapshot_mount
=== PAUSE TestContainerMetadataOnlyMountMutationParts/mounted_cache_shadows_snapshot_mount
=== RUN   TestContainerMetadataOnlyMountMutationParts/without_mount
=== PAUSE TestContainerMetadataOnlyMountMutationParts/without_mount
=== RUN   TestContainerMetadataOnlyMountMutationParts/with_unix_socket
=== PAUSE TestContainerMetadataOnlyMountMutationParts/with_unix_socket
=== RUN   TestContainerMetadataOnlyMountMutationParts/without_unix_socket
=== PAUSE TestContainerMetadataOnlyMountMutationParts/without_unix_socket
=== CONT  TestContainerMetadataOnlyMountMutationParts/mounted_cache
=== CONT  TestContainerMetadataOnlyMountMutationParts/mounted_cache_shadows_snapshot_mount
=== CONT  TestContainerMetadataOnlyMountMutationParts/with_unix_socket
=== CONT  TestContainerMetadataOnlyMountMutationParts/mounted_volume
=== CONT  TestContainerMetadataOnlyMountMutationParts/mounted_temp
2026/09/16 09:28:43 INFO start lazy group evaluation field=Container.withMountedTemp group=metadata
2026/09/16 09:28:43 INFO start lazy group evaluation field=Container.withMountedCache group=metadata
2026/09/16 09:28:43 INFO start lazy group evaluation field=test.base group=metadata
2026/09/16 09:28:43 INFO end lazy group evaluation field=test.base group=metadata duration=7.66µs
2026/09/16 09:28:43 INFO start lazy group evaluation field=test.base group=metadata
2026/09/16 09:28:43 INFO end lazy group evaluation field=test.base group=metadata duration=5.58µs
2026/09/16 09:28:43 INFO end lazy group evaluation field=Container.withMountedTemp group=metadata duration=48.61µs
2026/09/16 09:28:43 INFO end lazy group evaluation field=Container.withMountedCache group=metadata duration=29.94µs
2026/09/16 09:28:43 INFO discarding dagql cache without persistence hasSQLDB=false hasPersistDB=false
2026/09/16 09:28:43 INFO discarding dagql cache without persistence hasSQLDB=false hasPersistDB=false
=== CONT  TestContainerMetadataOnlyMountMutationParts/without_mount
=== CONT  TestContainerMetadataOnlyMountMutationParts/mounted_secret
2026/09/16 09:28:43 INFO start lazy group evaluation field=Container.withoutMount group=metadata
2026/09/16 09:28:43 INFO start lazy group evaluation field=test.base group=metadata
2026/09/16 09:28:43 INFO end lazy group evaluation field=test.base group=metadata duration=3.95µs
2026/09/16 09:28:43 INFO end lazy group evaluation field=Container.withoutMount group=metadata duration=20.88µs
2026/09/16 09:28:43 INFO start lazy group evaluation field=Container.withMountedSecret group=metadata
2026/09/16 09:28:43 INFO discarding dagql cache without persistence hasSQLDB=false hasPersistDB=false
=== CONT  TestContainerMetadataOnlyMountMutationParts/without_unix_socket
2026/09/16 09:28:43 INFO start lazy group evaluation field=test.base group=metadata
2026/09/16 09:28:43 INFO end lazy group evaluation field=test.base group=metadata duration=5.47µs
2026/09/16 09:28:43 INFO end lazy group evaluation field=Container.withMountedSecret group=metadata duration=22.47µs
2026/09/16 09:28:43 INFO discarding dagql cache without persistence hasSQLDB=false hasPersistDB=false
2026/09/16 09:28:43 INFO start lazy group evaluation field=Container.withoutUnixSocket group=metadata
2026/09/16 09:28:43 INFO start lazy group evaluation field=test.base group=metadata
2026/09/16 09:28:43 INFO end lazy group evaluation field=test.base group=metadata duration=3.84µs
2026/09/16 09:28:43 INFO end lazy group evaluation field=Container.withoutUnixSocket group=metadata duration=30.68µs
2026/09/16 09:28:43 INFO discarding dagql cache without persistence hasSQLDB=false hasPersistDB=false
2026/09/16 09:28:43 INFO start lazy group evaluation field=Container.withMountedCache group=metadata
2026/09/16 09:28:43 INFO start lazy group evaluation field=test.base group=metadata
2026/09/16 09:28:43 INFO end lazy group evaluation field=test.base group=metadata duration=8.43µs
2026/09/16 09:28:43 INFO end lazy group evaluation field=Container.withMountedCache group=metadata duration=96.44µs
2026/09/16 09:28:43 INFO start lazy group evaluation field=Container.withUnixSocket group=metadata
2026/09/16 09:28:43 INFO start lazy group evaluation field=test.base group=metadata
2026/09/16 09:28:43 INFO end lazy group evaluation field=test.base group=metadata duration=3.81µs
2026/09/16 09:28:43 INFO start lazy group evaluation field=Container.withMountedVolume group=metadata
2026/09/16 09:28:43 INFO end lazy group evaluation field=Container.withUnixSocket group=metadata duration=21.95µs
2026/09/16 09:28:43 INFO discarding dagql cache without persistence hasSQLDB=false hasPersistDB=false
2026/09/16 09:28:43 INFO start lazy group evaluation field=test.base group=metadata
2026/09/16 09:28:43 INFO end lazy group evaluation field=test.base group=metadata duration=21.74µs
2026/09/16 09:28:43 INFO end lazy group evaluation field=Container.withMountedVolume group=metadata duration=290.66µs
2026/09/16 09:28:43 INFO discarding dagql cache without persistence hasSQLDB=false hasPersistDB=false
2026/09/16 09:28:43 INFO start lazy group evaluation field=Container.withMountedCache group=execMeta
2026/09/16 09:28:43 INFO start lazy group evaluation field=test.base group=execMeta
2026/09/16 09:28:43 INFO end lazy group evaluation field=test.base group=execMeta duration=16.89µs
2026/09/16 09:28:43 INFO end lazy group evaluation field=Container.withMountedCache group=execMeta duration=95.74µs
2026/09/16 09:28:43 INFO start lazy group evaluation field=Container.withMountedCache group=fs
2026/09/16 09:28:43 INFO start lazy group evaluation field=test.base group=fs
2026/09/16 09:28:43 INFO end lazy group evaluation field=test.base group=fs duration=6.83µs
2026/09/16 09:28:43 INFO end lazy group evaluation field=Container.withMountedCache group=fs duration=27.8µs
2026/09/16 09:28:43 INFO discarding dagql cache without persistence hasSQLDB=false hasPersistDB=false
--- PASS: TestContainerMetadataOnlyMountMutationParts (0.00s)
    --- PASS: TestContainerMetadataOnlyMountMutationParts/mounted_cache (0.00s)
    --- PASS: TestContainerMetadataOnlyMountMutationParts/mounted_temp (0.00s)
    --- PASS: TestContainerMetadataOnlyMountMutationParts/without_mount (0.00s)
    --- PASS: TestContainerMetadataOnlyMountMutationParts/mounted_secret (0.00s)
    --- PASS: TestContainerMetadataOnlyMountMutationParts/without_unix_socket (0.00s)
    --- PASS: TestContainerMetadataOnlyMountMutationParts/with_unix_socket (0.00s)
    --- PASS: TestContainerMetadataOnlyMountMutationParts/mounted_volume (0.00s)
    --- PASS: TestContainerMetadataOnlyMountMutationParts/mounted_cache_shadows_snapshot_mount (0.00s)
=== RUN   TestContainerMetadataMountNamedOwnerReadsParentRootFS
=== RUN   TestContainerMetadataMountNamedOwnerReadsParentRootFS/mounted_secret
=== PAUSE TestContainerMetadataMountNamedOwnerReadsParentRootFS/mounted_secret
=== RUN   TestContainerMetadataMountNamedOwnerReadsParentRootFS/unix_socket
=== PAUSE TestContainerMetadataMountNamedOwnerReadsParentRootFS/unix_socket
=== CONT  TestContainerMetadataMountNamedOwnerReadsParentRootFS/mounted_secret
2026/09/16 09:28:43 INFO start lazy group evaluation field=Container.withMountedSecret group=metadata
2026/09/16 09:28:43 INFO start lazy group evaluation field=test.base group=metadata
2026/09/16 09:28:43 INFO end lazy group evaluation field=test.base group=metadata duration=6.85µs
2026/09/16 09:28:43 INFO end lazy group evaluation field=Container.withMountedSecret group=metadata duration=39.8µs err="open /etc/passwd: failed to get server: current query: no query in context"
2026/09/16 09:28:43 INFO discarding dagql cache without persistence hasSQLDB=false hasPersistDB=false
=== CONT  TestContainerMetadataMountNamedOwnerReadsParentRootFS/unix_socket
2026/09/16 09:28:43 INFO start lazy group evaluation field=Container.withUnixSocket group=metadata
2026/09/16 09:28:43 INFO start lazy group evaluation field=test.base group=metadata
2026/09/16 09:28:43 INFO end lazy group evaluation field=test.base group=metadata duration=5.86µs
2026/09/16 09:28:43 INFO end lazy group evaluation field=Container.withUnixSocket group=metadata duration=33.09µs err="open /etc/passwd: failed to get server: current query: no query in context"
2026/09/16 09:28:43 INFO discarding dagql cache without persistence hasSQLDB=false hasPersistDB=false
--- PASS: TestContainerMetadataMountNamedOwnerReadsParentRootFS (0.00s)
    --- PASS: TestContainerMetadataMountNamedOwnerReadsParentRootFS/mounted_secret (0.00s)
    --- PASS: TestContainerMetadataMountNamedOwnerReadsParentRootFS/unix_socket (0.00s)
=== RUN   TestContainerMountedSourceWriterParts
=== RUN   TestContainerMountedSourceWriterParts/directory
=== PAUSE TestContainerMountedSourceWriterParts/directory
=== RUN   TestContainerMountedSourceWriterParts/file
=== PAUSE TestContainerMountedSourceWriterParts/file
=== RUN   TestContainerMountedSourceWriterParts/dockerfile_compatible_directory
=== PAUSE TestContainerMountedSourceWriterParts/dockerfile_compatible_directory
=== CONT  TestContainerMountedSourceWriterParts/directory
2026/09/16 09:28:43 INFO start lazy group evaluation field=Container.withMountedDirectory group=metadata
2026/09/16 09:28:43 INFO start lazy group evaluation field=test.base group=metadata
2026/09/16 09:28:43 INFO end lazy group evaluation field=test.base group=metadata duration=9.67µs
=== CONT  TestContainerMountedSourceWriterParts/dockerfile_compatible_directory
2026/09/16 09:28:43 INFO end lazy group evaluation field=Container.withMountedDirectory group=metadata duration=85.26µs
=== CONT  TestContainerMountedSourceWriterParts/file
2026/09/16 09:28:43 INFO start lazy group evaluation field=Container.withMountedDirectory group=write
2026/09/16 09:28:43 INFO start lazy group evaluation field=Container.withMountedPathDockerfileCompat group=metadata
2026/09/16 09:28:43 INFO start lazy evaluation field=test.directorySource
2026/09/16 09:28:43 INFO end lazy evaluation field=test.directorySource duration=38.11µs
2026/09/16 09:28:43 INFO end lazy group evaluation field=Container.withMountedDirectory group=write duration=106.94µs
2026/09/16 09:28:43 INFO start lazy group evaluation field=Container.withMountedDirectory group=mount:/existing
2026/09/16 09:28:43 INFO start lazy group evaluation field=test.base group=mount:/existing
2026/09/16 09:28:43 INFO end lazy group evaluation field=test.base group=mount:/existing duration=15.05µs
2026/09/16 09:28:43 INFO end lazy group evaluation field=Container.withMountedDirectory group=mount:/existing duration=52.22µs
2026/09/16 09:28:43 INFO start lazy group evaluation field=test.base group=metadata
2026/09/16 09:28:43 INFO end lazy group evaluation field=test.base group=metadata duration=149.21µs
2026/09/16 09:28:43 INFO end lazy group evaluation field=Container.withMountedPathDockerfileCompat group=metadata duration=199.68µs
2026/09/16 09:28:43 INFO start lazy group evaluation field=Container.withMountedDirectory group=fs
2026/09/16 09:28:43 INFO start lazy group evaluation field=test.base group=fs
2026/09/16 09:28:43 INFO end lazy group evaluation field=test.base group=fs duration=4.87µs
2026/09/16 09:28:43 INFO end lazy group evaluation field=Container.withMountedDirectory group=fs duration=26.97µs
2026/09/16 09:28:43 INFO start lazy group evaluation field=Container.withMountedPathDockerfileCompat group=write
2026/09/16 09:28:43 INFO start lazy evaluation field=test.directorySource
2026/09/16 09:28:43 INFO end lazy evaluation field=test.directorySource duration=8.2µs
2026/09/16 09:28:43 INFO end lazy group evaluation field=Container.withMountedPathDockerfileCompat group=write duration=43.11µs
2026/09/16 09:28:43 INFO start lazy group evaluation field=Container.withMountedPathDockerfileCompat group=mount:/existing
2026/09/16 09:28:43 INFO start lazy group evaluation field=Container.withMountedDirectory group=execMeta
2026/09/16 09:28:43 INFO start lazy group evaluation field=Container.withMountedFile group=metadata
2026/09/16 09:28:43 INFO start lazy group evaluation field=test.base group=mount:/existing
2026/09/16 09:28:43 INFO end lazy group evaluation field=test.base group=mount:/existing duration=16.09µs
2026/09/16 09:28:43 INFO start lazy group evaluation field=test.base group=execMeta
2026/09/16 09:28:43 INFO end lazy group evaluation field=test.base group=execMeta duration=11.91µs
2026/09/16 09:28:43 INFO start lazy group evaluation field=test.base group=metadata
2026/09/16 09:28:43 INFO end lazy group evaluation field=Container.withMountedPathDockerfileCompat group=mount:/existing duration=54.84µs
2026/09/16 09:28:43 INFO end lazy group evaluation field=test.base group=metadata duration=12.33µs
2026/09/16 09:28:43 INFO end lazy group evaluation field=Container.withMountedDirectory group=execMeta duration=71.84µs
2026/09/16 09:28:43 INFO end lazy group evaluation field=Container.withMountedFile group=metadata duration=60.87µs
2026/09/16 09:28:43 INFO start lazy group evaluation field=Container.withMountedPathDockerfileCompat group=execMeta
2026/09/16 09:28:43 INFO start lazy group evaluation field=Container.withMountedFile group=write
2026/09/16 09:28:43 INFO start lazy group evaluation field=test.base group=execMeta
2026/09/16 09:28:43 INFO end lazy group evaluation field=test.base group=execMeta duration=4.87µs
2026/09/16 09:28:43 INFO end lazy group evaluation field=Container.withMountedPathDockerfileCompat group=execMeta duration=25.93µs
2026/09/16 09:28:43 INFO discarding dagql cache without persistence hasSQLDB=false hasPersistDB=false
2026/09/16 09:28:43 INFO start lazy evaluation field=test.fileSource
2026/09/16 09:28:43 INFO end lazy evaluation field=test.fileSource duration=17.93µs
2026/09/16 09:28:43 INFO end lazy group evaluation field=Container.withMountedFile group=write duration=56.2µs
2026/09/16 09:28:43 INFO start lazy group evaluation field=Container.withMountedPathDockerfileCompat group=fs
2026/09/16 09:28:43 INFO start lazy group evaluation field=test.base group=fs
2026/09/16 09:28:43 INFO end lazy group evaluation field=test.base group=fs duration=21.52µs
2026/09/16 09:28:43 INFO start lazy group evaluation field=Container.withMountedFile group=mount:/existing
2026/09/16 09:28:43 INFO start lazy group evaluation field=test.base group=mount:/existing
2026/09/16 09:28:43 INFO end lazy group evaluation field=test.base group=mount:/existing duration=15.13µs
2026/09/16 09:28:43 INFO end lazy group evaluation field=Container.withMountedPathDockerfileCompat group=fs duration=87.94µs
2026/09/16 09:28:43 INFO discarding dagql cache without persistence hasSQLDB=false hasPersistDB=false
2026/09/16 09:28:43 INFO end lazy group evaluation field=Container.withMountedFile group=mount:/existing duration=135.54µs
2026/09/16 09:28:43 INFO start lazy group evaluation field=Container.withMountedFile group=fs
2026/09/16 09:28:43 INFO start lazy group evaluation field=test.base group=fs
2026/09/16 09:28:43 INFO end lazy group evaluation field=test.base group=fs duration=10.6µs
2026/09/16 09:28:43 INFO end lazy group evaluation field=Container.withMountedFile group=fs duration=52.76µs
2026/09/16 09:28:43 INFO start lazy group evaluation field=Container.withMountedFile group=execMeta
2026/09/16 09:28:43 INFO start lazy group evaluation field=test.base group=execMeta
2026/09/16 09:28:43 INFO end lazy group evaluation field=test.base group=execMeta duration=14.53µs
2026/09/16 09:28:43 INFO end lazy group evaluation field=Container.withMountedFile group=execMeta duration=109.97µs
2026/09/16 09:28:43 INFO discarding dagql cache without persistence hasSQLDB=false hasPersistDB=false
--- PASS: TestContainerMountedSourceWriterParts (0.00s)
    --- PASS: TestContainerMountedSourceWriterParts/directory (0.00s)
    --- PASS: TestContainerMountedSourceWriterParts/dockerfile_compatible_directory (0.00s)
    --- PASS: TestContainerMountedSourceWriterParts/file (0.00s)
=== RUN   TestContainerMountedSourceWriterNamedOwner
=== RUN   TestContainerMountedSourceWriterNamedOwner/directory
=== PAUSE TestContainerMountedSourceWriterNamedOwner/directory
=== RUN   TestContainerMountedSourceWriterNamedOwner/file
=== PAUSE TestContainerMountedSourceWriterNamedOwner/file
=== CONT  TestContainerMountedSourceWriterNamedOwner/directory
=== CONT  TestContainerMountedSourceWriterNamedOwner/file
2026/09/16 09:28:43 INFO start lazy group evaluation field=Container.withMountedDirectory group=metadata
2026/09/16 09:28:43 INFO start lazy group evaluation field=test.base group=metadata
2026/09/16 09:28:43 INFO end lazy group evaluation field=test.base group=metadata duration=9.43µs
2026/09/16 09:28:43 INFO end lazy group evaluation field=Container.withMountedDirectory group=metadata duration=67.57µs
2026/09/16 09:28:43 INFO start lazy group evaluation field=Container.withMountedDirectory group=write
2026/09/16 09:28:43 INFO end lazy group evaluation field=Container.withMountedDirectory group=write duration=23.61µs err="open /etc/passwd: failed to get server: current query: no query in context"
2026/09/16 09:28:43 INFO discarding dagql cache without persistence hasSQLDB=false hasPersistDB=false
2026/09/16 09:28:43 INFO start lazy group evaluation field=Container.withMountedFile group=metadata
2026/09/16 09:28:43 INFO start lazy group evaluation field=test.base group=metadata
2026/09/16 09:28:43 INFO end lazy group evaluation field=test.base group=metadata duration=11.74µs
2026/09/16 09:28:43 INFO end lazy group evaluation field=Container.withMountedFile group=metadata duration=120.66µs
2026/09/16 09:28:43 INFO start lazy group evaluation field=Container.withMountedFile group=write
2026/09/16 09:28:43 INFO end lazy group evaluation field=Container.withMountedFile group=write duration=27.08µs err="open /etc/passwd: failed to get server: current query: no query in context"
2026/09/16 09:28:43 INFO discarding dagql cache without persistence hasSQLDB=false hasPersistDB=false
--- PASS: TestContainerMountedSourceWriterNamedOwner (0.00s)
    --- PASS: TestContainerMountedSourceWriterNamedOwner/directory (0.00s)
    --- PASS: TestContainerMountedSourceWriterNamedOwner/file (0.00s)
=== RUN   TestContainerMountedSourceWriterShadowsNestedMount
2026/09/16 09:28:43 INFO start lazy group evaluation field=Container.withMountedDirectory group=metadata
2026/09/16 09:28:43 INFO start lazy group evaluation field=test.base group=metadata
2026/09/16 09:28:43 INFO end lazy group evaluation field=test.base group=metadata duration=14.44µs
2026/09/16 09:28:43 INFO end lazy group evaluation field=Container.withMountedDirectory group=metadata duration=70.65µs
2026/09/16 09:28:43 INFO start lazy group evaluation field=Container.withMountedDirectory group=execMeta
2026/09/16 09:28:43 INFO start lazy group evaluation field=test.base group=execMeta
2026/09/16 09:28:43 INFO end lazy group evaluation field=test.base group=execMeta duration=9.91µs
2026/09/16 09:28:43 INFO start lazy group evaluation field=Container.withMountedDirectory group=write
2026/09/16 09:28:43 INFO end lazy group evaluation field=Container.withMountedDirectory group=execMeta duration=48.86µs
2026/09/16 09:28:43 INFO start lazy evaluation field=test.directorySource
2026/09/16 09:28:43 INFO end lazy evaluation field=test.directorySource duration=16.34µs
2026/09/16 09:28:43 INFO end lazy group evaluation field=Container.withMountedDirectory group=write duration=54.74µs
2026/09/16 09:28:43 INFO start lazy group evaluation field=Container.withMountedDirectory group=fs
2026/09/16 09:28:43 INFO start lazy group evaluation field=test.base group=fs
2026/09/16 09:28:43 INFO end lazy group evaluation field=test.base group=fs duration=17.11µs
2026/09/16 09:28:43 INFO end lazy group evaluation field=Container.withMountedDirectory group=fs duration=89.79µs
2026/09/16 09:28:43 INFO discarding dagql cache without persistence hasSQLDB=false hasPersistDB=false
--- PASS: TestContainerMountedSourceWriterShadowsNestedMount (0.00s)
=== RUN   TestDockerfileCompatMountSourceIsFile
=== RUN   TestDockerfileCompatMountSourceIsFile/empty_root
=== RUN   TestDockerfileCompatMountSourceIsFile/absolute_dot_root
=== RUN   TestDockerfileCompatMountSourceIsFile/relative_dot_root
=== RUN   TestDockerfileCompatMountSourceIsFile/relative_directory
=== RUN   TestDockerfileCompatMountSourceIsFile/directory_with_trailing_slash
=== RUN   TestDockerfileCompatMountSourceIsFile/file_with_trailing_slash
--- PASS: TestDockerfileCompatMountSourceIsFile (0.00s)
    --- PASS: TestDockerfileCompatMountSourceIsFile/empty_root (0.00s)
    --- PASS: TestDockerfileCompatMountSourceIsFile/absolute_dot_root (0.00s)
    --- PASS: TestDockerfileCompatMountSourceIsFile/relative_dot_root (0.00s)
    --- PASS: TestDockerfileCompatMountSourceIsFile/relative_directory (0.00s)
    --- PASS: TestDockerfileCompatMountSourceIsFile/directory_with_trailing_slash (0.00s)
    --- PASS: TestDockerfileCompatMountSourceIsFile/file_with_trailing_slash (0.00s)
=== RUN   TestContainerPathWriterRouting
=== RUN   TestContainerPathWriterRouting/rootfs
=== PAUSE TestContainerPathWriterRouting/rootfs
=== RUN   TestContainerPathWriterRouting/mount
=== PAUSE TestContainerPathWriterRouting/mount
=== CONT  TestContainerPathWriterRouting/rootfs
=== CONT  TestContainerPathWriterRouting/mount
2026/09/16 09:28:43 INFO start lazy group evaluation field=Container.withDirectory group=metadata
2026/09/16 09:28:43 INFO start lazy group evaluation field=Container.withDirectory group=metadata
2026/09/16 09:28:43 INFO start lazy group evaluation field=test.base group=metadata
2026/09/16 09:28:43 INFO end lazy group evaluation field=test.base group=metadata duration=10.05µs
2026/09/16 09:28:43 INFO end lazy group evaluation field=Container.withDirectory group=metadata duration=79.92µs
2026/09/16 09:28:43 INFO start lazy group evaluation field=Container.withDirectory group=write
2026/09/16 09:28:43 INFO start lazy evaluation field=test.directorySource
2026/09/16 09:28:43 INFO end lazy evaluation field=test.directorySource duration=13.1µs
2026/09/16 09:28:43 INFO start lazy group evaluation field=test.base group=fs
2026/09/16 09:28:43 INFO end lazy group evaluation field=test.base group=fs duration=11.22µs
2026/09/16 09:28:43 INFO end lazy group evaluation field=Container.withDirectory group=write duration=100.31µs err="failed to get dagql server: current query: no query in context"
2026/09/16 09:28:43 INFO discarding dagql cache without persistence hasSQLDB=false hasPersistDB=false
2026/09/16 09:28:43 INFO start lazy group evaluation field=test.base group=metadata
2026/09/16 09:28:43 INFO end lazy group evaluation field=test.base group=metadata duration=416.43µs
2026/09/16 09:28:43 INFO end lazy group evaluation field=Container.withDirectory group=metadata duration=2.516598ms
2026/09/16 09:28:43 INFO start lazy group evaluation field=Container.withDirectory group=write
2026/09/16 09:28:43 INFO start lazy evaluation field=test.directorySource
2026/09/16 09:28:43 INFO end lazy evaluation field=test.directorySource duration=14.75µs
2026/09/16 09:28:43 INFO start lazy group evaluation field=test.base group=mount:/m
2026/09/16 09:28:43 INFO end lazy group evaluation field=test.base group=mount:/m duration=20.97µs
2026/09/16 09:28:43 INFO end lazy group evaluation field=Container.withDirectory group=write duration=104.849µs err="failed to get dagql server: current query: no query in context"
2026/09/16 09:28:43 INFO discarding dagql cache without persistence hasSQLDB=false hasPersistDB=false
--- PASS: TestContainerPathWriterRouting (0.00s)
    --- PASS: TestContainerPathWriterRouting/rootfs (0.00s)
    --- PASS: TestContainerPathWriterRouting/mount (0.00s)
=== RUN   TestContainerPathWriterExactMountRemoval
=== RUN   TestContainerPathWriterExactMountRemoval/with_directory_removes_file_mount
2026/09/16 09:28:43 INFO start lazy group evaluation field=Container.withDirectory group=metadata
2026/09/16 09:28:43 INFO start lazy group evaluation field=test.base group=metadata
2026/09/16 09:28:43 INFO end lazy group evaluation field=test.base group=metadata duration=4.86µs
2026/09/16 09:28:43 INFO end lazy group evaluation field=Container.withDirectory group=metadata duration=26.56µs
2026/09/16 09:28:43 INFO discarding dagql cache without persistence hasSQLDB=false hasPersistDB=false
=== RUN   TestContainerPathWriterExactMountRemoval/with_file_removes_directory_mount
2026/09/16 09:28:43 INFO start lazy group evaluation field=Container.withFile group=metadata
2026/09/16 09:28:43 INFO start lazy group evaluation field=test.base group=metadata
2026/09/16 09:28:43 INFO end lazy group evaluation field=test.base group=metadata duration=4µs
2026/09/16 09:28:43 INFO end lazy group evaluation field=Container.withFile group=metadata duration=23.53µs
2026/09/16 09:28:43 INFO discarding dagql cache without persistence hasSQLDB=false hasPersistDB=false
--- PASS: TestContainerPathWriterExactMountRemoval (0.00s)
    --- PASS: TestContainerPathWriterExactMountRemoval/with_directory_removes_file_mount (0.00s)
    --- PASS: TestContainerPathWriterExactMountRemoval/with_file_removes_directory_mount (0.00s)
=== RUN   TestContainerWithoutPathFullEvaluationWithEmptyRootFS
2026/09/16 09:28:43 INFO start lazy group evaluation field=Container.withoutPath group=metadata
2026/09/16 09:28:43 INFO end lazy group evaluation field=Container.withoutPath group=metadata duration=24.99µs
2026/09/16 09:28:43 INFO start lazy group evaluation field=Container.withoutPath group=execMeta
2026/09/16 09:28:43 INFO end lazy group evaluation field=Container.withoutPath group=execMeta duration=2.17µs
2026/09/16 09:28:43 INFO start lazy group evaluation field=Container.withoutPath group=write
2026/09/16 09:28:43 INFO end lazy group evaluation field=Container.withoutPath group=write duration=9.16µs
2026/09/16 09:28:43 INFO discarding dagql cache without persistence hasSQLDB=false hasPersistDB=false
--- PASS: TestContainerWithoutPathFullEvaluationWithEmptyRootFS (0.00s)
=== RUN   TestContainerWithoutPathsJointWriteGroup
--- PASS: TestContainerWithoutPathsJointWriteGroup (0.00s)
=== RUN   TestContainerGetVariantRefsEvaluatesImageParts
2026/09/16 09:28:43 INFO start lazy group evaluation field=test.base group=metadata
2026/09/16 09:28:43 INFO end lazy group evaluation field=test.base group=metadata duration=5.93µs
2026/09/16 09:28:43 INFO start lazy group evaluation field=test.base group=fs
2026/09/16 09:28:43 INFO end lazy group evaluation field=test.base group=fs duration=8.82µs
2026/09/16 09:28:43 INFO discarding dagql cache without persistence hasSQLDB=false hasPersistDB=false
--- PASS: TestContainerGetVariantRefsEvaluatesImageParts (0.00s)
=== RUN   TestContainerMetadataChainLeavesSnapshotGroupsPending
=== PAUSE TestContainerMetadataChainLeavesSnapshotGroupsPending
=== RUN   TestContainerDirectEvaluateRunsRefinedGroups
=== PAUSE TestContainerDirectEvaluateRunsRefinedGroups
=== RUN   TestContainerDelegationOverwritesStalePreCopiedAccessor
=== PAUSE TestContainerDelegationOverwritesStalePreCopiedAccessor
=== RUN   TestContainerConcurrentGroupCompletionClearsLazyOnce
=== PAUSE TestContainerConcurrentGroupCompletionClearsLazyOnce
=== RUN   TestContainerRoutingReadsRaceRefinedClear
=== PAUSE TestContainerRoutingReadsRaceRefinedClear
=== RUN   TestContainerRoutingReadsRaceUnrefinedClear
=== PAUSE TestContainerRoutingReadsRaceUnrefinedClear
=== RUN   TestContainerHasPendingFallbackRacesDirectClear
=== PAUSE TestContainerHasPendingFallbackRacesDirectClear
=== RUN   TestContainerPersistedUnsupportedTargetPreservesConsumedExecMeta
=== RUN   TestContainerPersistedUnsupportedTargetPreservesConsumedExecMeta/tmpfs
2026/09/16 09:28:43 INFO start lazy group evaluation field=Container.withDirectory group=metadata
2026/09/16 09:28:43 INFO end lazy group evaluation field=Container.withDirectory group=metadata duration=36.72µs
2026/09/16 09:28:43 INFO start lazy group evaluation field=Container.withDirectory group=execMeta
2026/09/16 09:28:43 INFO end lazy group evaluation field=Container.withDirectory group=execMeta duration=13.94µs
2026/09/16 09:28:43 INFO starting dagql cache close hasSQLDB=true hasPersistDB=true
2026/09/16 09:28:43 INFO marking dagql cache clean shutdown
2026/09/16 09:28:43 WARN successfully marked clean shutdown in persistence metadata
2026/09/16 09:28:43 INFO completed dagql cache close successfully
2026/09/16 09:28:43 INFO start lazy group evaluation field="Container stored part" group=open:execMeta
2026/09/16 09:28:43 INFO end lazy group evaluation field="Container stored part" group=open:execMeta duration=32.65µs
2026/09/16 09:28:43 INFO starting dagql cache close hasSQLDB=true hasPersistDB=true
2026/09/16 09:28:43 INFO marking dagql cache clean shutdown
2026/09/16 09:28:43 WARN successfully marked clean shutdown in persistence metadata
2026/09/16 09:28:43 INFO completed dagql cache close successfully
=== RUN   TestContainerPersistedUnsupportedTargetPreservesConsumedExecMeta/cache
2026/09/16 09:28:43 INFO start lazy group evaluation field=Container.withDirectory group=metadata
2026/09/16 09:28:43 INFO end lazy group evaluation field=Container.withDirectory group=metadata duration=27.07µs
2026/09/16 09:28:43 INFO start lazy group evaluation field=Container.withDirectory group=execMeta
2026/09/16 09:28:43 INFO end lazy group evaluation field=Container.withDirectory group=execMeta duration=13.12µs
2026/09/16 09:28:43 INFO starting dagql cache close hasSQLDB=true hasPersistDB=true
2026/09/16 09:28:43 INFO marking dagql cache clean shutdown
2026/09/16 09:28:43 WARN successfully marked clean shutdown in persistence metadata
2026/09/16 09:28:43 INFO completed dagql cache close successfully
2026/09/16 09:28:43 WARN dagql persistence import failed; wiping and cold-starting err="result 4: visit persisted core.Container payload at \"\": reference objectJSON.metadata.value.mounts[0].cacheSourceResultID to 1 is not a direct dependency"
2026/09/16 09:28:43 INFO start lazy group evaluation field="Container stored part" group=open:execMeta
2026/09/16 09:28:43 INFO end lazy group evaluation field="Container stored part" group=open:execMeta duration=30.53µs
2026/09/16 09:28:43 INFO starting dagql cache close hasSQLDB=true hasPersistDB=true
2026/09/16 09:28:43 INFO marking dagql cache clean shutdown
2026/09/16 09:28:43 WARN successfully marked clean shutdown in persistence metadata
2026/09/16 09:28:43 INFO completed dagql cache close successfully
--- PASS: TestContainerPersistedUnsupportedTargetPreservesConsumedExecMeta (0.03s)
    --- PASS: TestContainerPersistedUnsupportedTargetPreservesConsumedExecMeta/tmpfs (0.01s)
    --- PASS: TestContainerPersistedUnsupportedTargetPreservesConsumedExecMeta/cache (0.02s)
=== RUN   TestContainerRestoreIndependentParts
2026/09/16 09:28:43 INFO start lazy group evaluation field="Container stored part" group=open:fs
2026/09/16 09:28:43 INFO end lazy group evaluation field="Container stored part" group=open:fs duration=48.95µs
2026/09/16 09:28:43 INFO start lazy group evaluation field="Container stored part" group=open:execMeta
2026/09/16 09:28:43 INFO end lazy group evaluation field="Container stored part" group=open:execMeta duration=16.79µs
2026/09/16 09:28:43 INFO discarding dagql cache without persistence hasSQLDB=false hasPersistDB=false
--- PASS: TestContainerRestoreIndependentParts (0.00s)
=== RUN   TestContainerRestoreDirectMetadataSweep
2026/09/16 09:28:43 INFO start lazy group evaluation field=Container.withLabel group=execMeta
2026/09/16 09:28:43 INFO end lazy group evaluation field=Container.withLabel group=execMeta duration=15.5µs
2026/09/16 09:28:43 INFO start lazy group evaluation field="Container stored part" group=open:fs
2026/09/16 09:28:43 INFO end lazy group evaluation field="Container stored part" group=open:fs duration=17.24µs
2026/09/16 09:28:43 INFO start lazy group evaluation field=Container.withLabel group=fs
2026/09/16 09:28:43 INFO end lazy group evaluation field=Container.withLabel group=fs duration=11.76µs
2026/09/16 09:28:43 INFO discarding dagql cache without persistence hasSQLDB=false hasPersistDB=false
--- PASS: TestContainerRestoreDirectMetadataSweep (0.00s)
=== RUN   TestContainerRestoreConcurrentParts
2026/09/16 09:28:43 INFO start lazy group evaluation field="Container stored part" group=open:fs
2026/09/16 09:28:43 INFO start lazy group evaluation field="Container stored part" group=open:execMeta
2026/09/16 09:28:43 INFO end lazy group evaluation field="Container stored part" group=open:execMeta duration=8.19µs
2026/09/16 09:28:43 INFO end lazy group evaluation field="Container stored part" group=open:fs duration=63.16µs
2026/09/16 09:28:43 INFO discarding dagql cache without persistence hasSQLDB=false hasPersistDB=false
--- PASS: TestContainerRestoreConcurrentParts (0.00s)
=== RUN   TestContainerRestoreOpenFailureKeepsRecipeConsumed
2026/09/16 09:28:43 INFO start lazy group evaluation field="Container stored part" group=open:fs
2026/09/16 09:28:43 INFO end lazy group evaluation field="Container stored part" group=open:fs duration=77.45µs err="open stored container part \"fs\": stored snapshot temporarily unavailable"
2026/09/16 09:28:43 INFO start lazy group evaluation field="Container stored part" group=open:fs
2026/09/16 09:28:43 INFO end lazy group evaluation field="Container stored part" group=open:fs duration=36.64µs
2026/09/16 09:28:43 INFO start lazy group evaluation field=test.base group=execMeta
2026/09/16 09:28:43 INFO end lazy group evaluation field=test.base group=execMeta duration=21.62µs
2026/09/16 09:28:43 INFO discarding dagql cache without persistence hasSQLDB=false hasPersistDB=false
--- PASS: TestContainerRestoreOpenFailureKeepsRecipeConsumed (0.00s)
=== RUN   TestContainerPersistedPartsIgnorePendingAccessorSeeds
2026/09/16 09:28:43 INFO start lazy group evaluation field=test.base group=metadata
2026/09/16 09:28:43 INFO end lazy group evaluation field=test.base group=metadata duration=19.68µs
--- PASS: TestContainerPersistedPartsIgnorePendingAccessorSeeds (0.00s)
=== RUN   TestContainerPersistedJointOutputsSeedOriginalAndOpenIndependently
2026/09/16 09:28:43 INFO start lazy group evaluation field="Container stored part" group=open:execMeta
2026/09/16 09:28:43 INFO end lazy group evaluation field="Container stored part" group=open:execMeta duration=20.84µs
2026/09/16 09:28:43 INFO start lazy group evaluation field="Container stored part" group=open:fs
2026/09/16 09:28:43 INFO end lazy group evaluation field="Container stored part" group=open:fs duration=11.42µs
2026/09/16 09:28:43 INFO discarding dagql cache without persistence hasSQLDB=false hasPersistDB=false
--- PASS: TestContainerPersistedJointOutputsSeedOriginalAndOpenIndependently (0.00s)
=== RUN   TestContainerPersistedPartsRejectMissingCompletedValue
--- PASS: TestContainerPersistedPartsRejectMissingCompletedValue (0.00s)
=== RUN   TestContainerRestoreReportingAndBookkeepingRetry
=== RUN   TestContainerRestoreReportingAndBookkeepingRetry/stored_only
2026/09/16 09:28:43 INFO start lazy group evaluation field="Container stored part" group=open:fs
2026/09/16 09:28:43 INFO end lazy group evaluation field="Container stored part" group=open:fs duration=23.36µs
2026/09/16 09:28:43 INFO discarding dagql cache without persistence hasSQLDB=false hasPersistDB=false
=== RUN   TestContainerRestoreReportingAndBookkeepingRetry/pending_sibling
2026/09/16 09:28:43 INFO start lazy group evaluation field="Container stored part" group=open:fs
2026/09/16 09:28:43 INFO end lazy group evaluation field="Container stored part" group=open:fs duration=19.12µs
2026/09/16 09:28:43 INFO start lazy group evaluation field=test.base group=execMeta
2026/09/16 09:28:43 INFO end lazy group evaluation field=test.base group=execMeta duration=10.37µs
2026/09/16 09:28:43 INFO discarding dagql cache without persistence hasSQLDB=false hasPersistDB=false
--- PASS: TestContainerRestoreReportingAndBookkeepingRetry (0.00s)
    --- PASS: TestContainerRestoreReportingAndBookkeepingRetry/stored_only (0.00s)
    --- PASS: TestContainerRestoreReportingAndBookkeepingRetry/pending_sibling (0.00s)
=== RUN   TestContainerRestoreSnapshotOwnershipAndRelease
2000/01/01 00:00:00 INFO start lazy group evaluation field="Container stored part" group=open:fs
2000/01/01 00:00:00 INFO end lazy group evaluation field="Container stored part" group=open:fs duration=0s
2000/01/01 00:00:00 INFO start lazy group evaluation field="Container stored part" group=open:fs
2000/01/01 00:00:00 INFO end lazy group evaluation field="Container stored part" group=open:fs duration=0s
2000/01/01 00:00:00 INFO discarding dagql cache without persistence hasSQLDB=false hasPersistDB=false
--- PASS: TestContainerRestoreSnapshotOwnershipAndRelease (0.00s)
=== RUN   TestContainerPersistedDetachedFileAndDirectoryPaths
2026/09/16 09:28:43 INFO starting dagql cache close hasSQLDB=true hasPersistDB=true
2026/09/16 09:28:43 INFO marking dagql cache clean shutdown
2026/09/16 09:28:43 WARN successfully marked clean shutdown in persistence metadata
2026/09/16 09:28:43 INFO completed dagql cache close successfully
2026/09/16 09:28:43 INFO start lazy group evaluation field="Container stored part" group=open:mount:/file
2026/09/16 09:28:43 INFO end lazy group evaluation field="Container stored part" group=open:mount:/file duration=101.47µs
2026/09/16 09:28:43 INFO start lazy group evaluation field="Container stored part" group=open:mount:/dir
2026/09/16 09:28:43 INFO end lazy group evaluation field="Container stored part" group=open:mount:/dir duration=17.119µs
2026/09/16 09:28:43 INFO start lazy group evaluation field="Container stored part" group=open:fs
2026/09/16 09:28:43 INFO end lazy group evaluation field="Container stored part" group=open:fs duration=14.78µs
2026/09/16 09:28:43 INFO discarding dagql cache without persistence hasSQLDB=true hasPersistDB=true
--- PASS: TestContainerPersistedDetachedFileAndDirectoryPaths (0.02s)
=== RUN   TestContainerRestoreAttemptLifetime
=== RUN   TestContainerRestoreAttemptLifetime/cancel_leader_with_healthy_waiter
2000/01/01 00:00:00 INFO start lazy group evaluation field="Container stored part" group=open:fs
2000/01/01 00:00:00 INFO end lazy group evaluation field="Container stored part" group=open:fs duration=0s
2000/01/01 00:00:00 INFO discarding dagql cache without persistence hasSQLDB=false hasPersistDB=false
=== RUN   TestContainerRestoreAttemptLifetime/release_during_open
2000/01/01 00:00:00 INFO start lazy group evaluation field="Container stored part" group=open:fs
2000/01/01 00:00:00 INFO end lazy group evaluation field="Container stored part" group=open:fs duration=0s
2000/01/01 00:00:00 INFO discarding dagql cache without persistence hasSQLDB=false hasPersistDB=false
--- PASS: TestContainerRestoreAttemptLifetime (0.00s)
    --- PASS: TestContainerRestoreAttemptLifetime/cancel_leader_with_healthy_waiter (0.00s)
    --- PASS: TestContainerRestoreAttemptLifetime/release_during_open (0.00s)
=== RUN   TestContainerCompletedProducerAttachesParentAtPublication
2026/09/16 09:28:43 INFO start lazy group evaluation field=Container.withLabel group=metadata
2026/09/16 09:28:43 INFO end lazy group evaluation field=Container.withLabel group=metadata duration=19.96µs
2026/09/16 09:28:43 INFO start lazy group evaluation field=Container.withLabel group=fs
2026/09/16 09:28:43 INFO end lazy group evaluation field=Container.withLabel group=fs duration=2.17µs
2026/09/16 09:28:43 INFO start lazy group evaluation field=Container.withLabel group=execMeta
2026/09/16 09:28:43 INFO end lazy group evaluation field=Container.withLabel group=execMeta duration=1.82µs
2026/09/16 09:28:43 INFO discarding dagql cache without persistence hasSQLDB=true hasPersistDB=true
--- PASS: TestContainerCompletedProducerAttachesParentAtPublication (0.02s)
=== RUN   TestContainerCompletedProducerPersistsWithoutLoadingParents
2026/09/16 09:28:43 INFO start lazy group evaluation field=Container.withLabel group=metadata
2026/09/16 09:28:43 INFO end lazy group evaluation field=Container.withLabel group=metadata duration=40.46µs
2026/09/16 09:28:43 INFO start lazy group evaluation field=Container.withLabel group=fs
2026/09/16 09:28:43 INFO end lazy group evaluation field=Container.withLabel group=fs duration=10.35µs
2026/09/16 09:28:43 INFO start lazy group evaluation field=Container.withLabel group=execMeta
2026/09/16 09:28:43 INFO end lazy group evaluation field=Container.withLabel group=execMeta duration=6.14µs
2026/09/16 09:28:43 INFO starting dagql cache close hasSQLDB=true hasPersistDB=true
2026/09/16 09:28:43 INFO marking dagql cache clean shutdown
2026/09/16 09:28:43 WARN successfully marked clean shutdown in persistence metadata
2026/09/16 09:28:43 INFO completed dagql cache close successfully
2026/09/16 09:28:43 INFO start lazy group evaluation field="Container stored part" group=open:fs
2026/09/16 09:28:43 INFO end lazy group evaluation field="Container stored part" group=open:fs duration=37.31µs err="open stored container part \"fs\": local snapshot unavailable"
2026/09/16 09:28:43 INFO start lazy group evaluation field="Container stored part" group=open:execMeta
2026/09/16 09:28:43 INFO end lazy group evaluation field="Container stored part" group=open:execMeta duration=12.12µs
2026/09/16 09:28:43 INFO start lazy group evaluation field="Container stored part" group=open:fs
2026/09/16 09:28:43 INFO end lazy group evaluation field="Container stored part" group=open:fs duration=17.1µs
=== RUN   TestContainerCompletedProducerPersistsWithoutLoadingParents/completed_producer_references_relocate_without_loading
=== RUN   TestContainerCompletedProducerPersistsWithoutLoadingParents/old_complete_rows_without_producer_bytes
2026/09/16 09:28:43 INFO discarding dagql cache without persistence hasSQLDB=true hasPersistDB=true
--- PASS: TestContainerCompletedProducerPersistsWithoutLoadingParents (0.02s)
    --- PASS: TestContainerCompletedProducerPersistsWithoutLoadingParents/completed_producer_references_relocate_without_loading (0.00s)
    --- PASS: TestContainerCompletedProducerPersistsWithoutLoadingParents/old_complete_rows_without_producer_bytes (0.00s)
=== RUN   TestContainerDirectorySelectorReturnsRootFSErrorBeforeSelection
=== PAUSE TestContainerDirectorySelectorReturnsRootFSErrorBeforeSelection
=== RUN   TestContainerDirectorySelectorLeavesSiblingMountsPending
=== PAUSE TestContainerDirectorySelectorLeavesSiblingMountsPending
=== RUN   TestContainerRootFSSelectorLeavesMountsPending
=== PAUSE TestContainerRootFSSelectorLeavesMountsPending
=== RUN   TestContainerStdoutSkipsReadOnlyMountDelegation
=== PAUSE TestContainerStdoutSkipsReadOnlyMountDelegation
=== RUN   TestContainerShutdownPersistenceWaitsForReader
=== RUN   TestContainerShutdownPersistenceWaitsForReader/pending
2026/09/16 09:28:43 INFO start lazy group evaluation field=Container.withLabel group=metadata
2026/09/16 09:28:43 INFO end lazy group evaluation field=Container.withLabel group=metadata duration=99.69µs
2026/09/16 09:28:43 INFO starting dagql cache close hasSQLDB=true hasPersistDB=true
    container_shutdown_persistence_test.go:105: observed shutdown waiting for the read-only latch:
        goroutine 1579 [sync.Mutex.Lock]:
        internal/sync.runtime_SemacquireMutex(0xf903a24f100?, 0x3f?, 0x324b300?)
        	/home/exedev/go/pkg/mod/golang.org/toolchain@v0.0.1-go1.26.6.linux-amd64/src/runtime/sema.go:95 +0x25
        internal/sync.(*Mutex).lockSlow(0xf903a4aea98)
        	/home/exedev/go/pkg/mod/golang.org/toolchain@v0.0.1-go1.26.6.linux-amd64/src/internal/sync/mutex.go:149 +0x15d
        internal/sync.(*Mutex).Lock(...)
        	/home/exedev/go/pkg/mod/golang.org/toolchain@v0.0.1-go1.26.6.linux-amd64/src/internal/sync/mutex.go:70
        sync.(*Mutex).Lock(...)
        	/home/exedev/go/pkg/mod/golang.org/toolchain@v0.0.1-go1.26.6.linux-amd64/src/sync/mutex.go:46
        github.com/dagger/dagger/core.(*Container).lockForPersistence(0x35c3ca0?, 0x1)
        	/home/exedev/.tailcall/worktrees/dagger-a7378ed8352b/remote-cache-integration-b1-b2-36d54e12-c4fb4f07/core/container_persistence.go:124 +0x106
        github.com/dagger/dagger/core.(*Container).EncodePersistedObject(0xf903a733608, {0x3d36328, 0xf903aa630e0}, 0xf903a5fef40)
        	/home/exedev/.tailcall/worktrees/dagger-a7378ed8352b/remote-cache-integration-b1-b2-36d54e12-c4fb4f07/core/container_persistence.go:50 +0xa9
        github.com/dagger/dagger/dagql.encodePersistedResultEnvelope({0x3d36328, 0xf903aa630e0}, 0xf903a5fef40, {0x3d6a770, _}, _)
        	/home/exedev/.tailcall/worktrees/dagger-a7378ed8352b/remote-cache-integration-b1-b2-36d54e12-c4fb4f07/dagql/cache_persistence_self.go:200 +0x6ff
        github.com/dagger/dagger/dagql.defaultPersistedSelfCodec.EncodeResult({}, {0x3d36328, 0xf903aa630e0}, {0x3cfcc20, 0xf903aafbb08}, {_, _})
        	/home/exedev/.tailcall/worktrees/dagger-a7378ed8352b/remote-cache-integration-b1-b2-36d54e12-c4fb4f07/dagql/cache_persistence_self.go:122 +0x234
        github.com/dagger/dagger/dagql.(*Cache).persistResultEnvelope(0xf903aafbb08, {0x3d36328?, 0xf903ab515c0?}, 0xf903a7b5a28)
        	/home/exedev/.tailcall/worktrees/dagger-a7378ed8352b/remote-cache-integration-b1-b2-36d54e12-c4fb4f07/dagql/cache_persistence_worker.go:535 +0x30f
        github.com/dagger/dagger/dagql.(*Cache).snapshotPersistState(_, {_, _})
        	/home/exedev/.tailcall/worktrees/dagger-a7378ed8352b/remote-cache-integration-b1-b2-36d54e12-c4fb4f07/dagql/cache_persistence_worker.go:258 +0x216b
        github.com/dagger/dagger/dagql.(*Cache).persistCurrentState(0xf903aafbb08, {0x3d36328, 0xf903ab515c0})
        	/home/exedev/.tailcall/worktrees/dagger-a7378ed8352b/remote-cache-integration-b1-b2-36d54e12-c4fb4f07/dagql/cache_persistence_worker.go:19 +0x9c
        github.com/dagger/dagger/dagql.(*Cache).Close.func1()
        	/home/exedev/.tailcall/worktrees/dagger-a7378ed8352b/remote-cache-integration-b1-b2-36d54e12-c4fb4f07/dagql/cache.go:4398 +0x372
        sync.(*Once).doSlow(0xf903a9aef88?, 0xf903a9fbdc0?)
        	/home/exedev/go/pkg/mod/golang.org/toolchain@v0.0.1-go1.26.6.linux-amd64/src/sync/once.go:78 +0xac
        sync.(*Once).Do(...)
        	/home/exedev/go/pkg/mod/golang.org/toolchain@v0.0.1-go1.26.6.linux-amd64/src/sync/once.go:69
        github.com/dagger/dagger/dagql.(*Cache).Close(0xf903aafbb08, {0x3d36328?, 0xf903ab515c0?})
        	/home/exedev/.tailcall/worktrees/dagger-a7378ed8352b/remote-cache-integration-b1-b2-36d54e12-c4fb4f07/dagql/cache.go:4383 +0x54
        github.com/dagger/dagger/core.TestContainerShutdownPersistenceWaitsForReader.func1.4()
        	/home/exedev/.tailcall/worktrees/dagger-a7378ed8352b/remote-cache-integration-b1-b2-36d54e12-c4fb4f07/core/container_shutdown_persistence_test.go:104 +0x2e
        created by github.com/dagger/dagger/core.TestContainerShutdownPersistenceWaitsForReader.func1 in goroutine 1528
        	/home/exedev/.tailcall/worktrees/dagger-a7378ed8352b/remote-cache-integration-b1-b2-36d54e12-c4fb4f07/core/container_shutdown_persistence_test.go:104 +0xd9f
2026/09/16 09:28:43 INFO marking dagql cache clean shutdown
2026/09/16 09:28:43 WARN successfully marked clean shutdown in persistence metadata
2026/09/16 09:28:43 INFO completed dagql cache close successfully
2026/09/16 09:28:43 INFO discarding dagql cache without persistence hasSQLDB=true hasPersistDB=true
=== RUN   TestContainerShutdownPersistenceWaitsForReader/completed
2026/09/16 09:28:43 INFO start lazy group evaluation field=Container.withLabel group=metadata
2026/09/16 09:28:43 INFO end lazy group evaluation field=Container.withLabel group=metadata duration=33.19µs
2026/09/16 09:28:43 INFO start lazy group evaluation field=Container.withLabel group=fs
2026/09/16 09:28:43 INFO end lazy group evaluation field=Container.withLabel group=fs duration=2.24µs
2026/09/16 09:28:43 INFO start lazy group evaluation field=Container.withLabel group=execMeta
2026/09/16 09:28:43 INFO end lazy group evaluation field=Container.withLabel group=execMeta duration=1.94µs
2026/09/16 09:28:43 INFO starting dagql cache close hasSQLDB=true hasPersistDB=true
    container_shutdown_persistence_test.go:105: observed shutdown waiting for the read-only latch:
        goroutine 1669 [sync.Mutex.Lock]:
        internal/sync.runtime_SemacquireMutex(0xf903adf7100?, 0x3f?, 0x324b300?)
        	/home/exedev/go/pkg/mod/golang.org/toolchain@v0.0.1-go1.26.6.linux-amd64/src/runtime/sema.go:95 +0x25
        internal/sync.(*Mutex).lockSlow(0xf903ac01738)
        	/home/exedev/go/pkg/mod/golang.org/toolchain@v0.0.1-go1.26.6.linux-amd64/src/internal/sync/mutex.go:149 +0x15d
        internal/sync.(*Mutex).Lock(...)
        	/home/exedev/go/pkg/mod/golang.org/toolchain@v0.0.1-go1.26.6.linux-amd64/src/internal/sync/mutex.go:70
        sync.(*Mutex).Lock(...)
        	/home/exedev/go/pkg/mod/golang.org/toolchain@v0.0.1-go1.26.6.linux-amd64/src/sync/mutex.go:46
        github.com/dagger/dagger/core.(*Container).lockForPersistence(0x35c3ca0?, 0x1)
        	/home/exedev/.tailcall/worktrees/dagger-a7378ed8352b/remote-cache-integration-b1-b2-36d54e12-c4fb4f07/core/container_persistence.go:124 +0x106
        github.com/dagger/dagger/core.(*Container).EncodePersistedObject(0xf903a80adc8, {0x3d36328, 0xf903ab97e00}, 0xf903a61cf80)
        	/home/exedev/.tailcall/worktrees/dagger-a7378ed8352b/remote-cache-integration-b1-b2-36d54e12-c4fb4f07/core/container_persistence.go:50 +0xa9
        github.com/dagger/dagger/dagql.encodePersistedResultEnvelope({0x3d36328, 0xf903ab97e00}, 0xf903a61cf80, {0x3d6a770, _}, _)
        	/home/exedev/.tailcall/worktrees/dagger-a7378ed8352b/remote-cache-integration-b1-b2-36d54e12-c4fb4f07/dagql/cache_persistence_self.go:200 +0x6ff
        github.com/dagger/dagger/dagql.defaultPersistedSelfCodec.EncodeResult({}, {0x3d36328, 0xf903ab97e00}, {0x3cfcc20, 0xf903ac20608}, {_, _})
        	/home/exedev/.tailcall/worktrees/dagger-a7378ed8352b/remote-cache-integration-b1-b2-36d54e12-c4fb4f07/dagql/cache_persistence_self.go:122 +0x234
        github.com/dagger/dagger/dagql.(*Cache).persistResultEnvelope(0xf903ac20608, {0x3d36328?, 0xf903ac74b10?}, 0xf903ab57028)
        	/home/exedev/.tailcall/worktrees/dagger-a7378ed8352b/remote-cache-integration-b1-b2-36d54e12-c4fb4f07/dagql/cache_persistence_worker.go:535 +0x30f
        github.com/dagger/dagger/dagql.(*Cache).snapshotPersistState(_, {_, _})
        	/home/exedev/.tailcall/worktrees/dagger-a7378ed8352b/remote-cache-integration-b1-b2-36d54e12-c4fb4f07/dagql/cache_persistence_worker.go:258 +0x216b
        github.com/dagger/dagger/dagql.(*Cache).persistCurrentState(0xf903ac20608, {0x3d36328, 0xf903ac74b10})
        	/home/exedev/.tailcall/worktrees/dagger-a7378ed8352b/remote-cache-integration-b1-b2-36d54e12-c4fb4f07/dagql/cache_persistence_worker.go:19 +0x9c
        github.com/dagger/dagger/dagql.(*Cache).Close.func1()
        	/home/exedev/.tailcall/worktrees/dagger-a7378ed8352b/remote-cache-integration-b1-b2-36d54e12-c4fb4f07/dagql/cache.go:4398 +0x372
        sync.(*Once).doSlow(0xf903a688f88?, 0x0?)
        	/home/exedev/go/pkg/mod/golang.org/toolchain@v0.0.1-go1.26.6.linux-amd64/src/sync/once.go:78 +0xac
        sync.(*Once).Do(...)
        	/home/exedev/go/pkg/mod/golang.org/toolchain@v0.0.1-go1.26.6.linux-amd64/src/sync/once.go:69
        github.com/dagger/dagger/dagql.(*Cache).Close(0xf903ac20608, {0x3d36328?, 0xf903ac74b10?})
        	/home/exedev/.tailcall/worktrees/dagger-a7378ed8352b/remote-cache-integration-b1-b2-36d54e12-c4fb4f07/dagql/cache.go:4383 +0x54
        github.com/dagger/dagger/core.TestContainerShutdownPersistenceWaitsForReader.func1.4()
        	/home/exedev/.tailcall/worktrees/dagger-a7378ed8352b/remote-cache-integration-b1-b2-36d54e12-c4fb4f07/core/container_shutdown_persistence_test.go:104 +0x2e
        created by github.com/dagger/dagger/core.TestContainerShutdownPersistenceWaitsForReader.func1 in goroutine 1634
        	/home/exedev/.tailcall/worktrees/dagger-a7378ed8352b/remote-cache-integration-b1-b2-36d54e12-c4fb4f07/core/container_shutdown_persistence_test.go:104 +0xd9f
2026/09/16 09:28:43 INFO marking dagql cache clean shutdown
2026/09/16 09:28:43 WARN successfully marked clean shutdown in persistence metadata
2026/09/16 09:28:43 INFO completed dagql cache close successfully
2026/09/16 09:28:43 INFO discarding dagql cache without persistence hasSQLDB=true hasPersistDB=true
--- PASS: TestContainerShutdownPersistenceWaitsForReader (0.06s)
    --- PASS: TestContainerShutdownPersistenceWaitsForReader/pending (0.04s)
    --- PASS: TestContainerShutdownPersistenceWaitsForReader/completed (0.02s)
=== RUN   TestIsKnownDockerfileSyntaxFrontend
=== PAUSE TestIsKnownDockerfileSyntaxFrontend
=== RUN   TestIsKnownDockerfileSyntaxFrontendUnknown
=== PAUSE TestIsKnownDockerfileSyntaxFrontendUnknown
=== RUN   TestAroundFuncRoutesPayloadsBeforeSpanDeduplication
--- PASS: TestAroundFuncRoutesPayloadsBeforeSpanDeduplication (0.00s)
=== RUN   TestAroundFuncLogsOnlyPayloadsMissingFromSpans
2026/09/16 09:28:43 INFO start call field=Void.agent digest=xxh3:61c2befaf9462852
2026/09/16 09:28:43 INFO end call field=Void.agent cached=false digest=xxh3:61c2befaf9462852
--- PASS: TestAroundFuncLogsOnlyPayloadsMissingFromSpans (0.00s)
=== RUN   TestRecordCallPayloadsEmitsTransitiveClosure
--- PASS: TestRecordCallPayloadsEmitsTransitiveClosure (0.00s)
=== RUN   TestRecordCallPayloadsSkipsFramesDeliveredBySpans
--- PASS: TestRecordCallPayloadsSkipsFramesDeliveredBySpans (0.00s)
=== RUN   TestRecordCallPayloadsDedupesPerDeliveryDomain
--- PASS: TestRecordCallPayloadsDedupesPerDeliveryDomain (0.00s)
=== RUN   TestRecordCallPayloadsRequiresSeenKeyStore
--- PASS: TestRecordCallPayloadsRequiresSeenKeyStore (0.00s)
=== RUN   TestCopyAttemptUnpackNonArchiveSingleFileDestDirHintCreatesDestDir
=== PAUSE TestCopyAttemptUnpackNonArchiveSingleFileDestDirHintCreatesDestDir
=== RUN   TestCopyAttemptUnpackNonArchiveSingleFileNoDestDirHintCopiesToExactPath
=== PAUSE TestCopyAttemptUnpackNonArchiveSingleFileNoDestDirHintCopiesToExactPath
=== RUN   TestLayercopyModePreservesSpecialPermissionBits
=== RUN   TestLayercopyModePreservesSpecialPermissionBits/setuid
=== RUN   TestLayercopyModePreservesSpecialPermissionBits/setgid
=== RUN   TestLayercopyModePreservesSpecialPermissionBits/sticky
=== RUN   TestLayercopyModePreservesSpecialPermissionBits/all
--- PASS: TestLayercopyModePreservesSpecialPermissionBits (0.00s)
    --- PASS: TestLayercopyModePreservesSpecialPermissionBits/setuid (0.00s)
    --- PASS: TestLayercopyModePreservesSpecialPermissionBits/setgid (0.00s)
    --- PASS: TestLayercopyModePreservesSpecialPermissionBits/sticky (0.00s)
    --- PASS: TestLayercopyModePreservesSpecialPermissionBits/all (0.00s)
=== RUN   TestConvertRejectToMarkers
=== RUN   TestConvertRejectToMarkers/rejected_hunk_becomes_a_marker_block_at_its_old_position
=== RUN   TestConvertRejectToMarkers/multiple_hunks_insert_bottom-up_without_shifting
=== RUN   TestConvertRejectToMarkers/hunk_position_past_end_of_file_clamps_to_end
=== RUN   TestConvertRejectToMarkers/missing_target_file_gets_created_with_the_marker_block
--- PASS: TestConvertRejectToMarkers (0.00s)
    --- PASS: TestConvertRejectToMarkers/rejected_hunk_becomes_a_marker_block_at_its_old_position (0.00s)
    --- PASS: TestConvertRejectToMarkers/multiple_hunks_insert_bottom-up_without_shifting (0.00s)
    --- PASS: TestConvertRejectToMarkers/hunk_position_past_end_of_file_clamps_to_end (0.00s)
    --- PASS: TestConvertRejectToMarkers/missing_target_file_gets_created_with_the_marker_block (0.00s)
=== RUN   TestFindRejectFiles
--- PASS: TestFindRejectFiles (0.00s)
=== RUN   TestApplyGitPatchLeaveMarkers
=== RUN   TestApplyGitPatchLeaveMarkers/a_rejected_hunk_becomes_conflict_markers
=== RUN   TestApplyGitPatchLeaveMarkers/a_file_that_cannot_be_patched_at_all_fails
--- PASS: TestApplyGitPatchLeaveMarkers (0.01s)
    --- PASS: TestApplyGitPatchLeaveMarkers/a_rejected_hunk_becomes_conflict_markers (0.01s)
    --- PASS: TestApplyGitPatchLeaveMarkers/a_file_that_cannot_be_patched_at_all_fails (0.00s)
=== RUN   TestWholeFileApplyErrors
--- PASS: TestWholeFileApplyErrors (0.00s)
=== RUN   TestHTTPCompletedProducerEvaluate
=== RUN   TestHTTPCompletedProducerEvaluate/equal
2026/09/16 09:28:43 INFO start lazy evaluation field=HTTPState._resolve
2026/09/16 09:28:43 INFO end lazy evaluation field=HTTPState._resolve duration=19.996131ms
=== RUN   TestHTTPCompletedProducerEvaluate/changed_timestamp
2026/09/16 09:28:43 INFO start lazy evaluation field=HTTPState._resolve
2026/09/16 09:28:43 INFO end lazy evaluation field=HTTPState._resolve duration=7.791062ms
=== RUN   TestHTTPCompletedProducerEvaluate/invalid_timestamp
2026/09/16 09:28:43 INFO start lazy evaluation field=HTTPState._resolve
2026/09/16 09:28:43 INFO end lazy evaluation field=HTTPState._resolve duration=7.417553ms
=== RUN   TestHTTPCompletedProducerEvaluate/empty_checksum
2026/09/16 09:28:43 INFO start lazy evaluation field=HTTPState._resolve
2026/09/16 09:28:43 INFO end lazy evaluation field=HTTPState._resolve duration=7.888162ms
=== RUN   TestHTTPCompletedProducerEvaluate/checksum
2026/09/16 09:28:43 INFO start lazy evaluation field=HTTPState._resolve
2026/09/16 09:28:43 INFO end lazy evaluation field=HTTPState._resolve duration=11.860608ms
=== RUN   TestHTTPCompletedProducerEvaluate/changed_body
2026/09/16 09:28:43 INFO start lazy evaluation field=HTTPState._resolve
2026/09/16 09:28:43 INFO end lazy evaluation field=HTTPState._resolve duration=9.334981ms err="HTTP File producer body mismatch: recorded sha256:d81c55f49c5bb0d36bc11e3966ec4efab66f8dfefbbc1761161ca9d230e5466a, fetched sha256:d67e2e944994496c8d8ec76eed0cf9f09679448d584b532bebf941852a37f5ed"
=== RUN   TestHTTPCompletedProducerEvaluate/checksum_mismatch
2026/09/16 09:28:43 INFO start lazy evaluation field=HTTPState._resolve
2026/09/16 09:28:43 INFO end lazy evaluation field=HTTPState._resolve duration=4.743745ms err="http checksum mismatch: expected sha256:d81c55f49c5bb0d36bc11e3966ec4efab66f8dfefbbc1761161ca9d230e5466a, got sha256:d67e2e944994496c8d8ec76eed0cf9f09679448d584b532bebf941852a37f5ed"
=== RUN   TestHTTPCompletedProducerEvaluate/bad_checksum
2026/09/16 09:28:43 INFO start lazy evaluation field=HTTPState._resolve
2026/09/16 09:28:43 INFO end lazy evaluation field=HTTPState._resolve duration=70.59µs err="invalid checksum \"invalid\": invalid checksum digest format"
=== RUN   TestHTTPCompletedProducerEvaluate/status
2026/09/16 09:28:43 INFO start lazy evaluation field=HTTPState._resolve
2026/09/16 09:28:43 INFO end lazy evaluation field=HTTPState._resolve duration=506.9µs err="invalid response status 500 Internal Server Error"
=== RUN   TestHTTPCompletedProducerEvaluate/partial
2026/09/16 09:28:43 INFO start lazy evaluation field=HTTPState._resolve
2026/09/16 09:28:43 INFO end lazy evaluation field=HTTPState._resolve duration=8.773461ms
=== RUN   TestHTTPCompletedProducerEvaluate/not_modified
2026/09/16 09:28:43 INFO start lazy evaluation field=HTTPState._resolve
2026/09/16 09:28:43 INFO end lazy evaluation field=HTTPState._resolve duration=8.078032ms err="HTTP File producer body mismatch: recorded sha256:d81c55f49c5bb0d36bc11e3966ec4efab66f8dfefbbc1761161ca9d230e5466a, fetched sha256:e3b0c44298fc1c149afbf4c8996fb92427ae41e4649b934ca495991b7852b855"
=== RUN   TestHTTPCompletedProducerEvaluate/no_content
2026/09/16 09:28:43 INFO start lazy evaluation field=HTTPState._resolve
2026/09/16 09:28:43 INFO end lazy evaluation field=HTTPState._resolve duration=7.658122ms err="HTTP File producer body mismatch: recorded sha256:d81c55f49c5bb0d36bc11e3966ec4efab66f8dfefbbc1761161ca9d230e5466a, fetched sha256:e3b0c44298fc1c149afbf4c8996fb92427ae41e4649b934ca495991b7852b855"
2026/09/16 09:28:43 INFO start lazy evaluation field=HTTPState._resolve
2026/09/16 09:28:43 INFO end lazy evaluation field=HTTPState._resolve duration=6.144924ms
2026/09/16 09:28:43 INFO start lazy evaluation field=HTTPState._resolve
2026/09/16 09:28:43 INFO end lazy evaluation field=HTTPState._resolve duration=6.621874ms
=== RUN   TestHTTPCompletedProducerEvaluate/transport
2026/09/16 09:28:43 INFO start lazy evaluation field=HTTPState._resolve
2026/09/16 09:28:43 INFO end lazy evaluation field=HTTPState._resolve duration=339.35µs err="Get \"http://127.0.0.1:1\": dial tcp 127.0.0.1:1: connect: connection refused"
=== RUN   TestHTTPCompletedProducerEvaluate/canceled
2026/09/16 09:28:43 INFO start lazy evaluation field=HTTPState._resolve
2026/09/16 09:28:43 INFO end lazy evaluation field=HTTPState._resolve duration=52µs err="Get \"http://127.0.0.1:1\": context canceled"
2026/09/16 09:28:43 INFO discarding dagql cache without persistence hasSQLDB=false hasPersistDB=false
--- PASS: TestHTTPCompletedProducerEvaluate (0.19s)
    --- PASS: TestHTTPCompletedProducerEvaluate/equal (0.04s)
    --- PASS: TestHTTPCompletedProducerEvaluate/changed_timestamp (0.02s)
    --- PASS: TestHTTPCompletedProducerEvaluate/invalid_timestamp (0.02s)
    --- PASS: TestHTTPCompletedProducerEvaluate/empty_checksum (0.02s)
    --- PASS: TestHTTPCompletedProducerEvaluate/checksum (0.02s)
    --- PASS: TestHTTPCompletedProducerEvaluate/changed_body (0.01s)
    --- PASS: TestHTTPCompletedProducerEvaluate/checksum_mismatch (0.01s)
    --- PASS: TestHTTPCompletedProducerEvaluate/bad_checksum (0.00s)
    --- PASS: TestHTTPCompletedProducerEvaluate/status (0.00s)
    --- PASS: TestHTTPCompletedProducerEvaluate/partial (0.02s)
    --- PASS: TestHTTPCompletedProducerEvaluate/not_modified (0.01s)
    --- PASS: TestHTTPCompletedProducerEvaluate/no_content (0.01s)
    --- PASS: TestHTTPCompletedProducerEvaluate/transport (0.00s)
    --- PASS: TestHTTPCompletedProducerEvaluate/canceled (0.00s)
=== RUN   TestHTTPProducerWriter
=== RUN   TestHTTPProducerWriter/data.txt/0
2026/09/16 09:28:43 INFO start lazy evaluation field=HTTPState._resolve
2026/09/16 09:28:43 INFO end lazy evaluation field=HTTPState._resolve duration=7.431772ms
=== RUN   TestHTTPProducerWriter/data.txt/600
2026/09/16 09:28:43 INFO start lazy evaluation field=HTTPState._resolve
2026/09/16 09:28:43 INFO end lazy evaluation field=HTTPState._resolve duration=6.502634ms
=== RUN   TestHTTPProducerWriter/data.txt/644
2026/09/16 09:28:43 INFO start lazy evaluation field=HTTPState._resolve
2026/09/16 09:28:43 INFO end lazy evaluation field=HTTPState._resolve duration=9.578921ms
=== RUN   TestHTTPProducerWriter/data.txt/755
2026/09/16 09:28:43 INFO start lazy evaluation field=HTTPState._resolve
2026/09/16 09:28:43 INFO end lazy evaluation field=HTTPState._resolve duration=6.646423ms
=== RUN   TestHTTPProducerWriter//data.txt/0
2026/09/16 09:28:43 INFO start lazy evaluation field=HTTPState._resolve
2026/09/16 09:28:43 INFO end lazy evaluation field=HTTPState._resolve duration=17.022564ms
=== RUN   TestHTTPProducerWriter//data.txt/600
2026/09/16 09:28:43 INFO start lazy evaluation field=HTTPState._resolve
2026/09/16 09:28:43 INFO end lazy evaluation field=HTTPState._resolve duration=8.338592ms
=== RUN   TestHTTPProducerWriter//data.txt/644
2026/09/16 09:28:43 INFO start lazy evaluation field=HTTPState._resolve
2026/09/16 09:28:43 INFO end lazy evaluation field=HTTPState._resolve duration=7.450823ms
=== RUN   TestHTTPProducerWriter//data.txt/755
2026/09/16 09:28:43 INFO start lazy evaluation field=HTTPState._resolve
2026/09/16 09:28:43 INFO end lazy evaluation field=HTTPState._resolve duration=7.425323ms
=== RUN   TestHTTPProducerWriter/../data.txt/0
2026/09/16 09:28:44 INFO start lazy evaluation field=HTTPState._resolve
2026/09/16 09:28:44 INFO end lazy evaluation field=HTTPState._resolve duration=7.256383ms
=== RUN   TestHTTPProducerWriter/../data.txt/600
2026/09/16 09:28:44 INFO start lazy evaluation field=HTTPState._resolve
2026/09/16 09:28:44 INFO end lazy evaluation field=HTTPState._resolve duration=6.795792ms
=== RUN   TestHTTPProducerWriter/../data.txt/644
2026/09/16 09:28:44 INFO start lazy evaluation field=HTTPState._resolve
2026/09/16 09:28:44 INFO end lazy evaluation field=HTTPState._resolve duration=7.120663ms
=== RUN   TestHTTPProducerWriter/../data.txt/755
2026/09/16 09:28:44 INFO start lazy evaluation field=HTTPState._resolve
2026/09/16 09:28:44 INFO end lazy evaluation field=HTTPState._resolve duration=7.738613ms
=== RUN   TestHTTPProducerWriter/a/../data.txt/0
2026/09/16 09:28:44 INFO start lazy evaluation field=HTTPState._resolve
2026/09/16 09:28:44 INFO end lazy evaluation field=HTTPState._resolve duration=7.223093ms
=== RUN   TestHTTPProducerWriter/a/../data.txt/600
2026/09/16 09:28:44 INFO start lazy evaluation field=HTTPState._resolve
2026/09/16 09:28:44 INFO end lazy evaluation field=HTTPState._resolve duration=6.102844ms
=== RUN   TestHTTPProducerWriter/a/../data.txt/644
2026/09/16 09:28:44 INFO start lazy evaluation field=HTTPState._resolve
2026/09/16 09:28:44 INFO end lazy evaluation field=HTTPState._resolve duration=6.371634ms
=== RUN   TestHTTPProducerWriter/a/../data.txt/755
2026/09/16 09:28:44 INFO start lazy evaluation field=HTTPState._resolve
2026/09/16 09:28:44 INFO end lazy evaluation field=HTTPState._resolve duration=7.925442ms
=== RUN   TestHTTPProducerWriter/./data.txt/0
2026/09/16 09:28:44 INFO start lazy evaluation field=HTTPState._resolve
2026/09/16 09:28:44 INFO end lazy evaluation field=HTTPState._resolve duration=6.838263ms
=== RUN   TestHTTPProducerWriter/./data.txt/600
2026/09/16 09:28:44 INFO start lazy evaluation field=HTTPState._resolve
2026/09/16 09:28:44 INFO end lazy evaluation field=HTTPState._resolve duration=5.956084ms
=== RUN   TestHTTPProducerWriter/./data.txt/644
2026/09/16 09:28:44 INFO start lazy evaluation field=HTTPState._resolve
2026/09/16 09:28:44 INFO end lazy evaluation field=HTTPState._resolve duration=5.603275ms
=== RUN   TestHTTPProducerWriter/./data.txt/755
2026/09/16 09:28:44 INFO start lazy evaluation field=HTTPState._resolve
2026/09/16 09:28:44 INFO end lazy evaluation field=HTTPState._resolve duration=6.212024ms
=== RUN   TestHTTPProducerWriter/sub/data.txt/0
2026/09/16 09:28:44 INFO start lazy evaluation field=HTTPState._resolve
2026/09/16 09:28:44 INFO end lazy evaluation field=HTTPState._resolve duration=3.918446ms err="file write failed: open /sub/data.txt: no such file or directory"
=== RUN   TestHTTPProducerWriter/sub/data.txt/600
2026/09/16 09:28:44 INFO start lazy evaluation field=HTTPState._resolve
2026/09/16 09:28:44 INFO end lazy evaluation field=HTTPState._resolve duration=3.977796ms err="file write failed: open /sub/data.txt: no such file or directory"
=== RUN   TestHTTPProducerWriter/sub/data.txt/644
2026/09/16 09:28:44 INFO start lazy evaluation field=HTTPState._resolve
2026/09/16 09:28:44 INFO end lazy evaluation field=HTTPState._resolve duration=9.308521ms err="file write failed: open /sub/data.txt: no such file or directory"
=== RUN   TestHTTPProducerWriter/sub/data.txt/755
2026/09/16 09:28:44 INFO start lazy evaluation field=HTTPState._resolve
2026/09/16 09:28:44 INFO end lazy evaluation field=HTTPState._resolve duration=4.157296ms err="file write failed: open /sub/data.txt: no such file or directory"
=== RUN   TestHTTPProducerWriter/restrictive_umask
2026/09/16 09:28:44 INFO start lazy evaluation field=HTTPState._resolve
2026/09/16 09:28:44 INFO end lazy evaluation field=HTTPState._resolve duration=6.331574ms
=== RUN   TestHTTPProducerWriter/public_eager_layout
2026/09/16 09:28:44 INFO discarding dagql cache without persistence hasSQLDB=false hasPersistDB=false
--- PASS: TestHTTPProducerWriter (1.18s)
    --- PASS: TestHTTPProducerWriter/data.txt/0 (0.06s)
    --- PASS: TestHTTPProducerWriter/data.txt/600 (0.04s)
    --- PASS: TestHTTPProducerWriter/data.txt/644 (0.05s)
    --- PASS: TestHTTPProducerWriter/data.txt/755 (0.04s)
    --- PASS: TestHTTPProducerWriter//data.txt/0 (0.06s)
    --- PASS: TestHTTPProducerWriter//data.txt/600 (0.04s)
    --- PASS: TestHTTPProducerWriter//data.txt/644 (0.04s)
    --- PASS: TestHTTPProducerWriter//data.txt/755 (0.04s)
    --- PASS: TestHTTPProducerWriter/../data.txt/0 (0.04s)
    --- PASS: TestHTTPProducerWriter/../data.txt/600 (0.04s)
    --- PASS: TestHTTPProducerWriter/../data.txt/644 (0.04s)
    --- PASS: TestHTTPProducerWriter/../data.txt/755 (0.04s)
    --- PASS: TestHTTPProducerWriter/a/../data.txt/0 (0.04s)
    --- PASS: TestHTTPProducerWriter/a/../data.txt/600 (0.04s)
    --- PASS: TestHTTPProducerWriter/a/../data.txt/644 (0.04s)
    --- PASS: TestHTTPProducerWriter/a/../data.txt/755 (0.04s)
    --- PASS: TestHTTPProducerWriter/./data.txt/0 (0.04s)
    --- PASS: TestHTTPProducerWriter/./data.txt/600 (0.03s)
    --- PASS: TestHTTPProducerWriter/./data.txt/644 (0.03s)
    --- PASS: TestHTTPProducerWriter/./data.txt/755 (0.04s)
    --- PASS: TestHTTPProducerWriter/sub/data.txt/0 (0.01s)
    --- PASS: TestHTTPProducerWriter/sub/data.txt/600 (0.02s)
    --- PASS: TestHTTPProducerWriter/sub/data.txt/644 (0.02s)
    --- PASS: TestHTTPProducerWriter/sub/data.txt/755 (0.03s)
    --- PASS: TestHTTPProducerWriter/restrictive_umask (0.02s)
    --- PASS: TestHTTPProducerWriter/public_eager_layout (0.25s)
=== RUN   TestHTTPProducerCleanup
=== RUN   TestHTTPProducerCleanup/copy
2026/09/16 09:28:44 INFO start lazy evaluation field=HTTPState._resolve
2026/09/16 09:28:44 INFO end lazy evaluation field=HTTPState._resolve duration=13.181097ms err="file write failed: unexpected EOF"
=== RUN   TestHTTPProducerCleanup/close
2026/09/16 09:28:44 INFO start lazy evaluation field=HTTPState._resolve
2026/09/16 09:28:44 INFO end lazy evaluation field=HTTPState._resolve duration=9.73079ms err="file write failed: close /data: bad file descriptor"
=== RUN   TestHTTPProducerCleanup/chmod
2026/09/16 09:28:44 INFO start lazy evaluation field=HTTPState._resolve
2026/09/16 09:28:44 INFO end lazy evaluation field=HTTPState._resolve duration=6.148854ms err="file write failed: chmod /data: no such file or directory"
=== RUN   TestHTTPProducerCleanup/timestamp
=== RUN   TestHTTPProducerCleanup/checksum
2026/09/16 09:28:45 INFO start lazy evaluation field=HTTPState._resolve
2026/09/16 09:28:45 INFO end lazy evaluation field=HTTPState._resolve duration=4.841355ms err="http checksum mismatch: expected sha256:d9298a10d1b0735837dc4bd85dac641b0f3cef27a47e5d53a54f2f3f5b2fcffa, got sha256:230d8358dc8e8890b4c58deeb62912ee2f20357ae92a5cc861b98e68fe31acb5"
=== RUN   TestHTTPProducerCleanup/commit
2026/09/16 09:28:45 INFO start lazy evaluation field=HTTPState._resolve
2026/09/16 09:28:45 INFO end lazy evaluation field=HTTPState._resolve duration=4.574435ms err="injected commit"
=== RUN   TestHTTPProducerCleanup/mount
2026/09/16 09:28:45 INFO start lazy evaluation field=HTTPState._resolve
2026/09/16 09:28:45 INFO end lazy evaluation field=HTTPState._resolve duration=4.214796ms err="file write failed: injected mount"
=== RUN   TestHTTPProducerCleanup/digest
2026/09/16 09:28:45 INFO start lazy evaluation field=HTTPState._resolve
2026/09/16 09:28:45 INFO end lazy evaluation field=HTTPState._resolve duration=5.988324ms err="HTTP File producer body mismatch: recorded sha256:d9298a10d1b0735837dc4bd85dac641b0f3cef27a47e5d53a54f2f3f5b2fcffa, fetched sha256:230d8358dc8e8890b4c58deeb62912ee2f20357ae92a5cc861b98e68fe31acb5"
=== RUN   TestHTTPProducerCleanup/move
2026/09/16 09:28:45 INFO start lazy evaluation field=HTTPState._resolve
2026/09/16 09:28:45 INFO end lazy evaluation field=HTTPState._resolve duration=6.232143ms err="producer receiver: File snapshot already installed"
=== RUN   TestHTTPProducerCleanup/success
2026/09/16 09:28:45 INFO start lazy evaluation field=HTTPState._resolve
2026/09/16 09:28:45 INFO end lazy evaluation field=HTTPState._resolve duration=7.019513ms
2026/09/16 09:28:45 INFO discarding dagql cache without persistence hasSQLDB=false hasPersistDB=false
--- PASS: TestHTTPProducerCleanup (0.24s)
    --- PASS: TestHTTPProducerCleanup/copy (0.01s)
    --- PASS: TestHTTPProducerCleanup/close (0.01s)
    --- PASS: TestHTTPProducerCleanup/chmod (0.01s)
    --- PASS: TestHTTPProducerCleanup/timestamp (0.16s)
    --- PASS: TestHTTPProducerCleanup/checksum (0.01s)
    --- PASS: TestHTTPProducerCleanup/commit (0.00s)
    --- PASS: TestHTTPProducerCleanup/mount (0.00s)
    --- PASS: TestHTTPProducerCleanup/digest (0.01s)
    --- PASS: TestHTTPProducerCleanup/move (0.01s)
    --- PASS: TestHTTPProducerCleanup/success (0.01s)
=== RUN   TestHTTPStateConcurrentResolveCapture
2026/09/16 09:28:45 INFO discarding dagql cache without persistence hasSQLDB=false hasPersistDB=false
--- PASS: TestHTTPStateConcurrentResolveCapture (0.06s)
=== RUN   TestStatelessHTTPProducerIsolation
2026/09/16 09:28:45 INFO start lazy evaluation field=HTTPState._resolve
2026/09/16 09:28:45 INFO end lazy evaluation field=HTTPState._resolve duration=11.780788ms
2026/09/16 09:28:45 INFO start lazy evaluation field=HTTPState._resolve
2026/09/16 09:28:45 INFO end lazy evaluation field=HTTPState._resolve duration=8.391212ms
2026/09/16 09:28:45 INFO discarding dagql cache without persistence hasSQLDB=false hasPersistDB=false
--- PASS: TestStatelessHTTPProducerIsolation (0.07s)
=== RUN   TestCompletedProducerConcurrentDemand
2026/09/16 09:28:45 INFO start lazy evaluation field=HTTPState._resolve
2026/09/16 09:28:45 INFO end lazy evaluation field=HTTPState._resolve duration=18.597071ms
2026/09/16 09:28:45 INFO start lazy evaluation field=HTTPState._resolve
2026/09/16 09:28:45 INFO end lazy evaluation field=HTTPState._resolve duration=8.249722ms
2026/09/16 09:28:45 INFO start lazy evaluation field=HTTPState._resolve
2026/09/16 09:28:45 INFO end lazy evaluation field=HTTPState._resolve duration=6.455224ms
2026/09/16 09:28:45 INFO discarding dagql cache without persistence hasSQLDB=false hasPersistDB=false
--- PASS: TestCompletedProducerConcurrentDemand (0.05s)
=== RUN   TestEagerProducerCodecs
=== RUN   TestEagerProducerCodecs/*core.DirectoryGitCleanedLazy
=== RUN   TestEagerProducerCodecs/*core.DirectoryGitBundleImportLazy
=== RUN   TestEagerProducerCodecs/*core.DirectoryGitTreeLazy
=== RUN   TestEagerProducerCodecs/*core.DirectoryGitCommitTreeLazy
=== RUN   TestEagerProducerCodecs/HTTP_scalars
=== RUN   TestEagerProducerCodecs/builtin_field_pairing
2026/09/16 09:28:45 INFO discarding dagql cache without persistence hasSQLDB=true hasPersistDB=true
2026/09/16 09:28:45 INFO discarding dagql cache without persistence hasSQLDB=true hasPersistDB=true
=== RUN   TestEagerProducerCodecs/exact_equivalent_input
=== RUN   TestEagerProducerCodecs/snapshot_without_producer
2026/09/16 09:28:45 INFO discarding dagql cache without persistence hasSQLDB=true hasPersistDB=true
--- PASS: TestEagerProducerCodecs (0.03s)
    --- PASS: TestEagerProducerCodecs/*core.DirectoryGitCleanedLazy (0.00s)
    --- PASS: TestEagerProducerCodecs/*core.DirectoryGitBundleImportLazy (0.00s)
    --- PASS: TestEagerProducerCodecs/*core.DirectoryGitTreeLazy (0.00s)
    --- PASS: TestEagerProducerCodecs/*core.DirectoryGitCommitTreeLazy (0.00s)
    --- PASS: TestEagerProducerCodecs/HTTP_scalars (0.00s)
    --- PASS: TestEagerProducerCodecs/builtin_field_pairing (0.02s)
    --- PASS: TestEagerProducerCodecs/exact_equivalent_input (0.00s)
    --- PASS: TestEagerProducerCodecs/snapshot_without_producer (0.00s)
=== RUN   TestEagerProducerRelocation
2026/09/16 09:28:45 INFO discarding dagql cache without persistence hasSQLDB=true hasPersistDB=true
--- PASS: TestEagerProducerRelocation (0.01s)
=== RUN   TestEagerProducerSaveReopen
2026/09/16 09:28:45 INFO starting dagql cache close hasSQLDB=true hasPersistDB=true
2026/09/16 09:28:45 INFO marking dagql cache clean shutdown
2026/09/16 09:28:45 WARN successfully marked clean shutdown in persistence metadata
2026/09/16 09:28:45 INFO completed dagql cache close successfully
2026/09/16 09:28:45 INFO starting dagql cache close hasSQLDB=true hasPersistDB=true
2026/09/16 09:28:45 INFO marking dagql cache clean shutdown
2026/09/16 09:28:45 WARN successfully marked clean shutdown in persistence metadata
2026/09/16 09:28:45 INFO completed dagql cache close successfully
2026/09/16 09:28:45 WARN failed to determine cache usage size resultID=3 usageIdentity=bundle-snapshot err="context canceled"
2026/09/16 09:28:45 WARN failed to determine cache usage size resultID=7 usageIdentity=saved-0 err="context canceled"
2026/09/16 09:28:45 WARN failed to determine cache usage size resultID=8 usageIdentity=saved-1 err="context canceled"
2026/09/16 09:28:45 WARN failed to determine cache usage size resultID=9 usageIdentity=saved-2 err="context canceled"
2026/09/16 09:28:45 WARN failed to determine cache usage size resultID=10 usageIdentity=saved-3 err="context canceled"
2026/09/16 09:28:45 WARN failed to determine cache usage size resultID=14 usageIdentity=saved-builtin err="context canceled"
2026/09/16 09:28:45 WARN failed to determine cache usage size resultID=12 usageIdentity=saved-http err="context canceled"
2026/09/16 09:28:45 WARN failed to determine cache usage size resultID=13 usageIdentity=saved-schema err="context canceled"
2026/09/16 09:28:45 WARN failed to determine cache usage size resultID=1 usageIdentity=source-snapshot err="context canceled"
2026/09/16 09:28:45 INFO dagql pruned result resultID=1 call=Query.source digest=xxh3:3c2e226aa6c269bf args=[] description=source measuredSizeBytes=0 reclaimedBytes=0
2026/09/16 09:28:45 INFO dagql pruned result resultID=3 call=Query.bundle-file digest=xxh3:1b1051a7f010896c args=[] description=bundle-file measuredSizeBytes=0 reclaimedBytes=0
2026/09/16 09:28:45 INFO dagql pruned result resultID=7 call=GitRepository.__cleaned digest=xxh3:b7e1bbcd4c596cf6 args=[] description=__cleaned measuredSizeBytes=0 reclaimedBytes=0
2026/09/16 09:28:45 INFO dagql pruned result resultID=2 call=Query.repo digest=xxh3:16dc6903e3f06350 args=[] description=repo measuredSizeBytes=0 reclaimedBytes=0
2026/09/16 09:28:45 INFO dagql pruned result resultID=4 call=Query.bundle digest=xxh3:3b4c0ba878b9d6c5 args=[] description=bundle measuredSizeBytes=0 reclaimedBytes=0
2026/09/16 09:28:45 INFO dagql pruned result resultID=8 call=GitRepository.__withBundleDirectory digest="" args="[bundle=result:4]" description=__withBundleDirectory measuredSizeBytes=0 reclaimedBytes=0
2026/09/16 09:28:45 INFO dagql pruned result resultID=5 call=Query.ref digest=xxh3:06409b9402fa5e16 args=[] description=ref measuredSizeBytes=0 reclaimedBytes=0
2026/09/16 09:28:45 INFO dagql pruned result resultID=9 call=GitRef.tree digest="" args=[] description=tree measuredSizeBytes=0 reclaimedBytes=0
2026/09/16 09:28:45 INFO dagql pruned result resultID=6 call=Query.commit digest=xxh3:87af3ded0e7b27f5 args=[] description=commit measuredSizeBytes=0 reclaimedBytes=0
2026/09/16 09:28:45 INFO dagql pruned result resultID=10 call=GitCommit.tree digest="" args=[] description=tree measuredSizeBytes=0 reclaimedBytes=0
2026/09/16 09:28:45 INFO dagql pruned result resultID=11 call=Query.saved-state digest=xxh3:13241ec1fd5393af args=[] description=saved-state measuredSizeBytes=0 reclaimedBytes=0
2026/09/16 09:28:45 INFO dagql pruned result resultID=12 call=HTTPState._resolve digest="" args=[] description=_resolve measuredSizeBytes=0 reclaimedBytes=0
2026/09/16 09:28:45 INFO dagql pruned result resultID=13 call=Query.saved-schema digest=xxh3:efe5f42da6ab32d9 args=[] description=saved-schema measuredSizeBytes=0 reclaimedBytes=0
2026/09/16 09:28:45 INFO dagql pruned result resultID=14 call=Query._builtinContainer digest=xxh3:60f5e1aac6746f44 args=[] description=_builtinContainer measuredSizeBytes=0 reclaimedBytes=0
2026/09/16 09:28:45 INFO discarding dagql cache without persistence hasSQLDB=true hasPersistDB=true
--- PASS: TestEagerProducerSaveReopen (0.02s)
=== RUN   TestError_Extensions
=== RUN   TestError_Extensions/simple_string_value
=== RUN   TestError_Extensions/number_value
=== RUN   TestError_Extensions/boolean_value
=== RUN   TestError_Extensions/null_value
=== RUN   TestError_Extensions/object_value
=== RUN   TestError_Extensions/array_value
=== RUN   TestError_Extensions/multiple_values
=== RUN   TestError_Extensions/empty_values
--- PASS: TestError_Extensions (0.00s)
    --- PASS: TestError_Extensions/simple_string_value (0.00s)
    --- PASS: TestError_Extensions/number_value (0.00s)
    --- PASS: TestError_Extensions/boolean_value (0.00s)
    --- PASS: TestError_Extensions/null_value (0.00s)
    --- PASS: TestError_Extensions/object_value (0.00s)
    --- PASS: TestError_Extensions/array_value (0.00s)
    --- PASS: TestError_Extensions/multiple_values (0.00s)
    --- PASS: TestError_Extensions/empty_values (0.00s)
=== RUN   TestError_Extensions_PreventDoubleEncoding
--- PASS: TestError_Extensions_PreventDoubleEncoding (0.00s)
=== RUN   TestCapturePersistedFilesystemDirectEvaluation
=== RUN   TestCapturePersistedFilesystemDirectEvaluation/File
2026/09/16 09:28:45 INFO start lazy evaluation field=File
2026/09/16 09:28:45 INFO end lazy evaluation field=File duration=56.14µs
    filesystem_capture_test.go:45: capture while File producer body latch held: err=capture persisted record 2: persist state not ready: filesystem body in use payload=
2026/09/16 09:28:45 INFO discarding dagql cache without persistence hasSQLDB=true hasPersistDB=true
=== RUN   TestCapturePersistedFilesystemDirectEvaluation/Directory
2026/09/16 09:28:45 INFO start lazy evaluation field=Directory
2026/09/16 09:28:45 INFO end lazy evaluation field=Directory duration=79.32µs
    filesystem_capture_test.go:45: capture while Directory producer body latch held: err=capture persisted record 2: persist state not ready: filesystem body in use payload=
2026/09/16 09:28:45 INFO discarding dagql cache without persistence hasSQLDB=true hasPersistDB=true
--- PASS: TestCapturePersistedFilesystemDirectEvaluation (0.02s)
    --- PASS: TestCapturePersistedFilesystemDirectEvaluation/File (0.01s)
    --- PASS: TestCapturePersistedFilesystemDirectEvaluation/Directory (0.01s)
=== RUN   TestFilesystemOutputRevision
=== RUN   TestFilesystemOutputRevision/File
=== RUN   TestFilesystemOutputRevision/Directory
--- PASS: TestFilesystemOutputRevision (0.00s)
    --- PASS: TestFilesystemOutputRevision/File (0.00s)
    --- PASS: TestFilesystemOutputRevision/Directory (0.00s)
=== RUN   TestFilesystemPersistenceRetainsBodyLatch
=== RUN   TestFilesystemPersistenceRetainsBodyLatch/File
=== RUN   TestFilesystemPersistenceRetainsBodyLatch/Directory
--- PASS: TestFilesystemPersistenceRetainsBodyLatch (0.00s)
    --- PASS: TestFilesystemPersistenceRetainsBodyLatch/File (0.00s)
    --- PASS: TestFilesystemPersistenceRetainsBodyLatch/Directory (0.00s)
=== RUN   TestFilesystemCompletedProducerPersistence
=== RUN   TestFilesystemCompletedProducerPersistence/Directory
2026/09/16 09:28:45 INFO start lazy evaluation field=Directory.directory
2026/09/16 09:28:45 INFO end lazy evaluation field=Directory.directory duration=97.14µs
2026/09/16 09:28:45 INFO starting dagql cache close hasSQLDB=true hasPersistDB=true
2026/09/16 09:28:45 INFO marking dagql cache clean shutdown
2026/09/16 09:28:45 WARN successfully marked clean shutdown in persistence metadata
2026/09/16 09:28:45 INFO completed dagql cache close successfully
2026/09/16 09:28:45 INFO start lazy evaluation field=Directory.restore
2026/09/16 09:28:45 INFO end lazy evaluation field=Directory.restore duration=51.38µs err="local snapshot unavailable"
2026/09/16 09:28:45 INFO start lazy evaluation field=Directory.restore
2026/09/16 09:28:45 INFO end lazy evaluation field=Directory.restore duration=20.29µs
2026/09/16 09:28:45 INFO discarding dagql cache without persistence hasSQLDB=true hasPersistDB=true
=== RUN   TestFilesystemCompletedProducerPersistence/File
2026/09/16 09:28:45 INFO start lazy evaluation field=File.file
2026/09/16 09:28:45 INFO end lazy evaluation field=File.file duration=84.19µs
2026/09/16 09:28:45 INFO starting dagql cache close hasSQLDB=true hasPersistDB=true
2026/09/16 09:28:45 INFO marking dagql cache clean shutdown
2026/09/16 09:28:45 WARN successfully marked clean shutdown in persistence metadata
2026/09/16 09:28:45 INFO completed dagql cache close successfully
2026/09/16 09:28:45 INFO start lazy evaluation field=File.restore
2026/09/16 09:28:45 INFO end lazy evaluation field=File.restore duration=57.22µs err="local snapshot unavailable"
2026/09/16 09:28:45 INFO start lazy evaluation field=File.restore
2026/09/16 09:28:45 INFO end lazy evaluation field=File.restore duration=30.119µs
2026/09/16 09:28:45 INFO discarding dagql cache without persistence hasSQLDB=true hasPersistDB=true
=== RUN   TestFilesystemCompletedProducerPersistence/Container.rootfs
2026/09/16 09:28:45 INFO start lazy evaluation field=Container.rootfs
2026/09/16 09:28:45 INFO end lazy evaluation field=Container.rootfs duration=47.41µs
2026/09/16 09:28:45 INFO starting dagql cache close hasSQLDB=true hasPersistDB=true
2026/09/16 09:28:45 INFO marking dagql cache clean shutdown
2026/09/16 09:28:45 WARN successfully marked clean shutdown in persistence metadata
2026/09/16 09:28:45 INFO completed dagql cache close successfully
2026/09/16 09:28:45 INFO start lazy evaluation field=Directory.restore
2026/09/16 09:28:45 INFO end lazy evaluation field=Directory.restore duration=42.179µs err="local snapshot unavailable"
2026/09/16 09:28:45 INFO start lazy evaluation field=Directory.restore
2026/09/16 09:28:45 INFO end lazy evaluation field=Directory.restore duration=15.05µs
2026/09/16 09:28:45 INFO discarding dagql cache without persistence hasSQLDB=true hasPersistDB=true
--- PASS: TestFilesystemCompletedProducerPersistence (0.04s)
    --- PASS: TestFilesystemCompletedProducerPersistence/Directory (0.02s)
    --- PASS: TestFilesystemCompletedProducerPersistence/File (0.01s)
    --- PASS: TestFilesystemCompletedProducerPersistence/Container.rootfs (0.01s)
=== RUN   TestForeignModuleContextReaders
=== RUN   TestForeignModuleContextReaders/dependency
=== RUN   TestForeignModuleContextReaders/stat
=== RUN   TestForeignModuleContextReaders/exists
=== RUN   TestForeignModuleContextReaders/directory
=== RUN   TestForeignModuleContextReaders/file
=== RUN   TestForeignModuleContextReaders/git
=== RUN   TestForeignModuleContextReaders/env
2026/09/16 09:28:45 INFO discarding dagql cache without persistence hasSQLDB=true hasPersistDB=true
--- PASS: TestForeignModuleContextReaders (0.01s)
    --- PASS: TestForeignModuleContextReaders/dependency (0.00s)
    --- PASS: TestForeignModuleContextReaders/stat (0.00s)
    --- PASS: TestForeignModuleContextReaders/exists (0.00s)
    --- PASS: TestForeignModuleContextReaders/directory (0.00s)
    --- PASS: TestForeignModuleContextReaders/file (0.00s)
    --- PASS: TestForeignModuleContextReaders/git (0.00s)
    --- PASS: TestForeignModuleContextReaders/env (0.00s)
=== RUN   TestModuleLoadFailureRegenerated
=== PAUSE TestModuleLoadFailureRegenerated
=== RUN   TestResolveGitBundleTargetPreservesAnnotatedTag
--- PASS: TestResolveGitBundleTargetPreservesAnnotatedTag (0.00s)
=== RUN   TestParseGitBundleHeader
=== RUN   TestParseGitBundleHeader/version_2
=== RUN   TestParseGitBundleHeader/version_3_sha256_with_prerequisite
=== RUN   TestParseGitBundleHeader/unsupported_capability
=== RUN   TestParseGitBundleHeader/no_refs
=== RUN   TestParseGitBundleHeader/duplicate_ref
=== RUN   TestParseGitBundleHeader/late_capability
=== RUN   TestParseGitBundleHeader/missing_ref_name
=== RUN   TestParseGitBundleHeader/duplicate_capability
=== RUN   TestParseGitBundleHeader/bad_signature
=== RUN   TestParseGitBundleHeader/bad_object_id
=== RUN   TestParseGitBundleHeader/truncated_header
=== RUN   TestParseGitBundleHeader/bad_object_format
=== RUN   TestParseGitBundleHeader/v2_with_capability
--- PASS: TestParseGitBundleHeader (0.00s)
    --- PASS: TestParseGitBundleHeader/version_2 (0.00s)
    --- PASS: TestParseGitBundleHeader/version_3_sha256_with_prerequisite (0.00s)
    --- PASS: TestParseGitBundleHeader/unsupported_capability (0.00s)
    --- PASS: TestParseGitBundleHeader/no_refs (0.00s)
    --- PASS: TestParseGitBundleHeader/duplicate_ref (0.00s)
    --- PASS: TestParseGitBundleHeader/late_capability (0.00s)
    --- PASS: TestParseGitBundleHeader/missing_ref_name (0.00s)
    --- PASS: TestParseGitBundleHeader/duplicate_capability (0.00s)
    --- PASS: TestParseGitBundleHeader/bad_signature (0.00s)
    --- PASS: TestParseGitBundleHeader/bad_object_id (0.00s)
    --- PASS: TestParseGitBundleHeader/truncated_header (0.00s)
    --- PASS: TestParseGitBundleHeader/bad_object_format (0.00s)
    --- PASS: TestParseGitBundleHeader/v2_with_capability (0.00s)
=== RUN   TestParseGitBundleHeaderRefLimit
--- PASS: TestParseGitBundleHeaderRefLimit (0.00s)
=== RUN   TestInspectGitBundleFileSafeguards
=== RUN   TestInspectGitBundleFileSafeguards/valid_envelope
=== RUN   TestInspectGitBundleFileSafeguards/truncated
=== RUN   TestInspectGitBundleFileSafeguards/corrupt
=== RUN   TestInspectGitBundleFileSafeguards/object_count
=== RUN   TestInspectGitBundleFileSafeguards/file_size
--- PASS: TestInspectGitBundleFileSafeguards (0.00s)
    --- PASS: TestInspectGitBundleFileSafeguards/valid_envelope (0.00s)
    --- PASS: TestInspectGitBundleFileSafeguards/truncated (0.00s)
    --- PASS: TestInspectGitBundleFileSafeguards/corrupt (0.00s)
    --- PASS: TestInspectGitBundleFileSafeguards/object_count (0.00s)
    --- PASS: TestInspectGitBundleFileSafeguards/file_size (0.00s)
=== RUN   TestParseGitCommitMetadata
--- PASS: TestParseGitCommitMetadata (0.00s)
=== RUN   TestParseGitCommitMetadataLenientTimezone
--- PASS: TestParseGitCommitMetadataLenientTimezone (0.00s)
=== RUN   TestParseGitTimezoneOffset
--- PASS: TestParseGitTimezoneOffset (0.00s)
=== RUN   TestGitCompletedProducersEvaluate
2026/09/16 09:28:45 INFO start lazy evaluation field=GitRepository.__cleaned
2026/09/16 09:28:45 INFO end lazy evaluation field=GitRepository.__cleaned duration=23.546397ms
=== RUN   TestGitCompletedProducersEvaluate/false-false-false
2026/09/16 09:28:45 INFO start lazy evaluation field=GitRef.tree
2026/09/16 09:28:45 INFO end lazy evaluation field=GitRef.tree duration=94.865538ms
=== RUN   TestGitCompletedProducersEvaluate/false-false-true
2026/09/16 09:28:45 INFO start lazy evaluation field=GitCommit.tree
2026/09/16 09:28:46 INFO end lazy evaluation field=GitCommit.tree duration=96.043137ms
=== RUN   TestGitCompletedProducersEvaluate/false-true-false
2026/09/16 09:28:46 INFO start lazy evaluation field=GitRef.tree
2026/09/16 09:28:46 INFO end lazy evaluation field=GitRef.tree duration=93.335089ms
=== RUN   TestGitCompletedProducersEvaluate/false-true-true
2026/09/16 09:28:46 INFO start lazy evaluation field=GitCommit.tree
2026/09/16 09:28:46 INFO end lazy evaluation field=GitCommit.tree duration=96.390046ms
=== RUN   TestGitCompletedProducersEvaluate/true-false-false
2026/09/16 09:28:46 INFO start lazy evaluation field=GitRef.tree
2026/09/16 09:28:46 INFO end lazy evaluation field=GitRef.tree duration=92.51549ms
=== RUN   TestGitCompletedProducersEvaluate/true-false-true
2026/09/16 09:28:46 INFO start lazy evaluation field=GitCommit.tree
2026/09/16 09:28:46 INFO end lazy evaluation field=GitCommit.tree duration=89.740903ms
=== RUN   TestGitCompletedProducersEvaluate/true-true-false
2026/09/16 09:28:47 INFO start lazy evaluation field=GitRef.tree
2026/09/16 09:28:47 INFO end lazy evaluation field=GitRef.tree duration=86.194206ms
=== RUN   TestGitCompletedProducersEvaluate/true-true-true
2026/09/16 09:28:47 INFO start lazy evaluation field=GitCommit.tree
2026/09/16 09:28:47 INFO end lazy evaluation field=GitCommit.tree duration=88.809344ms
2026/09/16 09:28:47 INFO start lazy evaluation field=GitRepository.__cleaned
2026/09/16 09:28:47 INFO end lazy evaluation field=GitRepository.__cleaned duration=9.64202ms err="git cleaned producer: saved input has no worktree"
2026/09/16 09:28:47 INFO discarding dagql cache without persistence hasSQLDB=false hasPersistDB=false
--- PASS: TestGitCompletedProducersEvaluate (2.05s)
    --- PASS: TestGitCompletedProducersEvaluate/false-false-false (0.23s)
    --- PASS: TestGitCompletedProducersEvaluate/false-false-true (0.26s)
    --- PASS: TestGitCompletedProducersEvaluate/false-true-false (0.24s)
    --- PASS: TestGitCompletedProducersEvaluate/false-true-true (0.24s)
    --- PASS: TestGitCompletedProducersEvaluate/true-false-false (0.21s)
    --- PASS: TestGitCompletedProducersEvaluate/true-false-true (0.23s)
    --- PASS: TestGitCompletedProducersEvaluate/true-true-false (0.21s)
    --- PASS: TestGitCompletedProducersEvaluate/true-true-true (0.21s)
=== RUN   TestGitCompletedProducersRemoteEvaluate
2026/09/16 09:28:47 INFO start lazy evaluation field=GitRef.tree
2026/09/16 09:28:47 INFO end lazy evaluation field=GitRef.tree duration=250.862517ms
2026/09/16 09:28:47 INFO start lazy evaluation field=GitCommit.tree
2026/09/16 09:28:48 INFO end lazy evaluation field=GitCommit.tree duration=211.191696ms
2026/09/16 09:28:48 INFO discarding dagql cache without persistence hasSQLDB=false hasPersistDB=false
--- PASS: TestGitCompletedProducersRemoteEvaluate (0.75s)
=== RUN   TestGitBundleCompletedProducerEvaluate
=== RUN   TestGitBundleCompletedProducerEvaluate/false
2026/09/16 09:28:48 INFO start lazy evaluation field=GitRepository.__withBundleDirectory
2026/09/16 09:28:48 INFO end lazy evaluation field=GitRepository.__withBundleDirectory duration=58.980393ms
2026/09/16 09:28:48 INFO start lazy evaluation field=GitRepository.__withBundleDirectory
2026/09/16 09:28:48 INFO end lazy evaluation field=GitRepository.__withBundleDirectory duration=22.097439ms err="git bundle header changed after parsing"
=== RUN   TestGitBundleCompletedProducerEvaluate/false/ref_order
2026/09/16 09:28:48 INFO start lazy evaluation field=GitRepository.__withBundleDirectory
2026/09/16 09:28:48 INFO end lazy evaluation field=GitRepository.__withBundleDirectory duration=25.935065ms err="git bundle header changed after parsing"
=== RUN   TestGitBundleCompletedProducerEvaluate/false/object_format
2026/09/16 09:28:48 INFO start lazy evaluation field=GitRepository.__withBundleDirectory
2026/09/16 09:28:48 INFO end lazy evaluation field=GitRepository.__withBundleDirectory duration=31.18299ms err="import git bundle prerequisites : git bundle object format is sha1, repository object format is sha256"
=== RUN   TestGitBundleCompletedProducerEvaluate/false/malformed
2026/09/16 09:28:48 INFO start lazy evaluation field=GitRepository.__withBundleDirectory
2026/09/16 09:28:48 INFO end lazy evaluation field=GitRepository.__withBundleDirectory duration=22.463498ms err="invalid git bundle signature \"invalid bundle\""
=== RUN   TestGitBundleCompletedProducerEvaluate/false/oversize
2026/09/16 09:28:48 INFO start lazy evaluation field=GitRepository.__withBundleDirectory
2026/09/16 09:28:48 INFO end lazy evaluation field=GitRepository.__withBundleDirectory duration=8.383752ms err="git bundle size 134217729 exceeds limit 134217728"
=== RUN   TestGitBundleCompletedProducerEvaluate/true
2026/09/16 09:28:48 INFO start lazy evaluation field=GitRepository.__withBundleDirectory
2026/09/16 09:28:48 INFO end lazy evaluation field=GitRepository.__withBundleDirectory duration=75.416897ms
=== RUN   TestGitBundleCompletedProducerEvaluate/true/advanced_prerequisite_hint_on_decoded_repository
2026/09/16 09:28:49 INFO start lazy evaluation field=GitRepository.__withBundleDirectory
2026/09/16 09:28:49 INFO end lazy evaluation field=GitRepository.__withBundleDirectory duration=160.246335ms
2026/09/16 09:28:49 INFO start lazy evaluation field=GitRepository.__withBundleDirectory
2026/09/16 09:28:49 INFO end lazy evaluation field=GitRepository.__withBundleDirectory duration=35.094586ms err="import git bundle prerequisites babbd660152fb892a03249e5b90da62ef734606b: git bundle prerequisite babbd660152fb892a03249e5b90da62ef734606b is not available from the repository"
2026/09/16 09:28:49 INFO start lazy evaluation field=GitRepository.__withBundleDirectory
2026/09/16 09:28:49 INFO end lazy evaluation field=GitRepository.__withBundleDirectory duration=22.095969ms err="git bundle header changed after parsing"
2026/09/16 09:28:49 INFO discarding dagql cache without persistence hasSQLDB=false hasPersistDB=false
--- PASS: TestGitBundleCompletedProducerEvaluate (1.12s)
    --- PASS: TestGitBundleCompletedProducerEvaluate/false (0.45s)
        --- PASS: TestGitBundleCompletedProducerEvaluate/false/ref_order (0.05s)
        --- PASS: TestGitBundleCompletedProducerEvaluate/false/object_format (0.08s)
        --- PASS: TestGitBundleCompletedProducerEvaluate/false/malformed (0.05s)
        --- PASS: TestGitBundleCompletedProducerEvaluate/false/oversize (0.03s)
    --- PASS: TestGitBundleCompletedProducerEvaluate/true (0.59s)
        --- PASS: TestGitBundleCompletedProducerEvaluate/true/advanced_prerequisite_hint_on_decoded_repository (0.26s)
=== RUN   TestSelectLatestGitRef
=== PAUSE TestSelectLatestGitRef
=== RUN   TestSelectLatestGitRefWithTagPrefix
=== PAUSE TestSelectLatestGitRefWithTagPrefix
=== RUN   TestSelectLatestGitRefFallsBackToHead
=== PAUSE TestSelectLatestGitRefFallsBackToHead
=== RUN   TestSelectLatestGitRefAnnotatedTag
=== PAUSE TestSelectLatestGitRefAnnotatedTag
=== RUN   TestSelectLatestGitRefOnlyPrereleasesFallsBackToHead
=== PAUSE TestSelectLatestGitRefOnlyPrereleasesFallsBackToHead
=== RUN   TestSelectLatestGitRefRejectsEquivalentVersions
=== PAUSE TestSelectLatestGitRefRejectsEquivalentVersions
=== RUN   TestSelectLatestGitRefAcceptsEquivalentVersionsWithSameSHA
=== PAUSE TestSelectLatestGitRefAcceptsEquivalentVersionsWithSameSHA
=== RUN   TestSelectLatestGitRefPrefersCompleteAliasAtDifferentCommit
=== PAUSE TestSelectLatestGitRefPrefersCompleteAliasAtDifferentCommit
=== RUN   TestSelectLatestGitRefAcceptsCalver
=== PAUSE TestSelectLatestGitRefAcceptsCalver
=== RUN   TestSelectGitRefWithVersionQuery
=== PAUSE TestSelectGitRefWithVersionQuery
=== RUN   TestSelectGitRefWithVersionQueryFallsBackToBranch
=== PAUSE TestSelectGitRefWithVersionQueryFallsBackToBranch
=== RUN   TestSelectGitRefWithVersionQueryPrefersTags
=== PAUSE TestSelectGitRefWithVersionQueryPrefersTags
=== RUN   TestValidateGitLatestRef
=== PAUSE TestValidateGitLatestRef
=== RUN   TestValidateGitLatestRefWithTagPrefix
=== PAUSE TestValidateGitLatestRefWithTagPrefix
=== RUN   TestGitRepositoryCloneWithBackendResetsRemoteMetadata
=== PAUSE TestGitRepositoryCloneWithBackendResetsRemoteMetadata
=== RUN   TestRemoteFromCacheResultAcceptsStringPayload
--- PASS: TestRemoteFromCacheResultAcceptsStringPayload (0.00s)
=== RUN   TestRemoteFromCacheResultRejectsInvalidPayload
--- PASS: TestRemoteFromCacheResultRejectsInvalidPayload (0.00s)
=== RUN   TestRemoteMetadataCacheKeyIsolation
--- PASS: TestRemoteMetadataCacheKeyIsolation (0.00s)
=== RUN   TestNamedFetchRefSpecs
--- PASS: TestNamedFetchRefSpecs (0.00s)
=== RUN   TestNamedFetchRefSpecsChangesWithPinnedSHA
--- PASS: TestNamedFetchRefSpecsChangesWithPinnedSHA (0.00s)
=== RUN   TestNamespaceObjects
=== PAUSE TestNamespaceObjects
=== RUN   TestTypeDefWithNameVerbatim
=== PAUSE TestTypeDefWithNameVerbatim
=== RUN   TestEnumMemberNameFormatting
=== PAUSE TestEnumMemberNameFormatting
=== RUN   TestHostFindUpAllPrefersExistsFS
=== PAUSE TestHostFindUpAllPrefersExistsFS
=== RUN   TestHostFindUpAllFallsBackToStatFS
=== PAUSE TestHostFindUpAllFallsBackToStatFS
=== RUN   TestJSONNullRoundTripPreservesNil
=== PAUSE TestJSONNullRoundTripPreservesNil
=== RUN   TestJSONStringRoundTripPreservesBytes
=== PAUSE TestJSONStringRoundTripPreservesBytes
=== RUN   TestLLMEndpointCredentialOutlivesRoutingScope
--- PASS: TestLLMEndpointCredentialOutlivesRoutingScope (0.02s)
=== RUN   TestLLMEndpointResolvesCredentialPerRequest
=== RUN   TestLLMEndpointResolvesCredentialPerRequest/clones_share_the_live_credential
=== RUN   TestLLMEndpointResolvesCredentialPerRequest/withModel_re-routes
--- PASS: TestLLMEndpointResolvesCredentialPerRequest (0.01s)
    --- PASS: TestLLMEndpointResolvesCredentialPerRequest/clones_share_the_live_credential (0.00s)
    --- PASS: TestLLMEndpointResolvesCredentialPerRequest/withModel_re-routes (0.00s)
=== RUN   TestLLMEndpointHonorsReportedExpiry
--- PASS: TestLLMEndpointHonorsReportedExpiry (0.00s)
=== RUN   TestLLMAuthFailureRetriesOnceWithFreshToken
--- PASS: TestLLMAuthFailureRetriesOnceWithFreshToken (1.17s)
=== RUN   TestLLMAuthFailureWithoutSourceIsPermanent
--- PASS: TestLLMAuthFailureWithoutSourceIsPermanent (0.00s)
=== RUN   TestAnthropicClientWithoutSourceKeepsBakedToken
--- PASS: TestAnthropicClientWithoutSourceKeepsBakedToken (0.00s)
=== RUN   TestCodexClientRotatesAccountIDWithToken
--- PASS: TestCodexClientRotatesAccountIDWithToken (0.00s)
=== RUN   TestLLMCredentialResolvesAgainstLoadingClient
--- PASS: TestLLMCredentialResolvesAgainstLoadingClient (0.00s)
=== RUN   TestLLMEndpointConcurrentCloneAndResolve
--- PASS: TestLLMEndpointConcurrentCloneAndResolve (0.00s)
=== RUN   TestEstimateContextTokensUsesLastUsageAndTrailingMessages
--- PASS: TestEstimateContextTokensUsesLastUsageAndTrailingMessages (0.00s)
=== RUN   TestEstimateContextTokensFallsBackToMessageEstimates
--- PASS: TestEstimateContextTokensFallsBackToMessageEstimates (0.00s)
=== RUN   TestHistoryPreserved
=== RUN   TestHistoryPreserved/identical_history_is_preserved
=== RUN   TestHistoryPreserved/appended_history_is_preserved
=== RUN   TestHistoryPreserved/equal-by-value_(not_pointer)_history_is_preserved
=== RUN   TestHistoryPreserved/fresh_conversation_is_not_preserved
=== RUN   TestHistoryPreserved/truncated_history_is_not_preserved
=== RUN   TestHistoryPreserved/rewritten_history_is_not_preserved
=== RUN   TestHistoryPreserved/empty_current_is_preserved_by_anything
=== RUN   TestHistoryPreserved/nil_is_never_preserved
--- PASS: TestHistoryPreserved (0.00s)
    --- PASS: TestHistoryPreserved/identical_history_is_preserved (0.00s)
    --- PASS: TestHistoryPreserved/appended_history_is_preserved (0.00s)
    --- PASS: TestHistoryPreserved/equal-by-value_(not_pointer)_history_is_preserved (0.00s)
    --- PASS: TestHistoryPreserved/fresh_conversation_is_not_preserved (0.00s)
    --- PASS: TestHistoryPreserved/truncated_history_is_not_preserved (0.00s)
    --- PASS: TestHistoryPreserved/rewritten_history_is_not_preserved (0.00s)
    --- PASS: TestHistoryPreserved/empty_current_is_preserved_by_anything (0.00s)
    --- PASS: TestHistoryPreserved/nil_is_never_preserved (0.00s)
=== RUN   TestMessagesEqual
--- PASS: TestMessagesEqual (0.00s)
=== RUN   TestSummarizeToolsetChange
=== RUN   TestSummarizeToolsetChange/added_tools_are_listed
=== RUN   TestSummarizeToolsetChange/removed_tools_are_listed
=== RUN   TestSummarizeToolsetChange/unchanged_toolset_reports_its_size
=== RUN   TestSummarizeToolsetChange/unknown_previous_toolset_reports_everything_as_added
--- PASS: TestSummarizeToolsetChange (0.00s)
    --- PASS: TestSummarizeToolsetChange/added_tools_are_listed (0.00s)
    --- PASS: TestSummarizeToolsetChange/removed_tools_are_listed (0.00s)
    --- PASS: TestSummarizeToolsetChange/unchanged_toolset_reports_its_size (0.00s)
    --- PASS: TestSummarizeToolsetChange/unknown_previous_toolset_reports_everything_as_added (0.00s)
=== RUN   TestSummarizeContinuation
=== RUN   TestSummarizeContinuation/preserved_history_says_nothing_extra
=== RUN   TestSummarizeContinuation/replaced_history_is_reported
--- PASS: TestSummarizeContinuation (0.00s)
    --- PASS: TestSummarizeContinuation/preserved_history_says_nothing_extra (0.00s)
    --- PASS: TestSummarizeContinuation/replaced_history_is_reported (0.00s)
=== RUN   TestToolResultSelectors
=== RUN   TestToolResultSelectors/result_whose_call_is_in_the_adopted_history_appends_normally
=== RUN   TestToolResultSelectors/result_for_a_call_in_an_earlier_assistant_turn_degrades_to_a_user_message
=== RUN   TestToolResultSelectors/result_for_a_call_already_answered_degrades_to_a_user_message
=== RUN   TestToolResultSelectors/sibling_results_already_appended_do_not_orphan_the_call
=== RUN   TestToolResultSelectors/orphaned_result_degrades_to_a_user_message
=== RUN   TestToolResultSelectors/unknown_tool_name_falls_back_to_the_call_ID
=== RUN   TestToolResultSelectors/a_nil_target_keeps_tool_results_as_tool_results
--- PASS: TestToolResultSelectors (0.00s)
    --- PASS: TestToolResultSelectors/result_whose_call_is_in_the_adopted_history_appends_normally (0.00s)
    --- PASS: TestToolResultSelectors/result_for_a_call_in_an_earlier_assistant_turn_degrades_to_a_user_message (0.00s)
    --- PASS: TestToolResultSelectors/result_for_a_call_already_answered_degrades_to_a_user_message (0.00s)
    --- PASS: TestToolResultSelectors/sibling_results_already_appended_do_not_orphan_the_call (0.00s)
    --- PASS: TestToolResultSelectors/orphaned_result_degrades_to_a_user_message (0.00s)
    --- PASS: TestToolResultSelectors/unknown_tool_name_falls_back_to_the_call_ID (0.00s)
    --- PASS: TestToolResultSelectors/a_nil_target_keeps_tool_results_as_tool_results (0.00s)
=== RUN   TestSplitContinuationCalls
--- PASS: TestSplitContinuationCalls (0.00s)
=== RUN   TestStateRingsAndContinuationsAreExclusiveOutOfOrder
=== RUN   TestStateRingsAndContinuationsAreExclusiveOutOfOrder/state_rings_refuse_after_a_continuation
=== RUN   TestStateRingsAndContinuationsAreExclusiveOutOfOrder/SetSelfLLM_resets_the_divergence_flag
--- PASS: TestStateRingsAndContinuationsAreExclusiveOutOfOrder (0.00s)
    --- PASS: TestStateRingsAndContinuationsAreExclusiveOutOfOrder/state_rings_refuse_after_a_continuation (0.00s)
    --- PASS: TestStateRingsAndContinuationsAreExclusiveOutOfOrder/SetSelfLLM_resets_the_divergence_flag (0.00s)
=== RUN   TestCredentialTransportRefreshesPerRequest
--- PASS: TestCredentialTransportRefreshesPerRequest (0.00s)
=== RUN   TestCredentialTransportLeavesRequestUnmodified
--- PASS: TestCredentialTransportLeavesRequestUnmodified (0.00s)
=== RUN   TestCredentialTransportDoesNotRestoreInvalidatedSDKToken
--- PASS: TestCredentialTransportDoesNotRestoreInvalidatedSDKToken (0.00s)
=== RUN   TestCredentialSourceRejectOnlyCurrentToken
--- PASS: TestCredentialSourceRejectOnlyCurrentToken (0.00s)
=== RUN   TestCredentialTransportNoSourceIsPassthrough
--- PASS: TestCredentialTransportNoSourceIsPassthrough (0.00s)
=== RUN   TestCredentialSourceCollapsesBursts
--- PASS: TestCredentialSourceCollapsesBursts (0.00s)
=== RUN   TestCredentialSourceExpiresAtHorizon
--- PASS: TestCredentialSourceExpiresAtHorizon (0.00s)
=== RUN   TestCredentialSourceMaxTTL
--- PASS: TestCredentialSourceMaxTTL (0.00s)
=== RUN   TestCredentialSourceUnknownExpiryFallsBackToTTL
--- PASS: TestCredentialSourceUnknownExpiryFallsBackToTTL (0.00s)
=== RUN   TestParseCredentialExpiry
--- PASS: TestParseCredentialExpiry (0.00s)
=== RUN   TestCredentialSourceFallsBackToStale
--- PASS: TestCredentialSourceFallsBackToStale (0.00s)
=== RUN   TestCredentialSourceInvalidate
--- PASS: TestCredentialSourceInvalidate (0.00s)
=== RUN   TestCredentialReloaderReadsTokenBeforeExpiry
--- PASS: TestCredentialReloaderReadsTokenBeforeExpiry (0.00s)
=== RUN   TestCredentialReloaderTolerance
=== RUN   TestCredentialReloaderTolerance/no_token_means_no_credential_and_no_expiry_lookup
=== RUN   TestCredentialReloaderTolerance/unreadable_expiry_is_unknown,_not_fatal
=== RUN   TestCredentialReloaderTolerance/garbage_expiry_is_unknown,_not_expired
=== RUN   TestCredentialReloaderTolerance/failed_token_lookup_is_fatal
--- PASS: TestCredentialReloaderTolerance (0.00s)
    --- PASS: TestCredentialReloaderTolerance/no_token_means_no_credential_and_no_expiry_lookup (0.00s)
    --- PASS: TestCredentialReloaderTolerance/unreadable_expiry_is_unknown,_not_fatal (0.00s)
    --- PASS: TestCredentialReloaderTolerance/garbage_expiry_is_unknown,_not_expired (0.00s)
    --- PASS: TestCredentialReloaderTolerance/failed_token_lookup_is_fatal (0.00s)
=== RUN   TestCredentialResolverDetach
--- PASS: TestCredentialResolverDetach (0.00s)
=== RUN   TestCredentialApplierCodex
--- PASS: TestCredentialApplierCodex (0.00s)
=== RUN   TestGenaiNullableSchema
--- PASS: TestGenaiNullableSchema (0.00s)
=== RUN   TestDecodeThoughtSignature
--- PASS: TestDecodeThoughtSignature (0.00s)
=== RUN   TestGenaiThinkingConfig
--- PASS: TestGenaiThinkingConfig (0.00s)
=== RUN   TestGenaiThinkingRoundTrip
--- PASS: TestGenaiThinkingRoundTrip (0.00s)
=== RUN   TestGenaiThinkingCapture
--- PASS: TestGenaiThinkingCapture (0.00s)
=== RUN   TestGenaiParallelToolCallIDs
--- PASS: TestGenaiParallelToolCallIDs (0.00s)
=== RUN   TestGenaiToolCallUsesProvidedID
--- PASS: TestGenaiToolCallUsesProvidedID (0.00s)
=== RUN   TestGenaiToolCallIDRoundTrip
--- PASS: TestGenaiToolCallIDRoundTrip (0.00s)
=== RUN   TestGenaiTextAnswerSignature
--- PASS: TestGenaiTextAnswerSignature (0.00s)
=== RUN   TestGenaiMultipleThinkingSegments
--- PASS: TestGenaiMultipleThinkingSegments (0.00s)
=== RUN   TestNormalizeModelID
--- PASS: TestNormalizeModelID (0.00s)
=== RUN   TestLookupCatalogModel
--- PASS: TestLookupCatalogModel (0.00s)
=== RUN   TestClampMaxTokensToContext
--- PASS: TestClampMaxTokensToContext (0.00s)
=== RUN   TestObjectToolEligible
--- PASS: TestObjectToolEligible (0.00s)
=== RUN   TestObjectMethodSchema
--- PASS: TestObjectMethodSchema (0.00s)
=== RUN   TestLiftableObjectArg
--- PASS: TestLiftableObjectArg (0.00s)
=== RUN   TestArgTypeToJSONSchema
--- PASS: TestArgTypeToJSONSchema (0.00s)
=== RUN   TestCombineSpanResult
--- PASS: TestCombineSpanResult (0.00s)
=== RUN   TestDirectLogs
--- PASS: TestDirectLogs (0.00s)
=== RUN   TestStandaloneToolsTreatLLMArgsAsUnsatisfiable
--- PASS: TestStandaloneToolsTreatLLMArgsAsUnsatisfiable (0.00s)
=== RUN   TestBoundToolsUseTheirDefiningSchemaAuthoritatively
=== RUN   TestBoundToolsUseTheirDefiningSchemaAuthoritatively/lazy
=== RUN   TestBoundToolsUseTheirDefiningSchemaAuthoritatively/dispatch
=== RUN   TestBoundToolsUseTheirDefiningSchemaAuthoritatively/dispatch/eager
=== RUN   TestBoundToolsUseTheirDefiningSchemaAuthoritatively/dispatch/lazy_load
=== RUN   TestBoundToolsUseTheirDefiningSchemaAuthoritatively/dispatch/state_return
=== RUN   TestBoundToolsUseTheirDefiningSchemaAuthoritatively/dispatch/dependency_attachment
--- PASS: TestBoundToolsUseTheirDefiningSchemaAuthoritatively (0.00s)
    --- PASS: TestBoundToolsUseTheirDefiningSchemaAuthoritatively/lazy (0.00s)
    --- PASS: TestBoundToolsUseTheirDefiningSchemaAuthoritatively/dispatch (0.00s)
        --- PASS: TestBoundToolsUseTheirDefiningSchemaAuthoritatively/dispatch/eager (0.00s)
        --- PASS: TestBoundToolsUseTheirDefiningSchemaAuthoritatively/dispatch/lazy_load (0.00s)
        --- PASS: TestBoundToolsUseTheirDefiningSchemaAuthoritatively/dispatch/state_return (0.00s)
        --- PASS: TestBoundToolsUseTheirDefiningSchemaAuthoritatively/dispatch/dependency_attachment (0.00s)
=== RUN   TestBuildObjectMethodSelector
=== RUN   TestBuildObjectMethodSelector/explicit_null_decodes_for_a_nullable_argument
=== RUN   TestBuildObjectMethodSelector/address_string_lifts_into_the_object
=== RUN   TestBuildObjectMethodSelector/a_real_ID_still_decodes_directly
=== RUN   TestBuildObjectMethodSelector/unresolvable_address_reports_both_attempts
=== RUN   TestBuildObjectMethodSelector/non-string_values_surface_the_plain_decode_error
=== RUN   TestBuildObjectMethodSelector/non-addressable_args_do_not_lift
=== RUN   TestBuildObjectMethodSelector/addressable-but-not-liftable_args_do_not_lift
--- PASS: TestBuildObjectMethodSelector (0.00s)
    --- PASS: TestBuildObjectMethodSelector/explicit_null_decodes_for_a_nullable_argument (0.00s)
    --- PASS: TestBuildObjectMethodSelector/address_string_lifts_into_the_object (0.00s)
    --- PASS: TestBuildObjectMethodSelector/a_real_ID_still_decodes_directly (0.00s)
    --- PASS: TestBuildObjectMethodSelector/unresolvable_address_reports_both_attempts (0.00s)
    --- PASS: TestBuildObjectMethodSelector/non-string_values_surface_the_plain_decode_error (0.00s)
    --- PASS: TestBuildObjectMethodSelector/non-addressable_args_do_not_lift (0.00s)
    --- PASS: TestBuildObjectMethodSelector/addressable-but-not-liftable_args_do_not_lift (0.00s)
=== RUN   TestLLMTransportSpanInternal
=== RUN   TestLLMTransportSpanInternal/success_stays_hidden
=== RUN   TestLLMTransportSpanInternal/error_is_revealed
--- PASS: TestLLMTransportSpanInternal (0.00s)
    --- PASS: TestLLMTransportSpanInternal/success_stays_hidden (0.00s)
    --- PASS: TestLLMTransportSpanInternal/error_is_revealed (0.00s)
=== RUN   TestIsStreamingResponse
=== RUN   TestIsStreamingResponse/openai_stream_body,_json_response_CT
=== RUN   TestIsStreamingResponse/anthropic_accept_header_+_event-stream_CT
=== RUN   TestIsStreamingResponse/response_CT_fallback
=== RUN   TestIsStreamingResponse/non-streaming_request_buffers
=== RUN   TestIsStreamingResponse/streaming_request_that_errors_is_buffered
--- PASS: TestIsStreamingResponse (0.00s)
    --- PASS: TestIsStreamingResponse/openai_stream_body,_json_response_CT (0.00s)
    --- PASS: TestIsStreamingResponse/anthropic_accept_header_+_event-stream_CT (0.00s)
    --- PASS: TestIsStreamingResponse/response_CT_fallback (0.00s)
    --- PASS: TestIsStreamingResponse/non-streaming_request_buffers (0.00s)
    --- PASS: TestIsStreamingResponse/streaming_request_that_errors_is_buffered (0.00s)
=== RUN   TestMessageSpansCarryGenAIAgentIdentity
--- PASS: TestMessageSpansCarryGenAIAgentIdentity (0.00s)
=== RUN   TestDisplayToolArgsAreLineTerminatedOnce
=== RUN   TestDisplayToolArgsAreLineTerminatedOnce/trailing-newline-false
=== RUN   TestDisplayToolArgsAreLineTerminatedOnce/trailing-newline-true
--- PASS: TestDisplayToolArgsAreLineTerminatedOnce (0.00s)
    --- PASS: TestDisplayToolArgsAreLineTerminatedOnce/trailing-newline-false (0.00s)
    --- PASS: TestDisplayToolArgsAreLineTerminatedOnce/trailing-newline-true (0.00s)
=== RUN   TestEmitHistoryPreservesHeaderArgsAndTerminatesJSON
--- PASS: TestEmitHistoryPreservesHeaderArgsAndTerminatesJSON (0.00s)
=== RUN   TestEmitHistoryEmitsAuthoritativePatchResult
--- PASS: TestEmitHistoryEmitsAuthoritativePatchResult (0.00s)
=== RUN   TestRecordedResponseProviderEmitsPerToolCallDisplaySpans
--- PASS: TestRecordedResponseProviderEmitsPerToolCallDisplaySpans (0.00s)
=== RUN   TestParseSkillFrontmatter
=== RUN   TestParseSkillFrontmatter/name_and_description
=== RUN   TestParseSkillFrontmatter/description_with_a_colon_and_em_dash
=== RUN   TestParseSkillFrontmatter/tolerates_a_leading_BOM
=== RUN   TestParseSkillFrontmatter/missing_frontmatter
=== RUN   TestParseSkillFrontmatter/unterminated_frontmatter
=== RUN   TestParseSkillFrontmatter/terminator_must_be_exactly_---
=== RUN   TestParseSkillFrontmatter/terminator_as_the_final_line_without_a_newline
=== RUN   TestParseSkillFrontmatter/CRLF_line_endings
--- PASS: TestParseSkillFrontmatter (0.00s)
    --- PASS: TestParseSkillFrontmatter/name_and_description (0.00s)
    --- PASS: TestParseSkillFrontmatter/description_with_a_colon_and_em_dash (0.00s)
    --- PASS: TestParseSkillFrontmatter/tolerates_a_leading_BOM (0.00s)
    --- PASS: TestParseSkillFrontmatter/missing_frontmatter (0.00s)
    --- PASS: TestParseSkillFrontmatter/unterminated_frontmatter (0.00s)
    --- PASS: TestParseSkillFrontmatter/terminator_must_be_exactly_--- (0.00s)
    --- PASS: TestParseSkillFrontmatter/terminator_as_the_final_line_without_a_newline (0.00s)
    --- PASS: TestParseSkillFrontmatter/CRLF_line_endings (0.00s)
=== RUN   TestSkillDescription
--- PASS: TestSkillDescription (0.00s)
=== RUN   TestSkillFilePath
--- PASS: TestSkillFilePath (0.00s)
=== RUN   TestEmbeddedSkillSource
=== RUN   TestEmbeddedSkillSource/list_surfaces_only_allowlisted_skills
=== RUN   TestEmbeddedSkillSource/read_defaults_to_SKILL.md
=== RUN   TestEmbeddedSkillSource/read_a_reference_file
=== RUN   TestEmbeddedSkillSource/non-allowlisted_skill_is_not_found
=== RUN   TestEmbeddedSkillSource/missing_file_errors
--- PASS: TestEmbeddedSkillSource (0.00s)
    --- PASS: TestEmbeddedSkillSource/list_surfaces_only_allowlisted_skills (0.00s)
    --- PASS: TestEmbeddedSkillSource/read_defaults_to_SKILL.md (0.00s)
    --- PASS: TestEmbeddedSkillSource/read_a_reference_file (0.00s)
    --- PASS: TestEmbeddedSkillSource/non-allowlisted_skill_is_not_found (0.00s)
    --- PASS: TestEmbeddedSkillSource/missing_file_errors (0.00s)
=== RUN   TestListSkillsDedupAndSort
--- PASS: TestListSkillsDedupAndSort (0.00s)
=== RUN   TestReadSkillFallthrough
--- PASS: TestReadSkillFallthrough (0.00s)
=== RUN   TestResolveSkillManifest
=== RUN   TestResolveSkillManifest/name_from_frontmatter
=== RUN   TestResolveSkillManifest/name_falls_back_to_the_directory_base
=== RUN   TestResolveSkillManifest/root_SKILL.md_is_named_by_its_frontmatter
=== RUN   TestResolveSkillManifest/rejects_a_root_SKILL.md_without_a_frontmatter_name
=== RUN   TestResolveSkillManifest/rejects_a_file_without_frontmatter
--- PASS: TestResolveSkillManifest (0.00s)
    --- PASS: TestResolveSkillManifest/name_from_frontmatter (0.00s)
    --- PASS: TestResolveSkillManifest/name_falls_back_to_the_directory_base (0.00s)
    --- PASS: TestResolveSkillManifest/root_SKILL.md_is_named_by_its_frontmatter (0.00s)
    --- PASS: TestResolveSkillManifest/rejects_a_root_SKILL.md_without_a_frontmatter_name (0.00s)
    --- PASS: TestResolveSkillManifest/rejects_a_file_without_frontmatter (0.00s)
=== RUN   TestSkillSourcesOrder
--- PASS: TestSkillSourcesOrder (0.00s)
=== RUN   TestEngineSkills
--- PASS: TestEngineSkills (0.00s)
=== RUN   TestDaggerSkills
--- PASS: TestDaggerSkills (0.00s)
=== RUN   TestAnthropicStoppedCleanly
--- PASS: TestAnthropicStoppedCleanly (0.00s)
=== RUN   TestOpenAIFinishedCleanly
--- PASS: TestOpenAIFinishedCleanly (0.00s)
=== RUN   TestGenaiFinishedCleanly
--- PASS: TestGenaiFinishedCleanly (0.00s)
=== RUN   TestLlmConfig
--- PASS: TestLlmConfig (0.00s)
=== RUN   TestLlmConfigLayeredAnthropicAuth
=== RUN   TestLlmConfigLayeredAnthropicAuth/container_API_key_overrides_host_OAuth_login
=== RUN   TestLlmConfigLayeredAnthropicAuth/container_OAuth_overrides_host_API_key
=== RUN   TestLlmConfigLayeredAnthropicAuth/container_with_no_auth_inherits_host_OAuth
=== RUN   TestLlmConfigLayeredAnthropicAuth/single_load_with_both_prefers_OAuth
--- PASS: TestLlmConfigLayeredAnthropicAuth (0.00s)
    --- PASS: TestLlmConfigLayeredAnthropicAuth/container_API_key_overrides_host_OAuth_login (0.00s)
    --- PASS: TestLlmConfigLayeredAnthropicAuth/container_OAuth_overrides_host_API_key (0.00s)
    --- PASS: TestLlmConfigLayeredAnthropicAuth/container_with_no_auth_inherits_host_OAuth (0.00s)
    --- PASS: TestLlmConfigLayeredAnthropicAuth/single_load_with_both_prefers_OAuth (0.00s)
=== RUN   TestLlmConfigLocalSupplied
--- PASS: TestLlmConfigLocalSupplied (0.00s)
=== RUN   TestLocalModelRouting
--- PASS: TestLocalModelRouting (0.00s)
=== RUN   TestCodexModelRouting
--- PASS: TestCodexModelRouting (0.00s)
=== RUN   TestSmallModelRouting
=== RUN   TestSmallModelRouting/configured_model_wins_and_provider_remains_concrete
=== RUN   TestSmallModelRouting/catalog_fallback_follows_provider
=== RUN   TestSmallModelRouting/local_and_unknown_providers_safely_retain_their_route
=== RUN   TestSmallModelRouting/configured_local_model_is_supported
--- PASS: TestSmallModelRouting (0.00s)
    --- PASS: TestSmallModelRouting/configured_model_wins_and_provider_remains_concrete (0.00s)
    --- PASS: TestSmallModelRouting/catalog_fallback_follows_provider (0.00s)
    --- PASS: TestSmallModelRouting/local_and_unknown_providers_safely_retain_their_route (0.00s)
    --- PASS: TestSmallModelRouting/configured_local_model_is_supported (0.00s)
=== RUN   TestExplicitProviderRouting
--- PASS: TestExplicitProviderRouting (0.00s)
=== RUN   TestOpenAIRequestUsesNonStrictNullableToolSchema
--- PASS: TestOpenAIRequestUsesNonStrictNullableToolSchema (0.00s)
=== RUN   TestContentBlockInputRoundTrip
--- PASS: TestContentBlockInputRoundTrip (0.00s)
=== RUN   TestLLMErrorMessage
=== RUN   TestLLMErrorMessage/codex_detail
=== RUN   TestLLMErrorMessage/openai_error
=== RUN   TestLLMErrorMessage/bare_message
=== RUN   TestLLMErrorMessage/empty
=== RUN   TestLLMErrorMessage/unrecognized
=== RUN   TestLLMErrorMessage/not_json
--- PASS: TestLLMErrorMessage (0.00s)
    --- PASS: TestLLMErrorMessage/codex_detail (0.00s)
    --- PASS: TestLLMErrorMessage/openai_error (0.00s)
    --- PASS: TestLLMErrorMessage/bare_message (0.00s)
    --- PASS: TestLLMErrorMessage/empty (0.00s)
    --- PASS: TestLLMErrorMessage/unrecognized (0.00s)
    --- PASS: TestLLMErrorMessage/not_json (0.00s)
=== RUN   TestCodexAPIError
--- PASS: TestCodexAPIError (0.00s)
=== RUN   TestCodexReasoningRoundTrip
--- PASS: TestCodexReasoningRoundTrip (0.00s)
=== RUN   TestCodexConvertReasoningOrder
--- PASS: TestCodexConvertReasoningOrder (0.00s)
=== RUN   TestCodexConvertEmptyToolArgs
--- PASS: TestCodexConvertEmptyToolArgs (0.00s)
=== RUN   TestLlmConfigDisableStreaming
=== RUN   TestLlmConfigDisableStreaming/not_disabled_by_default
=== RUN   TestLlmConfigDisableStreaming/explicitly_not_disabled,_FALSE
=== RUN   TestLlmConfigDisableStreaming/explicitly_not_disabled,_0
=== RUN   TestLlmConfigDisableStreaming/disabled,_true
=== RUN   TestLlmConfigDisableStreaming/disabled,_1
=== RUN   TestLlmConfigDisableStreaming/empty_value
--- PASS: TestLlmConfigDisableStreaming (0.02s)
    --- PASS: TestLlmConfigDisableStreaming/not_disabled_by_default (0.00s)
    --- PASS: TestLlmConfigDisableStreaming/explicitly_not_disabled,_FALSE (0.00s)
    --- PASS: TestLlmConfigDisableStreaming/explicitly_not_disabled,_0 (0.00s)
    --- PASS: TestLlmConfigDisableStreaming/disabled,_true (0.00s)
    --- PASS: TestLlmConfigDisableStreaming/disabled,_1 (0.01s)
    --- PASS: TestLlmConfigDisableStreaming/empty_value (0.00s)
=== RUN   TestLlmConfigEnvFile
--- PASS: TestLlmConfigEnvFile (0.00s)
=== RUN   TestDescribeLoadFailure
=== PAUSE TestDescribeLoadFailure
=== RUN   TestUpdateWorkspaceLockEntry
=== PAUSE TestUpdateWorkspaceLockEntry
=== RUN   TestUpdateWorkspaceLockIgnoresUnsupportedEntries
=== PAUSE TestUpdateWorkspaceLockIgnoresUnsupportedEntries
=== RUN   TestUpdateVanityURLLockEntry
--- PASS: TestUpdateVanityURLLockEntry (0.01s)
=== RUN   TestUpdateVanityURLLockEntryValidatesInputs
--- PASS: TestUpdateVanityURLLockEntryValidatesInputs (0.00s)
=== RUN   TestUpdateVanityURLLockEntryPreservesMappingOnFailure
=== RUN   TestUpdateVanityURLLockEntryPreservesMappingOnFailure/server_error
=== RUN   TestUpdateVanityURLLockEntryPreservesMappingOnFailure/not_a_redirect
=== RUN   TestUpdateVanityURLLockEntryPreservesMappingOnFailure/missing_location
=== RUN   TestUpdateVanityURLLockEntryPreservesMappingOnFailure/invalid_location
=== RUN   TestUpdateVanityURLLockEntryPreservesMappingOnFailure/cancelled_request
--- PASS: TestUpdateVanityURLLockEntryPreservesMappingOnFailure (0.02s)
    --- PASS: TestUpdateVanityURLLockEntryPreservesMappingOnFailure/server_error (0.01s)
    --- PASS: TestUpdateVanityURLLockEntryPreservesMappingOnFailure/not_a_redirect (0.01s)
    --- PASS: TestUpdateVanityURLLockEntryPreservesMappingOnFailure/missing_location (0.01s)
    --- PASS: TestUpdateVanityURLLockEntryPreservesMappingOnFailure/invalid_location (0.01s)
    --- PASS: TestUpdateVanityURLLockEntryPreservesMappingOnFailure/cancelled_request (0.00s)
=== RUN   TestSelectedSHAEntry
=== PAUSE TestSelectedSHAEntry
=== RUN   TestUpdateGitLatestLockEntryValidatesInputs
=== PAUSE TestUpdateGitLatestLockEntryValidatesInputs
=== RUN   TestParseGitLookupInputsRejectsUnknownOption
=== PAUSE TestParseGitLookupInputsRejectsUnknownOption
=== RUN   TestParseOCILockInputs
=== PAUSE TestParseOCILockInputs
=== RUN   TestParseOCILatestLockInputs
=== PAUSE TestParseOCILatestLockInputs
=== RUN   TestCallPreservesHeaderArgs
--- PASS: TestCallPreservesHeaderArgs (0.00s)
=== RUN   TestToolResultContentType
--- PASS: TestToolResultContentType (0.00s)
=== RUN   TestCallMarksPatchResult
--- PASS: TestCallMarksPatchResult (0.00s)
=== RUN   TestTimeoutTool
=== RUN   TestTimeoutTool/schema
=== RUN   TestTimeoutTool/success
=== RUN   TestTimeoutTool/deadline_cancellation_reaches_nested_tool
=== RUN   TestTimeoutTool/invalid_duration
=== RUN   TestTimeoutTool/unavailable_target
=== RUN   TestTimeoutTool/self_wrapping
=== RUN   TestTimeoutTool/nested_call_is_traced_as_a_tool_call_of_its_own
--- PASS: TestTimeoutTool (0.01s)
    --- PASS: TestTimeoutTool/schema (0.00s)
    --- PASS: TestTimeoutTool/success (0.00s)
    --- PASS: TestTimeoutTool/deadline_cancellation_reaches_nested_tool (0.01s)
    --- PASS: TestTimeoutTool/invalid_duration (0.00s)
    --- PASS: TestTimeoutTool/unavailable_target (0.00s)
    --- PASS: TestTimeoutTool/self_wrapping (0.00s)
    --- PASS: TestTimeoutTool/nested_call_is_traced_as_a_tool_call_of_its_own (0.00s)
=== RUN   TestGenMCPToolPreservesSchema
--- PASS: TestGenMCPToolPreservesSchema (0.00s)
=== RUN   TestAssembleLines
=== RUN   TestAssembleLines/whole_lines_keep_their_provenance
=== RUN   TestAssembleLines/line_split_across_records_is_assembled_once
=== RUN   TestAssembleLines/straddling_line_takes_the_starting_record's_provenance
=== RUN   TestAssembleLines/trailing_newlines_don't_contribute_lines
=== RUN   TestAssembleLines/unterminated_final_line_is_kept
=== RUN   TestAssembleLines/empty_input
--- PASS: TestAssembleLines (0.00s)
    --- PASS: TestAssembleLines/whole_lines_keep_their_provenance (0.00s)
    --- PASS: TestAssembleLines/line_split_across_records_is_assembled_once (0.00s)
    --- PASS: TestAssembleLines/straddling_line_takes_the_starting_record's_provenance (0.00s)
    --- PASS: TestAssembleLines/trailing_newlines_don't_contribute_lines (0.00s)
    --- PASS: TestAssembleLines/unterminated_final_line_is_kept (0.00s)
    --- PASS: TestAssembleLines/empty_input (0.00s)
=== RUN   TestCallPayloadRecordsExcludedFromLLMLogs
=== RUN   TestCallPayloadRecordsExcludedFromLLMLogs/ReadLogs
=== RUN   TestCallPayloadRecordsExcludedFromLLMLogs/automatic_tool_result
--- PASS: TestCallPayloadRecordsExcludedFromLLMLogs (0.00s)
    --- PASS: TestCallPayloadRecordsExcludedFromLLMLogs/ReadLogs (0.00s)
    --- PASS: TestCallPayloadRecordsExcludedFromLLMLogs/automatic_tool_result (0.00s)
=== RUN   TestLimitIndirectLines
=== RUN   TestLimitIndirectLines/a_long_report_survives_noisy_nested_work
=== RUN   TestLimitIndirectLines/direct_lines_are_never_dropped_even_past_the_limit
=== RUN   TestLimitIndirectLines/interleaved_runs_each_report_their_own_count
=== RUN   TestLimitIndirectLines/nothing_is_abridged_when_nested_output_fits
=== RUN   TestLimitIndirectLines/zero_limit_keeps_everything
=== RUN   TestLimitIndirectLines/long_lines_are_still_character-capped
=== RUN   TestLimitIndirectLines/a_runaway_direct_print_hits_the_byte_cap
--- PASS: TestLimitIndirectLines (0.00s)
    --- PASS: TestLimitIndirectLines/a_long_report_survives_noisy_nested_work (0.00s)
    --- PASS: TestLimitIndirectLines/direct_lines_are_never_dropped_even_past_the_limit (0.00s)
    --- PASS: TestLimitIndirectLines/interleaved_runs_each_report_their_own_count (0.00s)
    --- PASS: TestLimitIndirectLines/nothing_is_abridged_when_nested_output_fits (0.00s)
    --- PASS: TestLimitIndirectLines/zero_limit_keeps_everything (0.00s)
    --- PASS: TestLimitIndirectLines/long_lines_are_still_character-capped (0.00s)
    --- PASS: TestLimitIndirectLines/a_runaway_direct_print_hits_the_byte_cap (0.00s)
=== RUN   TestCapLinesBytes
=== RUN   TestCapLinesBytes/under_budget_passes_through
=== RUN   TestCapLinesBytes/zero_budget_disables_the_cap
=== RUN   TestCapLinesBytes/over_budget_drops_the_middle_behind_a_marker
=== RUN   TestCapLinesBytes/an_oversized_boundary_line_still_survives
--- PASS: TestCapLinesBytes (0.00s)
    --- PASS: TestCapLinesBytes/under_budget_passes_through (0.00s)
    --- PASS: TestCapLinesBytes/zero_budget_disables_the_cap (0.00s)
    --- PASS: TestCapLinesBytes/over_budget_drops_the_middle_behind_a_marker (0.00s)
    --- PASS: TestCapLinesBytes/an_oversized_boundary_line_still_survives (0.00s)
=== RUN   TestGuardToolResultInBudgetIsIdentical
--- PASS: TestGuardToolResultInBudgetIsIdentical (0.00s)
=== RUN   TestGuardToolResultClampsMonsterLine
--- PASS: TestGuardToolResultClampsMonsterLine (0.00s)
=== RUN   TestGuardToolResultDropsMiddleOverBudget
--- PASS: TestGuardToolResultDropsMiddleOverBudget (0.01s)
=== RUN   TestGuardToolResultNeverSplitsRunes
--- PASS: TestGuardToolResultNeverSplitsRunes (0.00s)
=== RUN   TestGuardToolResultDegenerateSizes
--- PASS: TestGuardToolResultDegenerateSizes (0.00s)
=== RUN   TestInternalSpanFilterSubtreeBounds
--- PASS: TestInternalSpanFilterSubtreeBounds (0.00s)
=== RUN   TestNormalizeSpanArg
=== RUN   TestNormalizeSpanArg/bare_span_ID
=== RUN   TestNormalizeSpanArg/surrounding_whitespace
=== RUN   TestNormalizeSpanArg/span=_report_rendering
=== RUN   TestNormalizeSpanArg/error-origin_marker
=== RUN   TestNormalizeSpanArg/traceparent_prefix
=== RUN   TestNormalizeSpanArg/w3c_traceparent
=== RUN   TestNormalizeSpanArg/unrecognized_input_passes_through
=== RUN   TestNormalizeSpanArg/16_chars_but_not_hex_passes_through
--- PASS: TestNormalizeSpanArg (0.00s)
    --- PASS: TestNormalizeSpanArg/bare_span_ID (0.00s)
    --- PASS: TestNormalizeSpanArg/surrounding_whitespace (0.00s)
    --- PASS: TestNormalizeSpanArg/span=_report_rendering (0.00s)
    --- PASS: TestNormalizeSpanArg/error-origin_marker (0.00s)
    --- PASS: TestNormalizeSpanArg/traceparent_prefix (0.00s)
    --- PASS: TestNormalizeSpanArg/w3c_traceparent (0.00s)
    --- PASS: TestNormalizeSpanArg/unrecognized_input_passes_through (0.00s)
    --- PASS: TestNormalizeSpanArg/16_chars_but_not_hex_passes_through (0.00s)
=== RUN   TestRenderReadLogs
=== RUN   TestRenderReadLogs/numbers_the_lines
=== RUN   TestRenderReadLogs/offset_trims_from_the_end
=== RUN   TestRenderReadLogs/negative_offset_reads_the_tail
=== RUN   TestRenderReadLogs/offset_past_the_start_reports_the_total
=== RUN   TestRenderReadLogs/grep_filters_and_keeps_original_numbering
=== RUN   TestRenderReadLogs/grep_with_no_matches_reports_the_searched_count
=== RUN   TestRenderReadLogs/invalid_grep_pattern_errors
=== RUN   TestRenderReadLogs/limit_keeps_the_tail_with_a_counted_marker
--- PASS: TestRenderReadLogs (0.00s)
    --- PASS: TestRenderReadLogs/numbers_the_lines (0.00s)
    --- PASS: TestRenderReadLogs/offset_trims_from_the_end (0.00s)
    --- PASS: TestRenderReadLogs/negative_offset_reads_the_tail (0.00s)
    --- PASS: TestRenderReadLogs/offset_past_the_start_reports_the_total (0.00s)
    --- PASS: TestRenderReadLogs/grep_filters_and_keeps_original_numbering (0.00s)
    --- PASS: TestRenderReadLogs/grep_with_no_matches_reports_the_searched_count (0.00s)
    --- PASS: TestRenderReadLogs/invalid_grep_pattern_errors (0.00s)
    --- PASS: TestRenderReadLogs/limit_keeps_the_tail_with_a_counted_marker (0.00s)
=== RUN   TestModuleFunctionCacheImplicitInputs
=== RUN   TestModuleFunctionCacheImplicitInputs/default_policy
=== RUN   TestModuleFunctionCacheImplicitInputs/explicit_per-session_policy
=== RUN   TestModuleFunctionCacheImplicitInputs/default_policy_with_module_disable-default-caching
=== RUN   TestModuleFunctionCacheImplicitInputs/explicit_never_policy
--- PASS: TestModuleFunctionCacheImplicitInputs (0.00s)
    --- PASS: TestModuleFunctionCacheImplicitInputs/default_policy (0.00s)
    --- PASS: TestModuleFunctionCacheImplicitInputs/explicit_per-session_policy (0.00s)
    --- PASS: TestModuleFunctionCacheImplicitInputs/default_policy_with_module_disable-default-caching (0.00s)
    --- PASS: TestModuleFunctionCacheImplicitInputs/explicit_never_policy (0.00s)
=== RUN   TestModuleFunctionCacheImplicitInputsNilSafe
--- PASS: TestModuleFunctionCacheImplicitInputsNilSafe (0.00s)
=== RUN   TestCallerInModuleFunction
=== PAUSE TestCallerInModuleFunction
=== RUN   TestModuleFunctionLoadWorkspaceArgRejectsFunctionCallRuntimeCaller
=== PAUSE TestModuleFunctionLoadWorkspaceArgRejectsFunctionCallRuntimeCaller
=== RUN   TestModTreePath
--- PASS: TestModTreePath (0.00s)
=== RUN   TestModTreeNode
--- PASS: TestModTreeNode (0.00s)
=== RUN   TestModTreeCommandNamePreservesQualifiedPath
--- PASS: TestModTreeCommandNamePreservesQualifiedPath (0.00s)
=== RUN   TestCollectedContentCollectUnknownAnyResult
=== PAUSE TestCollectedContentCollectUnknownAnyResult
=== RUN   TestNamespaceSourceMap
=== RUN   TestNamespaceSourceMap/synthesizes_module-name-only_source_map_when_SDK_provides_none
--- PASS: TestNamespaceSourceMap (0.00s)
    --- PASS: TestNamespaceSourceMap/synthesizes_module-name-only_source_map_when_SDK_provides_none (0.00s)
=== RUN   TestDaggerGetEligible
=== RUN   TestDaggerGetEligible/www.marcosnils.com/go
=== RUN   TestDaggerGetEligible/https://www.marcosnils.com/go
=== RUN   TestDaggerGetEligible/github.com/dagger/dagger
=== RUN   TestDaggerGetEligible/www.marcosnils.com/go@v1.2.3
=== RUN   TestDaggerGetEligible/http://example.com/mod
=== RUN   TestDaggerGetEligible/ssh://git@github.com/foo/bar
=== RUN   TestDaggerGetEligible/git://example.com/foo
=== RUN   TestDaggerGetEligible/git@github.com:foo/bar
=== RUN   TestDaggerGetEligible/./local/path
=== RUN   TestDaggerGetEligible//abs/path
=== RUN   TestDaggerGetEligible/nodot/path
=== RUN   TestDaggerGetEligible/#00
--- PASS: TestDaggerGetEligible (0.00s)
    --- PASS: TestDaggerGetEligible/www.marcosnils.com/go (0.00s)
    --- PASS: TestDaggerGetEligible/https://www.marcosnils.com/go (0.00s)
    --- PASS: TestDaggerGetEligible/github.com/dagger/dagger (0.00s)
    --- PASS: TestDaggerGetEligible/www.marcosnils.com/go@v1.2.3 (0.00s)
    --- PASS: TestDaggerGetEligible/http://example.com/mod (0.00s)
    --- PASS: TestDaggerGetEligible/ssh://git@github.com/foo/bar (0.00s)
    --- PASS: TestDaggerGetEligible/git://example.com/foo (0.00s)
    --- PASS: TestDaggerGetEligible/git@github.com:foo/bar (0.00s)
    --- PASS: TestDaggerGetEligible/./local/path (0.00s)
    --- PASS: TestDaggerGetEligible//abs/path (0.00s)
    --- PASS: TestDaggerGetEligible/nodot/path (0.00s)
    --- PASS: TestDaggerGetEligible/#00 (0.00s)
=== RUN   TestDaggerGetProbe
=== RUN   TestDaggerGetProbe/redirect_strips_dagger-get_and_preserves_version
=== RUN   TestDaggerGetProbe/redirect_without_version
=== RUN   TestDaggerGetProbe/no_redirect_falls_back_to_original
--- PASS: TestDaggerGetProbe (0.02s)
    --- PASS: TestDaggerGetProbe/redirect_strips_dagger-get_and_preserves_version (0.01s)
    --- PASS: TestDaggerGetProbe/redirect_without_version (0.01s)
    --- PASS: TestDaggerGetProbe/no_redirect_falls_back_to_original (0.01s)
=== RUN   TestDaggerGetProbeRejectsNonHTTPSLocation
--- PASS: TestDaggerGetProbeRejectsNonHTTPSLocation (0.01s)
=== RUN   TestDaggerGetProbeIgnoresCanonicalizationRedirects
=== RUN   TestDaggerGetProbeIgnoresCanonicalizationRedirects/dot-git_canonicalization_is_ignored
=== RUN   TestDaggerGetProbeIgnoresCanonicalizationRedirects/dot-git_canonicalization_with_version_is_ignored
=== RUN   TestDaggerGetProbeIgnoresCanonicalizationRedirects/trailing-slash_canonicalization_is_ignored
--- PASS: TestDaggerGetProbeIgnoresCanonicalizationRedirects (0.02s)
    --- PASS: TestDaggerGetProbeIgnoresCanonicalizationRedirects/dot-git_canonicalization_is_ignored (0.01s)
    --- PASS: TestDaggerGetProbeIgnoresCanonicalizationRedirects/dot-git_canonicalization_with_version_is_ignored (0.01s)
    --- PASS: TestDaggerGetProbeIgnoresCanonicalizationRedirects/trailing-slash_canonicalization_is_ignored (0.00s)
=== RUN   TestDaggerGetProbeIgnoresAuthWallRedirects
--- PASS: TestDaggerGetProbeIgnoresAuthWallRedirects (0.01s)
=== RUN   TestResolveDaggerGetRedirectCachesPerSession
--- PASS: TestResolveDaggerGetRedirectCachesPerSession (0.01s)
=== RUN   TestResolveDaggerGetRedirectRequiresSessionInfrastructure
=== RUN   TestResolveDaggerGetRedirectRequiresSessionInfrastructure/no_session_infrastructure
=== RUN   TestResolveDaggerGetRedirectRequiresSessionInfrastructure/cache_without_metadata
=== RUN   TestResolveDaggerGetRedirectRequiresSessionInfrastructure/metadata_without_cache
--- PASS: TestResolveDaggerGetRedirectRequiresSessionInfrastructure (0.00s)
    --- PASS: TestResolveDaggerGetRedirectRequiresSessionInfrastructure/no_session_infrastructure (0.00s)
    --- PASS: TestResolveDaggerGetRedirectRequiresSessionInfrastructure/cache_without_metadata (0.00s)
    --- PASS: TestResolveDaggerGetRedirectRequiresSessionInfrastructure/metadata_without_cache (0.00s)
=== RUN   TestResolveDaggerGetRedirectUsesWorkspaceLock
--- PASS: TestResolveDaggerGetRedirectUsesWorkspaceLock (0.00s)
=== RUN   TestResolveDaggerGetRedirectWritesWorkspaceLock
--- PASS: TestResolveDaggerGetRedirectWritesWorkspaceLock (0.01s)
=== RUN   TestSourceURLWithVersionOverridesDestinationVersion
--- PASS: TestSourceURLWithVersionOverridesDestinationVersion (0.00s)
=== RUN   TestResolveDaggerGetRedirectPreservesDestinationVersion
=== RUN   TestResolveDaggerGetRedirectPreservesDestinationVersion//input=
=== RUN   TestResolveDaggerGetRedirectPreservesDestinationVersion//input=@main
=== RUN   TestResolveDaggerGetRedirectPreservesDestinationVersion/@v1.2.3/input=
=== RUN   TestResolveDaggerGetRedirectPreservesDestinationVersion/@v1.2.3/input=@main
=== RUN   TestResolveDaggerGetRedirectPreservesDestinationVersion/#v1.2.3/input=
=== RUN   TestResolveDaggerGetRedirectPreservesDestinationVersion/#v1.2.3/input=@main
--- PASS: TestResolveDaggerGetRedirectPreservesDestinationVersion (0.06s)
    --- PASS: TestResolveDaggerGetRedirectPreservesDestinationVersion//input= (0.01s)
    --- PASS: TestResolveDaggerGetRedirectPreservesDestinationVersion//input=@main (0.01s)
    --- PASS: TestResolveDaggerGetRedirectPreservesDestinationVersion/@v1.2.3/input= (0.01s)
    --- PASS: TestResolveDaggerGetRedirectPreservesDestinationVersion/@v1.2.3/input=@main (0.01s)
    --- PASS: TestResolveDaggerGetRedirectPreservesDestinationVersion/#v1.2.3/input= (0.01s)
    --- PASS: TestResolveDaggerGetRedirectPreservesDestinationVersion/#v1.2.3/input=@main (0.01s)
=== RUN   TestModuleGitDefaultRefSelector
=== PAUSE TestModuleGitDefaultRefSelector
=== RUN   TestParsedGitRefStringSetVersion
=== PAUSE TestParsedGitRefStringSetVersion
=== RUN   TestParsedGitRefStringVersionQuerySemantics
=== PAUSE TestParsedGitRefStringVersionQuerySemantics
=== RUN   TestMatchVersion
--- PASS: TestMatchVersion (0.00s)
=== RUN   TestParseRefString
=== RUN   TestParseRefString/github.com/shykes/daggerverse/ci
=== PAUSE TestParseRefString/github.com/shykes/daggerverse/ci
=== RUN   TestParseRefString/ssh://github.com/shykes/daggerverse/ci@version
=== PAUSE TestParseRefString/ssh://github.com/shykes/daggerverse/ci@version
=== RUN   TestParseRefString/https://github.com/shykes/daggerverse#version:ci
=== PAUSE TestParseRefString/https://github.com/shykes/daggerverse#version:ci
=== RUN   TestParseRefString/github.com/dagger/python/ruff@main
=== PAUSE TestParseRefString/github.com/dagger/python/ruff@main
=== RUN   TestParseRefString/https://github.com/dagger/python/ruff@main
=== PAUSE TestParseRefString/https://github.com/dagger/python/ruff@main
=== RUN   TestParseRefString/https://github.com/dagger/python#main:ruff
=== PAUSE TestParseRefString/https://github.com/dagger/python#main:ruff
=== RUN   TestParseRefString/https://github.com/dagger/python#main
=== PAUSE TestParseRefString/https://github.com/dagger/python#main
=== RUN   TestParseRefString/github.com/dagger/python/ruff#main
=== PAUSE TestParseRefString/github.com/dagger/python/ruff#main
=== RUN   TestParseRefString/https://github.com/dagger/python/ruff#main
=== PAUSE TestParseRefString/https://github.com/dagger/python/ruff#main
=== RUN   TestParseRefString/github.com/dagger/python@main:ruff
=== PAUSE TestParseRefString/github.com/dagger/python@main:ruff
=== RUN   TestParseRefString/https://github.com/dagger/python@main:ruff
=== PAUSE TestParseRefString/https://github.com/dagger/python@main:ruff
=== RUN   TestParseRefString/github.com/dagger/python#main:ruff
=== PAUSE TestParseRefString/github.com/dagger/python#main:ruff
=== RUN   TestParseRefString/./some/local/path
=== PAUSE TestParseRefString/./some/local/path
=== RUN   TestParseRefString/github.com/shykes/daggerverse.git/../../
=== PAUSE TestParseRefString/github.com/shykes/daggerverse.git/../../
=== CONT  TestParseRefString/github.com/shykes/daggerverse/ci
=== CONT  TestParseRefString/github.com/dagger/python/ruff#main
=== CONT  TestParseRefString/github.com/dagger/python#main:ruff
=== CONT  TestParseRefString/github.com/shykes/daggerverse.git/../../
=== CONT  TestParseRefString/https://github.com/dagger/python#main
=== CONT  TestParseRefString/https://github.com/dagger/python/ruff#main
=== CONT  TestParseRefString/https://github.com/dagger/python@main:ruff
=== CONT  TestParseRefString/https://github.com/dagger/python#main:ruff
=== CONT  TestParseRefString/github.com/dagger/python@main:ruff
=== CONT  TestParseRefString/ssh://github.com/shykes/daggerverse/ci@version
=== CONT  TestParseRefString/https://github.com/shykes/daggerverse#version:ci
=== CONT  TestParseRefString/https://github.com/dagger/python/ruff@main
=== CONT  TestParseRefString/./some/local/path
=== CONT  TestParseRefString/github.com/dagger/python/ruff@main
--- PASS: TestParseRefString (0.00s)
    --- PASS: TestParseRefString/https://github.com/dagger/python/ruff#main (0.00s)
    --- PASS: TestParseRefString/github.com/dagger/python#main:ruff (0.00s)
    --- PASS: TestParseRefString/github.com/dagger/python/ruff#main (0.00s)
    --- PASS: TestParseRefString/https://github.com/dagger/python@main:ruff (0.00s)
    --- PASS: TestParseRefString/github.com/shykes/daggerverse/ci (0.00s)
    --- PASS: TestParseRefString/github.com/dagger/python@main:ruff (0.00s)
    --- PASS: TestParseRefString/ssh://github.com/shykes/daggerverse/ci@version (0.00s)
    --- PASS: TestParseRefString/https://github.com/dagger/python#main:ruff (0.00s)
    --- PASS: TestParseRefString/https://github.com/shykes/daggerverse#version:ci (0.00s)
    --- PASS: TestParseRefString/./some/local/path (0.00s)
    --- PASS: TestParseRefString/https://github.com/dagger/python/ruff@main (0.00s)
    --- PASS: TestParseRefString/https://github.com/dagger/python#main (0.00s)
    --- PASS: TestParseRefString/github.com/shykes/daggerverse.git/../../ (0.00s)
    --- PASS: TestParseRefString/github.com/dagger/python/ruff@main (0.00s)
=== RUN   TestParseRefStringRemoteFailure
--- PASS: TestParseRefStringRemoteFailure (0.00s)
=== RUN   TestModuleSourceAttachDependencyResultsRetainsSDKImpl
=== PAUSE TestModuleSourceAttachDependencyResultsRetainsSDKImpl
=== RUN   TestModuleSourcePersistenceRetainsSelfCallsCapability
=== PAUSE TestModuleSourcePersistenceRetainsSelfCallsCapability
=== RUN   TestGitModuleSourceSymbolic
=== RUN   TestGitModuleSourceSymbolic/Go-style_URL
=== RUN   TestGitModuleSourceSymbolic/SCP-like_reference
=== RUN   TestGitModuleSourceSymbolic/SCP-like_reference_with_no_subdir
=== RUN   TestGitModuleSourceSymbolic/version_query
=== RUN   TestGitModuleSourceSymbolic/literal_Git_ref
=== RUN   TestGitModuleSourceSymbolic/literal_Git_ref_at_repository_root
=== RUN   TestGitModuleSourceSymbolic/literal_Git_ref_with_explicit_dot_subpath
--- PASS: TestGitModuleSourceSymbolic (0.00s)
    --- PASS: TestGitModuleSourceSymbolic/Go-style_URL (0.00s)
    --- PASS: TestGitModuleSourceSymbolic/SCP-like_reference (0.00s)
    --- PASS: TestGitModuleSourceSymbolic/SCP-like_reference_with_no_subdir (0.00s)
    --- PASS: TestGitModuleSourceSymbolic/version_query (0.00s)
    --- PASS: TestGitModuleSourceSymbolic/literal_Git_ref (0.00s)
    --- PASS: TestGitModuleSourceSymbolic/literal_Git_ref_at_repository_root (0.00s)
    --- PASS: TestGitModuleSourceSymbolic/literal_Git_ref_with_explicit_dot_subpath (0.00s)
=== RUN   TestWorkspaceContextDirPath
=== PAUSE TestWorkspaceContextDirPath
=== RUN   TestModuleObjectAttachDependencyResultsRecurses
=== PAUSE TestModuleObjectAttachDependencyResultsRecurses
=== RUN   TestDecodePersistedModuleObjectValueResultRefLoadsResult
=== PAUSE TestDecodePersistedModuleObjectValueResultRefLoadsResult
=== RUN   TestModulePersistedTypeDefsRoundTripPreservesNullableValidity
=== PAUSE TestModulePersistedTypeDefsRoundTripPreservesNullableValidity
=== RUN   TestModuleObjectConvertToSDKInputUsesCurrentFieldID
=== PAUSE TestModuleObjectConvertToSDKInputUsesCurrentFieldID
=== RUN   TestModuleObjectConvertToSDKInputRewritesStoredResults
=== PAUSE TestModuleObjectConvertToSDKInputRewritesStoredResults
=== RUN   TestModuleObjectPersistedResultRefsRoundTrip
=== PAUSE TestModuleObjectPersistedResultRefsRoundTrip
=== RUN   TestModuleObjectEncodeRejectsRawCallIDInSemanticField
=== PAUSE TestModuleObjectEncodeRejectsRawCallIDInSemanticField
=== RUN   TestModuleObjectEncodeAllowsRawCallIDInPrivateField
=== PAUSE TestModuleObjectEncodeAllowsRawCallIDInPrivateField
=== RUN   TestModuleObjectPrivateHandleFieldRetainedAcrossProducerSessionClose
=== PAUSE TestModuleObjectPrivateHandleFieldRetainedAcrossProducerSessionClose
=== RUN   TestModuleObjectAttachDependencyResultsRewritesHandleVariants
=== PAUSE TestModuleObjectAttachDependencyResultsRewritesHandleVariants
=== RUN   TestModuleObjectAttachHandleErrorsWithoutServer
=== PAUSE TestModuleObjectAttachHandleErrorsWithoutServer
=== RUN   TestModuleObjectAttachHandleWithoutAmbientServer
=== PAUSE TestModuleObjectAttachHandleWithoutAmbientServer
=== RUN   TestModuleObjectAttachDependencyResultsRetainsSemanticInterfaceHandleField
=== PAUSE TestModuleObjectAttachDependencyResultsRetainsSemanticInterfaceHandleField
=== RUN   TestModuleObjectNestedNumbersSurvivePersistenceAndSDKConversion
=== PAUSE TestModuleObjectNestedNumbersSurvivePersistenceAndSDKConversion
=== RUN   TestEmitServiceStartProducesLoaderShape
--- PASS: TestEmitServiceStartProducesLoaderShape (0.00s)
=== RUN   TestPersistedActionGroupsShareOwnersThroughRestart
2026/09/16 09:28:50 INFO starting dagql cache close hasSQLDB=true hasPersistDB=true
2026/09/16 09:28:50 INFO marking dagql cache clean shutdown
2026/09/16 09:28:50 WARN successfully marked clean shutdown in persistence metadata
2026/09/16 09:28:50 INFO completed dagql cache close successfully
2026/09/16 09:28:50 INFO starting dagql cache close hasSQLDB=true hasPersistDB=true
2026/09/16 09:28:50 INFO marking dagql cache clean shutdown
2026/09/16 09:28:50 WARN successfully marked clean shutdown in persistence metadata
2026/09/16 09:28:50 INFO completed dagql cache close successfully
=== RUN   TestPersistedActionGroupsShareOwnersThroughRestart/omitting_the_bound_workspace_leaves_the_group_without_one
=== RUN   TestPersistedActionGroupsShareOwnersThroughRestart/omitting_the_defining_module_leaves_no_server_to_select_from
2026/09/16 09:28:50 WARN failed to determine cache usage size resultID=2 usageIdentity=shared-root err="context canceled"
2026/09/16 09:28:50 INFO dagql pruned result resultID=5 call=Query.check-group digest=xxh3:466d3b9fbbec833a args=[] description=check-group measuredSizeBytes=0 reclaimedBytes=0
2026/09/16 09:28:50 INFO dagql pruned result resultID=6 call=Query.up-group digest=xxh3:e7f0e31446c535f2 args=[] description=up-group measuredSizeBytes=0 reclaimedBytes=0
2026/09/16 09:28:50 INFO dagql pruned result resultID=3 call=Query.bound-workspace digest=xxh3:4570f3b669b39f25 args=[] description=bound-workspace measuredSizeBytes=0 reclaimedBytes=0
2026/09/16 09:28:50 INFO dagql pruned result resultID=7 call=Query.terminal-group digest=xxh3:3fc2e3239508c392 args=[] description=terminal-group measuredSizeBytes=0 reclaimedBytes=0
2026/09/16 09:28:50 INFO dagql pruned result resultID=4 call=Query.check-error digest=xxh3:5a751198be548a57 args=[] description=check-error measuredSizeBytes=0 reclaimedBytes=0
2026/09/16 09:28:50 INFO dagql pruned result resultID=8 call=Query.single-check digest=xxh3:d10fb0aab46b1183 args=[] description=single-check measuredSizeBytes=0 reclaimedBytes=0
2026/09/16 09:28:50 INFO dagql pruned result resultID=9 call=Query.single-up digest=xxh3:f3e431e215213f5f args=[] description=single-up measuredSizeBytes=0 reclaimedBytes=0
2026/09/16 09:28:50 INFO dagql pruned result resultID=1 call=Query.cold-module digest=xxh3:c166dd3b4d32acad args=[] description=cold-module measuredSizeBytes=0 reclaimedBytes=0
2026/09/16 09:28:50 INFO dagql pruned result resultID=10 call=Query.single-terminal digest=xxh3:2ce8f822ef4c2af0 args=[] description=single-terminal measuredSizeBytes=0 reclaimedBytes=0
2026/09/16 09:28:50 INFO dagql pruned result resultID=2 call=Query.shared-root digest=xxh3:5e092ba673ef28c5 args=[] description=shared-root measuredSizeBytes=0 reclaimedBytes=0
2026/09/16 09:28:50 INFO dagql pruned result resultID=11 call=Query.holder digest=xxh3:c494792c17243ad5 args=[] description=holder measuredSizeBytes=0 reclaimedBytes=0
2026/09/16 09:28:50 INFO discarding dagql cache without persistence hasSQLDB=true hasPersistDB=true
--- PASS: TestPersistedActionGroupsShareOwnersThroughRestart (0.03s)
    --- PASS: TestPersistedActionGroupsShareOwnersThroughRestart/omitting_the_bound_workspace_leaves_the_group_without_one (0.00s)
    --- PASS: TestPersistedActionGroupsShareOwnersThroughRestart/omitting_the_defining_module_leaves_no_server_to_select_from (0.00s)
=== RUN   TestPersistedModuleEnumDecodesThroughDefiningModule
2026/09/16 09:28:50 INFO starting dagql cache close hasSQLDB=true hasPersistDB=true
2026/09/16 09:28:50 INFO marking dagql cache clean shutdown
2026/09/16 09:28:50 WARN successfully marked clean shutdown in persistence metadata
2026/09/16 09:28:50 INFO completed dagql cache close successfully
2026/09/16 09:28:50 INFO discarding dagql cache without persistence hasSQLDB=true hasPersistDB=true
--- PASS: TestPersistedModuleEnumDecodesThroughDefiningModule (0.02s)
=== RUN   TestPersistedRemoteGitRepositoryRestoresAuthMirrorAndServices
2026/09/16 09:28:50 INFO starting dagql cache close hasSQLDB=true hasPersistDB=true
2026/09/16 09:28:50 INFO marking dagql cache clean shutdown
2026/09/16 09:28:50 WARN successfully marked clean shutdown in persistence metadata
2026/09/16 09:28:50 INFO completed dagql cache close successfully
2026/09/16 09:28:50 INFO starting dagql cache close hasSQLDB=true hasPersistDB=true
2026/09/16 09:28:50 INFO marking dagql cache clean shutdown
2026/09/16 09:28:50 WARN successfully marked clean shutdown in persistence metadata
2026/09/16 09:28:50 INFO completed dagql cache close successfully
=== RUN   TestPersistedRemoteGitRepositoryRestoresAuthMirrorAndServices/dropping_mirrorResultID
=== RUN   TestPersistedRemoteGitRepositoryRestoresAuthMirrorAndServices/dropping_sshAuthSocketResultID
=== RUN   TestPersistedRemoteGitRepositoryRestoresAuthMirrorAndServices/dropping_authTokenResultID
=== RUN   TestPersistedRemoteGitRepositoryRestoresAuthMirrorAndServices/dropping_authHeaderResultID
=== RUN   TestPersistedRemoteGitRepositoryRestoresAuthMirrorAndServices/dropping_services
2026/09/16 09:28:50 INFO discarding dagql cache without persistence hasSQLDB=true hasPersistDB=true
--- PASS: TestPersistedRemoteGitRepositoryRestoresAuthMirrorAndServices (0.02s)
    --- PASS: TestPersistedRemoteGitRepositoryRestoresAuthMirrorAndServices/dropping_mirrorResultID (0.00s)
    --- PASS: TestPersistedRemoteGitRepositoryRestoresAuthMirrorAndServices/dropping_sshAuthSocketResultID (0.00s)
    --- PASS: TestPersistedRemoteGitRepositoryRestoresAuthMirrorAndServices/dropping_authTokenResultID (0.00s)
    --- PASS: TestPersistedRemoteGitRepositoryRestoresAuthMirrorAndServices/dropping_authHeaderResultID (0.00s)
    --- PASS: TestPersistedRemoteGitRepositoryRestoresAuthMirrorAndServices/dropping_services (0.00s)
=== RUN   TestPersistedRemoteGitRepositoryUsesFreshSessionResources
2026/09/16 09:28:50 INFO starting dagql cache close hasSQLDB=true hasPersistDB=true
2026/09/16 09:28:50 INFO marking dagql cache clean shutdown
2026/09/16 09:28:50 WARN successfully marked clean shutdown in persistence metadata
2026/09/16 09:28:50 INFO completed dagql cache close successfully
=== RUN   TestPersistedRemoteGitRepositoryUsesFreshSessionResources/an_unbound_handle_fails_at_use
=== RUN   TestPersistedRemoteGitRepositoryUsesFreshSessionResources/a_dropped_credential_changes_the_selection
2026/09/16 09:28:50 INFO discarding dagql cache without persistence hasSQLDB=true hasPersistDB=true
--- PASS: TestPersistedRemoteGitRepositoryUsesFreshSessionResources (0.02s)
    --- PASS: TestPersistedRemoteGitRepositoryUsesFreshSessionResources/an_unbound_handle_fails_at_use (0.00s)
    --- PASS: TestPersistedRemoteGitRepositoryUsesFreshSessionResources/a_dropped_credential_changes_the_selection (0.00s)
=== RUN   TestPersistedMetadataFamiliesSurviveRestart
2026/09/16 09:28:50 INFO starting dagql cache close hasSQLDB=true hasPersistDB=true
2026/09/16 09:28:50 INFO marking dagql cache clean shutdown
2026/09/16 09:28:50 WARN successfully marked clean shutdown in persistence metadata
2026/09/16 09:28:50 INFO completed dagql cache close successfully
=== RUN   TestPersistedMetadataFamiliesSurviveRestart/first-restart/env-var
=== RUN   TestPersistedMetadataFamiliesSurviveRestart/first-restart/env-var-empty
=== RUN   TestPersistedMetadataFamiliesSurviveRestart/first-restart/port-nil-description
=== RUN   TestPersistedMetadataFamiliesSurviveRestart/first-restart/port-empty-description
=== RUN   TestPersistedMetadataFamiliesSurviveRestart/first-restart/port-described
=== RUN   TestPersistedMetadataFamiliesSurviveRestart/first-restart/sdk-config
=== RUN   TestPersistedMetadataFamiliesSurviveRestart/first-restart/git-bundle-ref
=== RUN   TestPersistedMetadataFamiliesSurviveRestart/first-restart/schema
=== RUN   TestPersistedMetadataFamiliesSurviveRestart/first-restart/current-module
=== RUN   TestPersistedMetadataFamiliesSurviveRestart/first-restart/workspace-migration
=== RUN   TestPersistedMetadataFamiliesSurviveRestart/first-restart/workspace-migration-step
=== RUN   TestPersistedMetadataFamiliesSurviveRestart/first-restart/cloud
=== RUN   TestPersistedMetadataFamiliesSurviveRestart/first-restart/terminal-legacy
=== RUN   TestPersistedMetadataFamiliesSurviveRestart/first-restart/module-config-client
2026/09/16 09:28:50 INFO starting dagql cache close hasSQLDB=true hasPersistDB=true
2026/09/16 09:28:50 INFO marking dagql cache clean shutdown
2026/09/16 09:28:50 WARN successfully marked clean shutdown in persistence metadata
2026/09/16 09:28:50 INFO completed dagql cache close successfully
2026/09/16 09:28:50 INFO starting dagql cache close hasSQLDB=true hasPersistDB=true
2026/09/16 09:28:50 INFO marking dagql cache clean shutdown
2026/09/16 09:28:50 WARN successfully marked clean shutdown in persistence metadata
2026/09/16 09:28:50 INFO completed dagql cache close successfully
=== RUN   TestPersistedMetadataFamiliesSurviveRestart/after-untouched-save/env-var
=== RUN   TestPersistedMetadataFamiliesSurviveRestart/after-untouched-save/env-var-empty
=== RUN   TestPersistedMetadataFamiliesSurviveRestart/after-untouched-save/port-nil-description
=== RUN   TestPersistedMetadataFamiliesSurviveRestart/after-untouched-save/port-empty-description
=== RUN   TestPersistedMetadataFamiliesSurviveRestart/after-untouched-save/port-described
=== RUN   TestPersistedMetadataFamiliesSurviveRestart/after-untouched-save/sdk-config
=== RUN   TestPersistedMetadataFamiliesSurviveRestart/after-untouched-save/git-bundle-ref
=== RUN   TestPersistedMetadataFamiliesSurviveRestart/after-untouched-save/schema
=== RUN   TestPersistedMetadataFamiliesSurviveRestart/after-untouched-save/current-module
=== RUN   TestPersistedMetadataFamiliesSurviveRestart/after-untouched-save/workspace-migration
=== RUN   TestPersistedMetadataFamiliesSurviveRestart/after-untouched-save/workspace-migration-step
=== RUN   TestPersistedMetadataFamiliesSurviveRestart/after-untouched-save/cloud
=== RUN   TestPersistedMetadataFamiliesSurviveRestart/after-untouched-save/terminal-legacy
=== RUN   TestPersistedMetadataFamiliesSurviveRestart/after-untouched-save/module-config-client
2026/09/16 09:28:50 INFO discarding dagql cache without persistence hasSQLDB=true hasPersistDB=true
--- PASS: TestPersistedMetadataFamiliesSurviveRestart (0.02s)
    --- PASS: TestPersistedMetadataFamiliesSurviveRestart/first-restart/env-var (0.00s)
    --- PASS: TestPersistedMetadataFamiliesSurviveRestart/first-restart/env-var-empty (0.00s)
    --- PASS: TestPersistedMetadataFamiliesSurviveRestart/first-restart/port-nil-description (0.00s)
    --- PASS: TestPersistedMetadataFamiliesSurviveRestart/first-restart/port-empty-description (0.00s)
    --- PASS: TestPersistedMetadataFamiliesSurviveRestart/first-restart/port-described (0.00s)
    --- PASS: TestPersistedMetadataFamiliesSurviveRestart/first-restart/sdk-config (0.00s)
    --- PASS: TestPersistedMetadataFamiliesSurviveRestart/first-restart/git-bundle-ref (0.00s)
    --- PASS: TestPersistedMetadataFamiliesSurviveRestart/first-restart/schema (0.00s)
    --- PASS: TestPersistedMetadataFamiliesSurviveRestart/first-restart/current-module (0.00s)
    --- PASS: TestPersistedMetadataFamiliesSurviveRestart/first-restart/workspace-migration (0.00s)
    --- PASS: TestPersistedMetadataFamiliesSurviveRestart/first-restart/workspace-migration-step (0.00s)
    --- PASS: TestPersistedMetadataFamiliesSurviveRestart/first-restart/cloud (0.00s)
    --- PASS: TestPersistedMetadataFamiliesSurviveRestart/first-restart/terminal-legacy (0.00s)
    --- PASS: TestPersistedMetadataFamiliesSurviveRestart/first-restart/module-config-client (0.00s)
    --- PASS: TestPersistedMetadataFamiliesSurviveRestart/after-untouched-save/env-var (0.00s)
    --- PASS: TestPersistedMetadataFamiliesSurviveRestart/after-untouched-save/env-var-empty (0.00s)
    --- PASS: TestPersistedMetadataFamiliesSurviveRestart/after-untouched-save/port-nil-description (0.00s)
    --- PASS: TestPersistedMetadataFamiliesSurviveRestart/after-untouched-save/port-empty-description (0.00s)
    --- PASS: TestPersistedMetadataFamiliesSurviveRestart/after-untouched-save/port-described (0.00s)
    --- PASS: TestPersistedMetadataFamiliesSurviveRestart/after-untouched-save/sdk-config (0.00s)
    --- PASS: TestPersistedMetadataFamiliesSurviveRestart/after-untouched-save/git-bundle-ref (0.00s)
    --- PASS: TestPersistedMetadataFamiliesSurviveRestart/after-untouched-save/schema (0.00s)
    --- PASS: TestPersistedMetadataFamiliesSurviveRestart/after-untouched-save/current-module (0.00s)
    --- PASS: TestPersistedMetadataFamiliesSurviveRestart/after-untouched-save/workspace-migration (0.00s)
    --- PASS: TestPersistedMetadataFamiliesSurviveRestart/after-untouched-save/workspace-migration-step (0.00s)
    --- PASS: TestPersistedMetadataFamiliesSurviveRestart/after-untouched-save/cloud (0.00s)
    --- PASS: TestPersistedMetadataFamiliesSurviveRestart/after-untouched-save/terminal-legacy (0.00s)
    --- PASS: TestPersistedMetadataFamiliesSurviveRestart/after-untouched-save/module-config-client (0.00s)
=== RUN   TestPersistedMetadataControlsDetectLoss
=== RUN   TestPersistedMetadataControlsDetectLoss/dropping_a_present_empty_port_description
=== RUN   TestPersistedMetadataControlsDetectLoss/reordering_migration_warnings_and_steps
=== RUN   TestPersistedMetadataControlsDetectLoss/untyped_number_decoding_rounds_the_SDK_config
=== RUN   TestPersistedMetadataControlsDetectLoss/sdk_config_keeps_empty_maps_distinct_from_absent_ones
=== RUN   TestPersistedMetadataControlsDetectLoss/sdk_config_keeps_empty_maps_distinct_from_absent_ones/absent_maps
=== RUN   TestPersistedMetadataControlsDetectLoss/sdk_config_keeps_empty_maps_distinct_from_absent_ones/empty_maps
=== RUN   TestPersistedMetadataControlsDetectLoss/sdk_config_keeps_empty_maps_distinct_from_absent_ones/present_maps
=== RUN   TestPersistedMetadataControlsDetectLoss/current_module_without_its_row_is_absent
--- PASS: TestPersistedMetadataControlsDetectLoss (0.00s)
    --- PASS: TestPersistedMetadataControlsDetectLoss/dropping_a_present_empty_port_description (0.00s)
    --- PASS: TestPersistedMetadataControlsDetectLoss/reordering_migration_warnings_and_steps (0.00s)
    --- PASS: TestPersistedMetadataControlsDetectLoss/untyped_number_decoding_rounds_the_SDK_config (0.00s)
    --- PASS: TestPersistedMetadataControlsDetectLoss/sdk_config_keeps_empty_maps_distinct_from_absent_ones (0.00s)
        --- PASS: TestPersistedMetadataControlsDetectLoss/sdk_config_keeps_empty_maps_distinct_from_absent_ones/absent_maps (0.00s)
        --- PASS: TestPersistedMetadataControlsDetectLoss/sdk_config_keeps_empty_maps_distinct_from_absent_ones/empty_maps (0.00s)
        --- PASS: TestPersistedMetadataControlsDetectLoss/sdk_config_keeps_empty_maps_distinct_from_absent_ones/present_maps (0.00s)
    --- PASS: TestPersistedMetadataControlsDetectLoss/current_module_without_its_row_is_absent (0.00s)
=== RUN   TestPersistedOptionalVoidSurvivesRestart
2026/09/16 09:28:50 INFO starting dagql cache close hasSQLDB=true hasPersistDB=true
2026/09/16 09:28:50 INFO marking dagql cache clean shutdown
2026/09/16 09:28:50 WARN successfully marked clean shutdown in persistence metadata
2026/09/16 09:28:50 INFO completed dagql cache close successfully
2026/09/16 09:28:50 INFO starting dagql cache close hasSQLDB=true hasPersistDB=true
2026/09/16 09:28:50 INFO marking dagql cache clean shutdown
2026/09/16 09:28:50 WARN successfully marked clean shutdown in persistence metadata
2026/09/16 09:28:50 INFO completed dagql cache close successfully
=== RUN   TestPersistedOptionalVoidSurvivesRestart/a_nil_result_under_a_non-optional_declaration_is_a_present_Void_outside_the_contract
2026/09/16 09:28:50 INFO discarding dagql cache without persistence hasSQLDB=true hasPersistDB=true
--- PASS: TestPersistedOptionalVoidSurvivesRestart (0.02s)
    --- PASS: TestPersistedOptionalVoidSurvivesRestart/a_nil_result_under_a_non-optional_declaration_is_a_present_Void_outside_the_contract (0.00s)
=== RUN   TestPersistedModuleConfigurationNumbersStayExact
=== RUN   TestPersistedModuleConfigurationNumbersStayExact/module_SDK_and_workspace_configuration
=== RUN   TestPersistedModuleConfigurationNumbersStayExact/module_source_SDK_configuration
2026/09/16 09:28:50 INFO discarding dagql cache without persistence hasSQLDB=true hasPersistDB=true
--- PASS: TestPersistedModuleConfigurationNumbersStayExact (0.01s)
    --- PASS: TestPersistedModuleConfigurationNumbersStayExact/module_SDK_and_workspace_configuration (0.00s)
    --- PASS: TestPersistedModuleConfigurationNumbersStayExact/module_source_SDK_configuration (0.00s)
=== RUN   TestPersistedCoreLazyPayloadRelocation
=== RUN   TestPersistedCoreLazyPayloadRelocation/an_omitted_mapping_fails_without_partial_writes
2026/09/16 09:28:50 INFO discarding dagql cache without persistence hasSQLDB=true hasPersistDB=true
--- PASS: TestPersistedCoreLazyPayloadRelocation (0.01s)
    --- PASS: TestPersistedCoreLazyPayloadRelocation/an_omitted_mapping_fails_without_partial_writes (0.00s)
=== RUN   TestPersistedModuleObjectPayloadRelocation
=== RUN   TestPersistedModuleObjectPayloadRelocation/an_omitted_mapping_fails_without_partial_writes
2026/09/16 09:28:50 INFO discarding dagql cache without persistence hasSQLDB=true hasPersistDB=true
--- PASS: TestPersistedModuleObjectPayloadRelocation (0.01s)
    --- PASS: TestPersistedModuleObjectPayloadRelocation/an_omitted_mapping_fails_without_partial_writes (0.00s)
=== RUN   TestPersistedActionPayloadRelocationKeepsNodeIndices
2026/09/16 09:28:50 INFO discarding dagql cache without persistence hasSQLDB=true hasPersistDB=true
--- PASS: TestPersistedActionPayloadRelocationKeepsNodeIndices (0.01s)
=== RUN   TestPersistedCoreStorageRolesAreClassified
2026/09/16 09:28:50 INFO discarding dagql cache without persistence hasSQLDB=true hasPersistDB=true
--- PASS: TestPersistedCoreStorageRolesAreClassified (0.01s)
=== RUN   TestPersistedRelocatedRowsSurviveWorkerSaveAndReopen
2026/09/16 09:28:50 INFO starting dagql cache close hasSQLDB=true hasPersistDB=true
2026/09/16 09:28:50 INFO marking dagql cache clean shutdown
2026/09/16 09:28:50 WARN successfully marked clean shutdown in persistence metadata
2026/09/16 09:28:50 INFO completed dagql cache close successfully
2026/09/16 09:28:50 INFO starting dagql cache close hasSQLDB=true hasPersistDB=true
2026/09/16 09:28:51 INFO marking dagql cache clean shutdown
2026/09/16 09:28:51 WARN successfully marked clean shutdown in persistence metadata
2026/09/16 09:28:51 INFO completed dagql cache close successfully
2026/09/16 09:28:51 INFO starting dagql cache close hasSQLDB=true hasPersistDB=true
2026/09/16 09:28:51 INFO marking dagql cache clean shutdown
2026/09/16 09:28:51 WARN successfully marked clean shutdown in persistence metadata
2026/09/16 09:28:51 INFO completed dagql cache close successfully
2026/09/16 09:28:51 INFO starting dagql cache close hasSQLDB=true hasPersistDB=true
2026/09/16 09:28:51 INFO marking dagql cache clean shutdown
2026/09/16 09:28:51 WARN successfully marked clean shutdown in persistence metadata
2026/09/16 09:28:51 INFO completed dagql cache close successfully
2026/09/16 09:28:51 INFO discarding dagql cache without persistence hasSQLDB=true hasPersistDB=true
--- PASS: TestPersistedRelocatedRowsSurviveWorkerSaveAndReopen (0.03s)
=== RUN   TestPersistedContainerRecipeRelocationUsesRecordedCall
=== RUN   TestPersistedContainerRecipeRelocationUsesRecordedCall/a_pending_recipe_without_its_recorded_call_is_refused
=== RUN   TestPersistedContainerRecipeRelocationUsesRecordedCall/a_recorded_call_naming_no_recipe_is_refused
=== RUN   TestPersistedContainerRecipeRelocationUsesRecordedCall/a_different_recipe's_call_does_not_reach_these_positions
2026/09/16 09:28:51 INFO discarding dagql cache without persistence hasSQLDB=true hasPersistDB=true
--- PASS: TestPersistedContainerRecipeRelocationUsesRecordedCall (0.01s)
    --- PASS: TestPersistedContainerRecipeRelocationUsesRecordedCall/a_pending_recipe_without_its_recorded_call_is_refused (0.00s)
    --- PASS: TestPersistedContainerRecipeRelocationUsesRecordedCall/a_recorded_call_naming_no_recipe_is_refused (0.00s)
    --- PASS: TestPersistedContainerRecipeRelocationUsesRecordedCall/a_different_recipe's_call_does_not_reach_these_positions (0.00s)
=== RUN   TestProducerPathCleanup
=== RUN   TestProducerPathCleanup/blob/mount
2026/09/16 09:28:51 INFO start lazy evaluation field=File.blob
2026/09/16 09:28:51 INFO end lazy evaluation field=File.blob duration=62.92µs err="injected path failure"
=== RUN   TestProducerPathCleanup/blob/write
2026/09/16 09:28:51 INFO start lazy evaluation field=File.blob
2026/09/16 09:28:51 INFO end lazy evaluation field=File.blob duration=79.64µs err="open /tmp/TestProducerPathCleanupblobwrite2156797291/001/data: is a directory"
=== RUN   TestProducerPathCleanup/blob/commit
2026/09/16 09:28:51 INFO start lazy evaluation field=File.blob
2026/09/16 09:28:51 INFO end lazy evaluation field=File.blob duration=75.43µs err="commit blob snapshot: injected path failure"
=== RUN   TestProducerPathCleanup/blob/success
2026/09/16 09:28:51 INFO start lazy evaluation field=File.blob
2026/09/16 09:28:51 INFO end lazy evaluation field=File.blob duration=68.49µs
=== RUN   TestProducerPathCleanup/http/mount
=== RUN   TestProducerPathCleanup/http/write
=== RUN   TestProducerPathCleanup/http/commit
=== RUN   TestProducerPathCleanup/http/success
=== RUN   TestProducerPathCleanup/cleaned_bare_alias
2026/09/16 09:28:51 INFO discarding dagql cache without persistence hasSQLDB=false hasPersistDB=false
--- PASS: TestProducerPathCleanup (0.01s)
    --- PASS: TestProducerPathCleanup/blob/mount (0.00s)
    --- PASS: TestProducerPathCleanup/blob/write (0.00s)
    --- PASS: TestProducerPathCleanup/blob/commit (0.00s)
    --- PASS: TestProducerPathCleanup/blob/success (0.00s)
    --- PASS: TestProducerPathCleanup/http/mount (0.00s)
    --- PASS: TestProducerPathCleanup/http/write (0.00s)
    --- PASS: TestProducerPathCleanup/http/commit (0.00s)
    --- PASS: TestProducerPathCleanup/http/success (0.00s)
    --- PASS: TestProducerPathCleanup/cleaned_bare_alias (0.01s)
=== RUN   TestProducerTemporaryIndexCleanup
=== RUN   TestProducerTemporaryIndexCleanup/copy
=== RUN   TestProducerTemporaryIndexCleanup/close
=== RUN   TestProducerTemporaryIndexCleanup/command
=== RUN   TestProducerTemporaryIndexCleanup/success
--- PASS: TestProducerTemporaryIndexCleanup (0.00s)
    --- PASS: TestProducerTemporaryIndexCleanup/copy (0.00s)
    --- PASS: TestProducerTemporaryIndexCleanup/close (0.00s)
    --- PASS: TestProducerTemporaryIndexCleanup/command (0.00s)
    --- PASS: TestProducerTemporaryIndexCleanup/success (0.00s)
=== RUN   TestQueryNewModuleInitializesDeps
=== PAUSE TestQueryNewModuleInitializesDeps
=== RUN   TestSelectLatestReleaseTagIgnoresLowerAmbiguity
=== PAUSE TestSelectLatestReleaseTagIgnoresLowerAmbiguity
=== RUN   TestSelectLatestReleaseTagReportsOriginalTags
=== PAUSE TestSelectLatestReleaseTagReportsOriginalTags
=== RUN   TestSelectReleaseTagWithVersionQuery
=== PAUSE TestSelectReleaseTagWithVersionQuery
=== RUN   TestSelectReleaseTagRejectsInvalidVersionQuery
=== PAUSE TestSelectReleaseTagRejectsInvalidVersionQuery
=== RUN   TestParseReleaseTagPreservesPrefixedName
=== PAUSE TestParseReleaseTagPreservesPrefixedName
=== RUN   TestPreferCanonicalGitReleaseTag
=== PAUSE TestPreferCanonicalGitReleaseTag
=== RUN   TestSchemaJSONFileSelectorHiddenFieldsAffectCallIdentity
--- PASS: TestSchemaJSONFileSelectorHiddenFieldsAffectCallIdentity (0.00s)
=== RUN   TestModDepsForCallInstalledPreference
=== RUN   TestModDepsForCallInstalledPreference/import_before_installation
=== RUN   TestModDepsForCallInstalledPreference/import_before_installation/module
=== RUN   TestModDepsForCallInstalledPreference/import_before_installation/receiver
=== RUN   TestModDepsForCallInstalledPreference/import_before_installation/argument
=== RUN   TestModDepsForCallInstalledPreference/import_before_installation/implicit
=== RUN   TestModDepsForCallInstalledPreference/import_before_installation/ancestor
2026/09/16 09:28:51 INFO discarding dagql cache without persistence hasSQLDB=true hasPersistDB=true
2026/09/16 09:28:51 INFO discarding dagql cache without persistence hasSQLDB=true hasPersistDB=true
=== RUN   TestModDepsForCallInstalledPreference/import_after_installation
=== RUN   TestModDepsForCallInstalledPreference/import_after_installation/module
=== RUN   TestModDepsForCallInstalledPreference/import_after_installation/receiver
=== RUN   TestModDepsForCallInstalledPreference/import_after_installation/argument
=== RUN   TestModDepsForCallInstalledPreference/import_after_installation/implicit
=== RUN   TestModDepsForCallInstalledPreference/import_after_installation/ancestor
2026/09/16 09:28:51 INFO discarding dagql cache without persistence hasSQLDB=true hasPersistDB=true
2026/09/16 09:28:51 INFO discarding dagql cache without persistence hasSQLDB=true hasPersistDB=true
--- PASS: TestModDepsForCallInstalledPreference (0.05s)
    --- PASS: TestModDepsForCallInstalledPreference/import_before_installation (0.02s)
        --- PASS: TestModDepsForCallInstalledPreference/import_before_installation/module (0.00s)
        --- PASS: TestModDepsForCallInstalledPreference/import_before_installation/receiver (0.00s)
        --- PASS: TestModDepsForCallInstalledPreference/import_before_installation/argument (0.00s)
        --- PASS: TestModDepsForCallInstalledPreference/import_before_installation/implicit (0.00s)
        --- PASS: TestModDepsForCallInstalledPreference/import_before_installation/ancestor (0.00s)
    --- PASS: TestModDepsForCallInstalledPreference/import_after_installation (0.02s)
        --- PASS: TestModDepsForCallInstalledPreference/import_after_installation/module (0.00s)
        --- PASS: TestModDepsForCallInstalledPreference/import_after_installation/receiver (0.00s)
        --- PASS: TestModDepsForCallInstalledPreference/import_after_installation/argument (0.00s)
        --- PASS: TestModDepsForCallInstalledPreference/import_after_installation/implicit (0.00s)
        --- PASS: TestModDepsForCallInstalledPreference/import_after_installation/ancestor (0.00s)
=== RUN   TestModDepsForCallInstalledPreferenceTraversal
2026/09/16 09:28:51 INFO discarding dagql cache without persistence hasSQLDB=true hasPersistDB=true
--- PASS: TestModDepsForCallInstalledPreferenceTraversal (0.01s)
=== RUN   TestNewSchema
=== RUN   TestNewSchema/valid
=== RUN   TestNewSchema/malformed_JSON
=== RUN   TestNewSchema/missing___schema
--- PASS: TestNewSchema (0.00s)
    --- PASS: TestNewSchema/valid (0.00s)
    --- PASS: TestNewSchema/malformed_JSON (0.00s)
    --- PASS: TestNewSchema/missing___schema (0.00s)
=== RUN   TestSchemaMerge
--- PASS: TestSchemaMerge (0.00s)
=== RUN   TestSchemaMergeReusesModuleConstructor
--- PASS: TestSchemaMergeReusesModuleConstructor (0.00s)
=== RUN   TestSchemaMergeIdempotent
--- PASS: TestSchemaMergeIdempotent (0.00s)
=== RUN   TestSchemaMergeConflict
--- PASS: TestSchemaMergeConflict (0.00s)
=== RUN   TestSchemaMergeRequiresModuleName
--- PASS: TestSchemaMergeRequiresModuleName (0.00s)
=== RUN   TestSchemaMergeInterfaceAndEnum
=== RUN   TestSchemaMergeInterfaceAndEnum/interface
=== RUN   TestSchemaMergeInterfaceAndEnum/enum
--- PASS: TestSchemaMergeInterfaceAndEnum (0.00s)
    --- PASS: TestSchemaMergeInterfaceAndEnum/interface (0.00s)
    --- PASS: TestSchemaMergeInterfaceAndEnum/enum (0.00s)
=== RUN   TestSchemaMergeScalar
--- PASS: TestSchemaMergeScalar (0.00s)
=== RUN   TestSchemaContentsRoundTrip
--- PASS: TestSchemaContentsRoundTrip (0.00s)
=== RUN   TestRecordBoundServiceFQDNs
=== PAUSE TestRecordBoundServiceFQDNs
=== RUN   TestRunningServiceOriginSpanContextsAreDeterministic
--- PASS: TestRunningServiceOriginSpanContextsAreDeterministic (0.00s)
=== RUN   TestServiceBindingExitErrorAddsBindingOriginAlongsideInnerOrigin
--- PASS: TestServiceBindingExitErrorAddsBindingOriginAlongsideInnerOrigin (0.00s)
=== RUN   TestStartWithKeySuppressesDependencyExitPropagationUntilRelease
--- PASS: TestStartWithKeySuppressesDependencyExitPropagationUntilRelease (0.06s)
=== RUN   TestSecretPlaintextFallsBackToAvailableSessionResourceBinding
--- PASS: TestSecretPlaintextFallsBackToAvailableSessionResourceBinding (0.00s)
=== RUN   TestSocketForwardAgentClientFallsBackToAvailableSessionResourceBinding
--- PASS: TestSocketForwardAgentClientFallsBackToAvailableSessionResourceBinding (0.00s)
=== RUN   TestSnapshotTransferTypedAdoptionAndRestart
2026/09/16 09:28:51 INFO start lazy evaluation field=Container.rootfs
2026/09/16 09:28:51 INFO end lazy evaluation field=Container.rootfs duration=103.37µs
2026/09/16 09:28:51 INFO starting dagql cache close hasSQLDB=true hasPersistDB=true
2026/09/16 09:28:51 INFO marking dagql cache clean shutdown
2026/09/16 09:28:51 WARN successfully marked clean shutdown in persistence metadata
2026/09/16 09:28:51 INFO completed dagql cache close successfully
    snapshot_transfer_test.go:95: after clean cache close: lease=292752572-mwz7 labels=map[buildkit/lease.temporary:2026-09-16T09:28:51.292760942Z containerd.io/gc.flat:2026-09-16T09:28:51.292763532Z dagger.io/snapshot-transfer:true] resources=[{sha256:4e90eefc5eabbb20b3a2c627923813ed0c83006e92d45dae7d4efcef533513a9 content} {sha256:e23e8cfe8fbe0dae7b822af32853362933813797c6a8b99f7a2cacfd5f80b1db content} {5w6ery4xypcgmy7nodbxykn7w snapshots/native} {cqope2vr27nz6yet5u62mnhwk snapshots/native}]
    snapshot_transfer_test.go:95: after clean cache close: lease=dagql/result/1/fs labels=map[containerd.io/gc.flat:2026-09-16T09:28:51.376576321Z] resources=[{sha256:4e90eefc5eabbb20b3a2c627923813ed0c83006e92d45dae7d4efcef533513a9 content} {sha256:e23e8cfe8fbe0dae7b822af32853362933813797c6a8b99f7a2cacfd5f80b1db content} {5w6ery4xypcgmy7nodbxykn7w snapshots/native} {cqope2vr27nz6yet5u62mnhwk snapshots/native}]
    snapshot_transfer_test.go:95: after clean cache close: lease=dagql/result/2/snapshot labels=map[containerd.io/gc.flat:2026-09-16T09:28:51.383270655Z] resources=[{sha256:4e90eefc5eabbb20b3a2c627923813ed0c83006e92d45dae7d4efcef533513a9 content} {sha256:e23e8cfe8fbe0dae7b822af32853362933813797c6a8b99f7a2cacfd5f80b1db content} {5w6ery4xypcgmy7nodbxykn7w snapshots/native} {cqope2vr27nz6yet5u62mnhwk snapshots/native}]
    snapshot_transfer_test.go:95: after clean cache close: lease=dagql/result/3/snapshot labels=map[containerd.io/gc.flat:2026-09-16T09:28:51.400136219Z] resources=[{sha256:4e90eefc5eabbb20b3a2c627923813ed0c83006e92d45dae7d4efcef533513a9 content} {sha256:e23e8cfe8fbe0dae7b822af32853362933813797c6a8b99f7a2cacfd5f80b1db content} {5w6ery4xypcgmy7nodbxykn7w snapshots/native} {cqope2vr27nz6yet5u62mnhwk snapshots/native}]
    snapshot_transfer_test.go:95: after clean cache close: lease=unrelated-temporary labels=map[buildkit/lease.temporary:2026-09-16T09:28:51.419396599Z] resources=[]
2026/09/16 09:28:51 INFO start lazy group evaluation field="Container stored part" group=open:fs
2026/09/16 09:28:51 INFO end lazy group evaluation field="Container stored part" group=open:fs duration=58.23µs
2026/09/16 09:28:51 INFO start lazy evaluation field=Directory.restore
2026/09/16 09:28:51 INFO end lazy evaluation field=Directory.restore duration=65.48µs
2026/09/16 09:28:51 INFO start lazy evaluation field=File.restore
2026/09/16 09:28:51 INFO end lazy evaluation field=File.restore duration=80.84µs
2026/09/16 09:28:51 INFO starting dagql cache close hasSQLDB=true hasPersistDB=true
2026/09/16 09:28:51 INFO marking dagql cache clean shutdown
2026/09/16 09:28:51 WARN successfully marked clean shutdown in persistence metadata
2026/09/16 09:28:51 INFO completed dagql cache close successfully
    snapshot_transfer_test.go:165: Container, Directory and File persisted/reopened: source reads=2 apply calls=2
--- PASS: TestSnapshotTransferTypedAdoptionAndRestart (0.32s)
=== RUN   TestPersistedObjectListSurvivesRepeatedRestore
2026/09/16 09:28:51 INFO starting dagql cache close hasSQLDB=true hasPersistDB=true
2026/09/16 09:28:51 INFO marking dagql cache clean shutdown
2026/09/16 09:28:51 WARN successfully marked clean shutdown in persistence metadata
2026/09/16 09:28:51 INFO completed dagql cache close successfully
2026/09/16 09:28:51 INFO starting dagql cache close hasSQLDB=true hasPersistDB=true
2026/09/16 09:28:51 INFO marking dagql cache clean shutdown
2026/09/16 09:28:51 WARN successfully marked clean shutdown in persistence metadata
2026/09/16 09:28:51 INFO completed dagql cache close successfully
2026/09/16 09:28:51 INFO start lazy evaluation field=Directory.restore
2026/09/16 09:28:51 INFO end lazy evaluation field=Directory.restore duration=49.33µs
2026/09/16 09:28:51 INFO starting dagql cache close hasSQLDB=true hasPersistDB=true
2026/09/16 09:28:51 INFO marking dagql cache clean shutdown
2026/09/16 09:28:51 WARN successfully marked clean shutdown in persistence metadata
2026/09/16 09:28:51 INFO completed dagql cache close successfully
2026/09/16 09:28:51 INFO starting dagql cache close hasSQLDB=true hasPersistDB=true
2026/09/16 09:28:51 INFO marking dagql cache clean shutdown
2026/09/16 09:28:51 WARN successfully marked clean shutdown in persistence metadata
2026/09/16 09:28:51 INFO completed dagql cache close successfully
--- PASS: TestPersistedObjectListSurvivesRepeatedRestore (0.02s)
=== RUN   TestWorkspaceRestoreOpensNothing
2026/09/16 09:28:51 INFO starting dagql cache close hasSQLDB=true hasPersistDB=true
2026/09/16 09:28:51 INFO marking dagql cache clean shutdown
2026/09/16 09:28:51 WARN successfully marked clean shutdown in persistence metadata
2026/09/16 09:28:51 INFO completed dagql cache close successfully
2026/09/16 09:28:51 INFO starting dagql cache close hasSQLDB=true hasPersistDB=true
2026/09/16 09:28:51 INFO marking dagql cache clean shutdown
2026/09/16 09:28:51 WARN successfully marked clean shutdown in persistence metadata
2026/09/16 09:28:51 INFO completed dagql cache close successfully
2026/09/16 09:28:51 INFO start lazy evaluation field=Directory.restore
2026/09/16 09:28:51 INFO end lazy evaluation field=Directory.restore duration=35.98µs
2026/09/16 09:28:51 INFO starting dagql cache close hasSQLDB=true hasPersistDB=true
2026/09/16 09:28:51 INFO marking dagql cache clean shutdown
2026/09/16 09:28:51 WARN successfully marked clean shutdown in persistence metadata
2026/09/16 09:28:51 INFO completed dagql cache close successfully
--- PASS: TestWorkspaceRestoreOpensNothing (0.02s)
=== RUN   TestModuleObjectListFieldRestore
2026/09/16 09:28:51 INFO starting dagql cache close hasSQLDB=true hasPersistDB=true
2026/09/16 09:28:51 INFO marking dagql cache clean shutdown
2026/09/16 09:28:51 WARN successfully marked clean shutdown in persistence metadata
2026/09/16 09:28:51 INFO completed dagql cache close successfully
2026/09/16 09:28:51 INFO starting dagql cache close hasSQLDB=true hasPersistDB=true
2026/09/16 09:28:51 INFO marking dagql cache clean shutdown
2026/09/16 09:28:51 WARN successfully marked clean shutdown in persistence metadata
2026/09/16 09:28:51 INFO completed dagql cache close successfully
2026/09/16 09:28:51 INFO starting dagql cache close hasSQLDB=true hasPersistDB=true
2026/09/16 09:28:51 INFO marking dagql cache clean shutdown
2026/09/16 09:28:51 WARN successfully marked clean shutdown in persistence metadata
2026/09/16 09:28:51 INFO completed dagql cache close successfully
--- PASS: TestModuleObjectListFieldRestore (0.02s)
=== RUN   TestRestoredSnapshotLazyChildrenKeepParentClosed
=== RUN   TestRestoredSnapshotLazyChildrenKeepParentClosed/Directory
2026/09/16 09:28:51 INFO starting dagql cache close hasSQLDB=true hasPersistDB=true
2026/09/16 09:28:51 INFO marking dagql cache clean shutdown
2026/09/16 09:28:51 WARN successfully marked clean shutdown in persistence metadata
2026/09/16 09:28:51 INFO completed dagql cache close successfully
2026/09/16 09:28:51 INFO start lazy evaluation field=Directory.without
2026/09/16 09:28:51 INFO start lazy evaluation field=Directory.restore
2026/09/16 09:28:51 INFO end lazy evaluation field=Directory.restore duration=45.73µs
2026/09/16 09:28:51 INFO end lazy evaluation field=Directory.without duration=170.33µs err="context canceled"
2026/09/16 09:28:51 INFO discarding dagql cache without persistence hasSQLDB=true hasPersistDB=true
=== RUN   TestRestoredSnapshotLazyChildrenKeepParentClosed/File
2026/09/16 09:28:51 INFO starting dagql cache close hasSQLDB=true hasPersistDB=true
2026/09/16 09:28:51 INFO marking dagql cache clean shutdown
2026/09/16 09:28:51 WARN successfully marked clean shutdown in persistence metadata
2026/09/16 09:28:51 INFO completed dagql cache close successfully
2026/09/16 09:28:51 INFO start lazy evaluation field=File.withName
2026/09/16 09:28:51 INFO start lazy evaluation field=File.restore
2026/09/16 09:28:51 INFO end lazy evaluation field=File.restore duration=26.7µs
2026/09/16 09:28:51 INFO end lazy evaluation field=File.withName duration=128.95µs err="context canceled"
2026/09/16 09:28:51 INFO discarding dagql cache without persistence hasSQLDB=true hasPersistDB=true
--- PASS: TestRestoredSnapshotLazyChildrenKeepParentClosed (0.03s)
    --- PASS: TestRestoredSnapshotLazyChildrenKeepParentClosed/Directory (0.01s)
    --- PASS: TestRestoredSnapshotLazyChildrenKeepParentClosed/File (0.01s)
=== RUN   TestRestoredSnapshotContainerRecipeInput
2026/09/16 09:28:51 INFO starting dagql cache close hasSQLDB=true hasPersistDB=true
2026/09/16 09:28:51 INFO marking dagql cache clean shutdown
2026/09/16 09:28:51 WARN successfully marked clean shutdown in persistence metadata
2026/09/16 09:28:51 INFO completed dagql cache close successfully
2026/09/16 09:28:51 INFO start lazy group evaluation field=Container.withDirectory group=metadata
2026/09/16 09:28:51 INFO end lazy group evaluation field=Container.withDirectory group=metadata duration=29.75µs
2026/09/16 09:28:51 INFO start lazy group evaluation field=Container.withDirectory group=execMeta
2026/09/16 09:28:51 INFO end lazy group evaluation field=Container.withDirectory group=execMeta duration=5.3µs
2026/09/16 09:28:51 INFO start lazy group evaluation field=Container.withDirectory group=write
2026/09/16 09:28:51 INFO start lazy evaluation field=Directory.restore
2026/09/16 09:28:51 INFO end lazy evaluation field=Directory.restore duration=41.2µs
2026/09/16 09:28:51 INFO start lazy group evaluation field="Container stored part" group=open:fs
2026/09/16 09:28:51 INFO end lazy group evaluation field="Container stored part" group=open:fs duration=44.43µs
2026/09/16 09:28:51 INFO start lazy evaluation field=Container.rootfs
2026/09/16 09:28:51 INFO end lazy evaluation field=Container.rootfs duration=58.47µs
2026/09/16 09:28:51 INFO end lazy group evaluation field=Container.withDirectory group=write duration=698.86µs err="snapshotmanager.New failed: context canceled"
2026/09/16 09:28:51 INFO discarding dagql cache without persistence hasSQLDB=true hasPersistDB=true
--- PASS: TestRestoredSnapshotContainerRecipeInput (0.01s)
=== RUN   TestRestoredSnapshotRoundTrip
=== RUN   TestRestoredSnapshotRoundTrip/Directory
2026/09/16 09:28:51 INFO starting dagql cache close hasSQLDB=true hasPersistDB=true
2026/09/16 09:28:51 INFO marking dagql cache clean shutdown
2026/09/16 09:28:51 WARN successfully marked clean shutdown in persistence metadata
2026/09/16 09:28:51 INFO completed dagql cache close successfully
2026/09/16 09:28:51 INFO starting dagql cache close hasSQLDB=true hasPersistDB=true
2026/09/16 09:28:51 INFO marking dagql cache clean shutdown
2026/09/16 09:28:51 WARN successfully marked clean shutdown in persistence metadata
2026/09/16 09:28:51 INFO completed dagql cache close successfully
2026/09/16 09:28:51 INFO start lazy evaluation field=Directory.restore
2026/09/16 09:28:51 INFO end lazy evaluation field=Directory.restore duration=36.58µs
2026/09/16 09:28:51 INFO starting dagql cache close hasSQLDB=true hasPersistDB=true
2026/09/16 09:28:51 INFO marking dagql cache clean shutdown
2026/09/16 09:28:51 WARN successfully marked clean shutdown in persistence metadata
2026/09/16 09:28:51 INFO completed dagql cache close successfully
=== RUN   TestRestoredSnapshotRoundTrip/Directory/
2026/09/16 09:28:51 INFO starting dagql cache close hasSQLDB=true hasPersistDB=true
2026/09/16 09:28:51 INFO marking dagql cache clean shutdown
2026/09/16 09:28:51 WARN successfully marked clean shutdown in persistence metadata
2026/09/16 09:28:51 INFO completed dagql cache close successfully
2026/09/16 09:28:51 INFO starting dagql cache close hasSQLDB=true hasPersistDB=true
2026/09/16 09:28:51 INFO marking dagql cache clean shutdown
2026/09/16 09:28:51 WARN successfully marked clean shutdown in persistence metadata
2026/09/16 09:28:51 INFO completed dagql cache close successfully
2026/09/16 09:28:51 INFO start lazy evaluation field=Directory.restore
2026/09/16 09:28:51 INFO end lazy evaluation field=Directory.restore duration=37.67µs
2026/09/16 09:28:51 INFO starting dagql cache close hasSQLDB=true hasPersistDB=true
2026/09/16 09:28:51 INFO marking dagql cache clean shutdown
2026/09/16 09:28:51 WARN successfully marked clean shutdown in persistence metadata
2026/09/16 09:28:51 INFO completed dagql cache close successfully
=== RUN   TestRestoredSnapshotRoundTrip/Directory/nested/name
2026/09/16 09:28:51 INFO starting dagql cache close hasSQLDB=true hasPersistDB=true
2026/09/16 09:28:51 INFO marking dagql cache clean shutdown
2026/09/16 09:28:51 WARN successfully marked clean shutdown in persistence metadata
2026/09/16 09:28:51 INFO completed dagql cache close successfully
2026/09/16 09:28:51 INFO starting dagql cache close hasSQLDB=true hasPersistDB=true
2026/09/16 09:28:51 INFO marking dagql cache clean shutdown
2026/09/16 09:28:51 WARN successfully marked clean shutdown in persistence metadata
2026/09/16 09:28:51 INFO completed dagql cache close successfully
2026/09/16 09:28:51 INFO start lazy evaluation field=Directory.restore
2026/09/16 09:28:51 INFO end lazy evaluation field=Directory.restore duration=29.04µs
2026/09/16 09:28:51 INFO starting dagql cache close hasSQLDB=true hasPersistDB=true
2026/09/16 09:28:51 INFO marking dagql cache clean shutdown
2026/09/16 09:28:51 WARN successfully marked clean shutdown in persistence metadata
2026/09/16 09:28:51 INFO completed dagql cache close successfully
=== RUN   TestRestoredSnapshotRoundTrip/File
2026/09/16 09:28:51 INFO starting dagql cache close hasSQLDB=true hasPersistDB=true
2026/09/16 09:28:51 INFO marking dagql cache clean shutdown
2026/09/16 09:28:51 WARN successfully marked clean shutdown in persistence metadata
2026/09/16 09:28:51 INFO completed dagql cache close successfully
2026/09/16 09:28:51 INFO starting dagql cache close hasSQLDB=true hasPersistDB=true
2026/09/16 09:28:51 INFO marking dagql cache clean shutdown
2026/09/16 09:28:51 WARN successfully marked clean shutdown in persistence metadata
2026/09/16 09:28:51 INFO completed dagql cache close successfully
2026/09/16 09:28:51 INFO start lazy evaluation field=File.restore
2026/09/16 09:28:51 INFO end lazy evaluation field=File.restore duration=20.85µs
2026/09/16 09:28:51 INFO starting dagql cache close hasSQLDB=true hasPersistDB=true
2026/09/16 09:28:51 INFO marking dagql cache clean shutdown
2026/09/16 09:28:51 WARN successfully marked clean shutdown in persistence metadata
2026/09/16 09:28:51 INFO completed dagql cache close successfully
=== RUN   TestRestoredSnapshotRoundTrip/File/
2026/09/16 09:28:51 INFO starting dagql cache close hasSQLDB=true hasPersistDB=true
2026/09/16 09:28:51 INFO marking dagql cache clean shutdown
2026/09/16 09:28:51 WARN successfully marked clean shutdown in persistence metadata
2026/09/16 09:28:51 INFO completed dagql cache close successfully
2026/09/16 09:28:51 INFO starting dagql cache close hasSQLDB=true hasPersistDB=true
2026/09/16 09:28:51 INFO marking dagql cache clean shutdown
2026/09/16 09:28:51 WARN successfully marked clean shutdown in persistence metadata
2026/09/16 09:28:51 INFO completed dagql cache close successfully
2026/09/16 09:28:51 INFO start lazy evaluation field=File.restore
2026/09/16 09:28:51 INFO end lazy evaluation field=File.restore duration=32.3µs
2026/09/16 09:28:51 INFO starting dagql cache close hasSQLDB=true hasPersistDB=true
2026/09/16 09:28:51 INFO marking dagql cache clean shutdown
2026/09/16 09:28:51 WARN successfully marked clean shutdown in persistence metadata
2026/09/16 09:28:51 INFO completed dagql cache close successfully
=== RUN   TestRestoredSnapshotRoundTrip/File/nested/name
2026/09/16 09:28:51 INFO starting dagql cache close hasSQLDB=true hasPersistDB=true
2026/09/16 09:28:51 INFO marking dagql cache clean shutdown
2026/09/16 09:28:51 WARN successfully marked clean shutdown in persistence metadata
2026/09/16 09:28:51 INFO completed dagql cache close successfully
2026/09/16 09:28:51 INFO starting dagql cache close hasSQLDB=true hasPersistDB=true
2026/09/16 09:28:51 INFO marking dagql cache clean shutdown
2026/09/16 09:28:51 WARN successfully marked clean shutdown in persistence metadata
2026/09/16 09:28:51 INFO completed dagql cache close successfully
2026/09/16 09:28:51 INFO start lazy evaluation field=File.restore
2026/09/16 09:28:51 INFO end lazy evaluation field=File.restore duration=22.1µs
2026/09/16 09:28:51 INFO starting dagql cache close hasSQLDB=true hasPersistDB=true
2026/09/16 09:28:51 INFO marking dagql cache clean shutdown
2026/09/16 09:28:51 WARN successfully marked clean shutdown in persistence metadata
2026/09/16 09:28:51 INFO completed dagql cache close successfully
--- PASS: TestRestoredSnapshotRoundTrip (0.08s)
    --- PASS: TestRestoredSnapshotRoundTrip/Directory (0.03s)
    --- PASS: TestRestoredSnapshotRoundTrip/Directory/ (0.02s)
    --- PASS: TestRestoredSnapshotRoundTrip/Directory/nested/name (0.01s)
    --- PASS: TestRestoredSnapshotRoundTrip/File (0.01s)
    --- PASS: TestRestoredSnapshotRoundTrip/File/ (0.01s)
    --- PASS: TestRestoredSnapshotRoundTrip/File/nested/name (0.01s)
=== RUN   TestRestoredSnapshotFailureAndConcurrentDemand
=== RUN   TestRestoredSnapshotFailureAndConcurrentDemand/Directory
2000/01/01 00:00:00 INFO start lazy evaluation field=Directory.restore
2000/01/01 00:00:00 INFO end lazy evaluation field=Directory.restore duration=0s err="snapshot unavailable"
2000/01/01 00:00:00 INFO start lazy evaluation field=Directory.restore
2000/01/01 00:00:00 INFO end lazy evaluation field=Directory.restore duration=0s err="snapshot unavailable"
2000/01/01 00:00:00 INFO start lazy evaluation field=Directory.restore
2000/01/01 00:00:00 INFO end lazy evaluation field=Directory.restore duration=0s
2000/01/01 00:00:00 INFO discarding dagql cache without persistence hasSQLDB=false hasPersistDB=false
=== RUN   TestRestoredSnapshotFailureAndConcurrentDemand/File
2000/01/01 00:00:00 INFO start lazy evaluation field=File.restore
2000/01/01 00:00:00 INFO end lazy evaluation field=File.restore duration=0s err="snapshot unavailable"
2000/01/01 00:00:00 INFO start lazy evaluation field=File.restore
2000/01/01 00:00:00 INFO end lazy evaluation field=File.restore duration=0s err="snapshot unavailable"
2000/01/01 00:00:00 INFO start lazy evaluation field=File.restore
2000/01/01 00:00:00 INFO end lazy evaluation field=File.restore duration=0s
2000/01/01 00:00:00 INFO discarding dagql cache without persistence hasSQLDB=false hasPersistDB=false
--- PASS: TestRestoredSnapshotFailureAndConcurrentDemand (0.00s)
    --- PASS: TestRestoredSnapshotFailureAndConcurrentDemand/Directory (0.00s)
    --- PASS: TestRestoredSnapshotFailureAndConcurrentDemand/File (0.00s)
=== RUN   TestRestoredSnapshotUsageAndRelease
=== RUN   TestRestoredSnapshotUsageAndRelease/Directory/open=false
2000/01/01 00:00:00 INFO discarding dagql cache without persistence hasSQLDB=false hasPersistDB=false
=== RUN   TestRestoredSnapshotUsageAndRelease/Directory/open=true
2000/01/01 00:00:00 INFO start lazy evaluation field=Directory.restore
2000/01/01 00:00:00 INFO end lazy evaluation field=Directory.restore duration=0s
2000/01/01 00:00:00 INFO discarding dagql cache without persistence hasSQLDB=false hasPersistDB=false
=== RUN   TestRestoredSnapshotUsageAndRelease/File/open=false
2000/01/01 00:00:00 INFO discarding dagql cache without persistence hasSQLDB=false hasPersistDB=false
=== RUN   TestRestoredSnapshotUsageAndRelease/File/open=true
2000/01/01 00:00:00 INFO start lazy evaluation field=File.restore
2000/01/01 00:00:00 INFO end lazy evaluation field=File.restore duration=0s
2000/01/01 00:00:00 INFO discarding dagql cache without persistence hasSQLDB=false hasPersistDB=false
--- PASS: TestRestoredSnapshotUsageAndRelease (0.00s)
    --- PASS: TestRestoredSnapshotUsageAndRelease/Directory/open=false (0.00s)
    --- PASS: TestRestoredSnapshotUsageAndRelease/Directory/open=true (0.00s)
    --- PASS: TestRestoredSnapshotUsageAndRelease/File/open=false (0.00s)
    --- PASS: TestRestoredSnapshotUsageAndRelease/File/open=true (0.00s)
=== RUN   TestRestoredSnapshotReportingAndBookkeepingRetry
=== RUN   TestRestoredSnapshotReportingAndBookkeepingRetry/Directory
2026/09/16 09:28:51 INFO start lazy evaluation field=Directory.restore
2026/09/16 09:28:51 INFO end lazy evaluation field=Directory.restore duration=14.08µs
2026/09/16 09:28:51 INFO discarding dagql cache without persistence hasSQLDB=false hasPersistDB=false
=== RUN   TestRestoredSnapshotReportingAndBookkeepingRetry/File
2026/09/16 09:28:51 INFO start lazy evaluation field=File.restore
2026/09/16 09:28:51 INFO end lazy evaluation field=File.restore duration=10.53µs
2026/09/16 09:28:51 INFO discarding dagql cache without persistence hasSQLDB=false hasPersistDB=false
--- PASS: TestRestoredSnapshotReportingAndBookkeepingRetry (0.00s)
    --- PASS: TestRestoredSnapshotReportingAndBookkeepingRetry/Directory (0.00s)
    --- PASS: TestRestoredSnapshotReportingAndBookkeepingRetry/File (0.00s)
=== RUN   TestRestoredSnapshotPathOrEvalFreshPaths
2026/09/16 09:28:51 INFO start lazy evaluation field=test
2026/09/16 09:28:51 INFO end lazy evaluation field=test duration=11.27µs
2026/09/16 09:28:51 INFO start lazy evaluation field=test
2026/09/16 09:28:51 INFO end lazy evaluation field=test duration=8.06µs
2026/09/16 09:28:51 INFO discarding dagql cache without persistence hasSQLDB=false hasPersistDB=false
--- PASS: TestRestoredSnapshotPathOrEvalFreshPaths (0.00s)
=== RUN   TestSourceFilePathsMixedStoredAndFresh
2026/09/16 09:28:51 INFO start lazy evaluation field=test
2026/09/16 09:28:51 INFO end lazy evaluation field=test duration=9.03µs
2026/09/16 09:28:51 INFO discarding dagql cache without persistence hasSQLDB=false hasPersistDB=false
--- PASS: TestSourceFilePathsMixedStoredAndFresh (0.00s)
=== RUN   TestRestoredSnapshotAttemptLifetime
=== RUN   TestRestoredSnapshotAttemptLifetime/Directory/release=false
2000/01/01 00:00:00 INFO start lazy evaluation field=Directory.restore
2000/01/01 00:00:00 INFO end lazy evaluation field=Directory.restore duration=0s
2000/01/01 00:00:00 INFO discarding dagql cache without persistence hasSQLDB=false hasPersistDB=false
=== RUN   TestRestoredSnapshotAttemptLifetime/Directory/release=true
2000/01/01 00:00:00 INFO start lazy evaluation field=Directory.restore
2000/01/01 00:00:00 INFO end lazy evaluation field=Directory.restore duration=0s
2000/01/01 00:00:00 INFO discarding dagql cache without persistence hasSQLDB=false hasPersistDB=false
=== RUN   TestRestoredSnapshotAttemptLifetime/File/release=false
2000/01/01 00:00:00 INFO start lazy evaluation field=File.restore
2000/01/01 00:00:00 INFO end lazy evaluation field=File.restore duration=0s
2000/01/01 00:00:00 INFO discarding dagql cache without persistence hasSQLDB=false hasPersistDB=false
=== RUN   TestRestoredSnapshotAttemptLifetime/File/release=true
2000/01/01 00:00:00 INFO start lazy evaluation field=File.restore
2000/01/01 00:00:00 INFO end lazy evaluation field=File.restore duration=0s
2000/01/01 00:00:00 INFO discarding dagql cache without persistence hasSQLDB=false hasPersistDB=false
--- PASS: TestRestoredSnapshotAttemptLifetime (0.00s)
    --- PASS: TestRestoredSnapshotAttemptLifetime/Directory/release=false (0.00s)
    --- PASS: TestRestoredSnapshotAttemptLifetime/Directory/release=true (0.00s)
    --- PASS: TestRestoredSnapshotAttemptLifetime/File/release=false (0.00s)
    --- PASS: TestRestoredSnapshotAttemptLifetime/File/release=true (0.00s)
=== RUN   TestRestoredSnapshotUntouchedEnvelope
=== RUN   TestRestoredSnapshotUntouchedEnvelope/Directory
2026/09/16 09:28:51 INFO starting dagql cache close hasSQLDB=true hasPersistDB=true
2026/09/16 09:28:51 INFO marking dagql cache clean shutdown
2026/09/16 09:28:51 WARN successfully marked clean shutdown in persistence metadata
2026/09/16 09:28:51 INFO completed dagql cache close successfully
2026/09/16 09:28:51 INFO starting dagql cache close hasSQLDB=true hasPersistDB=true
2026/09/16 09:28:51 INFO marking dagql cache clean shutdown
2026/09/16 09:28:51 WARN successfully marked clean shutdown in persistence metadata
2026/09/16 09:28:51 INFO completed dagql cache close successfully
2026/09/16 09:28:51 INFO start lazy evaluation field=Directory.restore
2026/09/16 09:28:51 INFO end lazy evaluation field=Directory.restore duration=26.64µs
2026/09/16 09:28:51 INFO discarding dagql cache without persistence hasSQLDB=true hasPersistDB=true
=== RUN   TestRestoredSnapshotUntouchedEnvelope/File
2026/09/16 09:28:51 INFO starting dagql cache close hasSQLDB=true hasPersistDB=true
2026/09/16 09:28:51 INFO marking dagql cache clean shutdown
2026/09/16 09:28:51 WARN successfully marked clean shutdown in persistence metadata
2026/09/16 09:28:51 INFO completed dagql cache close successfully
2026/09/16 09:28:51 INFO starting dagql cache close hasSQLDB=true hasPersistDB=true
2026/09/16 09:28:51 INFO marking dagql cache clean shutdown
2026/09/16 09:28:51 WARN successfully marked clean shutdown in persistence metadata
2026/09/16 09:28:51 INFO completed dagql cache close successfully
2026/09/16 09:28:51 INFO start lazy evaluation field=File.restore
2026/09/16 09:28:51 INFO end lazy evaluation field=File.restore duration=25.61µs
2026/09/16 09:28:51 INFO discarding dagql cache without persistence hasSQLDB=true hasPersistDB=true
--- PASS: TestRestoredSnapshotUntouchedEnvelope (0.02s)
    --- PASS: TestRestoredSnapshotUntouchedEnvelope/Directory (0.01s)
    --- PASS: TestRestoredSnapshotUntouchedEnvelope/File (0.01s)
=== RUN   TestSourceFilePathsPreservesFreshErrors
2026/09/16 09:28:51 INFO start lazy evaluation field=test
2026/09/16 09:28:51 INFO end lazy evaluation field=test duration=21.9µs err="fresh source failed"
2026/09/16 09:28:51 INFO discarding dagql cache without persistence hasSQLDB=false hasPersistDB=false
--- PASS: TestSourceFilePathsPreservesFreshErrors (0.00s)
=== RUN   TestRestoredSnapshotDiagnostics
2026/09/16 09:28:51 INFO starting dagql cache close hasSQLDB=true hasPersistDB=true
2026/09/16 09:28:51 INFO marking dagql cache clean shutdown
2026/09/16 09:28:51 WARN successfully marked clean shutdown in persistence metadata
2026/09/16 09:28:51 INFO completed dagql cache close successfully
2026/09/16 09:28:51 INFO start lazy evaluation field=Directory.restore
2026/09/16 09:28:51 INFO end lazy evaluation field=Directory.restore duration=44.6µs
2026/09/16 09:28:51 INFO starting dagql cache close hasSQLDB=true hasPersistDB=true
2026/09/16 09:28:51 INFO marking dagql cache clean shutdown
2026/09/16 09:28:51 WARN successfully marked clean shutdown in persistence metadata
2026/09/16 09:28:51 INFO completed dagql cache close successfully
2026/09/16 09:28:51 INFO start lazy evaluation field=File.restore
2026/09/16 09:28:51 INFO end lazy evaluation field=File.restore duration=43µs
2026/09/16 09:28:51 INFO discarding dagql cache without persistence hasSQLDB=true hasPersistDB=true
2026/09/16 09:28:51 INFO discarding dagql cache without persistence hasSQLDB=true hasPersistDB=true
--- PASS: TestRestoredSnapshotDiagnostics (0.02s)
=== RUN   TestInitCacheEvidenceGates
=== PAUSE TestInitCacheEvidenceGates
=== RUN   TestRecordCacheEvidenceMappingHit
=== PAUSE TestRecordCacheEvidenceMappingHit
=== RUN   TestRecordCacheEvidenceMappingExecutedMissFacts
=== PAUSE TestRecordCacheEvidenceMappingExecutedMissFacts
=== RUN   TestRecordCacheEvidenceMappingJoinedStampsNoMissFacts
=== PAUSE TestRecordCacheEvidenceMappingJoinedStampsNoMissFacts
=== RUN   TestRecordCacheEvidenceMappingUncached
=== PAUSE TestRecordCacheEvidenceMappingUncached
=== RUN   TestRecordCacheEvidenceMappingUndecidedStampsNothing
=== PAUSE TestRecordCacheEvidenceMappingUndecidedStampsNothing
=== RUN   TestAroundFuncCacheEvidenceLifecycle
=== PAUSE TestAroundFuncCacheEvidenceLifecycle
=== RUN   TestAroundFuncMarksTrivialFieldsInternal
2026/09/16 09:28:51 INFO start call field=Query.value digest=xxh3:fce6d35ae467f0f2
2026/09/16 09:28:51 INFO end call field=Query.value cached=false digest=xxh3:fce6d35ae467f0f2
--- PASS: TestAroundFuncMarksTrivialFieldsInternal (0.00s)
=== RUN   TestProfileSkipClassifier
=== PAUSE TestProfileSkipClassifier
=== RUN   TestProfileSkipIsDebugIndependentPureFunction
=== PAUSE TestProfileSkipIsDebugIndependentPureFunction
=== RUN   TestIntrospectionRootFieldsMatchProfileSkip
=== PAUSE TestIntrospectionRootFieldsMatchProfileSkip
=== RUN   TestAroundFuncStampsProfileSkipBeforeInheritedSkip
=== PAUSE TestAroundFuncStampsProfileSkipBeforeInheritedSkip
=== RUN   TestParseCallerCalleeRefs
--- PASS: TestParseCallerCalleeRefs (0.00s)
=== RUN   TestAroundFuncMarksIntrospectionRootAsSkipped
--- PASS: TestAroundFuncMarksIntrospectionRootAsSkipped (0.00s)
=== RUN   TestAroundFuncSkipsIntrospectionDescendantsViaContext
--- PASS: TestAroundFuncSkipsIntrospectionDescendantsViaContext (0.00s)
=== RUN   TestIsIntrospectionPreservesClassification
=== RUN   TestIsIntrospectionPreservesClassification/root_currentTypeDefs
=== RUN   TestIsIntrospectionPreservesClassification/root_plain_field
=== RUN   TestIsIntrospectionPreservesClassification/function_builder_field
=== RUN   TestIsIntrospectionPreservesClassification/descendant_of_introspection_root
=== RUN   TestIsIntrospectionPreservesClassification/descendant_of_plain_root
--- PASS: TestIsIntrospectionPreservesClassification (0.00s)
    --- PASS: TestIsIntrospectionPreservesClassification/root_currentTypeDefs (0.00s)
    --- PASS: TestIsIntrospectionPreservesClassification/root_plain_field (0.00s)
    --- PASS: TestIsIntrospectionPreservesClassification/function_builder_field (0.00s)
    --- PASS: TestIsIntrospectionPreservesClassification/descendant_of_introspection_root (0.00s)
    --- PASS: TestIsIntrospectionPreservesClassification/descendant_of_plain_root (0.00s)
=== RUN   TestRecordStatusDoesNotMarkPendingLazyResultCached
--- PASS: TestRecordStatusDoesNotMarkPendingLazyResultCached (0.00s)
=== RUN   TestTerminalGroupRunRequiresOneTarget
=== RUN   TestTerminalGroupRunRequiresOneTarget/no_target
=== RUN   TestTerminalGroupRunRequiresOneTarget/multiple_targets
--- PASS: TestTerminalGroupRunRequiresOneTarget (0.00s)
    --- PASS: TestTerminalGroupRunRequiresOneTarget/no_target (0.00s)
    --- PASS: TestTerminalGroupRunRequiresOneTarget/multiple_targets (0.00s)
=== RUN   TestSupportsTerminal
=== RUN   TestSupportsTerminal/container
=== RUN   TestSupportsTerminal/directory
=== RUN   TestSupportsTerminal/optional_container
=== RUN   TestSupportsTerminal/other_object
=== RUN   TestSupportsTerminal/non-object
--- PASS: TestSupportsTerminal (0.00s)
    --- PASS: TestSupportsTerminal/container (0.00s)
    --- PASS: TestSupportsTerminal/directory (0.00s)
    --- PASS: TestSupportsTerminal/optional_container (0.00s)
    --- PASS: TestSupportsTerminal/other_object (0.00s)
    --- PASS: TestSupportsTerminal/non-object (0.00s)
=== RUN   TestGuardText
=== RUN   TestGuardText/empty_input
=== RUN   TestGuardText/within_both_limits_passes_through_byte-identical
=== RUN   TestGuardText/a_long_line_is_clamped_inline
=== RUN   TestGuardText/the_clamp_cuts_on_a_rune_boundary
=== RUN   TestGuardText/over_budget_drops_the_middle_behind_the_guard's_marker
--- PASS: TestGuardText (0.00s)
    --- PASS: TestGuardText/empty_input (0.00s)
    --- PASS: TestGuardText/within_both_limits_passes_through_byte-identical (0.00s)
    --- PASS: TestGuardText/a_long_line_is_clamped_inline (0.00s)
    --- PASS: TestGuardText/the_clamp_cuts_on_a_rune_boundary (0.00s)
    --- PASS: TestGuardText/over_budget_drops_the_middle_behind_the_guard's_marker (0.00s)
=== RUN   TestTraceReportGuardPassesThroughSmallReports
--- PASS: TestTraceReportGuardPassesThroughSmallReports (0.00s)
=== RUN   TestTraceReportGuardClampsLongLines
--- PASS: TestTraceReportGuardClampsLongLines (0.00s)
=== RUN   TestTraceReportGuardClampsOnRuneBoundary
--- PASS: TestTraceReportGuardClampsOnRuneBoundary (0.00s)
=== RUN   TestTraceReportGuardTruncatesMiddle
--- PASS: TestTraceReportGuardTruncatesMiddle (0.00s)
=== RUN   TestExpandedSpansUnwrapsToFirstRealWork
--- PASS: TestExpandedSpansUnwrapsToFirstRealWork (0.00s)
=== RUN   TestToolCallReportOptsHideTreeButReadTraceKeepsIt
--- PASS: TestToolCallReportOptsHideTreeButReadTraceKeepsIt (0.00s)
=== RUN   TestTraceReportHidesInternalSpans
--- PASS: TestTraceReportHidesInternalSpans (0.00s)
=== RUN   TestResolveTraceTargetChecksMostRecentWins
--- PASS: TestResolveTraceTargetChecksMostRecentWins (0.00s)
=== RUN   TestResolveTraceTargetTestsMostRecentWins
--- PASS: TestResolveTraceTargetTestsMostRecentWins (0.00s)
=== RUN   TestResolveTraceTargetUnknownNames
--- PASS: TestResolveTraceTargetUnknownNames (0.00s)
=== RUN   TestResolveTraceTargetChecksUnderToolBoundary
--- PASS: TestResolveTraceTargetChecksUnderToolBoundary (0.00s)
=== RUN   TestResolveTraceTargetSpanErrors
--- PASS: TestResolveTraceTargetSpanErrors (0.00s)
=== RUN   TestReadTraceRerunSuggestion
--- PASS: TestReadTraceRerunSuggestion (0.00s)
=== RUN   TestTypeDefConversions
=== RUN   TestTypeDefConversions/STRING_KIND.ToInput
=== RUN   TestTypeDefConversions/STRING_KIND.ToTyped
=== RUN   TestTypeDefConversions/STRING_KIND.ToType
=== RUN   TestTypeDefConversions/INTEGER_KIND.ToInput
=== RUN   TestTypeDefConversions/INTEGER_KIND.ToTyped
=== RUN   TestTypeDefConversions/INTEGER_KIND.ToType
=== RUN   TestTypeDefConversions/FLOAT_KIND.ToInput
=== RUN   TestTypeDefConversions/FLOAT_KIND.ToTyped
=== RUN   TestTypeDefConversions/FLOAT_KIND.ToType
=== RUN   TestTypeDefConversions/BOOLEAN_KIND.ToInput
=== RUN   TestTypeDefConversions/BOOLEAN_KIND.ToTyped
=== RUN   TestTypeDefConversions/BOOLEAN_KIND.ToType
=== RUN   TestTypeDefConversions/SCALAR_KIND.ToInput
=== RUN   TestTypeDefConversions/SCALAR_KIND.ToTyped
=== RUN   TestTypeDefConversions/SCALAR_KIND.ToType
=== RUN   TestTypeDefConversions/LIST_KIND.ToInput
=== RUN   TestTypeDefConversions/LIST_KIND.ToTyped
=== RUN   TestTypeDefConversions/LIST_KIND.ToType
=== RUN   TestTypeDefConversions/OBJECT_KIND.ToInput
=== RUN   TestTypeDefConversions/OBJECT_KIND.ToTyped
=== RUN   TestTypeDefConversions/OBJECT_KIND.ToType
=== RUN   TestTypeDefConversions/INTERFACE_KIND.ToInput
=== RUN   TestTypeDefConversions/INTERFACE_KIND.ToTyped
=== RUN   TestTypeDefConversions/INTERFACE_KIND.ToType
=== RUN   TestTypeDefConversions/VOID_KIND.ToInput
=== RUN   TestTypeDefConversions/VOID_KIND.ToTyped
=== RUN   TestTypeDefConversions/VOID_KIND.ToType
=== RUN   TestTypeDefConversions/ENUM_KIND.ToInput
=== RUN   TestTypeDefConversions/ENUM_KIND.ToTyped
=== RUN   TestTypeDefConversions/ENUM_KIND.ToType
--- PASS: TestTypeDefConversions (0.00s)
    --- PASS: TestTypeDefConversions/STRING_KIND.ToInput (0.00s)
    --- PASS: TestTypeDefConversions/STRING_KIND.ToTyped (0.00s)
    --- PASS: TestTypeDefConversions/STRING_KIND.ToType (0.00s)
    --- PASS: TestTypeDefConversions/INTEGER_KIND.ToInput (0.00s)
    --- PASS: TestTypeDefConversions/INTEGER_KIND.ToTyped (0.00s)
    --- PASS: TestTypeDefConversions/INTEGER_KIND.ToType (0.00s)
    --- PASS: TestTypeDefConversions/FLOAT_KIND.ToInput (0.00s)
    --- PASS: TestTypeDefConversions/FLOAT_KIND.ToTyped (0.00s)
    --- PASS: TestTypeDefConversions/FLOAT_KIND.ToType (0.00s)
    --- PASS: TestTypeDefConversions/BOOLEAN_KIND.ToInput (0.00s)
    --- PASS: TestTypeDefConversions/BOOLEAN_KIND.ToTyped (0.00s)
    --- PASS: TestTypeDefConversions/BOOLEAN_KIND.ToType (0.00s)
    --- PASS: TestTypeDefConversions/SCALAR_KIND.ToInput (0.00s)
    --- PASS: TestTypeDefConversions/SCALAR_KIND.ToTyped (0.00s)
    --- PASS: TestTypeDefConversions/SCALAR_KIND.ToType (0.00s)
    --- PASS: TestTypeDefConversions/LIST_KIND.ToInput (0.00s)
    --- PASS: TestTypeDefConversions/LIST_KIND.ToTyped (0.00s)
    --- PASS: TestTypeDefConversions/LIST_KIND.ToType (0.00s)
    --- PASS: TestTypeDefConversions/OBJECT_KIND.ToInput (0.00s)
    --- PASS: TestTypeDefConversions/OBJECT_KIND.ToTyped (0.00s)
    --- PASS: TestTypeDefConversions/OBJECT_KIND.ToType (0.00s)
    --- PASS: TestTypeDefConversions/INTERFACE_KIND.ToInput (0.00s)
    --- PASS: TestTypeDefConversions/INTERFACE_KIND.ToTyped (0.00s)
    --- PASS: TestTypeDefConversions/INTERFACE_KIND.ToType (0.00s)
    --- PASS: TestTypeDefConversions/VOID_KIND.ToInput (0.00s)
    --- PASS: TestTypeDefConversions/VOID_KIND.ToTyped (0.00s)
    --- PASS: TestTypeDefConversions/VOID_KIND.ToType (0.00s)
    --- PASS: TestTypeDefConversions/ENUM_KIND.ToInput (0.00s)
    --- PASS: TestTypeDefConversions/ENUM_KIND.ToTyped (0.00s)
    --- PASS: TestTypeDefConversions/ENUM_KIND.ToType (0.00s)
=== RUN   TestFunctionCallReturnValueStoresDecodedJSON
--- PASS: TestFunctionCallReturnValueStoresDecodedJSON (0.00s)
=== RUN   TestFunctionCallReturnValueAllowsNull
--- PASS: TestFunctionCallReturnValueAllowsNull (0.00s)
=== RUN   TestFunctionCallReturnIsExactlyOnce
--- PASS: TestFunctionCallReturnIsExactlyOnce (0.00s)
=== RUN   TestFunctionCallReturnRequiresActiveCall
--- PASS: TestFunctionCallReturnRequiresActiveCall (0.00s)
=== RUN   TestValueTransferPartsGitTrees
=== RUN   TestValueTransferPartsGitTrees/local
2026/09/16 09:28:51 INFO discarding dagql cache without persistence hasSQLDB=true hasPersistDB=true
=== RUN   TestValueTransferPartsGitTrees/remote
2026/09/16 09:28:52 INFO discarding dagql cache without persistence hasSQLDB=true hasPersistDB=true
--- PASS: TestValueTransferPartsGitTrees (0.52s)
    --- PASS: TestValueTransferPartsGitTrees/local (0.24s)
    --- PASS: TestValueTransferPartsGitTrees/remote (0.28s)
=== RUN   TestValueTransferPartsSelectedChain
2026/09/16 09:28:52 INFO start lazy evaluation field=Directory.directory
2026/09/16 09:28:52 INFO end lazy evaluation field=Directory.directory duration=12.262648ms
2026/09/16 09:28:52 INFO start lazy evaluation field=File.file
2026/09/16 09:28:52 INFO end lazy evaluation field=File.file duration=7.761953ms
2026/09/16 09:28:52 INFO discarding dagql cache without persistence hasSQLDB=true hasPersistDB=true
2026/09/16 09:28:52 INFO discarding dagql cache without persistence hasSQLDB=true hasPersistDB=true
--- PASS: TestValueTransferPartsSelectedChain (0.27s)
=== RUN   TestValueTransferPartsContainerMount
2026/09/16 09:28:52 INFO discarding dagql cache without persistence hasSQLDB=true hasPersistDB=true
--- PASS: TestValueTransferPartsContainerMount (0.16s)
=== RUN   TestValueTransferForeignFormsImport
=== RUN   TestValueTransferForeignFormsImport/File
2026/09/16 09:28:52 INFO discarding dagql cache without persistence hasSQLDB=true hasPersistDB=true
=== RUN   TestValueTransferForeignFormsImport/Directory
2026/09/16 09:28:52 INFO discarding dagql cache without persistence hasSQLDB=true hasPersistDB=true
=== RUN   TestValueTransferForeignFormsImport/Container
2026/09/16 09:28:52 INFO discarding dagql cache without persistence hasSQLDB=true hasPersistDB=true
=== RUN   TestValueTransferForeignFormsImport/HTTPState
2026/09/16 09:28:52 INFO discarding dagql cache without persistence hasSQLDB=true hasPersistDB=true
=== RUN   TestValueTransferForeignFormsImport/CacheVolume
2026/09/16 09:28:52 INFO discarding dagql cache without persistence hasSQLDB=true hasPersistDB=true
=== RUN   TestValueTransferForeignFormsImport/ClientFilesyncMirror
2026/09/16 09:28:52 INFO discarding dagql cache without persistence hasSQLDB=true hasPersistDB=true
=== RUN   TestValueTransferForeignFormsImport/RemoteGitMirror
2026/09/16 09:28:52 INFO discarding dagql cache without persistence hasSQLDB=true hasPersistDB=true
=== RUN   TestValueTransferForeignFormsImport/ModuleSource
2026/09/16 09:28:52 INFO discarding dagql cache without persistence hasSQLDB=true hasPersistDB=true
--- PASS: TestValueTransferForeignFormsImport (0.08s)
    --- PASS: TestValueTransferForeignFormsImport/File (0.01s)
    --- PASS: TestValueTransferForeignFormsImport/Directory (0.01s)
    --- PASS: TestValueTransferForeignFormsImport/Container (0.01s)
    --- PASS: TestValueTransferForeignFormsImport/HTTPState (0.01s)
    --- PASS: TestValueTransferForeignFormsImport/CacheVolume (0.01s)
    --- PASS: TestValueTransferForeignFormsImport/ClientFilesyncMirror (0.01s)
    --- PASS: TestValueTransferForeignFormsImport/RemoteGitMirror (0.01s)
    --- PASS: TestValueTransferForeignFormsImport/ModuleSource (0.01s)
=== RUN   TestValueTransferPersistenceFinalOfferRestart
2026/09/16 09:28:52 INFO starting dagql cache close hasSQLDB=true hasPersistDB=true
2026/09/16 09:28:52 INFO marking dagql cache clean shutdown
2026/09/16 09:28:52 WARN successfully marked clean shutdown in persistence metadata
2026/09/16 09:28:52 INFO completed dagql cache close successfully
2026/09/16 09:28:52 INFO start lazy evaluation field=File.restore
2026/09/16 09:28:52 INFO end lazy evaluation field=File.restore duration=120.9µs
2026/09/16 09:28:52 INFO discarding dagql cache without persistence hasSQLDB=true hasPersistDB=true
2026/09/16 09:28:52 INFO discarding dagql cache without persistence hasSQLDB=true hasPersistDB=true
--- PASS: TestValueTransferPersistenceFinalOfferRestart (0.18s)
=== RUN   TestValueTransferForeignForms
=== RUN   TestValueTransferForeignForms/File
=== RUN   TestValueTransferForeignForms/Directory
=== RUN   TestValueTransferForeignForms/HTTPState
=== RUN   TestValueTransferForeignForms/CacheVolume
=== RUN   TestValueTransferForeignForms/ClientFilesyncMirror
=== RUN   TestValueTransferForeignForms/RemoteGitMirror
=== RUN   TestValueTransferForeignForms/ModuleSource
=== RUN   TestValueTransferForeignForms/Container
--- PASS: TestValueTransferForeignForms (0.00s)
    --- PASS: TestValueTransferForeignForms/File (0.00s)
    --- PASS: TestValueTransferForeignForms/Directory (0.00s)
    --- PASS: TestValueTransferForeignForms/HTTPState (0.00s)
    --- PASS: TestValueTransferForeignForms/CacheVolume (0.00s)
    --- PASS: TestValueTransferForeignForms/ClientFilesyncMirror (0.00s)
    --- PASS: TestValueTransferForeignForms/RemoteGitMirror (0.00s)
    --- PASS: TestValueTransferForeignForms/ModuleSource (0.00s)
    --- PASS: TestValueTransferForeignForms/Container (0.00s)
=== RUN   TestValueTransferParts
--- PASS: TestValueTransferParts (0.00s)
=== RUN   TestPrepareEngineVolumeSourceCreatesAndPreservesDirectories
=== PAUSE TestPrepareEngineVolumeSourceCreatesAndPreservesDirectories
=== RUN   TestPrepareEngineVolumeSourceConcurrentCreation
=== PAUSE TestPrepareEngineVolumeSourceConcurrentCreation
=== RUN   TestPrepareEngineVolumeSourceSubdirAndSymlinkClamp
=== PAUSE TestPrepareEngineVolumeSourceSubdirAndSymlinkClamp
=== RUN   TestPrepareEngineVolumeSourceRejectsWrongType
=== PAUSE TestPrepareEngineVolumeSourceRejectsWrongType
=== RUN   TestEngineVolumeMountOptionsFollowCapability
=== PAUSE TestEngineVolumeMountOptionsFollowCapability
=== RUN   TestSSHFSCommandArgsSecure
=== PAUSE TestSSHFSCommandArgsSecure
=== RUN   TestSSHFSCommandArgsInsecure
=== PAUSE TestSSHFSCommandArgsInsecure
=== RUN   TestSSHFSCommandArgsWithoutAllowOther
=== PAUSE TestSSHFSCommandArgsWithoutAllowOther
=== RUN   TestFuseConfAllowsOther
=== PAUSE TestFuseConfAllowsOther
=== RUN   TestSSHFSServiceHostPort
=== PAUSE TestSSHFSServiceHostPort
=== RUN   TestSSHFSServiceHostPortRejectsAmbiguousService
=== PAUSE TestSSHFSServiceHostPortRejectsAmbiguousService
=== RUN   TestSSHFSSourceForURL
=== PAUSE TestSSHFSSourceForURL
=== RUN   TestSSHFSSourceForURLRejectsInvalidEndpoint
=== PAUSE TestSSHFSSourceForURLRejectsInvalidEndpoint
=== RUN   TestRunSSHFSVolumeCleanupLogsError
--- PASS: TestRunSSHFSVolumeCleanupLogsError (0.00s)
=== RUN   TestVolumePersistedObjectRoundTrip
=== PAUSE TestVolumePersistedObjectRoundTrip
=== RUN   TestEngineVolumePersistedObjectRoundTrip
=== PAUSE TestEngineVolumePersistedObjectRoundTrip
=== RUN   TestEngineVolumeHasNoDependencies
=== PAUSE TestEngineVolumeHasNoDependencies
=== RUN   TestValidateEngineVolumeName
=== PAUSE TestValidateEngineVolumeName
=== RUN   TestValidateEngineVolumeSubdir
=== PAUSE TestValidateEngineVolumeSubdir
=== RUN   TestVolumeAttachDependencyResultsAttachesResources
=== PAUSE TestVolumeAttachDependencyResultsAttachesResources
=== RUN   TestContainerWithMountedVolumeAddsVolumeMount
=== PAUSE TestContainerWithMountedVolumeAddsVolumeMount
=== RUN   TestContainerPersistedObjectRoundTripsVolumeMount
=== PAUSE TestContainerPersistedObjectRoundTripsVolumeMount
=== RUN   TestContainerAttachDependencyResultsKindsOwnsVolumeMount
=== PAUSE TestContainerAttachDependencyResultsKindsOwnsVolumeMount
=== RUN   TestWorkspaceMigrationRetainsChangesets
=== PAUSE TestWorkspaceMigrationRetainsChangesets
=== RUN   TestServiceRetainsOneLaunchingScopeUntilExit
=== PAUSE TestServiceRetainsOneLaunchingScopeUntilExit
=== RUN   TestServicesStartHappy
=== PAUSE TestServicesStartHappy
=== RUN   TestServicesStartHappyDifferentServers
=== PAUSE TestServicesStartHappyDifferentServers
=== RUN   TestServicesStartSad
=== PAUSE TestServicesStartSad
=== RUN   TestServicesStartConcurrentHappy
=== PAUSE TestServicesStartConcurrentHappy
=== RUN   TestServicesStartConcurrentSad
=== PAUSE TestServicesStartConcurrentSad
=== RUN   TestServicesStartConcurrentSadThenHappy
=== PAUSE TestServicesStartConcurrentSadThenHappy
=== RUN   TestServicesRunningServicesListing
=== PAUSE TestServicesRunningServicesListing
=== RUN   TestServicesExitedServicesListing
=== PAUSE TestServicesExitedServicesListing
=== RUN   TestServicesDetachRace
=== PAUSE TestServicesDetachRace
=== CONT  TestEngineVolumeMountOptionsFollowCapability
=== CONT  TestServicesDetachRace
=== CONT  TestServicesExitedServicesListing
=== CONT  TestSSHFSSourceForURLRejectsInvalidEndpoint
=== CONT  TestAttributionHeader
=== CONT  TestValidateEngineVolumeSubdir
=== CONT  TestValidateEngineVolumeName
=== CONT  TestValidateGitLatestRef
=== CONT  TestServicesRunningServicesListing
--- PASS: TestAttributionHeader (0.00s)
--- PASS: TestValidateEngineVolumeName (0.00s)
=== CONT  TestEngineVolumeHasNoDependencies
--- PASS: TestServicesRunningServicesListing (0.00s)
--- PASS: TestEngineVolumeHasNoDependencies (0.00s)
=== CONT  TestServicesStartConcurrentSad
=== CONT  TestServicesStartConcurrentSadThenHappy
=== CONT  TestSSHFSCommandArgsWithoutAllowOther
=== CONT  TestServicesStartConcurrentHappy
=== CONT  TestServicesStartSad
=== CONT  TestServicesStartHappyDifferentServers
=== CONT  TestValidateContainerLatestTag
=== RUN   TestServicesStartHappyDifferentServers/start_one
=== CONT  TestContainerWithMountedVolumeAddsVolumeMount
=== CONT  TestEngineVolumePersistedObjectRoundTrip
=== CONT  TestWorkspaceMigrationRetainsChangesets
--- PASS: TestSSHFSCommandArgsWithoutAllowOther (0.00s)
--- PASS: TestContainerWithMountedVolumeAddsVolumeMount (0.00s)
=== RUN   TestValidateContainerLatestTag/stable
=== PAUSE TestValidateContainerLatestTag/stable
=== RUN   TestValidateContainerLatestTag/stable_with_v
=== PAUSE TestValidateContainerLatestTag/stable_with_v
=== RUN   TestSSHFSSourceForURLRejectsInvalidEndpoint/missing_user
=== RUN   TestValidateContainerLatestTag/incomplete
=== PAUSE TestValidateContainerLatestTag/incomplete
--- PASS: TestServicesStartSad (0.00s)
--- PASS: TestServicesDetachRace (0.00s)
=== RUN   TestValidateContainerLatestTag/calver
--- PASS: TestEngineVolumePersistedObjectRoundTrip (0.00s)
=== CONT  TestServicesStartHappy
=== PAUSE TestValidateContainerLatestTag/calver
=== RUN   TestValidateContainerLatestTag/latest_fallback
=== RUN   TestSSHFSSourceForURLRejectsInvalidEndpoint/missing_host
=== CONT  TestContainerPersistedObjectRoundTripsVolumeMount
=== RUN   TestServicesStartHappyDifferentServers/start_another
=== RUN   TestServicesStartHappy/start_one
=== CONT  TestSSHFSSourceForURL
=== CONT  TestVolumeAttachDependencyResultsAttachesResources
=== CONT  TestSSHFSServiceHostPortRejectsAmbiguousService
=== CONT  TestSSHFSServiceHostPort
=== CONT  TestFuseConfAllowsOther
=== RUN   TestValidateGitLatestRef/stable_tag
=== CONT  TestSSHFSCommandArgsSecure
=== PAUSE TestValidateGitLatestRef/stable_tag
=== RUN   TestValidateGitLatestRef/stable_tag_without_v
=== CONT  TestCacheVolumeAttachDependencyResultsAttachesSource
=== PAUSE TestValidateGitLatestRef/stable_tag_without_v
=== CONT  TestSelectLatestContainerTag
=== RUN   TestValidateGitLatestRef/incomplete_tag
=== RUN   TestSelectLatestContainerTag/stable_release
=== PAUSE TestValidateGitLatestRef/incomplete_tag
=== CONT  TestContainerAttachDependencyResultsKindsOwnsVolumeMount
=== RUN   TestValidateGitLatestRef/calver_tag
=== PAUSE TestValidateGitLatestRef/calver_tag
=== CONT  TestContainerFromMetadataDoesNotPullImage
=== RUN   TestValidateGitLatestRef/uncanonicalized_head
=== PAUSE TestValidateGitLatestRef/uncanonicalized_head
=== RUN   TestValidateGitLatestRef/default_branch
=== PAUSE TestValidateGitLatestRef/default_branch
=== RUN   TestValidateGitLatestRef/non-semver_tag
=== PAUSE TestValidateGitLatestRef/non-semver_tag
=== PAUSE TestSelectLatestContainerTag/stable_release
=== CONT  TestAgentReseedRejectsPausedDrain
=== RUN   TestSelectLatestContainerTag/optional_v_prefix_is_ambiguous
=== PAUSE TestSelectLatestContainerTag/optional_v_prefix_is_ambiguous
=== RUN   TestSelectLatestContainerTag/optional_v_prefix_beats_incomplete_alias_handling
=== PAUSE TestSelectLatestContainerTag/optional_v_prefix_beats_incomplete_alias_handling
=== RUN   TestSelectLatestContainerTag/complete_version_wins_over_incomplete_alias
=== PAUSE TestSelectLatestContainerTag/complete_version_wins_over_incomplete_alias
=== RUN   TestSelectLatestContainerTag/incomplete_version_remains_eligible
=== PAUSE TestSelectLatestContainerTag/incomplete_version_remains_eligible
=== CONT  TestSSHFSCommandArgsInsecure
=== CONT  TestContainerFromSuccessfulFSConsumesFinalDelegations
2026/09/16 09:28:52 INFO start lazy group evaluation field=Container.from group=metadata
2026/09/16 09:28:52 INFO end lazy group evaluation field=Container.from group=metadata duration=26.16µs
2026/09/16 09:28:52 INFO start lazy group evaluation field=Container.from group=execMeta
2026/09/16 09:28:52 INFO end lazy group evaluation field=Container.from group=execMeta duration=6.3µs
=== CONT  TestVolumePersistedObjectRoundTrip
2026/09/16 09:28:52 INFO start lazy group evaluation field=Container.from group=write
2026/09/16 09:28:52 INFO end lazy group evaluation field=Container.from group=write duration=10.19µs err="no query in context"
2026/09/16 09:28:52 INFO discarding dagql cache without persistence hasSQLDB=false hasPersistDB=false
=== CONT  TestCacheVolumeEncodePersistsSourceResultID
=== PAUSE TestValidateContainerLatestTag/latest_fallback
=== RUN   TestValidateContainerLatestTag/prerelease
=== PAUSE TestValidateContainerLatestTag/prerelease
=== RUN   TestValidateContainerLatestTag/non-semver
=== PAUSE TestValidateContainerLatestTag/non-semver
=== RUN   TestEngineVolumeMountOptionsFollowCapability/writable
2026/09/16 09:28:52 INFO start lazy group evaluation field=Container.from group=metadata
=== CONT  TestHTTPStateUsageSizeUsesPersistedSnapshotID
2026/09/16 09:28:52 INFO end lazy group evaluation field=Container.from group=metadata duration=23.68µs
2026/09/16 09:28:52 INFO start lazy group evaluation field=Container.from group=execMeta
=== CONT  TestServiceRetainsOneLaunchingScopeUntilExit
2026/09/16 09:28:52 INFO end lazy group evaluation field=Container.from group=execMeta duration=5.18µs
=== CONT  TestContainerCanUseFromContentDigest
=== CONT  TestCacheVolumeUsageSizeUsesPersistedSnapshotID
2026/09/16 09:28:52 INFO start lazy group evaluation field=test.containerFrom group=write
2026/09/16 09:28:52 INFO end lazy group evaluation field=test.containerFrom group=write duration=8.64µs
=== CONT  TestCacheVolumeUsageSizeUsesLiveSnapshotID
2026/09/16 09:28:52 INFO discarding dagql cache without persistence hasSQLDB=false hasPersistDB=false
=== CONT  TestExecNetModeHost
=== CONT  TestCacheVolumeUsageIdentityUsesLiveSnapshotID
=== CONT  TestAgentStopRegistersWaitUntilReturn
--- PASS: TestValidateEngineVolumeSubdir (0.00s)
=== RUN   TestSSHFSSourceForURLRejectsInvalidEndpoint/missing_path
=== RUN   TestSSHFSSourceForURLRejectsInvalidEndpoint/leading_dash_host
=== CONT  TestAgentStopRejectsWaitCycles
=== CONT  TestExecNetModeNone
=== CONT  TestExecNetModeConflict
=== CONT  TestContainerExecMetadataKeepsVolatileNamesAndExpandErrors
--- PASS: TestAgentReseedRejectsPausedDrain (0.00s)
--- PASS: TestExecNetModeConflict (0.00s)
--- PASS: TestSSHFSSourceForURL (0.00s)
=== CONT  TestContainerExecEvaluatesParentMountsConcurrently
=== CONT  TestContainerExecReadOnlyMountStaysPending
--- PASS: TestSSHFSServiceHostPortRejectsAmbiguousService (0.00s)
--- PASS: TestSSHFSServiceHostPort (0.00s)
--- PASS: TestFuseConfAllowsOther (0.00s)
--- PASS: TestSSHFSCommandArgsSecure (0.00s)
--- PASS: TestVolumeAttachDependencyResultsAttachesResources (0.00s)
--- PASS: TestContainerPersistedObjectRoundTripsVolumeMount (0.00s)
=== RUN   TestAgentStopRejectsWaitCycles/self
--- PASS: TestCacheVolumeAttachDependencyResultsAttachesSource (0.00s)
=== RUN   TestServicesStartHappy/start_another
--- PASS: TestContainerAttachDependencyResultsKindsOwnsVolumeMount (0.00s)
2026/09/16 09:28:52 INFO start lazy group evaluation field=Container.withExec group=metadata
--- PASS: TestSSHFSCommandArgsInsecure (0.00s)
2026/09/16 09:28:52 INFO start lazy group evaluation field=test.base group=metadata
2026/09/16 09:28:52 INFO end lazy group evaluation field=test.base group=metadata duration=7.08µs
2026/09/16 09:28:52 INFO end lazy group evaluation field=Container.withExec group=metadata duration=34.95µs
--- PASS: TestServicesStartHappy (0.00s)
    --- PASS: TestServicesStartHappy/start_one (0.00s)
    --- PASS: TestServicesStartHappy/start_another (0.00s)
--- PASS: TestCacheVolumeEncodePersistsSourceResultID (0.00s)
--- PASS: TestContainerFromMetadataDoesNotPullImage (0.00s)
2026/09/16 09:28:52 INFO discarding dagql cache without persistence hasSQLDB=false hasPersistDB=false
--- PASS: TestContainerExecMetadataKeepsVolatileNamesAndExpandErrors (0.00s)
=== CONT  TestExecNetModeDefault
=== CONT  TestCacheVolumeDecodeDistinctPersistedResultsSharingSnapshot
=== CONT  TestCacheVolumeInitializeSnapshotCreatesMutableSnapshot
2026/09/16 09:28:52 INFO start lazy group evaluation field=Container.withExec group=metadata
=== CONT  TestCacheVolumeLockKeyUsesSourceID
2026/09/16 09:28:52 INFO start lazy group evaluation field=test.base group=metadata
2026/09/16 09:28:52 INFO end lazy group evaluation field=test.base group=metadata duration=11.89µs
2026/09/16 09:28:52 INFO end lazy group evaluation field=Container.withExec group=metadata duration=59.53µs
2026/09/16 09:28:52 INFO start lazy group evaluation field=Container.withExec group=metadata
=== CONT  TestContainerExecMetadataReadRunsNothing
2026/09/16 09:28:52 INFO start lazy group evaluation field=test.base group=metadata
2026/09/16 09:28:52 INFO end lazy group evaluation field=test.base group=metadata duration=14.89µs
2026/09/16 09:28:52 INFO end lazy group evaluation field=Container.withExec group=metadata duration=97.05µs
2026/09/16 09:28:52 INFO start lazy group evaluation field=Container.withExec group=mount:/ro
2026/09/16 09:28:52 INFO start lazy group evaluation field=test.base group=mount:/ro
2026/09/16 09:28:52 INFO end lazy group evaluation field=test.base group=mount:/ro duration=14.63µs
2026/09/16 09:28:52 INFO end lazy group evaluation field=Container.withExec group=mount:/ro duration=50.96µs
2026/09/16 09:28:52 INFO discarding dagql cache without persistence hasSQLDB=false hasPersistDB=false
=== CONT  TestIsKnownDockerfileSyntaxFrontendUnknown
=== CONT  TestSelectGitRefWithVersionQueryPrefersTags
2026/09/16 09:28:52 INFO start lazy group evaluation field=Container.withExec group=metadata
2026/09/16 09:28:52 INFO start lazy group evaluation field=test.base group=metadata
2026/09/16 09:28:52 INFO end lazy group evaluation field=test.base group=metadata duration=15.18µs
=== CONT  TestSelectGitRefWithVersionQueryFallsBackToBranch
2026/09/16 09:28:52 INFO starting dagql cache close hasSQLDB=false hasPersistDB=false
=== RUN   TestValidateGitLatestRef/prerelease_tag
2026/09/16 09:28:52 INFO completed dagql cache close successfully
=== PAUSE TestValidateGitLatestRef/prerelease_tag
=== CONT  TestSelectGitRefWithVersionQuery
=== RUN   TestValidateGitLatestRef/arbitrary_ref
=== CONT  TestSelectLatestGitRefPrefersCompleteAliasAtDifferentCommit
2026/09/16 09:28:52 INFO end lazy group evaluation field=Container.withExec group=metadata duration=64.5µs
=== PAUSE TestValidateGitLatestRef/arbitrary_ref
=== RUN   TestValidateGitLatestRef/empty_branch
=== PAUSE TestValidateGitLatestRef/empty_branch
2026/09/16 09:28:52 INFO start lazy group evaluation field=Container.withExec group=execOutputs
--- PASS: TestHTTPStateUsageSizeUsesPersistedSnapshotID (0.00s)
--- PASS: TestContainerCanUseFromContentDigest (0.00s)
--- PASS: TestCacheVolumeUsageSizeUsesPersistedSnapshotID (0.00s)
--- PASS: TestContainerFromSuccessfulFSConsumesFinalDelegations (0.00s)
--- PASS: TestCacheVolumeUsageSizeUsesLiveSnapshotID (0.00s)
--- PASS: TestSelectLatestGitRefPrefersCompleteAliasAtDifferentCommit (0.00s)
--- PASS: TestExecNetModeHost (0.00s)
=== CONT  TestSelectLatestGitRefOnlyPrereleasesFallsBackToHead
=== CONT  TestSelectLatestGitRefRejectsEquivalentVersions
2026/09/16 09:28:52 INFO start lazy group evaluation field=test.base group=mount:/two
2026/09/16 09:28:52 INFO start lazy group evaluation field=Container.withExec group=execOutputs
2026/09/16 09:28:52 INFO start lazy group evaluation field=test.base group=fs
2026/09/16 09:28:52 INFO end lazy group evaluation field=test.base group=fs duration=11.3µs
=== RUN   TestSelectLatestContainerTag/most_complete_alias_wins
2026/09/16 09:28:52 INFO start lazy group evaluation field=test.base group=mount:/one
2026/09/16 09:28:52 INFO end lazy group evaluation field=test.base group=mount:/two duration=75.65µs
=== PAUSE TestSelectLatestContainerTag/most_complete_alias_wins
2026/09/16 09:28:52 INFO end lazy group evaluation field=test.base group=mount:/one duration=24.51µs
=== RUN   TestSelectLatestContainerTag/calver_is_ambiguous_with_normalized_semver
2026/09/16 09:28:52 INFO start lazy group evaluation field=test.base group=fs
=== PAUSE TestSelectLatestContainerTag/calver_is_ambiguous_with_normalized_semver
2026/09/16 09:28:52 INFO end lazy group evaluation field=Container.withExec group=execOutputs duration=549.549µs err="get current query: no query in context"
2026/09/16 09:28:52 INFO end lazy group evaluation field=test.base group=fs duration=21.79µs
=== RUN   TestSelectLatestContainerTag/zero_padding_is_ambiguous
=== PAUSE TestSelectLatestContainerTag/zero_padding_is_ambiguous
2026/09/16 09:28:52 INFO discarding dagql cache without persistence hasSQLDB=false hasPersistDB=false
=== RUN   TestSelectLatestContainerTag/zero-padded_trailing_component_is_not_an_incomplete_alias
=== CONT  TestSelectLatestGitRefAnnotatedTag
=== CONT  TestSelectLatestGitRefAcceptsCalver
2026/09/16 09:28:52 INFO end lazy group evaluation field=Container.withExec group=execOutputs duration=133.21µs err="get current query: no query in context"
=== CONT  TestSelectLatestGitRefFallsBackToHead
=== CONT  TestSelectLatestGitRefWithTagPrefix
2026/09/16 09:28:52 INFO start lazy group evaluation field=Container.withExec group=execOutputs
=== PAUSE TestSelectLatestContainerTag/zero-padded_trailing_component_is_not_an_incomplete_alias
2026/09/16 09:28:52 INFO end lazy group evaluation field=Container.withExec group=execOutputs duration=32.09µs err="get current query: no query in context"
=== CONT  TestModuleLoadFailureRegenerated
=== CONT  TestCopyAttemptUnpackNonArchiveSingleFileNoDestDirHintCopiesToExactPath
--- PASS: TestCacheVolumeUsageIdentityUsesLiveSnapshotID (0.00s)
=== RUN   TestSelectLatestGitRefRejectsEquivalentVersions/optional_v_prefix
--- PASS: TestExecNetModeNone (0.00s)
2026/09/16 09:28:52 INFO start lazy group evaluation field=Container.withExec group=execOutputs
=== PAUSE TestSelectLatestGitRefRejectsEquivalentVersions/optional_v_prefix
--- PASS: TestAgentStopRegistersWaitUntilReturn (0.00s)
--- PASS: TestWorkspaceMigrationRetainsChangesets (0.00s)
2026/09/16 09:28:52 INFO end lazy group evaluation field=Container.withExec group=execOutputs duration=35.17µs err="get current query: no query in context"
=== RUN   TestSelectLatestGitRefRejectsEquivalentVersions/calver_and_semver
--- PASS: TestSSHFSSourceForURLRejectsInvalidEndpoint (0.00s)
    --- PASS: TestSSHFSSourceForURLRejectsInvalidEndpoint/missing_user (0.00s)
    --- PASS: TestSSHFSSourceForURLRejectsInvalidEndpoint/missing_host (0.00s)
    --- PASS: TestSSHFSSourceForURLRejectsInvalidEndpoint/missing_path (0.00s)
    --- PASS: TestSSHFSSourceForURLRejectsInvalidEndpoint/leading_dash_host (0.00s)
2026/09/16 09:28:52 INFO discarding dagql cache without persistence hasSQLDB=false hasPersistDB=false
=== PAUSE TestSelectLatestGitRefRejectsEquivalentVersions/calver_and_semver
=== CONT  TestContainerRoutingReadsRaceRefinedClear
=== RUN   TestSelectLatestGitRefRejectsEquivalentVersions/zero-padded_version
=== CONT  TestSelectLatestGitRef
=== PAUSE TestSelectLatestGitRefRejectsEquivalentVersions/zero-padded_version
=== CONT  TestSelectLatestGitRefAcceptsEquivalentVersionsWithSameSHA
=== CONT  TestContainerRootFSSelectorLeavesMountsPending
=== CONT  TestContainerDirectorySelectorLeavesSiblingMountsPending
=== CONT  TestContainerStdoutSkipsReadOnlyMountDelegation
=== RUN   TestSelectLatestContainerTag/calver_release
=== CONT  TestContainerDirectorySelectorReturnsRootFSErrorBeforeSelection
=== PAUSE TestSelectLatestContainerTag/calver_release
=== RUN   TestSelectLatestContainerTag/only_prereleases
=== PAUSE TestSelectLatestContainerTag/only_prereleases
=== RUN   TestSelectLatestContainerTag/no_tags
=== PAUSE TestSelectLatestContainerTag/no_tags
=== CONT  TestCopyAttemptUnpackNonArchiveSingleFileDestDirHintCreatesDestDir
=== CONT  TestContainerHasPendingFallbackRacesDirectClear
2026/09/16 09:28:52 INFO start lazy evaluation field=Container.directory
2026/09/16 09:28:52 INFO start lazy group evaluation field=test.base group=metadata
2026/09/16 09:28:52 INFO end lazy group evaluation field=test.base group=metadata duration=9.84µs
2026/09/16 09:28:52 INFO start lazy group evaluation field=test.base group=fs
2026/09/16 09:28:52 INFO end lazy group evaluation field=test.base group=fs duration=6.18µs err="injected rootfs failure"
2026/09/16 09:28:52 INFO end lazy evaluation field=Container.directory duration=60.98µs err="injected rootfs failure"
2026/09/16 09:28:52 INFO discarding dagql cache without persistence hasSQLDB=false hasPersistDB=false
=== CONT  TestContainerRoutingReadsRaceUnrefinedClear
2026/09/16 09:28:52 INFO start lazy evaluation field=Container.directory
2026/09/16 09:28:52 INFO start lazy group evaluation field=test.base group=metadata
2026/09/16 09:28:52 INFO start lazy group evaluation field=Container.withExec group=metadata
2026/09/16 09:28:52 INFO start lazy group evaluation field=test.base group=metadata
2026/09/16 09:28:52 INFO start lazy group evaluation field=test.base group=metadata
2026/09/16 09:28:52 INFO end lazy group evaluation field=test.base group=metadata duration=24.78µs
2026/09/16 09:28:52 INFO start lazy evaluation field=test.unrefinedWriter
2026/09/16 09:28:52 INFO start lazy group evaluation field=test.base group=mount:/a
2026/09/16 09:28:52 INFO end lazy group evaluation field=test.base group=mount:/a duration=18.43µs
2026/09/16 09:28:52 INFO end lazy evaluation field=Container.directory duration=146.229µs
--- PASS: TestContainerExecMetadataReadRunsNothing (0.00s)
--- PASS: TestServicesStartHappyDifferentServers (0.00s)
    --- PASS: TestServicesStartHappyDifferentServers/start_one (0.00s)
    --- PASS: TestServicesStartHappyDifferentServers/start_another (0.00s)
--- PASS: TestExecNetModeDefault (0.00s)
2026/09/16 09:28:52 INFO discarding dagql cache without persistence hasSQLDB=false hasPersistDB=false
--- PASS: TestCacheVolumeInitializeSnapshotCreatesMutableSnapshot (0.00s)
--- PASS: TestContainerDirectorySelectorLeavesSiblingMountsPending (0.00s)
=== CONT  TestIsKnownDockerfileSyntaxFrontend
2026/09/16 09:28:52 INFO end lazy group evaluation field=test.base group=metadata duration=12.84µs
2026/09/16 09:28:52 INFO start lazy group evaluation field=test.base group=metadata
=== CONT  TestContainerConcurrentGroupCompletionClearsLazyOnce
2026/09/16 09:28:52 INFO end lazy group evaluation field=test.base group=metadata duration=23.1µs
2026/09/16 09:28:52 INFO start lazy group evaluation field=test.base group=execMeta
2026/09/16 09:28:52 INFO end lazy group evaluation field=test.base group=execMeta duration=9.05µs
2026/09/16 09:28:52 INFO end lazy evaluation field=test.unrefinedWriter duration=176.21µs
=== CONT  TestContainerDelegationOverwritesStalePreCopiedAccessor
2026/09/16 09:28:52 INFO discarding dagql cache without persistence hasSQLDB=false hasPersistDB=false
=== CONT  TestContainerDirectEvaluateRunsRefinedGroups
2026/09/16 09:28:52 INFO start lazy group evaluation field=test.base group=fs
2026/09/16 09:28:52 INFO end lazy group evaluation field=Container.withExec group=metadata duration=199.079µs
2026/09/16 09:28:52 INFO start lazy group evaluation field=Container.withUser group=metadata
2026/09/16 09:28:52 INFO start lazy group evaluation field=test.base group=metadata
2026/09/16 09:28:52 INFO end lazy group evaluation field=test.base group=metadata duration=5.85µs
2026/09/16 09:28:52 INFO end lazy group evaluation field=Container.withUser group=metadata duration=19.92µs
2026/09/16 09:28:52 INFO start lazy group evaluation field=Container.withUser group=fs
2026/09/16 09:28:52 INFO start lazy group evaluation field=test.base group=fs
2026/09/16 09:28:52 INFO end lazy group evaluation field=test.base group=fs duration=5.87µs
2026/09/16 09:28:52 INFO end lazy group evaluation field=Container.withUser group=fs duration=16.52µs
2026/09/16 09:28:52 INFO start lazy group evaluation field=Container.withUser group=execMeta
2026/09/16 09:28:52 INFO start lazy evaluation field=Container.rootfs
2026/09/16 09:28:52 INFO start lazy group evaluation field=test.base group=execMeta
2026/09/16 09:28:52 INFO end lazy group evaluation field=test.base group=execMeta duration=3.85µs
2026/09/16 09:28:52 INFO end lazy group evaluation field=Container.withUser group=execMeta duration=12.96µs
2026/09/16 09:28:52 INFO discarding dagql cache without persistence hasSQLDB=false hasPersistDB=false
=== CONT  TestAgentWaitGuard
2026/09/16 09:28:52 INFO start lazy group evaluation field=test.base group=metadata
2026/09/16 09:28:52 INFO end lazy group evaluation field=test.base group=metadata duration=10.67µs
2026/09/16 09:28:52 INFO start lazy group evaluation field=test.base group=fs
2026/09/16 09:28:52 INFO end lazy group evaluation field=test.base group=fs duration=13.3µs
=== CONT  TestDrainWindowProjectsRunning
2026/09/16 09:28:52 INFO end lazy evaluation field=Container.rootfs duration=93.47µs
2026/09/16 09:28:52 INFO start lazy group evaluation field=test.base group=metadata
2026/09/16 09:28:52 INFO end lazy group evaluation field=test.base group=metadata duration=28.66µs
=== CONT  TestEventDelivery
2026/09/16 09:28:52 INFO discarding dagql cache without persistence hasSQLDB=false hasPersistDB=false
=== CONT  TestResolveReply
2026/09/16 09:28:52 INFO start lazy group evaluation field=test.base group=fs
2026/09/16 09:28:52 INFO start lazy group evaluation field=Container.withExec group=execOutputs
2026/09/16 09:28:52 INFO end lazy group evaluation field=test.base group=fs duration=28.61µs
2026/09/16 09:28:52 INFO end lazy group evaluation field=test.base group=metadata duration=19.94µs
2026/09/16 09:28:52 INFO start lazy group evaluation field=test.base group=mount:/ro
2026/09/16 09:28:52 INFO end lazy group evaluation field=test.base group=mount:/ro duration=8.39µs
2026/09/16 09:28:52 INFO start lazy group evaluation field=test.base group=execMeta
2026/09/16 09:28:52 INFO start lazy group evaluation field=test.base group=fs
2026/09/16 09:28:52 INFO end lazy group evaluation field=test.base group=fs duration=6.76µs
2026/09/16 09:28:52 INFO end lazy group evaluation field=test.base group=execMeta duration=21.03µs
2026/09/16 09:28:52 INFO end lazy group evaluation field=Container.withExec group=execOutputs duration=288.19µs err="get current query: no query in context"
2026/09/16 09:28:52 INFO discarding dagql cache without persistence hasSQLDB=false hasPersistDB=false
2026/09/16 09:28:52 INFO start lazy group evaluation field=Container.withEnvVariable group=metadata
2026/09/16 09:28:52 INFO start lazy group evaluation field=test.base group=mount:/b
2026/09/16 09:28:52 INFO start lazy evaluation field=test.unrefinedWriter
2026/09/16 09:28:52 INFO end lazy evaluation field=test.unrefinedWriter duration=22.25µs
2026/09/16 09:28:52 INFO end lazy group evaluation field=test.base group=fs duration=518.01µs
2026/09/16 09:28:52 INFO start lazy group evaluation field=test.base group=mount:/a
2026/09/16 09:28:52 INFO end lazy group evaluation field=Container.withEnvVariable group=metadata duration=119.32µs
2026/09/16 09:28:52 INFO end lazy group evaluation field=test.base group=mount:/a duration=16.46µs
2026/09/16 09:28:52 INFO start lazy group evaluation field=Container.withEnvVariable group=fs
2026/09/16 09:28:52 INFO end lazy group evaluation field=Container.withEnvVariable group=fs duration=9.48µs
2026/09/16 09:28:52 INFO end lazy group evaluation field=test.base group=mount:/b duration=107.86µs
2026/09/16 09:28:52 INFO discarding dagql cache without persistence hasSQLDB=false hasPersistDB=false
2026/09/16 09:28:52 INFO start lazy group evaluation field=Container.withEnvVariable group=execMeta
2026/09/16 09:28:52 INFO end lazy group evaluation field=Container.withEnvVariable group=execMeta duration=38.14µs
2026/09/16 09:28:52 INFO discarding dagql cache without persistence hasSQLDB=false hasPersistDB=false
2026/09/16 09:28:52 INFO discarding dagql cache without persistence hasSQLDB=false hasPersistDB=false
2026/09/16 09:28:52 INFO start lazy group evaluation field=test.base group=execMeta
=== CONT  TestPrepareEngineVolumeSourceRejectsWrongType
=== CONT  TestContainerMetadataChainLeavesSnapshotGroupsPending
2026/09/16 09:28:52 INFO end lazy group evaluation field=test.base group=execMeta duration=246.92µs
2026/09/16 09:28:52 INFO start lazy group evaluation field=test.base group=fs
=== CONT  TestPrepareEngineVolumeSourceSubdirAndSymlinkClamp
2026/09/16 09:28:52 INFO start lazy group evaluation field=Container.withWorkdir group=metadata
2026/09/16 09:28:52 INFO start lazy group evaluation field=test.base group=metadata
2026/09/16 09:28:52 INFO end lazy group evaluation field=test.base group=metadata duration=20.29µs
2026/09/16 09:28:52 INFO end lazy group evaluation field=Container.withWorkdir group=metadata duration=118.009µs
2026/09/16 09:28:52 INFO start lazy group evaluation field=Container.withWorkdir group=fs
2026/09/16 09:28:52 INFO start lazy group evaluation field=test.base group=fs
2026/09/16 09:28:52 INFO end lazy group evaluation field=test.base group=fs duration=17.38µs
2026/09/16 09:28:52 INFO end lazy group evaluation field=Container.withWorkdir group=fs duration=57.74µs
2026/09/16 09:28:52 INFO end lazy group evaluation field=test.base group=fs duration=794.599µs
=== CONT  TestValidateContainerTagWithVersionQuery
=== CONT  TestPrepareEngineVolumeSourceConcurrentCreation
2026/09/16 09:28:52 INFO start lazy group evaluation field=Container.withWorkdir group=execMeta
--- PASS: TestContainerExecReadOnlyMountStaysPending (0.00s)
--- PASS: TestIsKnownDockerfileSyntaxFrontendUnknown (0.00s)
--- PASS: TestSelectGitRefWithVersionQueryPrefersTags (0.00s)
--- PASS: TestSelectGitRefWithVersionQueryFallsBackToBranch (0.00s)
--- PASS: TestCacheVolumeLockKeyUsesSourceID (0.00s)
--- PASS: TestVolumePersistedObjectRoundTrip (0.00s)
--- PASS: TestSelectGitRefWithVersionQuery (0.00s)
--- PASS: TestContainerExecEvaluatesParentMountsConcurrently (0.00s)
--- PASS: TestSelectLatestGitRefAnnotatedTag (0.00s)
--- PASS: TestSelectLatestGitRefFallsBackToHead (0.00s)
--- PASS: TestSelectLatestGitRefAcceptsCalver (0.00s)
2026/09/16 09:28:52 INFO start lazy group evaluation field=test.base group=execMeta
=== CONT  TestContainerFinalDelegationSweepDoesNotStartParentWork
2026/09/16 09:28:52 INFO end lazy group evaluation field=test.base group=execMeta duration=39.38µs
2026/09/16 09:28:52 INFO end lazy group evaluation field=Container.withWorkdir group=execMeta duration=186.81µs
2026/09/16 09:28:52 INFO discarding dagql cache without persistence hasSQLDB=false hasPersistDB=false
=== RUN   TestAgentStopRejectsWaitCycles/cross-agent
=== CONT  TestPrepareEngineVolumeSourceCreatesAndPreservesDirectories
2026/09/16 09:28:52 INFO discarding dagql cache without persistence hasSQLDB=false hasPersistDB=false
=== CONT  TestRenderMessagesForModel
=== CONT  TestAroundFuncStampsProfileSkipBeforeInheritedSkip
=== CONT  TestIntrospectionRootFieldsMatchProfileSkip
2026/09/16 09:28:52 WARN failed to derive call digest field=Query.withExec err="no dagql cache in context"
=== CONT  TestProfileSkipIsDebugIndependentPureFunction
=== CONT  TestOriginOmittedFromChain
=== CONT  TestSelectReleaseTagWithVersionQuery
=== RUN   TestSelectReleaseTagWithVersionQuery/v1
=== PAUSE TestSelectReleaseTagWithVersionQuery/v1
=== RUN   TestSelectReleaseTagWithVersionQuery/1.2
=== PAUSE TestSelectReleaseTagWithVersionQuery/1.2
=== CONT  TestAroundFuncCacheEvidenceLifecycle
2026/09/16 09:28:52 INFO start call field=Query.evidenceLifecycle digest=xxh3:76e7e4afdde6f05f
=== RUN   TestSelectReleaseTagWithVersionQuery/v1.2.3
=== PAUSE TestSelectReleaseTagWithVersionQuery/v1.2.3
2026/09/16 09:28:52 INFO end call field=Query.evidenceLifecycle cached=false digest=xxh3:76e7e4afdde6f05f
=== RUN   TestSelectReleaseTagWithVersionQuery/v1.2-beta
2026/09/16 09:28:52 INFO start call field=Query.load digest=xxh3:4108ee038f21f3fe
2026/09/16 09:28:52 INFO end call field=Query.load cached=false digest=xxh3:4108ee038f21f3fe
--- PASS: TestServiceRetainsOneLaunchingScopeUntilExit (0.00s)
--- PASS: TestModuleLoadFailureRegenerated (0.00s)
--- PASS: TestAroundFuncCacheEvidenceLifecycle (0.00s)
=== PAUSE TestSelectReleaseTagWithVersionQuery/v1.2-beta
=== CONT  TestRecordCacheEvidenceMappingUndecidedStampsNothing
=== CONT  TestSelectLatestReleaseTagReportsOriginalTags
=== RUN   TestSelectReleaseTagWithVersionQuery/v1.2.4-beta
=== RUN   TestEngineVolumeMountOptionsFollowCapability/recursive_readonly
2026/09/16 09:28:52 INFO start lazy group evaluation field=Container.withEnvVariable group=metadata
=== PAUSE TestSelectReleaseTagWithVersionQuery/v1.2.4-beta
=== RUN   TestSelectReleaseTagWithVersionQuery/v1.2.4-rc
2026/09/16 09:28:52 INFO start lazy group evaluation field=test.base group=metadata
=== CONT  TestRecordCacheEvidenceMappingUncached
2026/09/16 09:28:52 INFO end lazy group evaluation field=test.base group=metadata duration=24.83µs
2026/09/16 09:28:52 INFO end lazy group evaluation field=Container.withEnvVariable group=metadata duration=122.86µs
--- PASS: TestSelectLatestReleaseTagReportsOriginalTags (0.00s)
--- PASS: TestRecordCacheEvidenceMappingUncached (0.00s)
--- PASS: TestRecordCacheEvidenceMappingUndecidedStampsNothing (0.00s)
=== CONT  TestQueryNewModuleInitializesDeps
=== CONT  TestSelectLatestReleaseTagIgnoresLowerAmbiguity
=== CONT  TestRecordCacheEvidenceMappingJoinedStampsNoMissFacts
=== PAUSE TestSelectReleaseTagWithVersionQuery/v1.2.4-rc
2026/09/16 09:28:52 INFO discarding dagql cache without persistence hasSQLDB=false hasPersistDB=false
=== CONT  TestProfileSkipClassifier
=== CONT  TestRecordCacheEvidenceMappingExecutedMissFacts
=== CONT  TestRecordCacheEvidenceMappingHit
=== CONT  TestModuleObjectAttachDependencyResultsRetainsSemanticInterfaceHandleField
=== CONT  TestModuleObjectAttachHandleWithoutAmbientServer
=== CONT  TestModuleObjectPersistedResultRefsRoundTrip
--- PASS: TestSelectLatestGitRefAcceptsEquivalentVersionsWithSameSHA (0.00s)
=== CONT  TestModuleObjectNestedNumbersSurvivePersistenceAndSDKConversion
--- PASS: TestCopyAttemptUnpackNonArchiveSingleFileNoDestDirHintCopiesToExactPath (0.00s)
=== CONT  TestInitCacheEvidenceGates
=== CONT  TestModuleObjectPrivateHandleFieldRetainedAcrossProducerSessionClose
=== CONT  TestPreferCanonicalGitReleaseTag
=== RUN   TestPreferCanonicalGitReleaseTag/v_prefix
=== PAUSE TestPreferCanonicalGitReleaseTag/v_prefix
=== CONT  TestModuleObjectAttachHandleErrorsWithoutServer
=== CONT  TestModuleObjectEncodeAllowsRawCallIDInPrivateField
=== RUN   TestPreferCanonicalGitReleaseTag/no_padding_before_v_prefix
=== PAUSE TestPreferCanonicalGitReleaseTag/no_padding_before_v_prefix
=== RUN   TestPreferCanonicalGitReleaseTag/precision_before_v_prefix
=== PAUSE TestPreferCanonicalGitReleaseTag/precision_before_v_prefix
=== RUN   TestPreferCanonicalGitReleaseTag/no_padding_before_precision
=== PAUSE TestPreferCanonicalGitReleaseTag/no_padding_before_precision
=== RUN   TestPreferCanonicalGitReleaseTag/no_build_metadata_before_v_prefix
=== CONT  TestModuleObjectAttachDependencyResultsRewritesHandleVariants
=== PAUSE TestPreferCanonicalGitReleaseTag/no_build_metadata_before_v_prefix
=== RUN   TestPreferCanonicalGitReleaseTag/fewer_leading_zeroes
=== PAUSE TestPreferCanonicalGitReleaseTag/fewer_leading_zeroes
=== CONT  TestParseReleaseTagPreservesPrefixedName
=== CONT  TestModuleObjectEncodeRejectsRawCallIDInSemanticField
=== CONT  TestRecordBoundServiceFQDNs
=== RUN   TestRecordBoundServiceFQDNs/records_the_name_the_running_service_registered_under
=== PAUSE TestRecordBoundServiceFQDNs/records_the_name_the_running_service_registered_under
--- PASS: TestPrepareEngineVolumeSourceCreatesAndPreservesDirectories (0.00s)
=== RUN   TestRecordBoundServiceFQDNs/skips_hosts_outside_the_engine's_DNS_domain
--- PASS: TestContainerDirectorySelectorReturnsRootFSErrorBeforeSelection (0.00s)
--- PASS: TestIsKnownDockerfileSyntaxFrontend (0.00s)
--- PASS: TestContainerRoutingReadsRaceUnrefinedClear (0.00s)
--- PASS: TestContainerDirectEvaluateRunsRefinedGroups (0.00s)
--- PASS: TestAgentWaitGuard (0.00s)
--- PASS: TestDrainWindowProjectsRunning (0.00s)
--- PASS: TestContainerRootFSSelectorLeavesMountsPending (0.00s)
--- PASS: TestContainerStdoutSkipsReadOnlyMountDelegation (0.00s)
--- PASS: TestContainerHasPendingFallbackRacesDirectClear (0.00s)
--- PASS: TestContainerConcurrentGroupCompletionClearsLazyOnce (0.00s)
--- PASS: TestContainerDelegationOverwritesStalePreCopiedAccessor (0.00s)
--- PASS: TestCopyAttemptUnpackNonArchiveSingleFileDestDirHintCreatesDestDir (0.00s)
--- PASS: TestResolveReply (0.00s)
--- PASS: TestPrepareEngineVolumeSourceRejectsWrongType (0.00s)
=== CONT  TestSelectReleaseTagRejectsInvalidVersionQuery
=== PAUSE TestRecordBoundServiceFQDNs/skips_hosts_outside_the_engine's_DNS_domain
--- PASS: TestSelectReleaseTagRejectsInvalidVersionQuery (0.00s)
=== CONT  TestParseOCILockInputs
=== RUN   TestParseOCILockInputs/default_transport
=== PAUSE TestParseOCILockInputs/default_transport
=== RUN   TestParseOCILockInputs/plain_HTTP
=== PAUSE TestParseOCILockInputs/plain_HTTP
=== RUN   TestParseOCILockInputs/insecure_HTTPS
=== PAUSE TestParseOCILockInputs/insecure_HTTPS
=== RUN   TestParseOCILockInputs/missing_inputs
=== PAUSE TestParseOCILockInputs/missing_inputs
=== RUN   TestParseOCILockInputs/too_many_inputs
=== PAUSE TestParseOCILockInputs/too_many_inputs
=== RUN   TestParseOCILockInputs/invalid_ref
=== PAUSE TestParseOCILockInputs/invalid_ref
=== RUN   TestParseOCILockInputs/empty_ref
=== PAUSE TestParseOCILockInputs/empty_ref
=== RUN   TestParseOCILockInputs/untagged_ref
=== PAUSE TestParseOCILockInputs/untagged_ref
=== RUN   TestParseOCILockInputs/invalid_protocol
=== PAUSE TestParseOCILockInputs/invalid_protocol
=== RUN   TestParseOCILockInputs/unknown_option
=== RUN   TestRecordBoundServiceFQDNs/skips_a_host_already_equal_to_the_bound_hostname
=== PAUSE TestRecordBoundServiceFQDNs/skips_a_host_already_equal_to_the_bound_hostname
=== RUN   TestRecordBoundServiceFQDNs/skips_unstarted_and_missing_entries
=== PAUSE TestRecordBoundServiceFQDNs/skips_unstarted_and_missing_entries
=== RUN   TestRecordBoundServiceFQDNs/does_not_write_through_a_map_shared_with_a_shallow_clone
--- PASS: TestValidateContainerTagWithVersionQuery (0.00s)
--- PASS: TestSelectLatestGitRefWithTagPrefix (0.00s)
=== PAUSE TestParseOCILockInputs/unknown_option
--- PASS: TestContainerRoutingReadsRaceRefinedClear (0.00s)
--- PASS: TestContainerMetadataChainLeavesSnapshotGroupsPending (0.00s)
--- PASS: TestRenderMessagesForModel (0.00s)
=== RUN   TestParseOCILockInputs/insecure_HTTP
=== PAUSE TestParseOCILockInputs/insecure_HTTP
=== PAUSE TestRecordBoundServiceFQDNs/does_not_write_through_a_map_shared_with_a_shallow_clone
=== RUN   TestRecordBoundServiceFQDNs/tolerates_absent_metadata
=== PAUSE TestRecordBoundServiceFQDNs/tolerates_absent_metadata
=== CONT  TestModuleObjectConvertToSDKInputUsesCurrentFieldID
=== CONT  TestModulePersistedTypeDefsRoundTripPreservesNullableValidity
=== CONT  TestModuleObjectConvertToSDKInputRewritesStoredResults
=== CONT  TestSelectContainerTagWithVersionQuery
--- PASS: TestAroundFuncStampsProfileSkipBeforeInheritedSkip (0.00s)
--- PASS: TestIntrospectionRootFieldsMatchProfileSkip (0.00s)
--- PASS: TestProfileSkipIsDebugIndependentPureFunction (0.00s)
--- PASS: TestOriginOmittedFromChain (0.00s)
--- PASS: TestPrepareEngineVolumeSourceSubdirAndSymlinkClamp (0.00s)
--- PASS: TestSelectLatestGitRef (0.00s)
--- PASS: TestQueryNewModuleInitializesDeps (0.00s)
--- PASS: TestSelectLatestReleaseTagIgnoresLowerAmbiguity (0.00s)
--- PASS: TestContainerFinalDelegationSweepDoesNotStartParentWork (0.00s)
--- PASS: TestProfileSkipClassifier (0.00s)
--- PASS: TestAgentStopRejectsWaitCycles (0.01s)
    --- PASS: TestAgentStopRejectsWaitCycles/self (0.00s)
    --- PASS: TestAgentStopRejectsWaitCycles/cross-agent (0.00s)
--- PASS: TestRecordCacheEvidenceMappingJoinedStampsNoMissFacts (0.00s)
--- PASS: TestRecordCacheEvidenceMappingExecutedMissFacts (0.00s)
--- PASS: TestRecordCacheEvidenceMappingHit (0.00s)
--- PASS: TestPrepareEngineVolumeSourceConcurrentCreation (0.00s)
--- PASS: TestModuleObjectAttachHandleWithoutAmbientServer (0.00s)
=== CONT  TestDecodePersistedModuleObjectValueResultRefLoadsResult
=== CONT  TestModuleObjectAttachDependencyResultsRecurses
--- PASS: TestInitCacheEvidenceGates (0.00s)
--- PASS: TestEventDelivery (0.00s)
--- PASS: TestParseReleaseTagPreservesPrefixedName (0.00s)
--- PASS: TestModuleObjectAttachHandleErrorsWithoutServer (0.00s)
--- PASS: TestModuleObjectEncodeAllowsRawCallIDInPrivateField (0.00s)
--- PASS: TestSelectLatestGitRefOnlyPrereleasesFallsBackToHead (0.00s)
--- PASS: TestModuleObjectAttachDependencyResultsRewritesHandleVariants (0.00s)
--- PASS: TestSelectContainerTagWithVersionQuery (0.00s)
=== RUN   TestEngineVolumeMountOptionsFollowCapability/readonly_fallback
--- PASS: TestModuleObjectPrivateHandleFieldRetainedAcrossProducerSessionClose (0.00s)
=== CONT  TestWorkspaceContextDirPath
=== RUN   TestWorkspaceContextDirPath/relative_path_joins_module_root_subpath_and_anchors_to_root
--- PASS: TestDecodePersistedModuleObjectValueResultRefLoadsResult (0.00s)
--- PASS: TestModuleObjectEncodeRejectsRawCallIDInSemanticField (0.00s)
=== CONT  TestModuleSourceAttachDependencyResultsRetainsSDKImpl
--- PASS: TestModuleSourceAttachDependencyResultsRetainsSDKImpl (0.00s)
=== CONT  TestParsedGitRefStringVersionQuerySemantics
=== RUN   TestParsedGitRefStringVersionQuerySemantics/at_selector_uses_semver_query
=== PAUSE TestParsedGitRefStringVersionQuerySemantics/at_selector_uses_semver_query
=== RUN   TestParsedGitRefStringVersionQuerySemantics/fragment_selector_stays_literal
=== PAUSE TestParsedGitRefStringVersionQuerySemantics/fragment_selector_stays_literal
--- PASS: TestModulePersistedTypeDefsRoundTripPreservesNullableValidity (0.00s)
=== CONT  TestModuleGitDefaultRefSelector
=== RUN   TestModuleGitDefaultRefSelector/legacy_API_uses_HEAD
=== PAUSE TestModuleGitDefaultRefSelector/legacy_API_uses_HEAD
=== RUN   TestModuleGitDefaultRefSelector/current_API_uses_latest
=== PAUSE TestModuleGitDefaultRefSelector/current_API_uses_latest
--- PASS: TestModuleObjectAttachDependencyResultsRecurses (0.00s)
=== CONT  TestModuleFunctionLoadWorkspaceArgRejectsFunctionCallRuntimeCaller
--- PASS: TestModuleFunctionLoadWorkspaceArgRejectsFunctionCallRuntimeCaller (0.00s)
=== CONT  TestCallerInModuleFunction
--- PASS: TestCallerInModuleFunction (0.00s)
=== CONT  TestParseOCILatestLockInputs
--- PASS: TestParseOCILatestLockInputs (0.00s)
=== CONT  TestJSONNullRoundTripPreservesNil
=== CONT  TestParsedGitRefStringSetVersion
=== CONT  TestUpdateGitLatestLockEntryValidatesInputs
=== RUN   TestUpdateGitLatestLockEntryValidatesInputs/missing_inputs
=== PAUSE TestUpdateGitLatestLockEntryValidatesInputs/missing_inputs
=== RUN   TestUpdateGitLatestLockEntryValidatesInputs/invalid_remote_type
=== PAUSE TestUpdateGitLatestLockEntryValidatesInputs/invalid_remote_type
=== RUN   TestUpdateGitLatestLockEntryValidatesInputs/empty_remote
--- PASS: TestJSONNullRoundTripPreservesNil (0.00s)
--- PASS: TestParsedGitRefStringSetVersion (0.00s)
=== CONT  TestParseGitLookupInputsRejectsUnknownOption
--- PASS: TestParseGitLookupInputsRejectsUnknownOption (0.00s)
=== CONT  TestSelectedSHAEntry
=== CONT  TestUpdateWorkspaceLockIgnoresUnsupportedEntries
=== RUN   TestSelectedSHAEntry/Git
=== PAUSE TestSelectedSHAEntry/Git
=== RUN   TestSelectedSHAEntry/OCI
=== PAUSE TestSelectedSHAEntry/OCI
=== PAUSE TestUpdateGitLatestLockEntryValidatesInputs/empty_remote
=== CONT  TestUpdateWorkspaceLockEntry
=== CONT  TestJSONStringRoundTripPreservesBytes
=== RUN   TestUpdateGitLatestLockEntryValidatesInputs/invalid_prefix_type
=== CONT  TestTypeDefWithNameVerbatim
=== PAUSE TestUpdateGitLatestLockEntryValidatesInputs/invalid_prefix_type
=== RUN   TestUpdateGitLatestLockEntryValidatesInputs/empty_prefix
=== PAUSE TestUpdateGitLatestLockEntryValidatesInputs/empty_prefix
=== RUN   TestUpdateGitLatestLockEntryValidatesInputs/invalid_version_query
=== PAUSE TestUpdateGitLatestLockEntryValidatesInputs/invalid_version_query
=== RUN   TestUpdateGitLatestLockEntryValidatesInputs/unknown_option
=== PAUSE TestUpdateGitLatestLockEntryValidatesInputs/unknown_option
=== RUN   TestUpdateGitLatestLockEntryValidatesInputs/extra_input
=== PAUSE TestUpdateGitLatestLockEntryValidatesInputs/extra_input
--- PASS: TestModuleObjectPersistedResultRefsRoundTrip (0.00s)
--- PASS: TestUpdateWorkspaceLockIgnoresUnsupportedEntries (0.00s)
--- PASS: TestUpdateWorkspaceLockEntry (0.00s)
--- PASS: TestJSONStringRoundTripPreservesBytes (0.00s)
--- PASS: TestTypeDefWithNameVerbatim (0.00s)
=== CONT  TestHostFindUpAllPrefersExistsFS
--- PASS: TestModuleObjectConvertToSDKInputUsesCurrentFieldID (0.00s)
=== CONT  TestEnumMemberNameFormatting
=== RUN   TestEnumMemberNameFormatting/ACTIVE
=== RUN   TestEnumMemberNameFormatting/P256
--- PASS: TestModuleObjectNestedNumbersSurvivePersistenceAndSDKConversion (0.00s)
=== CONT  TestGitRepositoryCloneWithBackendResetsRemoteMetadata
=== RUN   TestEnumMemberNameFormatting/P_256
--- PASS: TestGitRepositoryCloneWithBackendResetsRemoteMetadata (0.00s)
=== CONT  TestNamespaceObjects
=== RUN   TestNamespaceObjects/namespace
=== RUN   TestEnumMemberNameFormatting/X25519
=== RUN   TestNamespaceObjects/namespace_into_camel_case
=== RUN   TestEnumMemberNameFormatting/ED25519
=== RUN   TestNamespaceObjects/don't_namespace_when_equal
=== RUN   TestNamespaceObjects/don't_namespace_when_prefixed
=== RUN   TestEnumMemberNameFormatting/fooBar
=== RUN   TestNamespaceObjects/still_namespace_when_prefixed_if_not_full
--- PASS: TestNamespaceObjects (0.00s)
    --- PASS: TestNamespaceObjects/namespace (0.00s)
    --- PASS: TestNamespaceObjects/namespace_into_camel_case (0.00s)
    --- PASS: TestNamespaceObjects/don't_namespace_when_equal (0.00s)
    --- PASS: TestNamespaceObjects/don't_namespace_when_prefixed (0.00s)
    --- PASS: TestNamespaceObjects/still_namespace_when_prefixed_if_not_full (0.00s)
=== CONT  TestValidateGitLatestRefWithTagPrefix
=== CONT  TestModuleSourcePersistenceRetainsSelfCallsCapability
=== CONT  TestValidateContainerLatestTag/stable
=== CONT  TestValidateContainerLatestTag/latest_fallback
=== CONT  TestValidateContainerLatestTag/non-semver
=== CONT  TestValidateContainerLatestTag/prerelease
=== CONT  TestValidateContainerLatestTag/calver
=== CONT  TestValidateContainerLatestTag/incomplete
=== CONT  TestValidateContainerLatestTag/stable_with_v
=== CONT  TestValidateGitLatestRef/stable_tag
=== CONT  TestValidateGitLatestRef/empty_branch
=== CONT  TestValidateGitLatestRef/arbitrary_ref
=== CONT  TestValidateGitLatestRef/prerelease_tag
=== CONT  TestValidateGitLatestRef/default_branch
--- PASS: TestModuleObjectConvertToSDKInputRewritesStoredResults (0.00s)
=== CONT  TestValidateGitLatestRef/incomplete_tag
=== CONT  TestValidateGitLatestRef/stable_tag_without_v
=== CONT  TestValidateGitLatestRef/uncanonicalized_head
=== CONT  TestValidateGitLatestRef/calver_tag
=== RUN   TestWorkspaceContextDirPath/relative_dot_resolves_to_the_module_root_subpath
=== CONT  TestSelectLatestGitRefRejectsEquivalentVersions/zero-padded_version
=== RUN   TestWorkspaceContextDirPath/absolute_path_ignores_the_module_root_subpath
=== CONT  TestSelectLatestGitRefRejectsEquivalentVersions/calver_and_semver
=== RUN   TestWorkspaceContextDirPath/empty_subpath_with_dot_resolves_to_the_workspace_root
=== CONT  TestSelectLatestContainerTag/stable_release
=== CONT  TestDescribeLoadFailure
=== RUN   TestWorkspaceContextDirPath/empty_subpath_with_relative_path_anchors_to_root
=== RUN   TestDescribeLoadFailure/inlines_the_failing_exec's_stderr
=== PAUSE TestDescribeLoadFailure/inlines_the_failing_exec's_stderr
=== CONT  TestSelectLatestContainerTag/zero_padding_is_ambiguous
=== RUN   TestDescribeLoadFailure/falls_back_to_stdout_when_stderr_is_empty
=== PAUSE TestDescribeLoadFailure/falls_back_to_stdout_when_stderr_is_empty
=== CONT  TestSelectLatestGitRefRejectsEquivalentVersions/optional_v_prefix
=== RUN   TestDescribeLoadFailure/replaces_the_run-dagger-generate_hint_for_missing_generated_files
=== PAUSE TestDescribeLoadFailure/replaces_the_run-dagger-generate_hint_for_missing_generated_files
=== RUN   TestDescribeLoadFailure/leaves_other_errors_alone
=== PAUSE TestDescribeLoadFailure/leaves_other_errors_alone
=== CONT  TestSelectLatestContainerTag/incomplete_version_remains_eligible
=== RUN   TestEnumMemberNameFormatting/foo-bar
=== CONT  TestSelectLatestContainerTag/only_prereleases
--- PASS: TestSelectLatestGitRefRejectsEquivalentVersions (0.00s)
    --- PASS: TestSelectLatestGitRefRejectsEquivalentVersions/zero-padded_version (0.00s)
    --- PASS: TestSelectLatestGitRefRejectsEquivalentVersions/calver_and_semver (0.00s)
    --- PASS: TestSelectLatestGitRefRejectsEquivalentVersions/optional_v_prefix (0.00s)
=== CONT  TestSelectLatestContainerTag/calver_is_ambiguous_with_normalized_semver
=== RUN   TestEnumMemberNameFormatting/p256
=== CONT  TestSelectLatestContainerTag/no_tags
=== CONT  TestSelectLatestContainerTag/optional_v_prefix_beats_incomplete_alias_handling
=== CONT  TestSelectLatestContainerTag/complete_version_wins_over_incomplete_alias
--- PASS: TestEnumMemberNameFormatting (0.00s)
    --- PASS: TestEnumMemberNameFormatting/ACTIVE (0.00s)
    --- PASS: TestEnumMemberNameFormatting/P256 (0.00s)
    --- PASS: TestEnumMemberNameFormatting/P_256 (0.00s)
    --- PASS: TestEnumMemberNameFormatting/X25519 (0.00s)
    --- PASS: TestEnumMemberNameFormatting/ED25519 (0.00s)
    --- PASS: TestEnumMemberNameFormatting/fooBar (0.00s)
    --- PASS: TestEnumMemberNameFormatting/foo-bar (0.00s)
    --- PASS: TestEnumMemberNameFormatting/p256 (0.00s)
=== CONT  TestSelectLatestContainerTag/optional_v_prefix_is_ambiguous
=== CONT  TestSelectLatestContainerTag/calver_release
=== CONT  TestSelectLatestContainerTag/zero-padded_trailing_component_is_not_an_incomplete_alias
=== CONT  TestSelectReleaseTagWithVersionQuery/v1
=== CONT  TestSelectReleaseTagWithVersionQuery/v1.2-beta
=== CONT  TestSelectReleaseTagWithVersionQuery/v1.2.4-rc
=== CONT  TestSelectReleaseTagWithVersionQuery/v1.2.4-beta
=== CONT  TestSelectReleaseTagWithVersionQuery/v1.2.3
=== CONT  TestSelectReleaseTagWithVersionQuery/1.2
=== CONT  TestPreferCanonicalGitReleaseTag/no_padding_before_precision
=== RUN   TestWorkspaceContextDirPath/parent_traversal_stays_within_the_workspace_tree
=== CONT  TestPreferCanonicalGitReleaseTag/fewer_leading_zeroes
--- PASS: TestSelectReleaseTagWithVersionQuery (0.00s)
    --- PASS: TestSelectReleaseTagWithVersionQuery/v1 (0.00s)
    --- PASS: TestSelectReleaseTagWithVersionQuery/v1.2.4-rc (0.00s)
    --- PASS: TestSelectReleaseTagWithVersionQuery/v1.2-beta (0.00s)
    --- PASS: TestSelectReleaseTagWithVersionQuery/v1.2.4-beta (0.00s)
    --- PASS: TestSelectReleaseTagWithVersionQuery/v1.2.3 (0.00s)
    --- PASS: TestSelectReleaseTagWithVersionQuery/1.2 (0.00s)
=== CONT  TestPreferCanonicalGitReleaseTag/precision_before_v_prefix
=== CONT  TestSelectLatestContainerTag/most_complete_alias_wins
=== RUN   TestWorkspaceContextDirPath/sibling_traversal_stays_within_the_workspace_root
=== CONT  TestPreferCanonicalGitReleaseTag/v_prefix
=== CONT  TestParseOCILockInputs/default_transport
--- PASS: TestSelectLatestContainerTag (0.00s)
    --- PASS: TestSelectLatestContainerTag/stable_release (0.00s)
    --- PASS: TestSelectLatestContainerTag/zero_padding_is_ambiguous (0.00s)
    --- PASS: TestSelectLatestContainerTag/incomplete_version_remains_eligible (0.00s)
    --- PASS: TestSelectLatestContainerTag/only_prereleases (0.00s)
    --- PASS: TestSelectLatestContainerTag/no_tags (0.00s)
    --- PASS: TestSelectLatestContainerTag/calver_is_ambiguous_with_normalized_semver (0.00s)
    --- PASS: TestSelectLatestContainerTag/complete_version_wins_over_incomplete_alias (0.00s)
    --- PASS: TestSelectLatestContainerTag/optional_v_prefix_beats_incomplete_alias_handling (0.00s)
    --- PASS: TestSelectLatestContainerTag/optional_v_prefix_is_ambiguous (0.00s)
    --- PASS: TestSelectLatestContainerTag/calver_release (0.00s)
    --- PASS: TestSelectLatestContainerTag/zero-padded_trailing_component_is_not_an_incomplete_alias (0.00s)
    --- PASS: TestSelectLatestContainerTag/most_complete_alias_wins (0.00s)
=== CONT  TestPreferCanonicalGitReleaseTag/no_padding_before_v_prefix
=== CONT  TestValidateGitLatestRef/non-semver_tag
=== CONT  TestHostFindUpAllFallsBackToStatFS
=== CONT  TestParseOCILockInputs/invalid_protocol
=== CONT  TestPreferCanonicalGitReleaseTag/no_build_metadata_before_v_prefix
=== CONT  TestParseOCILockInputs/empty_ref
=== CONT  TestParseOCILockInputs/invalid_ref
=== CONT  TestParseOCILockInputs/missing_inputs
=== CONT  TestParseOCILockInputs/insecure_HTTP
=== CONT  TestParseOCILockInputs/insecure_HTTPS
=== CONT  TestParseOCILockInputs/plain_HTTP
=== CONT  TestRecordBoundServiceFQDNs/records_the_name_the_running_service_registered_under
=== CONT  TestRecordBoundServiceFQDNs/does_not_write_through_a_map_shared_with_a_shallow_clone
=== CONT  TestRecordBoundServiceFQDNs/skips_unstarted_and_missing_entries
=== CONT  TestRecordBoundServiceFQDNs/skips_a_host_already_equal_to_the_bound_hostname
=== CONT  TestRecordBoundServiceFQDNs/skips_hosts_outside_the_engine's_DNS_domain
=== CONT  TestRecordBoundServiceFQDNs/tolerates_absent_metadata
=== CONT  TestParsedGitRefStringVersionQuerySemantics/at_selector_uses_semver_query
=== CONT  TestModuleGitDefaultRefSelector/legacy_API_uses_HEAD
=== CONT  TestParsedGitRefStringVersionQuerySemantics/fragment_selector_stays_literal
=== CONT  TestSelectedSHAEntry/Git
=== CONT  TestSelectedSHAEntry/OCI
=== CONT  TestUpdateGitLatestLockEntryValidatesInputs/missing_inputs
=== CONT  TestUpdateGitLatestLockEntryValidatesInputs/empty_prefix
=== CONT  TestUpdateGitLatestLockEntryValidatesInputs/extra_input
=== CONT  TestUpdateGitLatestLockEntryValidatesInputs/unknown_option
=== CONT  TestUpdateGitLatestLockEntryValidatesInputs/invalid_version_query
=== CONT  TestDescribeLoadFailure/inlines_the_failing_exec's_stderr
=== CONT  TestDescribeLoadFailure/leaves_other_errors_alone
=== CONT  TestDescribeLoadFailure/replaces_the_run-dagger-generate_hint_for_missing_generated_files
=== CONT  TestCollectedContentCollectUnknownAnyResult
=== CONT  TestDescribeLoadFailure/falls_back_to_stdout_when_stderr_is_empty
=== CONT  TestUpdateGitLatestLockEntryValidatesInputs/invalid_prefix_type
=== CONT  TestUpdateGitLatestLockEntryValidatesInputs/empty_remote
=== CONT  TestUpdateGitLatestLockEntryValidatesInputs/invalid_remote_type
=== CONT  TestParseOCILockInputs/too_many_inputs
=== CONT  TestModuleGitDefaultRefSelector/current_API_uses_latest
=== CONT  TestParseOCILockInputs/untagged_ref
--- PASS: TestHostFindUpAllPrefersExistsFS (0.00s)
=== RUN   TestWorkspaceContextDirPath/over-escaping_traversal_clamps_to_the_workspace_root
=== RUN   TestWorkspaceContextDirPath/unclean_relative_path_is_normalized
--- PASS: TestHostFindUpAllFallsBackToStatFS (0.00s)
=== CONT  TestParseOCILockInputs/unknown_option
--- PASS: TestWorkspaceContextDirPath (0.00s)
    --- PASS: TestWorkspaceContextDirPath/relative_path_joins_module_root_subpath_and_anchors_to_root (0.00s)
    --- PASS: TestWorkspaceContextDirPath/relative_dot_resolves_to_the_module_root_subpath (0.00s)
    --- PASS: TestWorkspaceContextDirPath/absolute_path_ignores_the_module_root_subpath (0.00s)
    --- PASS: TestWorkspaceContextDirPath/empty_subpath_with_dot_resolves_to_the_workspace_root (0.00s)
    --- PASS: TestWorkspaceContextDirPath/empty_subpath_with_relative_path_anchors_to_root (0.00s)
    --- PASS: TestWorkspaceContextDirPath/parent_traversal_stays_within_the_workspace_tree (0.00s)
    --- PASS: TestWorkspaceContextDirPath/sibling_traversal_stays_within_the_workspace_root (0.00s)
    --- PASS: TestWorkspaceContextDirPath/over-escaping_traversal_clamps_to_the_workspace_root (0.00s)
    --- PASS: TestWorkspaceContextDirPath/unclean_relative_path_is_normalized (0.00s)
--- PASS: TestValidateContainerLatestTag (0.00s)
    --- PASS: TestValidateContainerLatestTag/stable (0.00s)
    --- PASS: TestValidateContainerLatestTag/latest_fallback (0.00s)
    --- PASS: TestValidateContainerLatestTag/non-semver (0.00s)
    --- PASS: TestValidateContainerLatestTag/prerelease (0.00s)
    --- PASS: TestValidateContainerLatestTag/calver (0.00s)
    --- PASS: TestValidateContainerLatestTag/incomplete (0.00s)
    --- PASS: TestValidateContainerLatestTag/stable_with_v (0.00s)
--- PASS: TestEngineVolumeMountOptionsFollowCapability (0.01s)
    --- PASS: TestEngineVolumeMountOptionsFollowCapability/writable (0.00s)
    --- PASS: TestEngineVolumeMountOptionsFollowCapability/recursive_readonly (0.00s)
    --- PASS: TestEngineVolumeMountOptionsFollowCapability/readonly_fallback (0.00s)
--- PASS: TestValidateGitLatestRef (0.00s)
    --- PASS: TestValidateGitLatestRef/stable_tag (0.00s)
    --- PASS: TestValidateGitLatestRef/empty_branch (0.00s)
    --- PASS: TestValidateGitLatestRef/arbitrary_ref (0.00s)
    --- PASS: TestValidateGitLatestRef/prerelease_tag (0.00s)
    --- PASS: TestValidateGitLatestRef/default_branch (0.00s)
    --- PASS: TestValidateGitLatestRef/incomplete_tag (0.00s)
    --- PASS: TestValidateGitLatestRef/stable_tag_without_v (0.00s)
    --- PASS: TestValidateGitLatestRef/calver_tag (0.00s)
    --- PASS: TestValidateGitLatestRef/uncanonicalized_head (0.00s)
    --- PASS: TestValidateGitLatestRef/non-semver_tag (0.00s)
--- PASS: TestPreferCanonicalGitReleaseTag (0.00s)
    --- PASS: TestPreferCanonicalGitReleaseTag/no_padding_before_precision (0.00s)
    --- PASS: TestPreferCanonicalGitReleaseTag/fewer_leading_zeroes (0.00s)
    --- PASS: TestPreferCanonicalGitReleaseTag/precision_before_v_prefix (0.00s)
    --- PASS: TestPreferCanonicalGitReleaseTag/v_prefix (0.00s)
    --- PASS: TestPreferCanonicalGitReleaseTag/no_padding_before_v_prefix (0.00s)
    --- PASS: TestPreferCanonicalGitReleaseTag/no_build_metadata_before_v_prefix (0.00s)
--- PASS: TestValidateGitLatestRefWithTagPrefix (0.00s)
--- PASS: TestRecordBoundServiceFQDNs (0.00s)
    --- PASS: TestRecordBoundServiceFQDNs/records_the_name_the_running_service_registered_under (0.00s)
    --- PASS: TestRecordBoundServiceFQDNs/does_not_write_through_a_map_shared_with_a_shallow_clone (0.00s)
    --- PASS: TestRecordBoundServiceFQDNs/skips_unstarted_and_missing_entries (0.00s)
    --- PASS: TestRecordBoundServiceFQDNs/skips_a_host_already_equal_to_the_bound_hostname (0.00s)
    --- PASS: TestRecordBoundServiceFQDNs/skips_hosts_outside_the_engine's_DNS_domain (0.00s)
    --- PASS: TestRecordBoundServiceFQDNs/tolerates_absent_metadata (0.00s)
--- PASS: TestParsedGitRefStringVersionQuerySemantics (0.00s)
    --- PASS: TestParsedGitRefStringVersionQuerySemantics/at_selector_uses_semver_query (0.00s)
    --- PASS: TestParsedGitRefStringVersionQuerySemantics/fragment_selector_stays_literal (0.00s)
--- PASS: TestSelectedSHAEntry (0.00s)
    --- PASS: TestSelectedSHAEntry/Git (0.00s)
    --- PASS: TestSelectedSHAEntry/OCI (0.00s)
--- PASS: TestUpdateGitLatestLockEntryValidatesInputs (0.00s)
    --- PASS: TestUpdateGitLatestLockEntryValidatesInputs/missing_inputs (0.00s)
    --- PASS: TestUpdateGitLatestLockEntryValidatesInputs/empty_prefix (0.00s)
    --- PASS: TestUpdateGitLatestLockEntryValidatesInputs/extra_input (0.00s)
    --- PASS: TestUpdateGitLatestLockEntryValidatesInputs/unknown_option (0.00s)
    --- PASS: TestUpdateGitLatestLockEntryValidatesInputs/invalid_version_query (0.00s)
    --- PASS: TestUpdateGitLatestLockEntryValidatesInputs/invalid_prefix_type (0.00s)
    --- PASS: TestUpdateGitLatestLockEntryValidatesInputs/empty_remote (0.00s)
    --- PASS: TestUpdateGitLatestLockEntryValidatesInputs/invalid_remote_type (0.00s)
--- PASS: TestCollectedContentCollectUnknownAnyResult (0.00s)
--- PASS: TestDescribeLoadFailure (0.00s)
    --- PASS: TestDescribeLoadFailure/leaves_other_errors_alone (0.00s)
    --- PASS: TestDescribeLoadFailure/replaces_the_run-dagger-generate_hint_for_missing_generated_files (0.00s)
    --- PASS: TestDescribeLoadFailure/falls_back_to_stdout_when_stderr_is_empty (0.00s)
    --- PASS: TestDescribeLoadFailure/inlines_the_failing_exec's_stderr (0.00s)
--- PASS: TestModuleGitDefaultRefSelector (0.00s)
    --- PASS: TestModuleGitDefaultRefSelector/legacy_API_uses_HEAD (0.00s)
    --- PASS: TestModuleGitDefaultRefSelector/current_API_uses_latest (0.00s)
--- PASS: TestParseOCILockInputs (0.00s)
    --- PASS: TestParseOCILockInputs/default_transport (0.00s)
    --- PASS: TestParseOCILockInputs/invalid_protocol (0.00s)
    --- PASS: TestParseOCILockInputs/invalid_ref (0.00s)
    --- PASS: TestParseOCILockInputs/empty_ref (0.00s)
    --- PASS: TestParseOCILockInputs/missing_inputs (0.00s)
    --- PASS: TestParseOCILockInputs/plain_HTTP (0.00s)
    --- PASS: TestParseOCILockInputs/insecure_HTTP (0.00s)
    --- PASS: TestParseOCILockInputs/insecure_HTTPS (0.00s)
    --- PASS: TestParseOCILockInputs/too_many_inputs (0.00s)
    --- PASS: TestParseOCILockInputs/untagged_ref (0.00s)
    --- PASS: TestParseOCILockInputs/unknown_option (0.00s)
--- PASS: TestModuleSourcePersistenceRetainsSelfCallsCapability (0.00s)
--- PASS: TestModuleObjectAttachDependencyResultsRetainsSemanticInterfaceHandleField (0.01s)
2026/09/16 09:28:52 INFO starting dagql cache close hasSQLDB=true hasPersistDB=true
2026/09/16 09:28:52 INFO marking dagql cache clean shutdown
2026/09/16 09:28:52 WARN successfully marked clean shutdown in persistence metadata
2026/09/16 09:28:52 INFO completed dagql cache close successfully
2026/09/16 09:28:52 INFO starting dagql cache close hasSQLDB=true hasPersistDB=true
2026/09/16 09:28:52 INFO marking dagql cache clean shutdown
2026/09/16 09:28:52 WARN successfully marked clean shutdown in persistence metadata
2026/09/16 09:28:52 INFO completed dagql cache close successfully
--- PASS: TestCacheVolumeDecodeDistinctPersistedResultsSharingSnapshot (0.02s)
--- PASS: TestServicesExitedServicesListing (0.02s)
--- PASS: TestServicesStartConcurrentHappy (0.11s)
--- PASS: TestServicesStartConcurrentSad (0.12s)
--- PASS: TestServicesStartConcurrentSadThenHappy (0.12s)
PASS
ok  	github.com/dagger/dagger/core	10.362s
=== RUN   TestParseSSHFSVolumeAddress
--- PASS: TestParseSSHFSVolumeAddress (0.00s)
=== RUN   TestParseSSHFSVolumeAddressErrors
--- PASS: TestParseSSHFSVolumeAddressErrors (0.00s)
=== RUN   TestParseEngineVolumeAddress
=== RUN   TestParseEngineVolumeAddress/engine-volume://datasets
=== RUN   TestParseEngineVolumeAddress/engine-volume://datasets/models
=== RUN   TestParseEngineVolumeAddress/engine-volume://datasets/models?subdir=llama%2Fweights
=== RUN   TestParseEngineVolumeAddress/engine-volume://datasets/models?subdir=path%20with%20spaces
--- PASS: TestParseEngineVolumeAddress (0.00s)
    --- PASS: TestParseEngineVolumeAddress/engine-volume://datasets (0.00s)
    --- PASS: TestParseEngineVolumeAddress/engine-volume://datasets/models (0.00s)
    --- PASS: TestParseEngineVolumeAddress/engine-volume://datasets/models?subdir=llama%2Fweights (0.00s)
    --- PASS: TestParseEngineVolumeAddress/engine-volume://datasets/models?subdir=path%20with%20spaces (0.00s)
=== RUN   TestParseEngineVolumeAddressErrors
=== RUN   TestParseEngineVolumeAddressErrors/sshfs://datasets/models
=== RUN   TestParseEngineVolumeAddressErrors/engine-volume:datasets/models
=== RUN   TestParseEngineVolumeAddressErrors/engine-volume:///datasets/models
=== RUN   TestParseEngineVolumeAddressErrors/engine-volume://user@datasets/models
=== RUN   TestParseEngineVolumeAddressErrors/engine-volume://datasets/models/
=== RUN   TestParseEngineVolumeAddressErrors/engine-volume://datasets//models
=== RUN   TestParseEngineVolumeAddressErrors/engine-volume://datasets/%6dodels
=== RUN   TestParseEngineVolumeAddressErrors/engine-volume://datasets/fs
=== RUN   TestParseEngineVolumeAddressErrors/engine-volume://datasets/models?
=== RUN   TestParseEngineVolumeAddressErrors/engine-volume://datasets/models?subdir=
=== RUN   TestParseEngineVolumeAddressErrors/engine-volume://datasets/models?subdir=one&subdir=two
=== RUN   TestParseEngineVolumeAddressErrors/engine-volume://datasets/models?subdir=../escape
=== RUN   TestParseEngineVolumeAddressErrors/engine-volume://datasets/models?unknown=x
=== RUN   TestParseEngineVolumeAddressErrors/engine-volume://datasets/models#fragment
--- PASS: TestParseEngineVolumeAddressErrors (0.00s)
    --- PASS: TestParseEngineVolumeAddressErrors/sshfs://datasets/models (0.00s)
    --- PASS: TestParseEngineVolumeAddressErrors/engine-volume:datasets/models (0.00s)
    --- PASS: TestParseEngineVolumeAddressErrors/engine-volume:///datasets/models (0.00s)
    --- PASS: TestParseEngineVolumeAddressErrors/engine-volume://user@datasets/models (0.00s)
    --- PASS: TestParseEngineVolumeAddressErrors/engine-volume://datasets/models/ (0.00s)
    --- PASS: TestParseEngineVolumeAddressErrors/engine-volume://datasets//models (0.00s)
    --- PASS: TestParseEngineVolumeAddressErrors/engine-volume://datasets/%6dodels (0.00s)
    --- PASS: TestParseEngineVolumeAddressErrors/engine-volume://datasets/fs (0.00s)
    --- PASS: TestParseEngineVolumeAddressErrors/engine-volume://datasets/models? (0.00s)
    --- PASS: TestParseEngineVolumeAddressErrors/engine-volume://datasets/models?subdir= (0.00s)
    --- PASS: TestParseEngineVolumeAddressErrors/engine-volume://datasets/models?subdir=one&subdir=two (0.00s)
    --- PASS: TestParseEngineVolumeAddressErrors/engine-volume://datasets/models?subdir=../escape (0.00s)
    --- PASS: TestParseEngineVolumeAddressErrors/engine-volume://datasets/models?unknown=x (0.00s)
    --- PASS: TestParseEngineVolumeAddressErrors/engine-volume://datasets/models#fragment (0.00s)
=== RUN   TestEvaluateContainerImagePartsRunsContainersConcurrently
2026/09/16 09:29:10 INFO start lazy group evaluation field=test.containerImagePartsConcurrency group=metadata
2026/09/16 09:29:10 INFO start lazy group evaluation field=test.containerImagePartsConcurrency group=metadata
2026/09/16 09:29:10 INFO end lazy group evaluation field=test.containerImagePartsConcurrency group=metadata duration=112.189µs
2026/09/16 09:29:10 INFO end lazy group evaluation field=test.containerImagePartsConcurrency group=metadata duration=119.979µs
2026/09/16 09:29:10 INFO start lazy group evaluation field=test.containerImagePartsConcurrency group=write
2026/09/16 09:29:10 INFO start lazy group evaluation field=test.containerImagePartsConcurrency group=write
2026/09/16 09:29:10 INFO end lazy group evaluation field=test.containerImagePartsConcurrency group=write duration=46.44µs
2026/09/16 09:29:10 INFO end lazy group evaluation field=test.containerImagePartsConcurrency group=write duration=43.9µs
2026/09/16 09:29:10 INFO discarding dagql cache without persistence hasSQLDB=false hasPersistDB=false
--- PASS: TestEvaluateContainerImagePartsRunsContainersConcurrently (0.00s)
=== RUN   TestShouldSelectLatestImageRelease
=== PAUSE TestShouldSelectLatestImageRelease
=== RUN   TestContainerDefaultPlatformCacheIdentity
2026/09/16 09:29:11 INFO start call field=Query.container digest=xxh3:fdd47f4fdaea0158
2026/09/16 09:29:11 INFO end call field=Query.container cached=false digest=xxh3:fdd47f4fdaea0158
2026/09/16 09:29:11 INFO start call field=Query.container digest=xxh3:fdd47f4fdaea0158
2026/09/16 09:29:11 INFO end call field=Query.container cached=true digest=xxh3:fdd47f4fdaea0158
2026/09/16 09:29:11 INFO start call field=Query.container digest=xxh3:fb076c76d0d54f31
2026/09/16 09:29:11 INFO end call field=Query.container cached=false digest=xxh3:fb076c76d0d54f31
2026/09/16 09:29:11 INFO start call field=Query.container digest=xxh3:fdd47f4fdaea0158
2026/09/16 09:29:11 INFO end call field=Query.container cached=true digest=xxh3:fdd47f4fdaea0158
2026/09/16 09:29:11 INFO start call field=Query.container digest=xxh3:fb076c76d0d54f31
2026/09/16 09:29:11 INFO end call field=Query.container cached=true digest=xxh3:fb076c76d0d54f31
2026/09/16 09:29:11 INFO starting dagql cache close hasSQLDB=false hasPersistDB=false
2026/09/16 09:29:11 INFO completed dagql cache close successfully
--- PASS: TestContainerDefaultPlatformCacheIdentity (0.37s)
=== RUN   TestCloneContainerForSchemaChildDisablesFromContentDigest
=== PAUSE TestCloneContainerForSchemaChildDisablesFromContentDigest
=== RUN   TestEagerContainerMountMetadataResolvers
=== RUN   TestEagerContainerMountMetadataResolvers/without_mount
=== RUN   TestEagerContainerMountMetadataResolvers/mounted_temp
=== RUN   TestEagerContainerMountMetadataResolvers/mounted_volume
=== RUN   TestEagerContainerMountMetadataResolvers/mounted_secret_without_owner
=== RUN   TestEagerContainerMountMetadataResolvers/unix_socket_without_owner
=== RUN   TestEagerContainerMountMetadataResolvers/without_unix_socket
2026/09/16 09:29:11 INFO discarding dagql cache without persistence hasSQLDB=false hasPersistDB=false
--- PASS: TestEagerContainerMountMetadataResolvers (0.00s)
    --- PASS: TestEagerContainerMountMetadataResolvers/without_mount (0.00s)
    --- PASS: TestEagerContainerMountMetadataResolvers/mounted_temp (0.00s)
    --- PASS: TestEagerContainerMountMetadataResolvers/mounted_volume (0.00s)
    --- PASS: TestEagerContainerMountMetadataResolvers/mounted_secret_without_owner (0.00s)
    --- PASS: TestEagerContainerMountMetadataResolvers/unix_socket_without_owner (0.00s)
    --- PASS: TestEagerContainerMountMetadataResolvers/without_unix_socket (0.00s)
=== RUN   TestWithImageConfigMetadataMutatesContainerConfig
=== PAUSE TestWithImageConfigMetadataMutatesContainerConfig
=== RUN   TestWithImageConfigMetadataRejectsInvalidHealthcheckJSON
=== PAUSE TestWithImageConfigMetadataRejectsInvalidHealthcheckJSON
=== RUN   TestContainerTransferPendingChild
2026/09/16 09:29:11 INFO start call field=Query.loadContainerFromID digest=xxh3:c055544e125af8eb
2026/09/16 09:29:11 INFO end call field=Query.loadContainerFromID cached=false digest=xxh3:c055544e125af8eb
2026/09/16 09:29:11 INFO start call field=Container.withEnvVariable digest=xxh3:facae2ef58910071
2026/09/16 09:29:11 INFO end call field=Container.withEnvVariable cached=false digest=xxh3:facae2ef58910071
2026/09/16 09:29:11 INFO start call field=Container.envVariable digest=xxh3:3ccb372165564256
2026/09/16 09:29:11 INFO start call field=Container.workdir digest=xxh3:5cd9839dec976b6b
2026/09/16 09:29:11 INFO start lazy group evaluation field=Container.withEnvVariable group=metadata
2026/09/16 09:29:11 INFO end lazy group evaluation field=Container.withEnvVariable group=metadata duration=32.78µs
2026/09/16 09:29:11 INFO start lazy group evaluation field=Container.withEnvVariable group=execMeta
2026/09/16 09:29:11 INFO end lazy group evaluation field=Container.withEnvVariable group=execMeta duration=2.65µs
2026/09/16 09:29:11 INFO end call field=Container.envVariable cached=false digest=xxh3:3ccb372165564256
2026/09/16 09:29:11 INFO end call field=Container.workdir cached=false digest=xxh3:5cd9839dec976b6b
2026/09/16 09:29:11 INFO start call field=Query.loadContainerFromID digest=xxh3:c055544e125af8eb
2026/09/16 09:29:11 INFO end call field=Query.loadContainerFromID cached=true digest=xxh3:c055544e125af8eb
2026/09/16 09:29:11 INFO start call field=Container.withEnvVariable digest=xxh3:facae2ef58910071
2026/09/16 09:29:11 INFO end call field=Container.withEnvVariable cached=true digest=xxh3:facae2ef58910071
2026/09/16 09:29:11 INFO start call field=Container.rootfs digest=xxh3:3b879439deabaa29
2026/09/16 09:29:11 INFO end call field=Container.rootfs cached=false digest=xxh3:3b879439deabaa29
2026/09/16 09:29:11 INFO start call field=Directory.entries digest=xxh3:7c070de203f4e5ec
2026/09/16 09:29:11 INFO start lazy evaluation field=Container.rootfs
2026/09/16 09:29:11 INFO start lazy group evaluation field=Container.withEnvVariable group=fs
2026/09/16 09:29:11 INFO end lazy group evaluation field=Container.withEnvVariable group=fs duration=12.69µs err="imported filesystem part is unavailable: Container.fs"
2026/09/16 09:29:11 INFO end lazy evaluation field=Container.rootfs duration=71.14µs err="imported filesystem part is unavailable: Container.fs"
2026/09/16 09:29:11 INFO end call field=Directory.entries cached=false digest=xxh3:7c070de203f4e5ec
2026/09/16 09:29:11 INFO discarding dagql cache without persistence hasSQLDB=true hasPersistDB=true
--- PASS: TestContainerTransferPendingChild (0.49s)
=== RUN   TestForeignModuleContextReaders
--- PASS: TestForeignModuleContextReaders (0.00s)
=== RUN   TestForeignLocalItemRemoval
--- PASS: TestForeignLocalItemRemoval (0.00s)
=== RUN   TestForeignWithSourceSubpathWorkspace
2026/09/16 09:29:11 INFO discarding dagql cache without persistence hasSQLDB=true hasPersistDB=true
--- PASS: TestForeignWithSourceSubpathWorkspace (0.02s)
=== RUN   TestRemotePeeledTagRefs
--- PASS: TestRemotePeeledTagRefs (0.00s)
=== RUN   TestLocalPeeledTagRefs
--- PASS: TestLocalPeeledTagRefs (0.03s)
=== RUN   TestReconcileGitTagRefs
--- PASS: TestReconcileGitTagRefs (0.00s)
=== RUN   TestSemverReleaseTags
--- PASS: TestSemverReleaseTags (0.00s)
=== RUN   TestWorkspaceLockExcludePattern
=== PAUSE TestWorkspaceLockExcludePattern
=== RUN   TestParseChecksumArg
=== RUN   TestParseChecksumArg/nil
=== RUN   TestParseChecksumArg/empty
=== RUN   TestParseChecksumArg/valid
=== RUN   TestParseChecksumArg/invalid
--- PASS: TestParseChecksumArg (0.00s)
    --- PASS: TestParseChecksumArg/nil (0.00s)
    --- PASS: TestParseChecksumArg/empty (0.00s)
    --- PASS: TestParseChecksumArg/valid (0.00s)
    --- PASS: TestParseChecksumArg/invalid (0.00s)
=== RUN   TestLLMCredentialReloadAfterRoutingCall
=== RUN   TestLLMCredentialReloadAfterRoutingCall/nested=false
2026/09/16 09:29:11 INFO start call field=Query.llm digest=xxh3:cf67b5ada816343f
2026/09/16 09:29:11 INFO end call field=Query.llm cached=false digest=xxh3:cf67b5ada816343f
2026/09/16 09:29:11 INFO start call field=LLM.provider digest=xxh3:6a067981c61866e9
2026/09/16 09:29:11 INFO start call field=Query.secret digest=xxh3:ec079125becb033d
2026/09/16 09:29:11 INFO end call field=Query.secret cached=false digest=xxh3:ec079125becb033d
2026/09/16 09:29:11 INFO start call field=Secret.plaintext digest=xxh3:6fdf039ddb693022
2026/09/16 09:29:11 INFO end call field=Secret.plaintext cached=false digest=xxh3:6fdf039ddb693022
2026/09/16 09:29:11 INFO start call field=Query.secret digest=xxh3:63138cfb5d8e2b19
2026/09/16 09:29:11 INFO start call field=Query.secret digest=xxh3:ed09e4c020a43d73
2026/09/16 09:29:11 INFO start call field=Query.secret digest=xxh3:286ebe1ef0d214e1
2026/09/16 09:29:11 INFO start call field=Query.secret digest=xxh3:bda490aa00c05f63
2026/09/16 09:29:11 INFO start call field=Query.secret digest=xxh3:9e69bc1782cd8f03
2026/09/16 09:29:11 INFO start call field=Query.secret digest=xxh3:346342f455f306d7
2026/09/16 09:29:11 INFO start call field=Query.secret digest=xxh3:da76c936f1ef0188
2026/09/16 09:29:11 INFO start call field=Query.secret digest=xxh3:938e44cba004d251
2026/09/16 09:29:11 INFO start call field=Query.secret digest=xxh3:04174636649541d4
2026/09/16 09:29:11 INFO start call field=Query.secret digest=xxh3:030e2b3c7d8a98e0
2026/09/16 09:29:11 INFO start call field=Query.secret digest=xxh3:5ebf017de004c81a
2026/09/16 09:29:11 INFO start call field=Query.secret digest=xxh3:4b21e8ded65b1220
2026/09/16 09:29:11 INFO start call field=Query.secret digest=xxh3:18793f3250d0b374
2026/09/16 09:29:11 INFO start call field=Query.secret digest=xxh3:28c490bfd91a0e84
2026/09/16 09:29:11 INFO start call field=Query.secret digest=xxh3:9a49d88b760b86f9
2026/09/16 09:29:11 INFO start call field=Query.secret digest=xxh3:860bb0ae5fa680a4
2026/09/16 09:29:11 INFO start call field=Query.secret digest=xxh3:34bc015d1d55ff9e
2026/09/16 09:29:11 INFO start call field=Query.secret digest=xxh3:bfb1ceab3456fa58
2026/09/16 09:29:11 INFO start call field=Query.secret digest=xxh3:b2f97a113b51c0d3
2026/09/16 09:29:11 INFO start call field=Query.secret digest=xxh3:7f9cf7c4e5bd3e67
2026/09/16 09:29:11 INFO start call field=Query.secret digest=xxh3:ed1983a364f537e2
2026/09/16 09:29:11 INFO start call field=Query.secret digest=xxh3:b1c5fd45783fa146
2026/09/16 09:29:11 INFO start call field=Query.secret digest=xxh3:c6011fe21f7c88da
2026/09/16 09:29:11 INFO start call field=Query.secret digest=xxh3:1c7e0cf6b21affb6
2026/09/16 09:29:11 INFO start call field=Query.secret digest=xxh3:3bb733813c617127
2026/09/16 09:29:11 INFO start call field=Query.secret digest=xxh3:ada9ef39750c8b96
2026/09/16 09:29:11 INFO end call field=Query.secret cached=false digest=xxh3:346342f455f306d7
2026/09/16 09:29:11 INFO start call field=Secret.plaintext digest=xxh3:0841556dd174f5e8
2026/09/16 09:29:12 INFO end call field=Query.secret cached=false digest=xxh3:34bc015d1d55ff9e
2026/09/16 09:29:12 INFO start call field=Secret.plaintext digest=xxh3:60acf607243db6a2
2026/09/16 09:29:12 INFO end call field=Query.secret cached=false digest=xxh3:860bb0ae5fa680a4
2026/09/16 09:29:12 INFO start call field=Secret.plaintext digest=xxh3:9478a87029ad1b7d
2026/09/16 09:29:12 INFO end call field=Query.secret cached=false digest=xxh3:9e69bc1782cd8f03
2026/09/16 09:29:12 INFO start call field=Secret.plaintext digest=xxh3:0a32f8554e186d4c
2026/09/16 09:29:12 INFO end call field=Query.secret cached=false digest=xxh3:63138cfb5d8e2b19
2026/09/16 09:29:12 INFO start call field=Secret.plaintext digest=xxh3:1ba62f34c865cc75
2026/09/16 09:29:12 INFO end call field=Query.secret cached=false digest=xxh3:da76c936f1ef0188
2026/09/16 09:29:12 INFO start call field=Secret.plaintext digest=xxh3:9224706ab8a64da2
2026/09/16 09:29:12 INFO end call field=Secret.plaintext cached=false digest=xxh3:1ba62f34c865cc75
2026/09/16 09:29:12 INFO end call field=Secret.plaintext cached=false digest=xxh3:0a32f8554e186d4c
2026/09/16 09:29:12 INFO end call field=Secret.plaintext cached=false digest=xxh3:0841556dd174f5e8
2026/09/16 09:29:12 INFO end call field=Secret.plaintext cached=false digest=xxh3:60acf607243db6a2
2026/09/16 09:29:12 INFO end call field=Secret.plaintext cached=false digest=xxh3:9478a87029ad1b7d
2026/09/16 09:29:12 INFO end call field=Query.secret cached=false digest=xxh3:18793f3250d0b374
2026/09/16 09:29:12 INFO start call field=Secret.plaintext digest=xxh3:950dfc628560d3b6
2026/09/16 09:29:12 INFO end call field=Secret.plaintext cached=false digest=xxh3:9224706ab8a64da2
2026/09/16 09:29:12 INFO end call field=Secret.plaintext cached=false digest=xxh3:950dfc628560d3b6
2026/09/16 09:29:12 INFO end call field=Query.secret cached=false digest=xxh3:bfb1ceab3456fa58
2026/09/16 09:29:12 INFO start call field=Secret.plaintext digest=xxh3:3e73014a153e1744
2026/09/16 09:29:12 INFO end call field=Secret.plaintext cached=false digest=xxh3:3e73014a153e1744
2026/09/16 09:29:12 INFO end call field=Query.secret cached=false digest=xxh3:030e2b3c7d8a98e0
2026/09/16 09:29:12 INFO start call field=Secret.plaintext digest=xxh3:0bc97723becf3e0e
2026/09/16 09:29:12 INFO end call field=Query.secret cached=false digest=xxh3:b2f97a113b51c0d3
2026/09/16 09:29:12 INFO start call field=Secret.plaintext digest=xxh3:8b716a8557477ec5
2026/09/16 09:29:12 INFO end call field=Query.secret cached=false digest=xxh3:5ebf017de004c81a
2026/09/16 09:29:12 INFO start call field=Secret.plaintext digest=xxh3:6b03ab15b4394fda
2026/09/16 09:29:12 INFO end call field=Secret.plaintext cached=false digest=xxh3:0bc97723becf3e0e
2026/09/16 09:29:12 INFO end call field=Secret.plaintext cached=false digest=xxh3:8b716a8557477ec5
2026/09/16 09:29:12 INFO end call field=Secret.plaintext cached=false digest=xxh3:6b03ab15b4394fda
2026/09/16 09:29:12 INFO end call field=Query.secret cached=false digest=xxh3:bda490aa00c05f63
2026/09/16 09:29:12 INFO start call field=Secret.plaintext digest=xxh3:7b6a49453de293f6
2026/09/16 09:29:12 INFO end call field=Query.secret cached=false digest=xxh3:3bb733813c617127
2026/09/16 09:29:12 INFO start call field=Secret.plaintext digest=xxh3:e72967f17dab9e2f
2026/09/16 09:29:12 INFO end call field=Secret.plaintext cached=false digest=xxh3:7b6a49453de293f6
2026/09/16 09:29:12 INFO end call field=Secret.plaintext cached=false digest=xxh3:e72967f17dab9e2f
2026/09/16 09:29:12 INFO end call field=Query.secret cached=false digest=xxh3:286ebe1ef0d214e1
2026/09/16 09:29:12 INFO start call field=Secret.plaintext digest=xxh3:14701359ac1422e2
2026/09/16 09:29:12 INFO end call field=Secret.plaintext cached=false digest=xxh3:14701359ac1422e2
2026/09/16 09:29:12 INFO end call field=Query.secret cached=false digest=xxh3:ed09e4c020a43d73
2026/09/16 09:29:12 INFO start call field=Secret.plaintext digest=xxh3:d907b2f5c0c1512c
2026/09/16 09:29:12 INFO end call field=Secret.plaintext cached=false digest=xxh3:d907b2f5c0c1512c
2026/09/16 09:29:12 INFO end call field=Query.secret cached=false digest=xxh3:04174636649541d4
2026/09/16 09:29:12 INFO start call field=Secret.plaintext digest=xxh3:4eb194f32088a5dc
2026/09/16 09:29:12 INFO end call field=Secret.plaintext cached=false digest=xxh3:4eb194f32088a5dc
2026/09/16 09:29:12 INFO end call field=Query.secret cached=false digest=xxh3:938e44cba004d251
2026/09/16 09:29:12 INFO start call field=Secret.plaintext digest=xxh3:949b238969d354c7
2026/09/16 09:29:12 INFO end call field=Query.secret cached=false digest=xxh3:ed1983a364f537e2
2026/09/16 09:29:12 INFO start call field=Secret.plaintext digest=xxh3:8971d640e1d44e87
2026/09/16 09:29:12 INFO end call field=Secret.plaintext cached=false digest=xxh3:949b238969d354c7
2026/09/16 09:29:12 INFO end call field=Secret.plaintext cached=false digest=xxh3:8971d640e1d44e87
2026/09/16 09:29:12 INFO end call field=Query.secret cached=false digest=xxh3:4b21e8ded65b1220
2026/09/16 09:29:12 INFO start call field=Secret.plaintext digest=xxh3:7ecc532bbf405a3b
2026/09/16 09:29:12 INFO end call field=Secret.plaintext cached=false digest=xxh3:7ecc532bbf405a3b
2026/09/16 09:29:12 INFO end call field=Query.secret cached=false digest=xxh3:9a49d88b760b86f9
2026/09/16 09:29:12 INFO start call field=Secret.plaintext digest=xxh3:69f8eef77696aa23
2026/09/16 09:29:12 INFO end call field=Secret.plaintext cached=false digest=xxh3:69f8eef77696aa23
2026/09/16 09:29:12 INFO end call field=Query.secret cached=false digest=xxh3:b1c5fd45783fa146
2026/09/16 09:29:12 INFO start call field=Secret.plaintext digest=xxh3:4ea80446e011de4d
2026/09/16 09:29:12 INFO end call field=Secret.plaintext cached=false digest=xxh3:4ea80446e011de4d
2026/09/16 09:29:12 INFO end call field=Query.secret cached=false digest=xxh3:7f9cf7c4e5bd3e67
2026/09/16 09:29:12 INFO start call field=Secret.plaintext digest=xxh3:5c5d7b5da1d82c58
2026/09/16 09:29:12 INFO end call field=Secret.plaintext cached=false digest=xxh3:5c5d7b5da1d82c58
2026/09/16 09:29:12 INFO end call field=Query.secret cached=false digest=xxh3:1c7e0cf6b21affb6
2026/09/16 09:29:12 INFO start call field=Secret.plaintext digest=xxh3:adabe0ab443ad9a7
2026/09/16 09:29:12 INFO end call field=Secret.plaintext cached=false digest=xxh3:adabe0ab443ad9a7
2026/09/16 09:29:12 INFO end call field=Query.secret cached=false digest=xxh3:ada9ef39750c8b96
2026/09/16 09:29:12 INFO start call field=Secret.plaintext digest=xxh3:13afae4e23ac7e96
2026/09/16 09:29:12 INFO end call field=Secret.plaintext cached=false digest=xxh3:13afae4e23ac7e96
2026/09/16 09:29:12 INFO end call field=Query.secret cached=false digest=xxh3:28c490bfd91a0e84
2026/09/16 09:29:12 INFO start call field=Secret.plaintext digest=xxh3:dd1135be043beb3c
2026/09/16 09:29:12 INFO end call field=Secret.plaintext cached=false digest=xxh3:dd1135be043beb3c
2026/09/16 09:29:12 INFO end call field=Query.secret cached=false digest=xxh3:c6011fe21f7c88da
2026/09/16 09:29:12 INFO start call field=Secret.plaintext digest=xxh3:e92827c614157907
2026/09/16 09:29:12 INFO end call field=Secret.plaintext cached=false digest=xxh3:e92827c614157907
2026/09/16 09:29:12 INFO end call field=LLM.provider cached=false digest=xxh3:6a067981c61866e9
2026/09/16 09:29:12 INFO start call field=Query.secret digest=xxh3:4c0fe72b06f63e0e
2026/09/16 09:29:12 INFO end call field=Query.secret cached=false digest=xxh3:4c0fe72b06f63e0e
2026/09/16 09:29:12 INFO start call field=Secret.plaintext digest=xxh3:3cceb10f27945479
2026/09/16 09:29:12 INFO end call field=Secret.plaintext cached=false digest=xxh3:3cceb10f27945479
2026/09/16 09:29:12 INFO start call field=Query.secret digest=xxh3:4902719b5ef33f27
2026/09/16 09:29:12 INFO end call field=Query.secret cached=false digest=xxh3:4902719b5ef33f27
2026/09/16 09:29:12 INFO start call field=Secret.plaintext digest=xxh3:62bb3b57b96ddce8
2026/09/16 09:29:12 INFO end call field=Secret.plaintext cached=false digest=xxh3:62bb3b57b96ddce8
2026/09/16 09:29:12 INFO start call field=Query.secret digest=xxh3:8d1c823a74fdab29
2026/09/16 09:29:12 INFO end call field=Query.secret cached=false digest=xxh3:8d1c823a74fdab29
2026/09/16 09:29:12 INFO start call field=Secret.plaintext digest=xxh3:71091969d1674b22
2026/09/16 09:29:12 INFO end call field=Secret.plaintext cached=false digest=xxh3:71091969d1674b22
2026/09/16 09:29:12 INFO start call field=Query.secret digest=xxh3:9d5c7b3254020e3a
2026/09/16 09:29:12 INFO end call field=Query.secret cached=false digest=xxh3:9d5c7b3254020e3a
2026/09/16 09:29:12 INFO start call field=Secret.plaintext digest=xxh3:50d46ac1d0fcf7f2
2026/09/16 09:29:12 INFO end call field=Secret.plaintext cached=false digest=xxh3:50d46ac1d0fcf7f2
2026/09/16 09:29:12 INFO start call field=Query.secret digest=xxh3:d9a3ebeb8f5df762
2026/09/16 09:29:12 INFO end call field=Query.secret cached=false digest=xxh3:d9a3ebeb8f5df762
2026/09/16 09:29:12 INFO start call field=Secret.plaintext digest=xxh3:3a86f5db813d1430
2026/09/16 09:29:12 INFO end call field=Secret.plaintext cached=false digest=xxh3:3a86f5db813d1430
2026/09/16 09:29:12 INFO start call field=Query.secret digest=xxh3:c14e7025978c6e90
2026/09/16 09:29:12 INFO end call field=Query.secret cached=false digest=xxh3:c14e7025978c6e90
2026/09/16 09:29:12 INFO start call field=Secret.plaintext digest=xxh3:647e868ef206a936
2026/09/16 09:29:12 INFO end call field=Secret.plaintext cached=false digest=xxh3:647e868ef206a936
2026/09/16 09:29:12 INFO start call field=Query.secret digest=xxh3:c51358a80c3aae1e
2026/09/16 09:29:12 WARN failed to get secret plaintext, falling back to random cache key uri=env://ANTHROPIC_AUTH_TOKEN error="rpc error: code = Unknown desc = client credential lookup unavailable"
2026/09/16 09:29:12 INFO end call field=Query.secret cached=false digest=xxh3:c51358a80c3aae1e
2026/09/16 09:29:12 INFO start call field=Secret.plaintext digest=xxh3:6c59ce063f2cd904
2026/09/16 09:29:12 INFO end call field=Secret.plaintext cached=false digest=xxh3:6c59ce063f2cd904
=== RUN   TestLLMCredentialReloadAfterRoutingCall/nested=true
2026/09/16 09:29:12 INFO start call field=Query.llm digest=xxh3:cf67b5ada816343f
2026/09/16 09:29:12 INFO end call field=Query.llm cached=false digest=xxh3:cf67b5ada816343f
2026/09/16 09:29:12 INFO start call field=LLM.provider digest=xxh3:6a067981c61866e9
2026/09/16 09:29:12 INFO start call field=Query.secret digest=xxh3:afe017f7206d4d6a
2026/09/16 09:29:12 INFO end call field=Query.secret cached=false digest=xxh3:afe017f7206d4d6a
2026/09/16 09:29:12 INFO start call field=Secret.plaintext digest=xxh3:aec66db9c445f1ca
2026/09/16 09:29:12 INFO end call field=Secret.plaintext cached=false digest=xxh3:aec66db9c445f1ca
2026/09/16 09:29:12 INFO start call field=Query.secret digest=xxh3:070e35ee53bb4e5b
2026/09/16 09:29:12 INFO start call field=Query.secret digest=xxh3:c502b6d70e81f36a
2026/09/16 09:29:12 INFO start call field=Query.secret digest=xxh3:618de82e5c461836
2026/09/16 09:29:12 INFO start call field=Query.secret digest=xxh3:2422b87229a71183
2026/09/16 09:29:12 INFO start call field=Query.secret digest=xxh3:f81961eb794c0e03
2026/09/16 09:29:12 INFO start call field=Query.secret digest=xxh3:1e35b62874c90001
2026/09/16 09:29:12 INFO start call field=Query.secret digest=xxh3:eb6bacc0d9e96e71
2026/09/16 09:29:12 INFO start call field=Query.secret digest=xxh3:b572b514d8a68e1b
2026/09/16 09:29:12 INFO start call field=Query.secret digest=xxh3:6fae80799abc2d45
2026/09/16 09:29:12 INFO start call field=Query.secret digest=xxh3:2eee610fb2c5c6e6
2026/09/16 09:29:12 INFO start call field=Query.secret digest=xxh3:f21324dbd3e4c3eb
2026/09/16 09:29:12 INFO start call field=Query.secret digest=xxh3:232b930491eb8362
2026/09/16 09:29:12 INFO start call field=Query.secret digest=xxh3:b3cac26b7a87de73
2026/09/16 09:29:12 INFO start call field=Query.secret digest=xxh3:dcf4229c2333131f
2026/09/16 09:29:12 INFO start call field=Query.secret digest=xxh3:c91dd02ee59b225b
2026/09/16 09:29:12 INFO start call field=Query.secret digest=xxh3:c05b06ffbe335855
2026/09/16 09:29:12 INFO start call field=Query.secret digest=xxh3:9508c490446ecbbf
2026/09/16 09:29:12 INFO start call field=Query.secret digest=xxh3:21c6e90d6001bce4
2026/09/16 09:29:12 INFO start call field=Query.secret digest=xxh3:1a3755e50fc80061
2026/09/16 09:29:12 INFO start call field=Query.secret digest=xxh3:034d71f64d80ef37
2026/09/16 09:29:12 INFO start call field=Query.secret digest=xxh3:a7394f65d2aa86af
2026/09/16 09:29:12 INFO start call field=Query.secret digest=xxh3:6ac994d8b3cc7cda
2026/09/16 09:29:12 INFO start call field=Query.secret digest=xxh3:bca4656a71abf58e
2026/09/16 09:29:12 INFO start call field=Query.secret digest=xxh3:c5a27065f59400d1
2026/09/16 09:29:12 INFO start call field=Query.secret digest=xxh3:7bd11737ce6c4e70
2026/09/16 09:29:12 INFO start call field=Query.secret digest=xxh3:75f7355d98e6cb1d
2026/09/16 09:29:12 INFO end call field=Query.secret cached=false digest=xxh3:6ac994d8b3cc7cda
2026/09/16 09:29:12 INFO start call field=Secret.plaintext digest=xxh3:be3ac14e688b0bdc
2026/09/16 09:29:12 INFO end call field=Query.secret cached=false digest=xxh3:7bd11737ce6c4e70
2026/09/16 09:29:12 INFO start call field=Secret.plaintext digest=xxh3:1040adaeadbcfaa8
2026/09/16 09:29:12 INFO end call field=Query.secret cached=false digest=xxh3:a7394f65d2aa86af
2026/09/16 09:29:12 INFO start call field=Secret.plaintext digest=xxh3:de286cda0fdc3b25
2026/09/16 09:29:12 INFO end call field=Query.secret cached=false digest=xxh3:1e35b62874c90001
2026/09/16 09:29:12 INFO start call field=Secret.plaintext digest=xxh3:e62c4ebab1f80a95
2026/09/16 09:29:12 INFO end call field=Query.secret cached=false digest=xxh3:b572b514d8a68e1b
2026/09/16 09:29:12 INFO start call field=Secret.plaintext digest=xxh3:75e564fe40f7fcb5
2026/09/16 09:29:12 INFO end call field=Query.secret cached=false digest=xxh3:2422b87229a71183
2026/09/16 09:29:12 INFO start call field=Secret.plaintext digest=xxh3:6a890d699ef16bd5
2026/09/16 09:29:12 INFO end call field=Secret.plaintext cached=false digest=xxh3:75e564fe40f7fcb5
2026/09/16 09:29:12 INFO end call field=Secret.plaintext cached=false digest=xxh3:1040adaeadbcfaa8
2026/09/16 09:29:12 INFO end call field=Secret.plaintext cached=false digest=xxh3:be3ac14e688b0bdc
2026/09/16 09:29:12 INFO end call field=Secret.plaintext cached=false digest=xxh3:6a890d699ef16bd5
2026/09/16 09:29:12 INFO end call field=Query.secret cached=false digest=xxh3:034d71f64d80ef37
2026/09/16 09:29:12 INFO start call field=Secret.plaintext digest=xxh3:aa46cde0d07b1af1
2026/09/16 09:29:12 INFO end call field=Query.secret cached=false digest=xxh3:c502b6d70e81f36a
2026/09/16 09:29:12 INFO start call field=Secret.plaintext digest=xxh3:952b8903896329be
2026/09/16 09:29:12 INFO end call field=Query.secret cached=false digest=xxh3:f81961eb794c0e03
2026/09/16 09:29:12 INFO start call field=Secret.plaintext digest=xxh3:ad87be2ba7b92715
2026/09/16 09:29:12 INFO end call field=Secret.plaintext cached=false digest=xxh3:952b8903896329be
2026/09/16 09:29:12 INFO end call field=Secret.plaintext cached=false digest=xxh3:ad87be2ba7b92715
2026/09/16 09:29:12 INFO end call field=Secret.plaintext cached=false digest=xxh3:aa46cde0d07b1af1
2026/09/16 09:29:12 INFO end call field=Query.secret cached=false digest=xxh3:618de82e5c461836
2026/09/16 09:29:12 INFO start call field=Secret.plaintext digest=xxh3:cc358caf2863681b
2026/09/16 09:29:12 INFO end call field=Secret.plaintext cached=false digest=xxh3:de286cda0fdc3b25
2026/09/16 09:29:12 INFO end call field=Secret.plaintext cached=false digest=xxh3:e62c4ebab1f80a95
2026/09/16 09:29:12 INFO end call field=Secret.plaintext cached=false digest=xxh3:cc358caf2863681b
2026/09/16 09:29:12 INFO end call field=Query.secret cached=false digest=xxh3:9508c490446ecbbf
2026/09/16 09:29:12 INFO start call field=Secret.plaintext digest=xxh3:d5b52223ee293144
2026/09/16 09:29:12 INFO end call field=Secret.plaintext cached=false digest=xxh3:d5b52223ee293144
2026/09/16 09:29:12 INFO end call field=Query.secret cached=false digest=xxh3:eb6bacc0d9e96e71
2026/09/16 09:29:12 INFO start call field=Secret.plaintext digest=xxh3:f4f31c9567730dba
2026/09/16 09:29:12 INFO end call field=Secret.plaintext cached=false digest=xxh3:f4f31c9567730dba
2026/09/16 09:29:12 INFO end call field=Query.secret cached=false digest=xxh3:75f7355d98e6cb1d
2026/09/16 09:29:12 INFO start call field=Secret.plaintext digest=xxh3:411650e068a65578
2026/09/16 09:29:12 INFO end call field=Query.secret cached=false digest=xxh3:c5a27065f59400d1
2026/09/16 09:29:12 INFO end call field=Secret.plaintext cached=false digest=xxh3:411650e068a65578
2026/09/16 09:29:12 INFO start call field=Secret.plaintext digest=xxh3:244fa82f3eed860f
2026/09/16 09:29:12 INFO end call field=Secret.plaintext cached=false digest=xxh3:244fa82f3eed860f
2026/09/16 09:29:12 INFO end call field=Query.secret cached=false digest=xxh3:232b930491eb8362
2026/09/16 09:29:12 INFO start call field=Secret.plaintext digest=xxh3:1a540eb5e0fbcccc
2026/09/16 09:29:12 INFO end call field=Secret.plaintext cached=false digest=xxh3:1a540eb5e0fbcccc
2026/09/16 09:29:12 INFO end call field=Query.secret cached=false digest=xxh3:dcf4229c2333131f
2026/09/16 09:29:12 INFO start call field=Secret.plaintext digest=xxh3:39cabe6975a44cd0
2026/09/16 09:29:12 INFO end call field=Secret.plaintext cached=false digest=xxh3:39cabe6975a44cd0
2026/09/16 09:29:12 INFO end call field=Query.secret cached=false digest=xxh3:2eee610fb2c5c6e6
2026/09/16 09:29:12 INFO end call field=Query.secret cached=false digest=xxh3:c91dd02ee59b225b
2026/09/16 09:29:12 INFO start call field=Secret.plaintext digest=xxh3:8b781ae65f627c84
2026/09/16 09:29:12 INFO start call field=Secret.plaintext digest=xxh3:99603124e91f34c0
2026/09/16 09:29:12 INFO end call field=Secret.plaintext cached=false digest=xxh3:8b781ae65f627c84
2026/09/16 09:29:12 INFO end call field=Secret.plaintext cached=false digest=xxh3:99603124e91f34c0
2026/09/16 09:29:12 INFO end call field=Query.secret cached=false digest=xxh3:6fae80799abc2d45
2026/09/16 09:29:12 INFO start call field=Secret.plaintext digest=xxh3:e1224a2ea0b315e0
2026/09/16 09:29:12 INFO end call field=Query.secret cached=false digest=xxh3:bca4656a71abf58e
2026/09/16 09:29:12 INFO end call field=Secret.plaintext cached=false digest=xxh3:e1224a2ea0b315e0
2026/09/16 09:29:12 INFO start call field=Secret.plaintext digest=xxh3:51e7898084f1375b
2026/09/16 09:29:12 INFO end call field=Secret.plaintext cached=false digest=xxh3:51e7898084f1375b
2026/09/16 09:29:12 INFO end call field=Query.secret cached=false digest=xxh3:c05b06ffbe335855
2026/09/16 09:29:12 INFO start call field=Secret.plaintext digest=xxh3:a75a7de8e7efe3ff
2026/09/16 09:29:12 INFO end call field=Secret.plaintext cached=false digest=xxh3:a75a7de8e7efe3ff
2026/09/16 09:29:12 INFO end call field=Query.secret cached=false digest=xxh3:b3cac26b7a87de73
2026/09/16 09:29:12 INFO start call field=Secret.plaintext digest=xxh3:904f0efe947c2c15
2026/09/16 09:29:12 INFO end call field=Secret.plaintext cached=false digest=xxh3:904f0efe947c2c15
2026/09/16 09:29:12 INFO end call field=Query.secret cached=false digest=xxh3:1a3755e50fc80061
2026/09/16 09:29:12 INFO start call field=Secret.plaintext digest=xxh3:a1225bfc5de7698a
2026/09/16 09:29:12 INFO end call field=Secret.plaintext cached=false digest=xxh3:a1225bfc5de7698a
2026/09/16 09:29:12 INFO end call field=Query.secret cached=false digest=xxh3:070e35ee53bb4e5b
2026/09/16 09:29:12 INFO start call field=Secret.plaintext digest=xxh3:a1a55c308dd0551a
2026/09/16 09:29:12 INFO end call field=Secret.plaintext cached=false digest=xxh3:a1a55c308dd0551a
2026/09/16 09:29:12 INFO end call field=Query.secret cached=false digest=xxh3:f21324dbd3e4c3eb
2026/09/16 09:29:12 INFO start call field=Secret.plaintext digest=xxh3:6d80a41e69697fc5
2026/09/16 09:29:12 INFO end call field=Query.secret cached=false digest=xxh3:21c6e90d6001bce4
2026/09/16 09:29:12 INFO start call field=Secret.plaintext digest=xxh3:01fda20a6405779f
2026/09/16 09:29:12 INFO end call field=Secret.plaintext cached=false digest=xxh3:6d80a41e69697fc5
2026/09/16 09:29:12 INFO end call field=Secret.plaintext cached=false digest=xxh3:01fda20a6405779f
2026/09/16 09:29:12 INFO start call field=Query.secret digest=xxh3:a9cae64105fb8aa6
2026/09/16 09:29:12 INFO end call field=Query.secret cached=false digest=xxh3:a9cae64105fb8aa6
2026/09/16 09:29:12 INFO start call field=Secret.plaintext digest=xxh3:242219d23ccec109
2026/09/16 09:29:12 INFO end call field=Secret.plaintext cached=false digest=xxh3:242219d23ccec109
2026/09/16 09:29:12 INFO start call field=Query.secret digest=xxh3:33ef3b794912eb2a
2026/09/16 09:29:12 INFO start call field=Query.secret digest=xxh3:d8c98a15e9ff2064
2026/09/16 09:29:12 INFO start call field=Query.secret digest=xxh3:016f3110625ddf4a
2026/09/16 09:29:12 INFO start call field=Query.secret digest=xxh3:ac2671da88135204
2026/09/16 09:29:12 INFO start call field=Query.secret digest=xxh3:9f9e967b80fcc0ed
2026/09/16 09:29:12 INFO start call field=Query.secret digest=xxh3:5f2a254b0ab72eea
2026/09/16 09:29:12 INFO start call field=Query.secret digest=xxh3:ed5476a71409965c
2026/09/16 09:29:12 INFO start call field=Query.secret digest=xxh3:bef5d2cfd18d1e47
2026/09/16 09:29:12 INFO start call field=Query.secret digest=xxh3:78775dc9a500de93
2026/09/16 09:29:12 INFO start call field=Query.secret digest=xxh3:7f17baebbe137789
2026/09/16 09:29:12 INFO start call field=Query.secret digest=xxh3:a0962fa366925a5a
2026/09/16 09:29:12 INFO start call field=Query.secret digest=xxh3:7b99c6ca7d9a0dfc
2026/09/16 09:29:12 INFO start call field=Query.secret digest=xxh3:cee8472a1a66833d
2026/09/16 09:29:12 INFO start call field=Query.secret digest=xxh3:67ed10f1e7b14ec9
2026/09/16 09:29:12 INFO start call field=Query.secret digest=xxh3:fa5b0d8f84ddff67
2026/09/16 09:29:12 INFO start call field=Query.secret digest=xxh3:40e0270604017e4a
2026/09/16 09:29:12 INFO start call field=Query.secret digest=xxh3:54de573448198953
2026/09/16 09:29:12 INFO start call field=Query.secret digest=xxh3:b2d35100e2b65c1c
2026/09/16 09:29:12 INFO start call field=Query.secret digest=xxh3:26c4313945e01a4f
2026/09/16 09:29:12 INFO start call field=Query.secret digest=xxh3:25a850848536147b
2026/09/16 09:29:12 INFO start call field=Query.secret digest=xxh3:f88c50128344e2f4
2026/09/16 09:29:12 INFO start call field=Query.secret digest=xxh3:b5f214cddabc49fc
2026/09/16 09:29:12 INFO start call field=Query.secret digest=xxh3:c3019a0373e2ba76
2026/09/16 09:29:12 INFO start call field=Query.secret digest=xxh3:cacc4cfb9a4fb50e
2026/09/16 09:29:12 INFO start call field=Query.secret digest=xxh3:8f714eb49844974f
2026/09/16 09:29:12 INFO start call field=Query.secret digest=xxh3:4782df933db7a039
2026/09/16 09:29:12 INFO end call field=Query.secret cached=false digest=xxh3:33ef3b794912eb2a
2026/09/16 09:29:12 INFO start call field=Secret.plaintext digest=xxh3:1fa0326d2d90f59e
2026/09/16 09:29:12 INFO end call field=Secret.plaintext cached=false digest=xxh3:1fa0326d2d90f59e
2026/09/16 09:29:12 INFO end call field=Query.secret cached=false digest=xxh3:25a850848536147b
2026/09/16 09:29:12 INFO start call field=Secret.plaintext digest=xxh3:45dd1f064aaf9ee4
2026/09/16 09:29:12 INFO end call field=Secret.plaintext cached=false digest=xxh3:45dd1f064aaf9ee4
2026/09/16 09:29:12 INFO end call field=Query.secret cached=false digest=xxh3:26c4313945e01a4f
2026/09/16 09:29:12 INFO start call field=Secret.plaintext digest=xxh3:5e7236cd71bd84f4
2026/09/16 09:29:12 INFO end call field=Query.secret cached=false digest=xxh3:d8c98a15e9ff2064
2026/09/16 09:29:12 INFO start call field=Secret.plaintext digest=xxh3:bf543c0f5f0d6312
2026/09/16 09:29:12 INFO end call field=Secret.plaintext cached=false digest=xxh3:5e7236cd71bd84f4
2026/09/16 09:29:12 INFO end call field=Secret.plaintext cached=false digest=xxh3:bf543c0f5f0d6312
2026/09/16 09:29:12 INFO end call field=Query.secret cached=false digest=xxh3:cee8472a1a66833d
2026/09/16 09:29:12 INFO start call field=Secret.plaintext digest=xxh3:722d4fa7067b8ff7
2026/09/16 09:29:12 INFO end call field=Query.secret cached=false digest=xxh3:78775dc9a500de93
2026/09/16 09:29:12 INFO start call field=Secret.plaintext digest=xxh3:5c87dc41c30f4961
2026/09/16 09:29:12 INFO end call field=Secret.plaintext cached=false digest=xxh3:722d4fa7067b8ff7
2026/09/16 09:29:12 INFO end call field=Secret.plaintext cached=false digest=xxh3:5c87dc41c30f4961
2026/09/16 09:29:12 INFO end call field=Query.secret cached=false digest=xxh3:9f9e967b80fcc0ed
2026/09/16 09:29:12 INFO end call field=Query.secret cached=false digest=xxh3:67ed10f1e7b14ec9
2026/09/16 09:29:12 INFO start call field=Secret.plaintext digest=xxh3:4cb88e7a14f74bc4
2026/09/16 09:29:12 INFO start call field=Secret.plaintext digest=xxh3:9b17f1d51c299581
2026/09/16 09:29:12 INFO end call field=Secret.plaintext cached=false digest=xxh3:4cb88e7a14f74bc4
2026/09/16 09:29:12 INFO end call field=Secret.plaintext cached=false digest=xxh3:9b17f1d51c299581
2026/09/16 09:29:12 INFO end call field=Query.secret cached=false digest=xxh3:b2d35100e2b65c1c
2026/09/16 09:29:12 INFO start call field=Secret.plaintext digest=xxh3:5049f939d967b676
2026/09/16 09:29:12 INFO end call field=Secret.plaintext cached=false digest=xxh3:5049f939d967b676
2026/09/16 09:29:12 INFO end call field=Query.secret cached=false digest=xxh3:f88c50128344e2f4
2026/09/16 09:29:12 INFO start call field=Secret.plaintext digest=xxh3:f6e8bf8336d96bf3
2026/09/16 09:29:12 INFO end call field=Query.secret cached=false digest=xxh3:5f2a254b0ab72eea
2026/09/16 09:29:12 INFO start call field=Secret.plaintext digest=xxh3:0d7200439c57b556
2026/09/16 09:29:12 INFO end call field=Query.secret cached=false digest=xxh3:7b99c6ca7d9a0dfc
2026/09/16 09:29:12 INFO start call field=Secret.plaintext digest=xxh3:d891135059cd9b61
2026/09/16 09:29:12 INFO end call field=Query.secret cached=false digest=xxh3:ac2671da88135204
2026/09/16 09:29:12 INFO start call field=Secret.plaintext digest=xxh3:9f85d3c77952a174
2026/09/16 09:29:12 INFO end call field=Secret.plaintext cached=false digest=xxh3:f6e8bf8336d96bf3
2026/09/16 09:29:12 INFO end call field=Secret.plaintext cached=false digest=xxh3:9f85d3c77952a174
2026/09/16 09:29:12 INFO end call field=Secret.plaintext cached=false digest=xxh3:d891135059cd9b61
2026/09/16 09:29:12 INFO end call field=Secret.plaintext cached=false digest=xxh3:0d7200439c57b556
2026/09/16 09:29:12 INFO end call field=Query.secret cached=false digest=xxh3:ed5476a71409965c
2026/09/16 09:29:12 INFO start call field=Secret.plaintext digest=xxh3:5968c21bdb204fea
2026/09/16 09:29:12 INFO end call field=Secret.plaintext cached=false digest=xxh3:5968c21bdb204fea
2026/09/16 09:29:12 INFO end call field=Query.secret cached=false digest=xxh3:54de573448198953
2026/09/16 09:29:12 INFO start call field=Secret.plaintext digest=xxh3:33cffc5298aedad8
2026/09/16 09:29:12 INFO end call field=Secret.plaintext cached=false digest=xxh3:33cffc5298aedad8
2026/09/16 09:29:12 INFO end call field=Query.secret cached=false digest=xxh3:bef5d2cfd18d1e47
2026/09/16 09:29:12 INFO start call field=Secret.plaintext digest=xxh3:b673be42ad171a61
2026/09/16 09:29:12 INFO end call field=Secret.plaintext cached=false digest=xxh3:b673be42ad171a61
2026/09/16 09:29:12 INFO end call field=Query.secret cached=false digest=xxh3:a0962fa366925a5a
2026/09/16 09:29:12 INFO start call field=Secret.plaintext digest=xxh3:ed886379dd3772e0
2026/09/16 09:29:12 INFO end call field=Secret.plaintext cached=false digest=xxh3:ed886379dd3772e0
2026/09/16 09:29:12 INFO end call field=Query.secret cached=false digest=xxh3:4782df933db7a039
2026/09/16 09:29:12 INFO start call field=Secret.plaintext digest=xxh3:72805dd4c81ce749
2026/09/16 09:29:12 INFO end call field=Secret.plaintext cached=false digest=xxh3:72805dd4c81ce749
2026/09/16 09:29:12 INFO end call field=Query.secret cached=false digest=xxh3:016f3110625ddf4a
2026/09/16 09:29:12 INFO start call field=Secret.plaintext digest=xxh3:ac5b7e9d9e503a4c
2026/09/16 09:29:12 INFO end call field=Secret.plaintext cached=false digest=xxh3:ac5b7e9d9e503a4c
2026/09/16 09:29:12 INFO end call field=Query.secret cached=false digest=xxh3:7f17baebbe137789
2026/09/16 09:29:12 INFO start call field=Secret.plaintext digest=xxh3:6da70d7946a587b2
2026/09/16 09:29:12 INFO end call field=Query.secret cached=false digest=xxh3:40e0270604017e4a
2026/09/16 09:29:12 INFO end call field=Secret.plaintext cached=false digest=xxh3:6da70d7946a587b2
2026/09/16 09:29:12 INFO start call field=Secret.plaintext digest=xxh3:b9f00a67be15c581
2026/09/16 09:29:12 INFO end call field=Secret.plaintext cached=false digest=xxh3:b9f00a67be15c581
2026/09/16 09:29:12 INFO end call field=Query.secret cached=false digest=xxh3:fa5b0d8f84ddff67
2026/09/16 09:29:12 INFO start call field=Secret.plaintext digest=xxh3:f1d2843e49becc05
2026/09/16 09:29:12 INFO end call field=Secret.plaintext cached=false digest=xxh3:f1d2843e49becc05
2026/09/16 09:29:12 INFO end call field=Query.secret cached=false digest=xxh3:cacc4cfb9a4fb50e
2026/09/16 09:29:12 INFO start call field=Secret.plaintext digest=xxh3:60078c268f6cd676
2026/09/16 09:29:12 INFO end call field=Secret.plaintext cached=false digest=xxh3:60078c268f6cd676
2026/09/16 09:29:12 INFO end call field=Query.secret cached=false digest=xxh3:c3019a0373e2ba76
2026/09/16 09:29:12 INFO start call field=Secret.plaintext digest=xxh3:3bd335c004864f25
2026/09/16 09:29:12 INFO end call field=Secret.plaintext cached=false digest=xxh3:3bd335c004864f25
2026/09/16 09:29:12 INFO end call field=Query.secret cached=false digest=xxh3:b5f214cddabc49fc
2026/09/16 09:29:12 INFO start call field=Secret.plaintext digest=xxh3:59d57b19a182080e
2026/09/16 09:29:12 INFO end call field=Secret.plaintext cached=false digest=xxh3:59d57b19a182080e
2026/09/16 09:29:12 INFO end call field=Query.secret cached=false digest=xxh3:8f714eb49844974f
2026/09/16 09:29:12 INFO start call field=Secret.plaintext digest=xxh3:bd294d3fd959f613
2026/09/16 09:29:12 INFO end call field=Secret.plaintext cached=false digest=xxh3:bd294d3fd959f613
2026/09/16 09:29:12 INFO end call field=LLM.provider cached=false digest=xxh3:6a067981c61866e9
2026/09/16 09:29:12 INFO start call field=Query.secret digest=xxh3:8970f085bec7d989
2026/09/16 09:29:12 INFO end call field=Query.secret cached=false digest=xxh3:8970f085bec7d989
2026/09/16 09:29:12 INFO start call field=Secret.plaintext digest=xxh3:1be0cedef2b9e9e2
2026/09/16 09:29:12 INFO end call field=Secret.plaintext cached=false digest=xxh3:1be0cedef2b9e9e2
2026/09/16 09:29:12 INFO start call field=Query.secret digest=xxh3:b854102510c6d1ea
2026/09/16 09:29:12 INFO end call field=Query.secret cached=false digest=xxh3:b854102510c6d1ea
2026/09/16 09:29:12 INFO start call field=Secret.plaintext digest=xxh3:8d612bf930f03b15
2026/09/16 09:29:12 INFO end call field=Secret.plaintext cached=false digest=xxh3:8d612bf930f03b15
2026/09/16 09:29:12 INFO start call field=Query.secret digest=xxh3:0c4c039a7f481cfc
2026/09/16 09:29:12 INFO end call field=Query.secret cached=false digest=xxh3:0c4c039a7f481cfc
2026/09/16 09:29:12 INFO start call field=Secret.plaintext digest=xxh3:04b22d9b01eacdd7
2026/09/16 09:29:12 INFO end call field=Secret.plaintext cached=false digest=xxh3:04b22d9b01eacdd7
2026/09/16 09:29:12 INFO start call field=Query.secret digest=xxh3:6e76ce3fcb72f75e
2026/09/16 09:29:12 INFO end call field=Query.secret cached=false digest=xxh3:6e76ce3fcb72f75e
2026/09/16 09:29:12 INFO start call field=Secret.plaintext digest=xxh3:cc7539d9d5765a59
2026/09/16 09:29:12 INFO end call field=Secret.plaintext cached=false digest=xxh3:cc7539d9d5765a59
2026/09/16 09:29:12 INFO start call field=Query.secret digest=xxh3:f48aa85b0ad98a1b
2026/09/16 09:29:12 INFO end call field=Query.secret cached=false digest=xxh3:f48aa85b0ad98a1b
2026/09/16 09:29:12 INFO start call field=Secret.plaintext digest=xxh3:cd588baf135960d4
2026/09/16 09:29:12 INFO end call field=Secret.plaintext cached=false digest=xxh3:cd588baf135960d4
2026/09/16 09:29:12 INFO start call field=Query.secret digest=xxh3:1015c6c944b7e1f0
2026/09/16 09:29:12 INFO end call field=Query.secret cached=false digest=xxh3:1015c6c944b7e1f0
2026/09/16 09:29:12 INFO start call field=Secret.plaintext digest=xxh3:4dd07503fa9193e4
2026/09/16 09:29:12 INFO end call field=Secret.plaintext cached=false digest=xxh3:4dd07503fa9193e4
2026/09/16 09:29:12 INFO start call field=Query.secret digest=xxh3:ccf3d073aaa737cb
2026/09/16 09:29:12 WARN failed to get secret plaintext, falling back to random cache key uri=env://ANTHROPIC_AUTH_TOKEN error="rpc error: code = Unknown desc = client credential lookup unavailable"
2026/09/16 09:29:12 INFO end call field=Query.secret cached=false digest=xxh3:ccf3d073aaa737cb
2026/09/16 09:29:12 INFO start call field=Secret.plaintext digest=xxh3:f8485eefc8c12a15
2026/09/16 09:29:12 INFO end call field=Secret.plaintext cached=false digest=xxh3:f8485eefc8c12a15
--- PASS: TestLLMCredentialReloadAfterRoutingCall (1.05s)
    --- PASS: TestLLMCredentialReloadAfterRoutingCall/nested=false (0.52s)
    --- PASS: TestLLMCredentialReloadAfterRoutingCall/nested=true (0.52s)
=== RUN   TestResolveLookupFromLock
=== PAUSE TestResolveLookupFromLock
=== RUN   TestLookupLockForAPI
=== PAUSE TestLookupLockForAPI
=== RUN   TestModuleImplementationScopedDoesNotLeaveStaleSelfDependency
--- PASS: TestModuleImplementationScopedDoesNotLeaveStaleSelfDependency (0.00s)
=== RUN   TestModuleLocaLSource
=== RUN   TestModuleLocaLSource/Local_module_source_commit
=== RUN   TestModuleLocaLSource/Local_module_source_html_repo_url
=== RUN   TestModuleLocaLSource/Local_module_source_version
--- PASS: TestModuleLocaLSource (0.00s)
    --- PASS: TestModuleLocaLSource/Local_module_source_commit (0.00s)
    --- PASS: TestModuleLocaLSource/Local_module_source_html_repo_url (0.00s)
    --- PASS: TestModuleLocaLSource/Local_module_source_version (0.00s)
=== RUN   TestLegacyWorkspaceFieldHandling
=== PAUSE TestLegacyWorkspaceFieldHandling
=== RUN   TestLoadCurrentModuleSourceConfigPreservesGitDependencySourceAndPin
=== PAUSE TestLoadCurrentModuleSourceConfigPreservesGitDependencySourceAndPin
=== RUN   TestCoreSchemaObjectsHavePersistedFamilies
2026/09/16 09:29:12 INFO discarding dagql cache without persistence hasSQLDB=true hasPersistDB=true
--- PASS: TestCoreSchemaObjectsHavePersistedFamilies (0.27s)
=== RUN   TestCoreSchemaModuleReturnDispatchSurvivesRestart
2026/09/16 09:29:13 INFO starting dagql cache close hasSQLDB=true hasPersistDB=true
2026/09/16 09:29:13 INFO marking dagql cache clean shutdown
2026/09/16 09:29:13 WARN successfully marked clean shutdown in persistence metadata
2026/09/16 09:29:13 INFO completed dagql cache close successfully
=== RUN   TestCoreSchemaModuleReturnDispatchSurvivesRestart/first-restart/port
2026/09/16 09:29:13 INFO start call field=Port.port digest=xxh3:7ef764a9b1c5a855
2026/09/16 09:29:13 INFO end call field=Port.port cached=false digest=xxh3:7ef764a9b1c5a855
2026/09/16 09:29:13 INFO start call field=Port.description digest=xxh3:60dcd979a7c6be6f
2026/09/16 09:29:13 INFO end call field=Port.description cached=false digest=xxh3:60dcd979a7c6be6f
=== RUN   TestCoreSchemaModuleReturnDispatchSurvivesRestart/first-restart/label
2026/09/16 09:29:13 INFO start call field=Label.value digest=xxh3:90bd676fa8e1f30d
2026/09/16 09:29:13 INFO end call field=Label.value cached=false digest=xxh3:90bd676fa8e1f30d
=== RUN   TestCoreSchemaModuleReturnDispatchSurvivesRestart/first-restart/health
2026/09/16 09:29:13 INFO start call field=HealthcheckConfig.retries digest=xxh3:71c0846bcf9015ec
2026/09/16 09:29:13 INFO end call field=HealthcheckConfig.retries cached=false digest=xxh3:71c0846bcf9015ec
2026/09/16 09:29:13 INFO start call field=HealthcheckConfig.args digest=xxh3:f73bb37f631be226
2026/09/16 09:29:13 INFO end call field=HealthcheckConfig.args cached=false digest=xxh3:f73bb37f631be226
=== RUN   TestCoreSchemaModuleReturnDispatchSurvivesRestart/first-restart/env
2026/09/16 09:29:13 INFO start call field=EnvVariable.value digest=xxh3:5669b3632751fda2
2026/09/16 09:29:13 INFO end call field=EnvVariable.value cached=false digest=xxh3:5669b3632751fda2
2026/09/16 09:29:13 INFO starting dagql cache close hasSQLDB=true hasPersistDB=true
2026/09/16 09:29:14 INFO marking dagql cache clean shutdown
2026/09/16 09:29:14 WARN successfully marked clean shutdown in persistence metadata
2026/09/16 09:29:14 INFO completed dagql cache close successfully
2026/09/16 09:29:14 INFO starting dagql cache close hasSQLDB=true hasPersistDB=true
2026/09/16 09:29:14 INFO marking dagql cache clean shutdown
2026/09/16 09:29:14 WARN successfully marked clean shutdown in persistence metadata
2026/09/16 09:29:14 INFO completed dagql cache close successfully
=== RUN   TestCoreSchemaModuleReturnDispatchSurvivesRestart/after-untouched-save/env
2026/09/16 09:29:14 INFO start call field=EnvVariable.value digest=xxh3:5669b3632751fda2
2026/09/16 09:29:14 INFO end call field=EnvVariable.value cached=false digest=xxh3:5669b3632751fda2
=== RUN   TestCoreSchemaModuleReturnDispatchSurvivesRestart/after-untouched-save/port
2026/09/16 09:29:14 INFO start call field=Port.port digest=xxh3:7ef764a9b1c5a855
2026/09/16 09:29:14 INFO end call field=Port.port cached=false digest=xxh3:7ef764a9b1c5a855
2026/09/16 09:29:14 INFO start call field=Port.description digest=xxh3:60dcd979a7c6be6f
2026/09/16 09:29:14 INFO end call field=Port.description cached=false digest=xxh3:60dcd979a7c6be6f
=== RUN   TestCoreSchemaModuleReturnDispatchSurvivesRestart/after-untouched-save/label
2026/09/16 09:29:14 INFO start call field=Label.value digest=xxh3:90bd676fa8e1f30d
2026/09/16 09:29:14 INFO end call field=Label.value cached=false digest=xxh3:90bd676fa8e1f30d
=== RUN   TestCoreSchemaModuleReturnDispatchSurvivesRestart/after-untouched-save/health
2026/09/16 09:29:14 INFO start call field=HealthcheckConfig.retries digest=xxh3:71c0846bcf9015ec
2026/09/16 09:29:14 INFO end call field=HealthcheckConfig.retries cached=false digest=xxh3:71c0846bcf9015ec
2026/09/16 09:29:14 INFO start call field=HealthcheckConfig.args digest=xxh3:f73bb37f631be226
2026/09/16 09:29:14 INFO end call field=HealthcheckConfig.args cached=false digest=xxh3:f73bb37f631be226
=== RUN   TestCoreSchemaModuleReturnDispatchSurvivesRestart/label_and_healthcheck_payloads_are_lossless
2026/09/16 09:29:14 INFO discarding dagql cache without persistence hasSQLDB=true hasPersistDB=true
--- PASS: TestCoreSchemaModuleReturnDispatchSurvivesRestart (2.05s)
    --- PASS: TestCoreSchemaModuleReturnDispatchSurvivesRestart/first-restart/port (0.00s)
    --- PASS: TestCoreSchemaModuleReturnDispatchSurvivesRestart/first-restart/label (0.00s)
    --- PASS: TestCoreSchemaModuleReturnDispatchSurvivesRestart/first-restart/health (0.00s)
    --- PASS: TestCoreSchemaModuleReturnDispatchSurvivesRestart/first-restart/env (0.00s)
    --- PASS: TestCoreSchemaModuleReturnDispatchSurvivesRestart/after-untouched-save/env (0.00s)
    --- PASS: TestCoreSchemaModuleReturnDispatchSurvivesRestart/after-untouched-save/port (0.00s)
    --- PASS: TestCoreSchemaModuleReturnDispatchSurvivesRestart/after-untouched-save/label (0.00s)
    --- PASS: TestCoreSchemaModuleReturnDispatchSurvivesRestart/after-untouched-save/health (0.00s)
    --- PASS: TestCoreSchemaModuleReturnDispatchSurvivesRestart/label_and_healthcheck_payloads_are_lossless (0.00s)
=== RUN   TestEngineDefaultPlatformCacheIdentity
2026/09/16 09:29:15 INFO start call field=Query.defaultPlatform digest=xxh3:85e9f43266c69036
2026/09/16 09:29:15 INFO end call field=Query.defaultPlatform cached=false digest=xxh3:85e9f43266c69036
2026/09/16 09:29:15 INFO start call field=Query.defaultPlatform digest=xxh3:60894d9b40c785ec
2026/09/16 09:29:15 INFO end call field=Query.defaultPlatform cached=false digest=xxh3:60894d9b40c785ec
2026/09/16 09:29:15 INFO starting dagql cache close hasSQLDB=false hasPersistDB=false
2026/09/16 09:29:15 INFO completed dagql cache close successfully
--- PASS: TestEngineDefaultPlatformCacheIdentity (0.24s)
=== RUN   TestProducerResolverCleanup
=== RUN   TestProducerResolverCleanup/constructed_output_recording
    producer_recording_fault_test.go:76: === RUN   TestProducerResolverCleanup
        === RUN   TestProducerResolverCleanup/constructed_output_recording
        === RUN   TestProducerResolverCleanup/constructed_output_recording/cleaned
        2026/09/16 09:29:47 INFO discarding dagql cache without persistence hasSQLDB=false hasPersistDB=false
        === RUN   TestProducerResolverCleanup/constructed_output_recording/HTTP
        2026/09/16 09:29:47 INFO discarding dagql cache without persistence hasSQLDB=false hasPersistDB=false
        === RUN   TestProducerResolverCleanup/constructed_output_recording/bundle
        2026/09/16 09:29:47 INFO discarding dagql cache without persistence hasSQLDB=false hasPersistDB=false
        === RUN   TestProducerResolverCleanup/constructed_output_recording/schema_File
        2026/09/16 09:29:47 INFO discarding dagql cache without persistence hasSQLDB=false hasPersistDB=false
        === RUN   TestProducerResolverCleanup/constructed_output_recording/builtin_Container
        2026/09/16 09:29:47 INFO discarding dagql cache without persistence hasSQLDB=false hasPersistDB=false
        --- PASS: TestProducerResolverCleanup (0.17s)
            --- PASS: TestProducerResolverCleanup/constructed_output_recording (0.17s)
                --- PASS: TestProducerResolverCleanup/constructed_output_recording/cleaned (0.03s)
                --- PASS: TestProducerResolverCleanup/constructed_output_recording/HTTP (0.01s)
                --- PASS: TestProducerResolverCleanup/constructed_output_recording/bundle (0.10s)
                --- PASS: TestProducerResolverCleanup/constructed_output_recording/schema_File (0.00s)
                --- PASS: TestProducerResolverCleanup/constructed_output_recording/builtin_Container (0.02s)
        PASS
        ok  	github.com/dagger/dagger/core/schema	0.253s
        
=== RUN   TestProducerResolverCleanup/ref_wrapping
=== RUN   TestProducerResolverCleanup/ref_digest
=== RUN   TestProducerResolverCleanup/commit_wrapping
2026/09/16 09:29:47 INFO discarding dagql cache without persistence hasSQLDB=false hasPersistDB=false
=== RUN   TestProducerResolverCleanup/ref_recording
=== RUN   TestProducerResolverCleanup/commit_recording
2026/09/16 09:29:47 INFO discarding dagql cache without persistence hasSQLDB=false hasPersistDB=false
--- PASS: TestProducerResolverCleanup (32.28s)
    --- PASS: TestProducerResolverCleanup/constructed_output_recording (32.28s)
    --- PASS: TestProducerResolverCleanup/ref_wrapping (0.00s)
    --- PASS: TestProducerResolverCleanup/ref_digest (0.00s)
    --- PASS: TestProducerResolverCleanup/commit_wrapping (0.00s)
    --- PASS: TestProducerResolverCleanup/ref_recording (0.00s)
    --- PASS: TestProducerResolverCleanup/commit_recording (0.00s)
=== RUN   TestProducerResolverOutputCleanup
=== RUN   TestProducerResolverOutputCleanup/http_state_sync
2026/09/16 09:29:47 INFO discarding dagql cache without persistence hasSQLDB=false hasPersistDB=false
=== RUN   TestProducerResolverOutputCleanup/schema_wrapping
2026/09/16 09:29:47 INFO discarding dagql cache without persistence hasSQLDB=false hasPersistDB=false
=== RUN   TestProducerResolverOutputCleanup/builtin_wrapping
2026/09/16 09:29:47 INFO discarding dagql cache without persistence hasSQLDB=false hasPersistDB=false
=== RUN   TestProducerResolverOutputCleanup/bundle_wrapping
2026/09/16 09:29:47 INFO discarding dagql cache without persistence hasSQLDB=false hasPersistDB=false
--- PASS: TestProducerResolverOutputCleanup (0.07s)
    --- PASS: TestProducerResolverOutputCleanup/http_state_sync (0.00s)
    --- PASS: TestProducerResolverOutputCleanup/schema_wrapping (0.00s)
    --- PASS: TestProducerResolverOutputCleanup/builtin_wrapping (0.02s)
    --- PASS: TestProducerResolverOutputCleanup/bundle_wrapping (0.05s)
=== RUN   TestProducerResolverCapture
=== RUN   TestProducerResolverCapture/http_state_sync
2026/09/16 09:29:47 INFO discarding dagql cache without persistence hasSQLDB=false hasPersistDB=false
=== RUN   TestProducerResolverCapture/schema_wrapping
2026/09/16 09:29:47 INFO discarding dagql cache without persistence hasSQLDB=false hasPersistDB=false
=== RUN   TestProducerResolverCapture/builtin_wrapping
2026/09/16 09:29:47 INFO discarding dagql cache without persistence hasSQLDB=false hasPersistDB=false
=== RUN   TestProducerResolverCapture/bundle_wrapping
2026/09/16 09:29:47 INFO discarding dagql cache without persistence hasSQLDB=false hasPersistDB=false
=== RUN   TestProducerResolverCapture/gitCleaned
2026/09/16 09:29:47 INFO discarding dagql cache without persistence hasSQLDB=false hasPersistDB=false
=== RUN   TestProducerResolverCapture/gitTree
2026/09/16 09:29:47 INFO discarding dagql cache without persistence hasSQLDB=false hasPersistDB=false
=== RUN   TestProducerResolverCapture/gitCommitTree
2026/09/16 09:29:47 INFO discarding dagql cache without persistence hasSQLDB=false hasPersistDB=false
--- PASS: TestProducerResolverCapture (0.31s)
    --- PASS: TestProducerResolverCapture/http_state_sync (0.00s)
    --- PASS: TestProducerResolverCapture/schema_wrapping (0.00s)
    --- PASS: TestProducerResolverCapture/builtin_wrapping (0.02s)
    --- PASS: TestProducerResolverCapture/bundle_wrapping (0.05s)
    --- PASS: TestProducerResolverCapture/gitCleaned (0.04s)
    --- PASS: TestProducerResolverCapture/gitTree (0.10s)
    --- PASS: TestProducerResolverCapture/gitCommitTree (0.10s)
=== RUN   TestRemoteCacheFixture
2026/09/16 09:29:47 INFO discarding dagql cache without persistence hasSQLDB=true hasPersistDB=true
--- PASS: TestRemoteCacheFixture (0.02s)
=== RUN   TestBaseSchemaAllowlist
--- PASS: TestBaseSchemaAllowlist (0.35s)
=== RUN   TestGitBundleSchema
--- PASS: TestGitBundleSchema (0.36s)
=== RUN   TestWorkspaceClientSDKSchema
--- PASS: TestWorkspaceClientSDKSchema (0.60s)
=== RUN   TestSchemaJSONScrubbing
=== RUN   TestSchemaJSONScrubbing/module_and_client_policies
=== RUN   TestSchemaJSONScrubbing/individual_field
=== RUN   TestSchemaJSONScrubbing/different_fields
=== RUN   TestSchemaJSONScrubbing/whole_type
=== RUN   TestSchemaJSONScrubbing/invalid_field
--- PASS: TestSchemaJSONScrubbing (0.40s)
    --- PASS: TestSchemaJSONScrubbing/module_and_client_policies (0.01s)
    --- PASS: TestSchemaJSONScrubbing/individual_field (0.02s)
    --- PASS: TestSchemaJSONScrubbing/different_fields (0.01s)
    --- PASS: TestSchemaJSONScrubbing/whole_type (0.01s)
    --- PASS: TestSchemaJSONScrubbing/invalid_field (0.00s)
=== RUN   TestCoreModTypeDefs
--- PASS: TestCoreModTypeDefs (0.33s)
=== RUN   TestVolumeConstructorsHiddenFromModuleSchema
--- PASS: TestVolumeConstructorsHiddenFromModuleSchema (0.46s)
=== RUN   TestSchemaJSONRejectsInvalidHiddenFields
--- PASS: TestSchemaJSONRejectsInvalidHiddenFields (0.39s)
=== RUN   TestCurrentTypeDefsReturnAllTypes
--- PASS: TestCurrentTypeDefsReturnAllTypes (0.38s)
=== RUN   TestCurrentTypeDefsReturnAllTypesAfterSessionRelease
--- PASS: TestCurrentTypeDefsReturnAllTypesAfterSessionRelease (0.42s)
=== RUN   TestParseSSHFSVolumeEndpoint
--- PASS: TestParseSSHFSVolumeEndpoint (0.00s)
=== RUN   TestVolumeContentDigestFromCacheKey
--- PASS: TestVolumeContentDigestFromCacheKey (0.00s)
=== RUN   TestEngineVolumeRequiresMainClient
2026/09/16 09:29:51 INFO start call field=Query.engineVolume digest=xxh3:847bd60b899b54ff
2026/09/16 09:29:51 INFO end call field=Query.engineVolume cached=false digest=xxh3:847bd60b899b54ff
--- PASS: TestEngineVolumeRequiresMainClient (0.35s)
=== RUN   TestEngineVolumeConstructsStableLogicalConfig
2026/09/16 09:29:52 INFO start call field=Query.engineVolume digest=xxh3:7ac626e124a1cb31
2026/09/16 09:29:52 INFO end call field=Query.engineVolume cached=false digest=xxh3:7ac626e124a1cb31
2026/09/16 09:29:52 INFO start call field=Query.engineVolume digest=xxh3:7ac626e124a1cb31
2026/09/16 09:29:52 INFO end call field=Query.engineVolume cached=true digest=xxh3:7ac626e124a1cb31
--- PASS: TestEngineVolumeConstructsStableLogicalConfig (0.32s)
=== RUN   TestEngineVolumeRejectsInvalidPaths
2026/09/16 09:29:52 INFO start call field=Query.engineVolume digest=xxh3:1f9fd73e4b304d0d
2026/09/16 09:29:52 INFO end call field=Query.engineVolume cached=false digest=xxh3:1f9fd73e4b304d0d
2026/09/16 09:29:52 INFO start call field=Query.engineVolume digest=xxh3:1b2b94b5ef4e2f95
2026/09/16 09:29:52 INFO end call field=Query.engineVolume cached=false digest=xxh3:1b2b94b5ef4e2f95
2026/09/16 09:29:52 INFO start call field=Query.engineVolume digest=xxh3:8f702aee817c340f
2026/09/16 09:29:52 INFO end call field=Query.engineVolume cached=false digest=xxh3:8f702aee817c340f
2026/09/16 09:29:52 INFO start call field=Query.engineVolume digest=xxh3:6527468657cd07c5
2026/09/16 09:29:52 INFO end call field=Query.engineVolume cached=false digest=xxh3:6527468657cd07c5
--- PASS: TestEngineVolumeRejectsInvalidPaths (0.32s)
=== RUN   TestSSHFSVolumeRequiresMainClient
2026/09/16 09:29:52 INFO start call field=Query.setSecret digest=xxh3:b843c185185f5ae7
2026/09/16 09:29:52 INFO end call field=Query.setSecret cached=false digest=xxh3:b843c185185f5ae7
2026/09/16 09:29:52 INFO start call field=Query.sshfsVolume digest=xxh3:b6fb33c2080cc32a
2026/09/16 09:29:52 INFO end call field=Query.sshfsVolume cached=false digest=xxh3:b6fb33c2080cc32a
--- PASS: TestSSHFSVolumeRequiresMainClient (0.34s)
=== RUN   TestAddressVolumeRequiresMainClient
2026/09/16 09:29:53 INFO start call field=Query.address digest=xxh3:fca5c307deff0390
2026/09/16 09:29:53 INFO end call field=Query.address cached=false digest=xxh3:fca5c307deff0390
2026/09/16 09:29:53 INFO start call field=Address.volume digest=xxh3:a55e37034040963f
2026/09/16 09:29:53 INFO end call field=Address.volume cached=false digest=xxh3:a55e37034040963f
--- PASS: TestAddressVolumeRequiresMainClient (0.31s)
=== RUN   TestAddressConstructsEngineVolume
2026/09/16 09:29:53 INFO start call field=Query.address digest=xxh3:8ffc8614c8189a83
2026/09/16 09:29:53 INFO end call field=Query.address cached=false digest=xxh3:8ffc8614c8189a83
2026/09/16 09:29:53 INFO start call field=Address.volume digest=xxh3:eefb320bc2ce18b4
2026/09/16 09:29:53 INFO start call field=Query.engineVolume digest=xxh3:7ac626e124a1cb31
2026/09/16 09:29:53 INFO end call field=Query.engineVolume cached=false digest=xxh3:7ac626e124a1cb31
2026/09/16 09:29:53 INFO end call field=Address.volume cached=false digest=xxh3:eefb320bc2ce18b4
--- PASS: TestAddressConstructsEngineVolume (0.35s)
=== RUN   TestSSHFSVolumeRequiresKnownHostsUnlessInsecure
2026/09/16 09:29:53 INFO start call field=Query.setSecret digest=xxh3:af2cf0e41bb734db
2026/09/16 09:29:53 INFO end call field=Query.setSecret cached=false digest=xxh3:af2cf0e41bb734db
2026/09/16 09:29:53 INFO start call field=Query.sshfsVolume digest=xxh3:916f08d920268a3e
2026/09/16 09:29:53 INFO end call field=Query.sshfsVolume cached=false digest=xxh3:916f08d920268a3e
--- PASS: TestSSHFSVolumeRequiresKnownHostsUnlessInsecure (0.35s)
=== RUN   TestEntrypointChangePreservesSDKModuleName
=== RUN   TestEntrypointChangePreservesSDKModuleName/entrypoint=
=== RUN   TestEntrypointChangePreservesSDKModuleName/entrypoint=other
--- PASS: TestEntrypointChangePreservesSDKModuleName (0.00s)
    --- PASS: TestEntrypointChangePreservesSDKModuleName/entrypoint= (0.00s)
    --- PASS: TestEntrypointChangePreservesSDKModuleName/entrypoint=other (0.00s)
=== RUN   TestModuleMigrationUsesInstalledSDK
=== RUN   TestModuleMigrationUsesInstalledSDK/versioned_provider
=== RUN   TestModuleMigrationUsesInstalledSDK/versioned_provider/native=false
=== RUN   TestModuleMigrationUsesInstalledSDK/versioned_provider/native=true
=== RUN   TestModuleMigrationUsesInstalledSDK/vanity_provider
=== RUN   TestModuleMigrationUsesInstalledSDK/vanity_provider/native=false
=== RUN   TestModuleMigrationUsesInstalledSDK/vanity_provider/native=true
=== RUN   TestModuleMigrationUsesInstalledSDK/pinned_provider
=== RUN   TestModuleMigrationUsesInstalledSDK/pinned_provider/native=false
=== RUN   TestModuleMigrationUsesInstalledSDK/pinned_provider/native=true
=== RUN   TestModuleMigrationUsesInstalledSDK/custom_named_SDK
=== RUN   TestModuleMigrationUsesInstalledSDK/custom_named_SDK/native=false
=== RUN   TestModuleMigrationUsesInstalledSDK/custom_named_SDK/native=true
=== RUN   TestModuleMigrationUsesInstalledSDK/explicit_version_conflicts
=== RUN   TestModuleMigrationUsesInstalledSDK/explicit_version_conflicts/native=false
=== RUN   TestModuleMigrationUsesInstalledSDK/explicit_version_conflicts/native=true
=== RUN   TestModuleMigrationUsesInstalledSDK/different_owner_conflicts
=== RUN   TestModuleMigrationUsesInstalledSDK/different_owner_conflicts/native=false
=== RUN   TestModuleMigrationUsesInstalledSDK/different_owner_conflicts/native=true
--- PASS: TestModuleMigrationUsesInstalledSDK (0.00s)
    --- PASS: TestModuleMigrationUsesInstalledSDK/versioned_provider (0.00s)
        --- PASS: TestModuleMigrationUsesInstalledSDK/versioned_provider/native=false (0.00s)
        --- PASS: TestModuleMigrationUsesInstalledSDK/versioned_provider/native=true (0.00s)
    --- PASS: TestModuleMigrationUsesInstalledSDK/vanity_provider (0.00s)
        --- PASS: TestModuleMigrationUsesInstalledSDK/vanity_provider/native=false (0.00s)
        --- PASS: TestModuleMigrationUsesInstalledSDK/vanity_provider/native=true (0.00s)
    --- PASS: TestModuleMigrationUsesInstalledSDK/pinned_provider (0.00s)
        --- PASS: TestModuleMigrationUsesInstalledSDK/pinned_provider/native=false (0.00s)
        --- PASS: TestModuleMigrationUsesInstalledSDK/pinned_provider/native=true (0.00s)
    --- PASS: TestModuleMigrationUsesInstalledSDK/custom_named_SDK (0.00s)
        --- PASS: TestModuleMigrationUsesInstalledSDK/custom_named_SDK/native=false (0.00s)
        --- PASS: TestModuleMigrationUsesInstalledSDK/custom_named_SDK/native=true (0.00s)
    --- PASS: TestModuleMigrationUsesInstalledSDK/explicit_version_conflicts (0.00s)
        --- PASS: TestModuleMigrationUsesInstalledSDK/explicit_version_conflicts/native=false (0.00s)
        --- PASS: TestModuleMigrationUsesInstalledSDK/explicit_version_conflicts/native=true (0.00s)
    --- PASS: TestModuleMigrationUsesInstalledSDK/different_owner_conflicts (0.00s)
        --- PASS: TestModuleMigrationUsesInstalledSDK/different_owner_conflicts/native=false (0.00s)
        --- PASS: TestModuleMigrationUsesInstalledSDK/different_owner_conflicts/native=true (0.00s)
=== RUN   TestModuleMigrationGraph
--- PASS: TestModuleMigrationGraph (0.00s)
=== RUN   TestStandaloneModuleMigrationKeepsDependenciesAndNativeWorkspace
--- PASS: TestStandaloneModuleMigrationKeepsDependenciesAndNativeWorkspace (0.00s)
=== RUN   TestStandaloneModuleMigrationWithoutWorkspace
--- PASS: TestStandaloneModuleMigrationWithoutWorkspace (0.00s)
=== RUN   TestModuleMigrationNativeDependenciesWithoutWorkspace
--- PASS: TestModuleMigrationNativeDependenciesWithoutWorkspace (0.00s)
=== RUN   TestModuleMigrationConflictsPreserveFiles
--- PASS: TestModuleMigrationConflictsPreserveFiles (0.00s)
=== RUN   TestModuleMigrationStopsAtNestedWorkspace
--- PASS: TestModuleMigrationStopsAtNestedWorkspace (0.00s)
=== RUN   TestModuleMigrationKeepsNativeWorkspaceBoundary
--- PASS: TestModuleMigrationKeepsNativeWorkspaceBoundary (0.00s)
=== RUN   TestModuleMigrationRequiredFailures
=== RUN   TestModuleMigrationRequiredFailures/unsupported_SDK
=== RUN   TestModuleMigrationRequiredFailures/unsupported_dependency
=== RUN   TestModuleMigrationRequiredFailures/missing_dependency
=== RUN   TestModuleMigrationRequiredFailures/absolute_dependency
=== RUN   TestModuleMigrationRequiredFailures/escaping_dependency
--- PASS: TestModuleMigrationRequiredFailures (0.00s)
    --- PASS: TestModuleMigrationRequiredFailures/unsupported_SDK (0.00s)
    --- PASS: TestModuleMigrationRequiredFailures/unsupported_dependency (0.00s)
    --- PASS: TestModuleMigrationRequiredFailures/missing_dependency (0.00s)
    --- PASS: TestModuleMigrationRequiredFailures/absolute_dependency (0.00s)
    --- PASS: TestModuleMigrationRequiredFailures/escaping_dependency (0.00s)
=== RUN   TestOptionalModuleCandidates
--- PASS: TestOptionalModuleCandidates (0.00s)
=== RUN   TestMigrationModulePath
--- PASS: TestMigrationModulePath (0.00s)
=== RUN   TestMigrationScopeRejectsUnnormalizedPaths
--- PASS: TestMigrationScopeRejectsUnnormalizedPaths (0.00s)
=== RUN   TestMigrationSDKUpdatesOnlyChangedConfigs
--- PASS: TestMigrationSDKUpdatesOnlyChangedConfigs (0.00s)
=== RUN   TestMigrationNoopPreservesConfigBytes
--- PASS: TestMigrationNoopPreservesConfigBytes (0.00s)
=== RUN   TestMigrationConfigSelectionUsesOwnership
--- PASS: TestMigrationConfigSelectionUsesOwnership (0.00s)
=== RUN   TestModuleMigrationCleanupFailurePreservesPlan
--- PASS: TestModuleMigrationCleanupFailurePreservesPlan (0.00s)
=== RUN   TestModuleMigrationCleansEveryConvertedModule
--- PASS: TestModuleMigrationCleansEveryConvertedModule (0.00s)
=== RUN   TestPlanMigratedSDKFixups
--- PASS: TestPlanMigratedSDKFixups (0.00s)
=== RUN   TestApplyMigratedSDKFixupsPreservesScopes
--- PASS: TestApplyMigratedSDKFixupsPreservesScopes (0.00s)
=== RUN   TestWorkspaceModuleResolutionLine
--- PASS: TestWorkspaceModuleResolutionLine (0.00s)
=== RUN   TestMergeSearchResults
=== RUN   TestMergeSearchResults/overlay_replaces_host_results_per_file
=== RUN   TestMergeSearchResults/touched_file_with_no_overlay_matches_disappears
=== RUN   TestMergeSearchResults/sorted_by_file_then_line
=== RUN   TestMergeSearchResults/limit_caps_the_merged_set
=== RUN   TestMergeSearchResults/mount_points_shadow_source_results_beneath_them
--- PASS: TestMergeSearchResults (0.00s)
    --- PASS: TestMergeSearchResults/overlay_replaces_host_results_per_file (0.00s)
    --- PASS: TestMergeSearchResults/touched_file_with_no_overlay_matches_disappears (0.00s)
    --- PASS: TestMergeSearchResults/sorted_by_file_then_line (0.00s)
    --- PASS: TestMergeSearchResults/limit_caps_the_merged_set (0.00s)
    --- PASS: TestMergeSearchResults/mount_points_shadow_source_results_beneath_them (0.00s)
=== RUN   TestSearchPathInScopes
--- PASS: TestSearchPathInScopes (0.00s)
=== RUN   TestSearchSourcePaths
=== RUN   TestSearchSourcePaths/no_explicit_paths_pass_through
=== RUN   TestSearchSourcePaths/mount-covered_paths_are_dropped_from_source_operands
=== RUN   TestSearchSourcePaths/all_paths_mount-covered_skips_the_source_side
=== RUN   TestSearchSourcePaths/mount_ancestor_absent_from_the_source_is_dropped
=== RUN   TestSearchSourcePaths/paths_uninvolved_with_mounts_are_kept_verbatim
--- PASS: TestSearchSourcePaths (0.00s)
    --- PASS: TestSearchSourcePaths/no_explicit_paths_pass_through (0.00s)
    --- PASS: TestSearchSourcePaths/mount-covered_paths_are_dropped_from_source_operands (0.00s)
    --- PASS: TestSearchSourcePaths/all_paths_mount-covered_skips_the_source_side (0.00s)
    --- PASS: TestSearchSourcePaths/mount_ancestor_absent_from_the_source_is_dropped (0.00s)
    --- PASS: TestSearchSourcePaths/paths_uninvolved_with_mounts_are_kept_verbatim (0.00s)
=== RUN   TestMergeGlobMatches
=== RUN   TestMergeGlobMatches/overlay_replaces_host_matches_per_path
=== RUN   TestMergeGlobMatches/shared_parent_directories_dedup_across_trees
=== RUN   TestMergeGlobMatches/removed_path_with_no_overlay_match_disappears
=== RUN   TestMergeGlobMatches/mount_points_shadow_source_matches_beneath_them
--- PASS: TestMergeGlobMatches (0.00s)
    --- PASS: TestMergeGlobMatches/overlay_replaces_host_matches_per_path (0.00s)
    --- PASS: TestMergeGlobMatches/shared_parent_directories_dedup_across_trees (0.00s)
    --- PASS: TestMergeGlobMatches/removed_path_with_no_overlay_match_disappears (0.00s)
    --- PASS: TestMergeGlobMatches/mount_points_shadow_source_matches_beneath_them (0.00s)
=== RUN   TestTouchedParentDirs
=== RUN   TestTouchedParentDirs/empty
=== RUN   TestTouchedParentDirs/root-level_files_only
=== RUN   TestTouchedParentDirs/nested_file
=== RUN   TestTouchedParentDirs/deep_file_seeds_every_ancestor,_outermost_first
=== RUN   TestTouchedParentDirs/ancestors_shared_by_siblings_are_seeded_once
=== RUN   TestTouchedParentDirs/de-duplicates_parents
=== RUN   TestTouchedParentDirs/touched_directory_itself_has_no_parent_seeded
=== RUN   TestTouchedParentDirs/paths_under_a_touched_directory_are_covered_by_it
=== RUN   TestTouchedParentDirs/sibling_of_a_touched_directory_still_seeds
=== RUN   TestTouchedParentDirs/cleans_trailing_slash_and_dot_segments
--- PASS: TestTouchedParentDirs (0.00s)
    --- PASS: TestTouchedParentDirs/empty (0.00s)
    --- PASS: TestTouchedParentDirs/root-level_files_only (0.00s)
    --- PASS: TestTouchedParentDirs/nested_file (0.00s)
    --- PASS: TestTouchedParentDirs/deep_file_seeds_every_ancestor,_outermost_first (0.00s)
    --- PASS: TestTouchedParentDirs/ancestors_shared_by_siblings_are_seeded_once (0.00s)
    --- PASS: TestTouchedParentDirs/de-duplicates_parents (0.00s)
    --- PASS: TestTouchedParentDirs/touched_directory_itself_has_no_parent_seeded (0.00s)
    --- PASS: TestTouchedParentDirs/paths_under_a_touched_directory_are_covered_by_it (0.00s)
    --- PASS: TestTouchedParentDirs/sibling_of_a_touched_directory_still_seeds (0.00s)
    --- PASS: TestTouchedParentDirs/cleans_trailing_slash_and_dot_segments (0.00s)
=== RUN   TestTouchedParentDirPatterns
=== RUN   TestTouchedParentDirPatterns/root-level_files_need_no_directory_read
=== RUN   TestTouchedParentDirPatterns/deepest_directory_of_a_chain_only
=== RUN   TestTouchedParentDirPatterns/separate_chains_each_contribute
=== RUN   TestTouchedParentDirPatterns/a_shallower_ancestor_of_another_chain_is_dropped
--- PASS: TestTouchedParentDirPatterns (0.00s)
    --- PASS: TestTouchedParentDirPatterns/root-level_files_need_no_directory_read (0.00s)
    --- PASS: TestTouchedParentDirPatterns/deepest_directory_of_a_chain_only (0.00s)
    --- PASS: TestTouchedParentDirPatterns/separate_chains_each_contribute (0.00s)
    --- PASS: TestTouchedParentDirPatterns/a_shallower_ancestor_of_another_chain_is_dropped (0.00s)
=== RUN   TestSelectSDKModuleClients
=== PAUSE TestSelectSDKModuleClients
=== RUN   TestSelectSDKModuleClientsSkipsEmptyScopes
=== PAUSE TestSelectSDKModuleClientsSkipsEmptyScopes
=== RUN   TestSelectSDKModuleClientsForModuleSources
=== PAUSE TestSelectSDKModuleClientsForModuleSources
=== RUN   TestOrderSDKModuleClientSelections
=== PAUSE TestOrderSDKModuleClientSelections
=== RUN   TestResolveSDKModuleInit
=== PAUSE TestResolveSDKModuleInit
=== RUN   TestResolveSDKModuleName
=== RUN   TestResolveSDKModuleName/SDK-selected_path_retains_the_entrypoint_name
=== RUN   TestResolveSDKModuleName/explicit_name_wins_over_entrypoint_and_path
=== RUN   TestResolveSDKModuleName/explicit_path_without_installation_supplies_the_name
=== RUN   TestResolveSDKModuleName/aliases_and_unrelated_entrypoints_do_not_supply_the_name
=== RUN   TestResolveSDKModuleName/root-relative_installation_matches
=== RUN   TestResolveSDKModuleName/ambiguous_entrypoints_require_an_override
--- PASS: TestResolveSDKModuleName (0.00s)
    --- PASS: TestResolveSDKModuleName/SDK-selected_path_retains_the_entrypoint_name (0.00s)
    --- PASS: TestResolveSDKModuleName/explicit_name_wins_over_entrypoint_and_path (0.00s)
    --- PASS: TestResolveSDKModuleName/explicit_path_without_installation_supplies_the_name (0.00s)
    --- PASS: TestResolveSDKModuleName/aliases_and_unrelated_entrypoints_do_not_supply_the_name (0.00s)
    --- PASS: TestResolveSDKModuleName/root-relative_installation_matches (0.00s)
    --- PASS: TestResolveSDKModuleName/ambiguous_entrypoints_require_an_override (0.00s)
=== RUN   TestPlanSDKModuleInitInstall
=== RUN   TestPlanSDKModuleInitInstall/default_name_and_path_install_an_entrypoint
=== RUN   TestPlanSDKModuleInitInstall/explicit_name_installs_a_namespaced_module
=== RUN   TestPlanSDKModuleInitInstall/custom_path
=== RUN   TestPlanSDKModuleInitInstall/repeated_default_init_promotes_and_preserves_its_entrypoint
=== RUN   TestPlanSDKModuleInitInstall/explicit_init_does_not_demote_an_entrypoint
=== RUN   TestPlanSDKModuleInitInstall/different_entrypoint_requires_an_explicit_name
--- PASS: TestPlanSDKModuleInitInstall (0.00s)
    --- PASS: TestPlanSDKModuleInitInstall/default_name_and_path_install_an_entrypoint (0.00s)
    --- PASS: TestPlanSDKModuleInitInstall/explicit_name_installs_a_namespaced_module (0.00s)
    --- PASS: TestPlanSDKModuleInitInstall/custom_path (0.00s)
    --- PASS: TestPlanSDKModuleInitInstall/repeated_default_init_promotes_and_preserves_its_entrypoint (0.00s)
    --- PASS: TestPlanSDKModuleInitInstall/explicit_init_does_not_demote_an_entrypoint (0.00s)
    --- PASS: TestPlanSDKModuleInitInstall/different_entrypoint_requires_an_explicit_name (0.00s)
=== RUN   TestInstalledSDKSource
=== PAUSE TestInstalledSDKSource
=== RUN   TestInstalledSDKSourceRejectsMultipleNamesForProvider
=== PAUSE TestInstalledSDKSourceRejectsMultipleNamesForProvider
=== RUN   TestSelectSDKModuleRequiresName
--- PASS: TestSelectSDKModuleRequiresName (0.00s)
=== RUN   TestDeepestRecordedSDKModuleScope
--- PASS: TestDeepestRecordedSDKModuleScope (0.00s)
=== RUN   TestDeeperSDKModuleScope
=== RUN   TestDeeperSDKModuleScope/none
=== RUN   TestDeeperSDKModuleScope/first_only
=== RUN   TestDeeperSDKModuleScope/second_only
=== RUN   TestDeeperSDKModuleScope/second_is_deeper
=== RUN   TestDeeperSDKModuleScope/first_is_deeper
=== RUN   TestDeeperSDKModuleScope/equal
--- PASS: TestDeeperSDKModuleScope (0.00s)
    --- PASS: TestDeeperSDKModuleScope/none (0.00s)
    --- PASS: TestDeeperSDKModuleScope/first_only (0.00s)
    --- PASS: TestDeeperSDKModuleScope/second_only (0.00s)
    --- PASS: TestDeeperSDKModuleScope/second_is_deeper (0.00s)
    --- PASS: TestDeeperSDKModuleScope/first_is_deeper (0.00s)
    --- PASS: TestDeeperSDKModuleScope/equal (0.00s)
=== RUN   TestSelectDeepestSDKModuleScope
=== RUN   TestSelectDeepestSDKModuleScope/none
=== RUN   TestSelectDeepestSDKModuleScope/one
=== RUN   TestSelectDeepestSDKModuleScope/deeper_SDK
=== RUN   TestSelectDeepestSDKModuleScope/deeper_SDK_first
=== RUN   TestSelectDeepestSDKModuleScope/one_character_directory
=== RUN   TestSelectDeepestSDKModuleScope/shallower_tie
=== RUN   TestSelectDeepestSDKModuleScope/same_SDK_nested_records
=== RUN   TestSelectDeepestSDKModuleScope/deepest_tie
--- PASS: TestSelectDeepestSDKModuleScope (0.00s)
    --- PASS: TestSelectDeepestSDKModuleScope/none (0.00s)
    --- PASS: TestSelectDeepestSDKModuleScope/one (0.00s)
    --- PASS: TestSelectDeepestSDKModuleScope/deeper_SDK (0.00s)
    --- PASS: TestSelectDeepestSDKModuleScope/deeper_SDK_first (0.00s)
    --- PASS: TestSelectDeepestSDKModuleScope/one_character_directory (0.00s)
    --- PASS: TestSelectDeepestSDKModuleScope/shallower_tie (0.00s)
    --- PASS: TestSelectDeepestSDKModuleScope/same_SDK_nested_records (0.00s)
    --- PASS: TestSelectDeepestSDKModuleScope/deepest_tie (0.00s)
=== RUN   TestWorkspaceSDKEntryPaths
=== PAUSE TestWorkspaceSDKEntryPaths
=== RUN   TestModuleEntrySourceWithPinRelativeToLeavesGitRefsCanonical
=== PAUSE TestModuleEntrySourceWithPinRelativeToLeavesGitRefsCanonical
=== RUN   TestValidateSDKModuleGenerationGraph
=== PAUSE TestValidateSDKModuleGenerationGraph
=== RUN   TestPlanSDKModuleScopes
=== PAUSE TestPlanSDKModuleScopes
=== RUN   TestResolveWorkspaceClientModuleInput
=== PAUSE TestResolveWorkspaceClientModuleInput
=== RUN   TestRootAnchoredSDKScopeIsMatched
=== RUN   TestRootAnchoredSDKScopeIsMatched/uninstall_removes_the_module_scope
=== RUN   TestRootAnchoredSDKScopeIsMatched/sdk_listing_resolves_it
--- PASS: TestRootAnchoredSDKScopeIsMatched (0.00s)
    --- PASS: TestRootAnchoredSDKScopeIsMatched/uninstall_removes_the_module_scope (0.00s)
    --- PASS: TestRootAnchoredSDKScopeIsMatched/sdk_listing_resolves_it (0.00s)
=== RUN   TestValidateSDKModuleDestination
=== PAUSE TestValidateSDKModuleDestination
=== RUN   TestPlanSDKModuleInitInstallControls
=== RUN   TestPlanSDKModuleInitInstallControls/custom_path_explicit_install
=== RUN   TestPlanSDKModuleInitInstallControls/custom_path_explicit_entrypoint
=== RUN   TestPlanSDKModuleInitInstallControls/no_install
=== RUN   TestPlanSDKModuleInitInstallControls/no_entrypoint
=== RUN   TestPlanSDKModuleInitInstallControls/explicit_replacement
=== RUN   TestPlanSDKModuleInitInstallControls/explicit_install_keeps_implicit_conflict
=== RUN   TestPlanSDKModuleInitInstallControls/contradictory_controls
=== RUN   TestPlanSDKModuleInitInstallControls/failed_install_leaves_old_entrypoint_selected
--- PASS: TestPlanSDKModuleInitInstallControls (0.00s)
    --- PASS: TestPlanSDKModuleInitInstallControls/custom_path_explicit_install (0.00s)
    --- PASS: TestPlanSDKModuleInitInstallControls/custom_path_explicit_entrypoint (0.00s)
    --- PASS: TestPlanSDKModuleInitInstallControls/no_install (0.00s)
    --- PASS: TestPlanSDKModuleInitInstallControls/no_entrypoint (0.00s)
    --- PASS: TestPlanSDKModuleInitInstallControls/explicit_replacement (0.00s)
    --- PASS: TestPlanSDKModuleInitInstallControls/explicit_install_keeps_implicit_conflict (0.00s)
    --- PASS: TestPlanSDKModuleInitInstallControls/contradictory_controls (0.00s)
    --- PASS: TestPlanSDKModuleInitInstallControls/failed_install_leaves_old_entrypoint_selected (0.00s)
=== RUN   TestSDKModuleInitRejectsContradictoryControlsBeforeWorkspaceLoad
--- PASS: TestSDKModuleInitRejectsContradictoryControlsBeforeWorkspaceLoad (0.00s)
=== RUN   TestWorkspaceSettingHintTypeInfo
=== PAUSE TestWorkspaceSettingHintTypeInfo
=== RUN   TestWorkspacePrivateSourceFieldsAreNotGraphQLFields
--- PASS: TestWorkspacePrivateSourceFieldsAreNotGraphQLFields (0.00s)
=== RUN   TestEffectiveWorkspaceConfigBytesAppliesUserOverlay
=== PAUSE TestEffectiveWorkspaceConfigBytesAppliesUserOverlay
=== RUN   TestWorkspaceMountedPath
=== RUN   TestWorkspaceMountedPath/at_or_under_a_mount_point
=== RUN   TestWorkspaceMountedPath/at_or_under_a_mount_point/.refs/notes.txt
=== RUN   TestWorkspaceMountedPath/at_or_under_a_mount_point/deps/vendored
=== RUN   TestWorkspaceMountedPath/at_or_under_a_mount_point/deps/vendored/lib/util.go
=== RUN   TestWorkspaceMountedPath/at_or_under_a_mount_point/.refs
=== RUN   TestWorkspaceMountedPath/at_or_under_a_mount_point/deps
=== RUN   TestWorkspaceMountedPath/at_or_under_a_mount_point/.
=== RUN   TestWorkspaceMountedPath/at_or_under_a_mount_point/deps/vendored-extra
=== RUN   TestWorkspaceMountedPath/at_or_under_a_mount_point/.refs/notes.txt.bak
=== RUN   TestWorkspaceMountedPath/at_or_under_a_mount_point/src/main.go
=== RUN   TestWorkspaceMountedPath/mounts_under
=== RUN   TestWorkspaceMountedPath/mounts_under/.
=== RUN   TestWorkspaceMountedPath/mounts_under/.refs
=== RUN   TestWorkspaceMountedPath/mounts_under/deps
=== RUN   TestWorkspaceMountedPath/mounts_under/deps/vendored
=== RUN   TestWorkspaceMountedPath/mounts_under/src
=== RUN   TestWorkspaceMountedPath/mounts_under/deps/vendored-extra
=== RUN   TestWorkspaceMountedPath/no_mounts
--- PASS: TestWorkspaceMountedPath (0.00s)
    --- PASS: TestWorkspaceMountedPath/at_or_under_a_mount_point (0.00s)
        --- PASS: TestWorkspaceMountedPath/at_or_under_a_mount_point/.refs/notes.txt (0.00s)
        --- PASS: TestWorkspaceMountedPath/at_or_under_a_mount_point/deps/vendored (0.00s)
        --- PASS: TestWorkspaceMountedPath/at_or_under_a_mount_point/deps/vendored/lib/util.go (0.00s)
        --- PASS: TestWorkspaceMountedPath/at_or_under_a_mount_point/.refs (0.00s)
        --- PASS: TestWorkspaceMountedPath/at_or_under_a_mount_point/deps (0.00s)
        --- PASS: TestWorkspaceMountedPath/at_or_under_a_mount_point/. (0.00s)
        --- PASS: TestWorkspaceMountedPath/at_or_under_a_mount_point/deps/vendored-extra (0.00s)
        --- PASS: TestWorkspaceMountedPath/at_or_under_a_mount_point/.refs/notes.txt.bak (0.00s)
        --- PASS: TestWorkspaceMountedPath/at_or_under_a_mount_point/src/main.go (0.00s)
    --- PASS: TestWorkspaceMountedPath/mounts_under (0.00s)
        --- PASS: TestWorkspaceMountedPath/mounts_under/. (0.00s)
        --- PASS: TestWorkspaceMountedPath/mounts_under/.refs (0.00s)
        --- PASS: TestWorkspaceMountedPath/mounts_under/deps (0.00s)
        --- PASS: TestWorkspaceMountedPath/mounts_under/deps/vendored (0.00s)
        --- PASS: TestWorkspaceMountedPath/mounts_under/src (0.00s)
        --- PASS: TestWorkspaceMountedPath/mounts_under/deps/vendored-extra (0.00s)
    --- PASS: TestWorkspaceMountedPath/no_mounts (0.00s)
=== RUN   TestInitialWorkspaceConfigOmitsCheckGenerated
=== PAUSE TestInitialWorkspaceConfigOmitsCheckGenerated
=== RUN   TestMatchWorkspaceInclude
=== RUN   TestMatchWorkspaceInclude/empty_include_matches_everything
=== RUN   TestMatchWorkspaceInclude/module-prefixed_pattern_matches
=== RUN   TestMatchWorkspaceInclude/wildcard_module_pattern_matches
=== RUN   TestMatchWorkspaceInclude/other_module_does_not_match
--- PASS: TestMatchWorkspaceInclude (0.00s)
    --- PASS: TestMatchWorkspaceInclude/empty_include_matches_everything (0.00s)
    --- PASS: TestMatchWorkspaceInclude/module-prefixed_pattern_matches (0.00s)
    --- PASS: TestMatchWorkspaceInclude/wildcard_module_pattern_matches (0.00s)
    --- PASS: TestMatchWorkspaceInclude/other_module_does_not_match (0.00s)
=== RUN   TestWorkspaceConfigWithCompatFallback
=== RUN   TestWorkspaceConfigWithCompatFallback/no_config_and_no_compat_returns_empty_config
=== RUN   TestWorkspaceConfigWithCompatFallback/compat_workspace_projects_skips_and_port_mappings
--- PASS: TestWorkspaceConfigWithCompatFallback (0.00s)
    --- PASS: TestWorkspaceConfigWithCompatFallback/no_config_and_no_compat_returns_empty_config (0.00s)
    --- PASS: TestWorkspaceConfigWithCompatFallback/compat_workspace_projects_skips_and_port_mappings (0.00s)
=== RUN   TestWorkspaceConfigSkipPatterns
=== RUN   TestWorkspaceConfigSkipPatterns/missing_config_has_no_skips
=== RUN   TestWorkspaceConfigSkipPatterns/compat_workspace_uses_projected_skips
--- PASS: TestWorkspaceConfigSkipPatterns (0.00s)
    --- PASS: TestWorkspaceConfigSkipPatterns/missing_config_has_no_skips (0.00s)
    --- PASS: TestWorkspaceConfigSkipPatterns/compat_workspace_uses_projected_skips (0.00s)
=== RUN   TestFilterGeneratorsByInclude
=== RUN   TestFilterGeneratorsByInclude/qualified
=== RUN   TestFilterGeneratorsByInclude/entrypoint
=== RUN   TestFilterGeneratorsByInclude/entrypoint_qualified_alias
=== RUN   TestFilterGeneratorsByInclude/single_ordinary_module_requires_prefix
--- PASS: TestFilterGeneratorsByInclude (0.00s)
    --- PASS: TestFilterGeneratorsByInclude/qualified (0.00s)
    --- PASS: TestFilterGeneratorsByInclude/entrypoint (0.00s)
    --- PASS: TestFilterGeneratorsByInclude/entrypoint_qualified_alias (0.00s)
    --- PASS: TestFilterGeneratorsByInclude/single_ordinary_module_requires_prefix (0.00s)
=== RUN   TestWorkspaceTargetSkipNames
=== RUN   TestWorkspaceTargetSkipNames/short_skip_only_excludes_entrypoint
=== RUN   TestWorkspaceTargetSkipNames/qualified_skip
=== RUN   TestWorkspaceTargetSkipNames/skip_other_module
=== RUN   TestWorkspaceTargetSkipNames/explicit_wildcard
=== RUN   TestWorkspaceTargetSkipNames/module_settings_use_local_names
--- PASS: TestWorkspaceTargetSkipNames (0.00s)
    --- PASS: TestWorkspaceTargetSkipNames/short_skip_only_excludes_entrypoint (0.00s)
    --- PASS: TestWorkspaceTargetSkipNames/qualified_skip (0.00s)
    --- PASS: TestWorkspaceTargetSkipNames/skip_other_module (0.00s)
    --- PASS: TestWorkspaceTargetSkipNames/explicit_wildcard (0.00s)
    --- PASS: TestWorkspaceTargetSkipNames/module_settings_use_local_names (0.00s)
=== RUN   TestSelectVisibleGeneratorModules
=== RUN   TestSelectVisibleGeneratorModules/wrapper_hides_raw_blueprint_alias
=== RUN   TestSelectVisibleGeneratorModules/single_raw_module_remains_visible
=== RUN   TestSelectVisibleGeneratorModules/multiple_wrappers_sharing_one_implementation_remain_visible
--- PASS: TestSelectVisibleGeneratorModules (0.00s)
    --- PASS: TestSelectVisibleGeneratorModules/wrapper_hides_raw_blueprint_alias (0.00s)
    --- PASS: TestSelectVisibleGeneratorModules/single_raw_module_remains_visible (0.00s)
    --- PASS: TestSelectVisibleGeneratorModules/multiple_wrappers_sharing_one_implementation_remain_visible (0.00s)
=== RUN   TestResolveWorkspacePath
=== RUN   TestResolveWorkspacePath/relative_path_resolves_from_workspace_cwd
=== RUN   TestResolveWorkspacePath/dot_resolves_to_workspace_cwd
=== RUN   TestResolveWorkspacePath/absolute_path_resolves_from_workspace_root
=== RUN   TestResolveWorkspacePath/root_absolute_path_resolves_to_workspace_root
=== RUN   TestResolveWorkspacePath/relative_path_cannot_escape_workspace_root
=== RUN   TestResolveWorkspacePath/windows_separators
--- PASS: TestResolveWorkspacePath (0.00s)
    --- PASS: TestResolveWorkspacePath/relative_path_resolves_from_workspace_cwd (0.00s)
    --- PASS: TestResolveWorkspacePath/dot_resolves_to_workspace_cwd (0.00s)
    --- PASS: TestResolveWorkspacePath/absolute_path_resolves_from_workspace_root (0.00s)
    --- PASS: TestResolveWorkspacePath/root_absolute_path_resolves_to_workspace_root (0.00s)
    --- PASS: TestResolveWorkspacePath/relative_path_cannot_escape_workspace_root (0.00s)
    --- PASS: TestResolveWorkspacePath/windows_separators (0.00s)
=== RUN   TestWorkspacePathInOrLeadingToCwd
--- PASS: TestWorkspacePathInOrLeadingToCwd (0.00s)
=== RUN   TestWorkspaceAPIPath
=== RUN   TestWorkspaceAPIPath/boundary_root_is_slash
=== RUN   TestWorkspaceAPIPath/nested_path_is_absolute_from_boundary
--- PASS: TestWorkspaceAPIPath (0.00s)
    --- PASS: TestWorkspaceAPIPath/boundary_root_is_slash (0.00s)
    --- PASS: TestWorkspaceAPIPath/nested_path_is_absolute_from_boundary (0.00s)
=== RUN   TestWorkspacePathRelativeToCwd
=== RUN   TestWorkspacePathRelativeToCwd/root_cwd
=== RUN   TestWorkspacePathRelativeToCwd/nested_cwd
=== RUN   TestWorkspacePathRelativeToCwd/selected_workspace_cwd
=== RUN   TestWorkspacePathRelativeToCwd/no_path
--- PASS: TestWorkspacePathRelativeToCwd (0.00s)
    --- PASS: TestWorkspacePathRelativeToCwd/root_cwd (0.00s)
    --- PASS: TestWorkspacePathRelativeToCwd/nested_cwd (0.00s)
    --- PASS: TestWorkspacePathRelativeToCwd/selected_workspace_cwd (0.00s)
    --- PASS: TestWorkspacePathRelativeToCwd/no_path (0.00s)
=== RUN   TestWorkspaceRootfsRequiresDirectory
--- PASS: TestWorkspaceRootfsRequiresDirectory (0.00s)
=== RUN   TestWorkspaceMigrationWarningsKeepsGapWarningsAggregated
--- PASS: TestWorkspaceMigrationWarningsKeepsGapWarningsAggregated (0.00s)
=== RUN   TestWorkspaceMigrationRootPath
--- PASS: TestWorkspaceMigrationRootPath (0.00s)
=== RUN   TestWorkspaceMigrationParentPlans
=== RUN   TestWorkspaceMigrationParentPlans/plain_module_in_a_subdirectory_gets_no_parent_workspace
=== RUN   TestWorkspaceMigrationParentPlans/plain_root_module_creates_root_parent_with_SDK_module
=== RUN   TestWorkspaceMigrationParentPlans/subdirectory_toolchains_config_installs_SDK_in_the_hoisted_root_plan
=== RUN   TestWorkspaceMigrationParentPlans/project-style_module_at_the_root_is_not_assigned_a_runtime_pin
=== RUN   TestWorkspaceMigrationParentPlans/subdirectory_module_without_toolchains_gets_no_runtime_pin
=== RUN   TestWorkspaceMigrationParentPlans/subdirectory_module-only_migration_leaves_discovered_dependency_SDKs_unrecorded
=== RUN   TestWorkspaceMigrationParentPlans/parent_SDK_module_name_conflicts_get_a_stable_alternate_name
=== RUN   TestWorkspaceMigrationParentPlans/module_repo_runtime_pin_and_discovered_dependency_share_one_SDK_install
--- PASS: TestWorkspaceMigrationParentPlans (0.00s)
    --- PASS: TestWorkspaceMigrationParentPlans/plain_module_in_a_subdirectory_gets_no_parent_workspace (0.00s)
    --- PASS: TestWorkspaceMigrationParentPlans/plain_root_module_creates_root_parent_with_SDK_module (0.00s)
    --- PASS: TestWorkspaceMigrationParentPlans/subdirectory_toolchains_config_installs_SDK_in_the_hoisted_root_plan (0.00s)
    --- PASS: TestWorkspaceMigrationParentPlans/project-style_module_at_the_root_is_not_assigned_a_runtime_pin (0.00s)
    --- PASS: TestWorkspaceMigrationParentPlans/subdirectory_module_without_toolchains_gets_no_runtime_pin (0.00s)
    --- PASS: TestWorkspaceMigrationParentPlans/subdirectory_module-only_migration_leaves_discovered_dependency_SDKs_unrecorded (0.00s)
    --- PASS: TestWorkspaceMigrationParentPlans/parent_SDK_module_name_conflicts_get_a_stable_alternate_name (0.00s)
    --- PASS: TestWorkspaceMigrationParentPlans/module_repo_runtime_pin_and_discovered_dependency_share_one_SDK_install (0.00s)
=== RUN   TestWorkspaceMigrationModuleConfigConversions
--- PASS: TestWorkspaceMigrationModuleConfigConversions (0.00s)
=== RUN   TestWorkspaceMigrationJoinRelPathAndScope
=== RUN   TestWorkspaceMigrationJoinRelPathAndScope/child_from_root
=== RUN   TestWorkspaceMigrationJoinRelPathAndScope/nested_child
=== RUN   TestWorkspaceMigrationJoinRelPathAndScope/sibling_within_project_dir
=== RUN   TestWorkspaceMigrationJoinRelPathAndScope/self
=== RUN   TestWorkspaceMigrationJoinRelPathAndScope/escapes_workspace_root
=== RUN   TestWorkspaceMigrationJoinRelPathAndScope/sibling_outside_project
--- PASS: TestWorkspaceMigrationJoinRelPathAndScope (0.00s)
    --- PASS: TestWorkspaceMigrationJoinRelPathAndScope/child_from_root (0.00s)
    --- PASS: TestWorkspaceMigrationJoinRelPathAndScope/nested_child (0.00s)
    --- PASS: TestWorkspaceMigrationJoinRelPathAndScope/sibling_within_project_dir (0.00s)
    --- PASS: TestWorkspaceMigrationJoinRelPathAndScope/self (0.00s)
    --- PASS: TestWorkspaceMigrationJoinRelPathAndScope/escapes_workspace_root (0.00s)
    --- PASS: TestWorkspaceMigrationJoinRelPathAndScope/sibling_outside_project (0.00s)
=== RUN   TestWorkspaceMigrationDiscoveredLocalModuleConversions
--- PASS: TestWorkspaceMigrationDiscoveredLocalModuleConversions (0.00s)
=== RUN   TestWorkspaceMigrationLegacyLockProjectRootsIncludesModuleConfigConversions
--- PASS: TestWorkspaceMigrationLegacyLockProjectRootsIncludesModuleConfigConversions (0.00s)
=== RUN   TestEnvScopedConfigKeyQuotesDynamicSegments
--- PASS: TestEnvScopedConfigKeyQuotesDynamicSegments (0.00s)
=== RUN   TestPlanWorkspaceEnvInstallConfig
=== RUN   TestPlanWorkspaceEnvInstallConfig/creates_the_env_and_records_the_module_in_its_overlay
=== RUN   TestPlanWorkspaceEnvInstallConfig/reinstall_with_the_same_source_is_a_no-op
=== RUN   TestPlanWorkspaceEnvInstallConfig/conflicting_source_in_the_same_env_is_rejected
=== RUN   TestPlanWorkspaceEnvInstallConfig/base_module_with_another_source_is_overridden,_not_rejected
=== RUN   TestPlanWorkspaceEnvInstallConfig/redundant_overlay_of_a_base_module_carries_the_base_pin
=== RUN   TestPlanWorkspaceEnvInstallConfig/settings-only_overlay_entry_is_upgraded_in_place
=== RUN   TestPlanWorkspaceEnvInstallConfig/SDK_installs_are_rejected_under_an_env_selection
=== RUN   TestPlanWorkspaceEnvInstallConfig/re-sourcing_a_base_SDK_entry_is_rejected
--- PASS: TestPlanWorkspaceEnvInstallConfig (0.00s)
    --- PASS: TestPlanWorkspaceEnvInstallConfig/creates_the_env_and_records_the_module_in_its_overlay (0.00s)
    --- PASS: TestPlanWorkspaceEnvInstallConfig/reinstall_with_the_same_source_is_a_no-op (0.00s)
    --- PASS: TestPlanWorkspaceEnvInstallConfig/conflicting_source_in_the_same_env_is_rejected (0.00s)
    --- PASS: TestPlanWorkspaceEnvInstallConfig/base_module_with_another_source_is_overridden,_not_rejected (0.00s)
    --- PASS: TestPlanWorkspaceEnvInstallConfig/redundant_overlay_of_a_base_module_carries_the_base_pin (0.00s)
    --- PASS: TestPlanWorkspaceEnvInstallConfig/settings-only_overlay_entry_is_upgraded_in_place (0.00s)
    --- PASS: TestPlanWorkspaceEnvInstallConfig/SDK_installs_are_rejected_under_an_env_selection (0.00s)
    --- PASS: TestPlanWorkspaceEnvInstallConfig/re-sourcing_a_base_SDK_entry_is_rejected (0.00s)
=== RUN   TestPlanWorkspaceInstallConfigSDKNames
=== PAUSE TestPlanWorkspaceInstallConfigSDKNames
=== RUN   TestEnvScopedConfigKeyMissingEnv
--- PASS: TestEnvScopedConfigKeyMissingEnv (0.00s)
=== RUN   TestWorkspaceSettingConfigKeyQuotesDynamicSegments
--- PASS: TestWorkspaceSettingConfigKeyQuotesDynamicSegments (0.00s)
=== RUN   TestWorkspaceMigrationRootTargetPathsRejectsDuplicates
--- PASS: TestWorkspaceMigrationRootTargetPathsRejectsDuplicates (0.00s)
=== RUN   TestWorkspaceMigrationHiddenPath
--- PASS: TestWorkspaceMigrationHiddenPath (0.00s)
=== RUN   TestWorkspaceMigrationFilterLegacyLockDataRemovesModuleResolve
--- PASS: TestWorkspaceMigrationFilterLegacyLockDataRemovesModuleResolve (0.00s)
=== RUN   TestWorkspaceMigrationUniqueSortedPaths
--- PASS: TestWorkspaceMigrationUniqueSortedPaths (0.00s)
=== RUN   TestWorkspaceMigrationHasExplicitConfigAncestor
--- PASS: TestWorkspaceMigrationHasExplicitConfigAncestor (0.00s)
=== RUN   TestWorkspaceFilterWithDirectoryArgs
--- PASS: TestWorkspaceFilterWithDirectoryArgs (0.00s)
=== CONT  TestResolveSDKModuleInit
=== CONT  TestShouldSelectLatestImageRelease
=== RUN   TestResolveSDKModuleInit/explicit_name_wins
=== CONT  TestLegacyWorkspaceFieldHandling
=== CONT  TestEffectiveWorkspaceConfigBytesAppliesUserOverlay
=== RUN   TestEffectiveWorkspaceConfigBytesAppliesUserOverlay/without_env
=== PAUSE TestEffectiveWorkspaceConfigBytesAppliesUserOverlay/without_env
=== CONT  TestLookupLockForAPI
=== CONT  TestValidateSDKModuleDestination
=== CONT  TestResolveWorkspaceClientModuleInput
=== RUN   TestLookupLockForAPI/older_API_view_disables_locking
=== PAUSE TestLookupLockForAPI/older_API_view_disables_locking
--- PASS: TestLegacyWorkspaceFieldHandling (0.00s)
=== RUN   TestLookupLockForAPI/current_API_view_uses_available_workspace_lock
=== CONT  TestSelectSDKModuleClientsSkipsEmptyScopes
=== PAUSE TestLookupLockForAPI/current_API_view_uses_available_workspace_lock
=== RUN   TestLookupLockForAPI/private_context_disables_locking
=== PAUSE TestLookupLockForAPI/private_context_disables_locking
=== CONT  TestOrderSDKModuleClientSelections
=== CONT  TestSelectSDKModuleClientsForModuleSources
=== RUN   TestSelectSDKModuleClientsForModuleSources/remote_module
=== PAUSE TestSelectSDKModuleClientsForModuleSources/remote_module
=== RUN   TestSelectSDKModuleClientsForModuleSources/local_module
=== PAUSE TestSelectSDKModuleClientsForModuleSources/local_module
=== RUN   TestSelectSDKModuleClientsForModuleSources/module_without_a_client
=== PAUSE TestSelectSDKModuleClientsForModuleSources/module_without_a_client
=== RUN   TestShouldSelectLatestImageRelease/legacy_bare_address
=== PAUSE TestShouldSelectLatestImageRelease/legacy_bare_address
=== RUN   TestShouldSelectLatestImageRelease/locking_without_latest_release
=== PAUSE TestShouldSelectLatestImageRelease/locking_without_latest_release
=== RUN   TestShouldSelectLatestImageRelease/new_bare_address
=== PAUSE TestShouldSelectLatestImageRelease/new_bare_address
=== RUN   TestShouldSelectLatestImageRelease/explicit_latest
=== PAUSE TestShouldSelectLatestImageRelease/explicit_latest
=== CONT  TestSelectSDKModuleClients
=== RUN   TestSelectSDKModuleClients/cwd_selects_only_the_scopes_containing_it
=== PAUSE TestSelectSDKModuleClients/cwd_selects_only_the_scopes_containing_it
=== RUN   TestSelectSDKModuleClients/all_selects_every_scope
=== PAUSE TestSelectSDKModuleClients/all_selects_every_scope
=== RUN   TestSelectSDKModuleClients/sdk_filters_by_provider
=== PAUSE TestSelectSDKModuleClients/sdk_filters_by_provider
=== RUN   TestSelectSDKModuleClients/modules_filter_selects_recorded_targets_across_sdks
=== PAUSE TestSelectSDKModuleClients/modules_filter_selects_recorded_targets_across_sdks
=== RUN   TestSelectSDKModuleClients/nested_cwd_selects_the_parent_scope_too
=== PAUSE TestSelectSDKModuleClients/nested_cwd_selects_the_parent_scope_too
=== RUN   TestSelectSDKModuleClients/unknown_target_is_an_error
=== PAUSE TestSelectSDKModuleClients/unknown_target_is_an_error
=== RUN   TestSelectSDKModuleClients/target_outside_the_selected_scope_is_an_error
=== PAUSE TestSelectSDKModuleClients/target_outside_the_selected_scope_is_an_error
--- PASS: TestSelectSDKModuleClientsSkipsEmptyScopes (0.00s)
--- PASS: TestOrderSDKModuleClientSelections (0.00s)
=== CONT  TestLoadCurrentModuleSourceConfigPreservesGitDependencySourceAndPin
--- PASS: TestLoadCurrentModuleSourceConfigPreservesGitDependencySourceAndPin (0.00s)
=== CONT  TestResolveLookupFromLock
=== RUN   TestResolveLookupFromLock/disabled_without_a_lock
=== PAUSE TestResolveLookupFromLock/disabled_without_a_lock
=== RUN   TestResolveLookupFromLock/existing_pin_entry
=== PAUSE TestResolveLookupFromLock/existing_pin_entry
=== RUN   TestResolveLookupFromLock/missing_entry_is_written
=== PAUSE TestResolveLookupFromLock/missing_entry_is_written
=== RUN   TestResolveLookupFromLock/refresh_ignores_existing_pin_without_writing
=== PAUSE TestResolveLookupFromLock/refresh_ignores_existing_pin_without_writing
=== CONT  TestWithImageConfigMetadataMutatesContainerConfig
--- PASS: TestWithImageConfigMetadataMutatesContainerConfig (0.00s)
=== CONT  TestWithImageConfigMetadataRejectsInvalidHealthcheckJSON
--- PASS: TestWithImageConfigMetadataRejectsInvalidHealthcheckJSON (0.00s)
=== RUN   TestEffectiveWorkspaceConfigBytesAppliesUserOverlay/with_user-defined_env
=== RUN   TestResolveWorkspaceClientModuleInput/./sdk.v1/api_from_.
=== CONT  TestPlanWorkspaceInstallConfigSDKNames
=== CONT  TestInitialWorkspaceConfigOmitsCheckGenerated
=== CONT  TestWorkspaceSettingHintTypeInfo
=== CONT  TestPlanSDKModuleScopes
=== CONT  TestValidateSDKModuleGenerationGraph
=== CONT  TestModuleEntrySourceWithPinRelativeToLeavesGitRefsCanonical
=== CONT  TestWorkspaceSDKEntryPaths
=== CONT  TestInstalledSDKSourceRejectsMultipleNamesForProvider
=== CONT  TestInstalledSDKSource
=== PAUSE TestResolveSDKModuleInit/explicit_name_wins
=== RUN   TestValidateSDKModuleDestination/empty_declines_and_keeps_the_engine_default
=== RUN   TestLookupLockForAPI/uses_an_in-memory_overlay_lock_without_a_host_binding
=== PAUSE TestLookupLockForAPI/uses_an_in-memory_overlay_lock_without_a_host_binding
=== RUN   TestResolveWorkspaceClientModuleInput/./modules/api_from_.
--- PASS: TestInstalledSDKSourceRejectsMultipleNamesForProvider (0.00s)
=== RUN   TestResolveWorkspaceClientModuleInput/./.dagger/modules/api_from_.
=== PAUSE TestEffectiveWorkspaceConfigBytesAppliesUserOverlay/with_user-defined_env
=== RUN   TestEffectiveWorkspaceConfigBytesAppliesUserOverlay/no_overlay_leaves_config_unchanged
=== CONT  TestSelectSDKModuleClientsForModuleSources/module_without_a_client
=== CONT  TestSelectSDKModuleClientsForModuleSources/remote_module
=== CONT  TestShouldSelectLatestImageRelease/legacy_bare_address
=== CONT  TestSelectSDKModuleClientsForModuleSources/local_module
=== CONT  TestResolveLookupFromLock/disabled_without_a_lock
=== CONT  TestShouldSelectLatestImageRelease/explicit_latest
=== CONT  TestShouldSelectLatestImageRelease/new_bare_address
=== CONT  TestShouldSelectLatestImageRelease/locking_without_latest_release
=== CONT  TestSelectSDKModuleClients/all_selects_every_scope
=== CONT  TestSelectSDKModuleClients/target_outside_the_selected_scope_is_an_error
=== CONT  TestCloneContainerForSchemaChildDisablesFromContentDigest
=== CONT  TestSelectSDKModuleClients/sdk_filters_by_provider
=== RUN   TestResolveSDKModuleInit/path_supplies_name
=== RUN   TestWorkspaceSettingHintTypeInfo/primitive
=== RUN   TestPlanSDKModuleScopes/root_dependency_runs_once_and_first
=== PAUSE TestWorkspaceSettingHintTypeInfo/primitive
=== CONT  TestResolveLookupFromLock/missing_entry_is_written
=== RUN   TestWorkspaceSettingHintTypeInfo/address_backed_object
=== PAUSE TestPlanSDKModuleScopes/root_dependency_runs_once_and_first
=== CONT  TestLookupLockForAPI/older_API_view_disables_locking
=== PAUSE TestWorkspaceSettingHintTypeInfo/address_backed_object
=== RUN   TestPlanSDKModuleScopes/diamond_visits_the_shared_dependency_once
=== CONT  TestLookupLockForAPI/uses_an_in-memory_overlay_lock_without_a_host_binding
=== RUN   TestWorkspaceSettingHintTypeInfo/volume
=== PAUSE TestWorkspaceSettingHintTypeInfo/volume
=== RUN   TestWorkspaceSettingHintTypeInfo/workspace_object
=== CONT  TestLookupLockForAPI/private_context_disables_locking
=== PAUSE TestWorkspaceSettingHintTypeInfo/workspace_object
=== CONT  TestLookupLockForAPI/current_API_view_uses_available_workspace_lock
=== RUN   TestWorkspaceSettingHintTypeInfo/non_address_backed_object
=== PAUSE TestResolveSDKModuleInit/path_supplies_name
=== PAUSE TestWorkspaceSettingHintTypeInfo/non_address_backed_object
=== RUN   TestResolveSDKModuleInit/absolute_workspace_path_supplies_name
=== RUN   TestWorkspaceSettingHintTypeInfo/primitive_list
=== PAUSE TestResolveSDKModuleInit/absolute_workspace_path_supplies_name
=== PAUSE TestWorkspaceSettingHintTypeInfo/primitive_list
=== RUN   TestResolveSDKModuleInit/active_config_directory_supplies_name
=== PAUSE TestResolveSDKModuleInit/active_config_directory_supplies_name
=== RUN   TestWorkspaceSettingHintTypeInfo/object_list
=== RUN   TestResolveSDKModuleInit/explicit_name_uses_managed_path_beside_active_config
=== PAUSE TestWorkspaceSettingHintTypeInfo/object_list
=== PAUSE TestResolveSDKModuleInit/explicit_name_uses_managed_path_beside_active_config
=== RUN   TestResolveSDKModuleInit/workspace_root_supplies_local_name
=== PAUSE TestResolveSDKModuleInit/workspace_root_supplies_local_name
=== RUN   TestResolveSDKModuleInit/managed_path_ignores_cwd_below_workspace_root
=== CONT  TestSelectSDKModuleClients/cwd_selects_only_the_scopes_containing_it
=== PAUSE TestResolveSDKModuleInit/managed_path_ignores_cwd_below_workspace_root
=== RUN   TestResolveSDKModuleInit/workspace_root_supplies_path_without_active_config
=== PAUSE TestResolveSDKModuleInit/workspace_root_supplies_path_without_active_config
=== RUN   TestResolveSDKModuleInit/root_path_uses_local_workspace_name
=== PAUSE TestResolveSDKModuleInit/root_path_uses_local_workspace_name
=== RUN   TestResolveSDKModuleInit/workspace_root_supplies_remote_name
=== CONT  TestResolveLookupFromLock/refresh_ignores_existing_pin_without_writing
=== PAUSE TestResolveSDKModuleInit/workspace_root_supplies_remote_name
=== RUN   TestResolveSDKModuleInit/remote_version_can_contain_slashes
=== PAUSE TestResolveSDKModuleInit/remote_version_can_contain_slashes
=== RUN   TestResolveSDKModuleInit/unidentifiable_root_requires_name
=== PAUSE TestResolveSDKModuleInit/unidentifiable_root_requires_name
=== CONT  TestWorkspaceSettingHintTypeInfo/workspace_object
=== CONT  TestWorkspaceSettingHintTypeInfo/address_backed_object
=== CONT  TestResolveSDKModuleInit/unidentifiable_root_requires_name
=== CONT  TestResolveSDKModuleInit/explicit_name_wins
=== CONT  TestResolveSDKModuleInit/remote_version_can_contain_slashes
=== CONT  TestResolveSDKModuleInit/workspace_root_supplies_remote_name
=== CONT  TestResolveSDKModuleInit/root_path_uses_local_workspace_name
=== CONT  TestWorkspaceSettingHintTypeInfo/volume
=== CONT  TestResolveSDKModuleInit/workspace_root_supplies_path_without_active_config
=== CONT  TestResolveSDKModuleInit/managed_path_ignores_cwd_below_workspace_root
=== CONT  TestResolveSDKModuleInit/workspace_root_supplies_local_name
=== CONT  TestResolveSDKModuleInit/explicit_name_uses_managed_path_beside_active_config
=== CONT  TestResolveSDKModuleInit/active_config_directory_supplies_name
=== CONT  TestResolveSDKModuleInit/path_supplies_name
=== CONT  TestResolveSDKModuleInit/absolute_workspace_path_supplies_name
=== PAUSE TestPlanSDKModuleScopes/diamond_visits_the_shared_dependency_once
=== CONT  TestPlanSDKModuleScopes/root_dependency_runs_once_and_first
=== PAUSE TestEffectiveWorkspaceConfigBytesAppliesUserOverlay/no_overlay_leaves_config_unchanged
=== CONT  TestPlanSDKModuleScopes/diamond_visits_the_shared_dependency_once
=== CONT  TestEffectiveWorkspaceConfigBytesAppliesUserOverlay/with_user-defined_env
=== CONT  TestEffectiveWorkspaceConfigBytesAppliesUserOverlay/without_env
=== CONT  TestSelectSDKModuleClients/unknown_target_is_an_error
=== CONT  TestSelectSDKModuleClients/modules_filter_selects_recorded_targets_across_sdks
=== CONT  TestSelectSDKModuleClients/nested_cwd_selects_the_parent_scope_too
=== PAUSE TestValidateSDKModuleDestination/empty_declines_and_keeps_the_engine_default
=== RUN   TestValidateSDKModuleDestination/relative_path_is_kept
=== PAUSE TestValidateSDKModuleDestination/relative_path_is_kept
=== CONT  TestWorkspaceLockExcludePattern
=== RUN   TestValidateSDKModuleDestination/leading_dot_slash_is_cleaned
=== PAUSE TestValidateSDKModuleDestination/leading_dot_slash_is_cleaned
=== RUN   TestValidateSDKModuleDestination/workspace_root_is_allowed
=== CONT  TestResolveLookupFromLock/existing_pin_entry
=== PAUSE TestValidateSDKModuleDestination/workspace_root_is_allowed
=== RUN   TestValidateSDKModuleDestination/windows_separators_are_read_as_paths
=== CONT  TestWorkspaceSettingHintTypeInfo/primitive
=== PAUSE TestValidateSDKModuleDestination/windows_separators_are_read_as_paths
=== CONT  TestWorkspaceSettingHintTypeInfo/object_list
=== RUN   TestValidateSDKModuleDestination/path_need_not_contain_the_invocation_cwd
=== PAUSE TestValidateSDKModuleDestination/path_need_not_contain_the_invocation_cwd
=== RUN   TestValidateSDKModuleDestination/absolute_path_is_rejected
=== CONT  TestWorkspaceSettingHintTypeInfo/primitive_list
=== PAUSE TestValidateSDKModuleDestination/absolute_path_is_rejected
=== RUN   TestWorkspaceLockExcludePattern/exact_workspace_path
=== CONT  TestWorkspaceSettingHintTypeInfo/non_address_backed_object
=== PAUSE TestWorkspaceLockExcludePattern/exact_workspace_path
=== RUN   TestWorkspaceLockExcludePattern/rebased_snapshot_root
=== PAUSE TestWorkspaceLockExcludePattern/rebased_snapshot_root
=== RUN   TestWorkspaceLockExcludePattern/ancestor_snapshot
=== PAUSE TestWorkspaceLockExcludePattern/ancestor_snapshot
=== RUN   TestWorkspaceLockExcludePattern/descendant_path
=== PAUSE TestWorkspaceLockExcludePattern/descendant_path
=== RUN   TestWorkspaceLockExcludePattern/different_path
=== PAUSE TestWorkspaceLockExcludePattern/different_path
--- PASS: TestWorkspaceSDKEntryPaths (0.00s)
--- PASS: TestModuleEntrySourceWithPinRelativeToLeavesGitRefsCanonical (0.00s)
=== CONT  TestEffectiveWorkspaceConfigBytesAppliesUserOverlay/no_overlay_leaves_config_unchanged
--- PASS: TestSelectSDKModuleClientsForModuleSources (0.00s)
    --- PASS: TestSelectSDKModuleClientsForModuleSources/remote_module (0.00s)
    --- PASS: TestSelectSDKModuleClientsForModuleSources/module_without_a_client (0.00s)
    --- PASS: TestSelectSDKModuleClientsForModuleSources/local_module (0.00s)
=== RUN   TestResolveWorkspaceClientModuleInput/../../modules/api_from_apps/client
--- PASS: TestValidateSDKModuleGenerationGraph (0.00s)
--- PASS: TestShouldSelectLatestImageRelease (0.00s)
    --- PASS: TestShouldSelectLatestImageRelease/legacy_bare_address (0.00s)
    --- PASS: TestShouldSelectLatestImageRelease/explicit_latest (0.00s)
    --- PASS: TestShouldSelectLatestImageRelease/new_bare_address (0.00s)
    --- PASS: TestShouldSelectLatestImageRelease/locking_without_latest_release (0.00s)
=== RUN   TestValidateSDKModuleDestination/escaping_the_workspace_is_rejected
=== PAUSE TestValidateSDKModuleDestination/escaping_the_workspace_is_rejected
=== CONT  TestValidateSDKModuleDestination/empty_declines_and_keeps_the_engine_default
--- PASS: TestInstalledSDKSource (0.00s)
=== CONT  TestValidateSDKModuleDestination/path_need_not_contain_the_invocation_cwd
=== CONT  TestValidateSDKModuleDestination/workspace_root_is_allowed
--- PASS: TestPlanWorkspaceInstallConfigSDKNames (0.00s)
=== CONT  TestValidateSDKModuleDestination/absolute_path_is_rejected
=== CONT  TestValidateSDKModuleDestination/leading_dot_slash_is_cleaned
=== CONT  TestValidateSDKModuleDestination/windows_separators_are_read_as_paths
--- PASS: TestInitialWorkspaceConfigOmitsCheckGenerated (0.00s)
=== RUN   TestResolveWorkspaceClientModuleInput/../api_from_apps/client
=== CONT  TestValidateSDKModuleDestination/relative_path_is_kept
--- PASS: TestLookupLockForAPI (0.00s)
    --- PASS: TestLookupLockForAPI/older_API_view_disables_locking (0.00s)
    --- PASS: TestLookupLockForAPI/uses_an_in-memory_overlay_lock_without_a_host_binding (0.00s)
    --- PASS: TestLookupLockForAPI/private_context_disables_locking (0.00s)
    --- PASS: TestLookupLockForAPI/current_API_view_uses_available_workspace_lock (0.00s)
--- PASS: TestCloneContainerForSchemaChildDisablesFromContentDigest (0.00s)
=== CONT  TestValidateSDKModuleDestination/escaping_the_workspace_is_rejected
=== RUN   TestWorkspaceLockExcludePattern/different_client
=== PAUSE TestWorkspaceLockExcludePattern/different_client
=== RUN   TestResolveWorkspaceClientModuleInput//modules/api_from_apps/client
=== RUN   TestWorkspaceLockExcludePattern/remote_workspace
=== PAUSE TestWorkspaceLockExcludePattern/remote_workspace
=== RUN   TestResolveWorkspaceClientModuleInput/._from_apps
=== RUN   TestWorkspaceLockExcludePattern/no_lockfile_selected
=== PAUSE TestWorkspaceLockExcludePattern/no_lockfile_selected
=== RUN   TestResolveWorkspaceClientModuleInput/.._from_apps
=== CONT  TestWorkspaceLockExcludePattern/exact_workspace_path
--- PASS: TestResolveSDKModuleInit (0.00s)
    --- PASS: TestResolveSDKModuleInit/unidentifiable_root_requires_name (0.00s)
    --- PASS: TestResolveSDKModuleInit/explicit_name_wins (0.00s)
    --- PASS: TestResolveSDKModuleInit/remote_version_can_contain_slashes (0.00s)
    --- PASS: TestResolveSDKModuleInit/root_path_uses_local_workspace_name (0.00s)
    --- PASS: TestResolveSDKModuleInit/workspace_root_supplies_remote_name (0.00s)
    --- PASS: TestResolveSDKModuleInit/workspace_root_supplies_path_without_active_config (0.00s)
    --- PASS: TestResolveSDKModuleInit/managed_path_ignores_cwd_below_workspace_root (0.00s)
    --- PASS: TestResolveSDKModuleInit/active_config_directory_supplies_name (0.00s)
    --- PASS: TestResolveSDKModuleInit/explicit_name_uses_managed_path_beside_active_config (0.00s)
    --- PASS: TestResolveSDKModuleInit/workspace_root_supplies_local_name (0.00s)
    --- PASS: TestResolveSDKModuleInit/path_supplies_name (0.00s)
    --- PASS: TestResolveSDKModuleInit/absolute_workspace_path_supplies_name (0.00s)
=== CONT  TestWorkspaceLockExcludePattern/ancestor_snapshot
=== CONT  TestWorkspaceLockExcludePattern/different_path
--- PASS: TestPlanSDKModuleScopes (0.00s)
    --- PASS: TestPlanSDKModuleScopes/root_dependency_runs_once_and_first (0.00s)
    --- PASS: TestPlanSDKModuleScopes/diamond_visits_the_shared_dependency_once (0.00s)
--- PASS: TestEffectiveWorkspaceConfigBytesAppliesUserOverlay (0.00s)
    --- PASS: TestEffectiveWorkspaceConfigBytesAppliesUserOverlay/with_user-defined_env (0.00s)
    --- PASS: TestEffectiveWorkspaceConfigBytesAppliesUserOverlay/without_env (0.00s)
    --- PASS: TestEffectiveWorkspaceConfigBytesAppliesUserOverlay/no_overlay_leaves_config_unchanged (0.00s)
=== CONT  TestWorkspaceLockExcludePattern/remote_workspace
--- PASS: TestSelectSDKModuleClients (0.00s)
    --- PASS: TestSelectSDKModuleClients/all_selects_every_scope (0.00s)
    --- PASS: TestSelectSDKModuleClients/target_outside_the_selected_scope_is_an_error (0.00s)
    --- PASS: TestSelectSDKModuleClients/sdk_filters_by_provider (0.00s)
    --- PASS: TestSelectSDKModuleClients/cwd_selects_only_the_scopes_containing_it (0.00s)
    --- PASS: TestSelectSDKModuleClients/unknown_target_is_an_error (0.00s)
    --- PASS: TestSelectSDKModuleClients/modules_filter_selects_recorded_targets_across_sdks (0.00s)
    --- PASS: TestSelectSDKModuleClients/nested_cwd_selects_the_parent_scope_too (0.00s)
=== CONT  TestWorkspaceLockExcludePattern/descendant_path
--- PASS: TestResolveLookupFromLock (0.00s)
    --- PASS: TestResolveLookupFromLock/disabled_without_a_lock (0.00s)
    --- PASS: TestResolveLookupFromLock/missing_entry_is_written (0.00s)
    --- PASS: TestResolveLookupFromLock/refresh_ignores_existing_pin_without_writing (0.00s)
    --- PASS: TestResolveLookupFromLock/existing_pin_entry (0.00s)
=== CONT  TestWorkspaceLockExcludePattern/no_lockfile_selected
--- PASS: TestWorkspaceSettingHintTypeInfo (0.00s)
    --- PASS: TestWorkspaceSettingHintTypeInfo/workspace_object (0.00s)
    --- PASS: TestWorkspaceSettingHintTypeInfo/address_backed_object (0.00s)
    --- PASS: TestWorkspaceSettingHintTypeInfo/volume (0.00s)
    --- PASS: TestWorkspaceSettingHintTypeInfo/primitive (0.00s)
    --- PASS: TestWorkspaceSettingHintTypeInfo/object_list (0.00s)
    --- PASS: TestWorkspaceSettingHintTypeInfo/primitive_list (0.00s)
    --- PASS: TestWorkspaceSettingHintTypeInfo/non_address_backed_object (0.00s)
=== CONT  TestWorkspaceLockExcludePattern/rebased_snapshot_root
--- PASS: TestValidateSDKModuleDestination (0.00s)
    --- PASS: TestValidateSDKModuleDestination/empty_declines_and_keeps_the_engine_default (0.00s)
    --- PASS: TestValidateSDKModuleDestination/workspace_root_is_allowed (0.00s)
    --- PASS: TestValidateSDKModuleDestination/path_need_not_contain_the_invocation_cwd (0.00s)
    --- PASS: TestValidateSDKModuleDestination/absolute_path_is_rejected (0.00s)
    --- PASS: TestValidateSDKModuleDestination/leading_dot_slash_is_cleaned (0.00s)
    --- PASS: TestValidateSDKModuleDestination/windows_separators_are_read_as_paths (0.00s)
    --- PASS: TestValidateSDKModuleDestination/relative_path_is_kept (0.00s)
    --- PASS: TestValidateSDKModuleDestination/escaping_the_workspace_is_rejected (0.00s)
=== CONT  TestWorkspaceLockExcludePattern/different_client
=== RUN   TestResolveWorkspaceClientModuleInput/github.com/acme/sdk@v1.2.3_from_apps/client
--- PASS: TestResolveWorkspaceClientModuleInput (0.00s)
    --- PASS: TestResolveWorkspaceClientModuleInput/./sdk.v1/api_from_. (0.00s)
    --- PASS: TestResolveWorkspaceClientModuleInput/./modules/api_from_. (0.00s)
    --- PASS: TestResolveWorkspaceClientModuleInput/./.dagger/modules/api_from_. (0.00s)
    --- PASS: TestResolveWorkspaceClientModuleInput/../../modules/api_from_apps/client (0.00s)
    --- PASS: TestResolveWorkspaceClientModuleInput/../api_from_apps/client (0.00s)
    --- PASS: TestResolveWorkspaceClientModuleInput//modules/api_from_apps/client (0.00s)
    --- PASS: TestResolveWorkspaceClientModuleInput/._from_apps (0.00s)
    --- PASS: TestResolveWorkspaceClientModuleInput/.._from_apps (0.00s)
    --- PASS: TestResolveWorkspaceClientModuleInput/github.com/acme/sdk@v1.2.3_from_apps/client (0.00s)
--- PASS: TestWorkspaceLockExcludePattern (0.00s)
    --- PASS: TestWorkspaceLockExcludePattern/exact_workspace_path (0.00s)
    --- PASS: TestWorkspaceLockExcludePattern/ancestor_snapshot (0.00s)
    --- PASS: TestWorkspaceLockExcludePattern/different_path (0.00s)
    --- PASS: TestWorkspaceLockExcludePattern/remote_workspace (0.00s)
    --- PASS: TestWorkspaceLockExcludePattern/descendant_path (0.00s)
    --- PASS: TestWorkspaceLockExcludePattern/no_lockfile_selected (0.00s)
    --- PASS: TestWorkspaceLockExcludePattern/rebased_snapshot_root (0.00s)
    --- PASS: TestWorkspaceLockExcludePattern/different_client (0.00s)
PASS
ok  	github.com/dagger/dagger/core/schema	43.365s
=== RUN   TestCacheArbitraryLateCleanupBlocksClose
=== RUN   TestCacheArbitraryLateCleanupBlocksClose/success
=== RUN   TestCacheArbitraryLateCleanupBlocksClose/release_error
--- PASS: TestCacheArbitraryLateCleanupBlocksClose (0.00s)
    --- PASS: TestCacheArbitraryLateCleanupBlocksClose/success (0.00s)
    --- PASS: TestCacheArbitraryLateCleanupBlocksClose/release_error (0.00s)
=== RUN   TestCacheArbitraryCancellationKeepsOtherWaiter
--- PASS: TestCacheArbitraryCancellationKeepsOtherWaiter (0.00s)
=== RUN   TestCacheArbitraryLateCleanupKeepsReplacement
--- PASS: TestCacheArbitraryLateCleanupKeepsReplacement (0.00s)
=== RUN   TestCacheArbitraryCanceledWaiterTakesPublishedCleanup
--- PASS: TestCacheArbitraryCanceledWaiterTakesPublishedCleanup (0.00s)
=== RUN   TestCacheCanonicalEquivalentSwapRacesSessionRelease
    cache_canonical_race_test.go:51: attempt 0: call C adopted result A (id=1): payloadReleased=false reRegistered=true ownership=1
    cache_canonical_race_test.go:51: attempt 1: call C adopted result A (id=1): payloadReleased=false reRegistered=true ownership=1
    cache_canonical_race_test.go:51: attempt 2: call C adopted result A (id=1): payloadReleased=false reRegistered=true ownership=1
    cache_canonical_race_test.go:51: attempt 3: call C adopted result A (id=1): payloadReleased=false reRegistered=true ownership=1
    cache_canonical_race_test.go:51: attempt 4: call C adopted result A (id=1): payloadReleased=false reRegistered=true ownership=1
    cache_canonical_race_test.go:51: attempt 5: call C adopted result A (id=1): payloadReleased=false reRegistered=true ownership=1
    cache_canonical_race_test.go:51: attempt 6: call C adopted result A (id=1): payloadReleased=false reRegistered=true ownership=1
    cache_canonical_race_test.go:51: attempt 7: call C adopted result A (id=1): payloadReleased=false reRegistered=true ownership=1
    cache_canonical_race_test.go:51: attempt 8: call C adopted result A (id=1): payloadReleased=false reRegistered=true ownership=1
    cache_canonical_race_test.go:51: attempt 9: call C adopted result A (id=1): payloadReleased=false reRegistered=true ownership=1
    cache_canonical_race_test.go:51: attempt 10: call C adopted result A (id=1): payloadReleased=false reRegistered=true ownership=1
    cache_canonical_race_test.go:51: attempt 11: call C adopted result A (id=1): payloadReleased=false reRegistered=true ownership=1
    cache_canonical_race_test.go:51: attempt 12: call C adopted result A (id=1): payloadReleased=false reRegistered=true ownership=1
    cache_canonical_race_test.go:51: attempt 13: call C adopted result A (id=1): payloadReleased=false reRegistered=true ownership=1
    cache_canonical_race_test.go:51: attempt 14: call C adopted result A (id=1): payloadReleased=false reRegistered=true ownership=1
    cache_canonical_race_test.go:51: attempt 15: call C adopted result A (id=1): payloadReleased=false reRegistered=true ownership=1
    cache_canonical_race_test.go:51: attempt 16: call C adopted result A (id=1): payloadReleased=false reRegistered=true ownership=1
    cache_canonical_race_test.go:51: attempt 17: call C adopted result A (id=1): payloadReleased=false reRegistered=true ownership=1
    cache_canonical_race_test.go:51: attempt 18: call C adopted result A (id=1): payloadReleased=false reRegistered=true ownership=1
    cache_canonical_race_test.go:51: attempt 19: call C adopted result A (id=1): payloadReleased=false reRegistered=true ownership=1
    cache_canonical_race_test.go:51: attempt 20: call C adopted result A (id=1): payloadReleased=false reRegistered=true ownership=1
    cache_canonical_race_test.go:51: attempt 21: call C adopted result A (id=1): payloadReleased=false reRegistered=true ownership=1
    cache_canonical_race_test.go:51: attempt 22: call C adopted result A (id=1): payloadReleased=false reRegistered=true ownership=1
    cache_canonical_race_test.go:51: attempt 23: call C adopted result A (id=1): payloadReleased=false reRegistered=true ownership=1
    cache_canonical_race_test.go:51: attempt 24: call C adopted result A (id=1): payloadReleased=false reRegistered=true ownership=1
    cache_canonical_race_test.go:51: attempt 25: call C adopted result A (id=1): payloadReleased=false reRegistered=true ownership=1
    cache_canonical_race_test.go:51: attempt 26: call C adopted result A (id=1): payloadReleased=false reRegistered=true ownership=1
    cache_canonical_race_test.go:51: attempt 27: call C adopted result A (id=1): payloadReleased=false reRegistered=true ownership=1
    cache_canonical_race_test.go:51: attempt 28: call C adopted result A (id=1): payloadReleased=false reRegistered=true ownership=1
    cache_canonical_race_test.go:51: attempt 29: call C adopted result A (id=1): payloadReleased=false reRegistered=true ownership=1
    cache_canonical_race_test.go:51: attempt 30: call C adopted result A (id=1): payloadReleased=false reRegistered=true ownership=1
    cache_canonical_race_test.go:51: attempt 31: call C adopted result A (id=1): payloadReleased=false reRegistered=true ownership=1
    cache_canonical_race_test.go:51: attempt 32: call C adopted result A (id=1): payloadReleased=false reRegistered=true ownership=1
    cache_canonical_race_test.go:51: attempt 33: call C adopted result A (id=1): payloadReleased=false reRegistered=true ownership=1
    cache_canonical_race_test.go:51: attempt 34: call C adopted result A (id=1): payloadReleased=false reRegistered=true ownership=1
    cache_canonical_race_test.go:51: attempt 35: call C adopted result A (id=1): payloadReleased=false reRegistered=true ownership=1
    cache_canonical_race_test.go:51: attempt 36: call C adopted result A (id=1): payloadReleased=false reRegistered=true ownership=1
    cache_canonical_race_test.go:51: attempt 37: call C adopted result A (id=1): payloadReleased=false reRegistered=true ownership=1
    cache_canonical_race_test.go:51: attempt 38: call C adopted result A (id=1): payloadReleased=false reRegistered=true ownership=1
    cache_canonical_race_test.go:51: attempt 39: call C adopted result A (id=1): payloadReleased=false reRegistered=true ownership=1
    cache_canonical_race_test.go:51: attempt 40: call C adopted result A (id=1): payloadReleased=false reRegistered=true ownership=1
    cache_canonical_race_test.go:51: attempt 41: call C adopted result A (id=1): payloadReleased=false reRegistered=true ownership=1
    cache_canonical_race_test.go:51: attempt 42: call C adopted result A (id=1): payloadReleased=false reRegistered=true ownership=1
    cache_canonical_race_test.go:51: attempt 43: call C adopted result A (id=1): payloadReleased=false reRegistered=true ownership=1
    cache_canonical_race_test.go:51: attempt 44: call C adopted result A (id=1): payloadReleased=false reRegistered=true ownership=1
    cache_canonical_race_test.go:51: attempt 45: call C adopted result A (id=1): payloadReleased=false reRegistered=true ownership=1
    cache_canonical_race_test.go:51: attempt 46: call C adopted result A (id=1): payloadReleased=false reRegistered=true ownership=1
    cache_canonical_race_test.go:51: attempt 47: call C adopted result A (id=1): payloadReleased=false reRegistered=true ownership=1
    cache_canonical_race_test.go:51: attempt 48: call C adopted result A (id=1): payloadReleased=false reRegistered=true ownership=1
    cache_canonical_race_test.go:51: attempt 49: call C adopted result A (id=1): payloadReleased=false reRegistered=true ownership=1
    cache_canonical_race_test.go:67: no reproduction in 50 attempts (0 benign release-first orderings, 50 adopted-alive orderings)
--- PASS: TestCacheCanonicalEquivalentSwapRacesSessionRelease (0.81s)
=== RUN   TestDebugCacheSnapshotWithQueuedWriter
=== RUN   TestDebugCacheSnapshotWithQueuedWriter/without-writer
=== RUN   TestDebugCacheSnapshotWithQueuedWriter/with-writer
--- PASS: TestDebugCacheSnapshotWithQueuedWriter (0.01s)
    --- PASS: TestDebugCacheSnapshotWithQueuedWriter/without-writer (0.01s)
    --- PASS: TestDebugCacheSnapshotWithQueuedWriter/with-writer (0.01s)
=== RUN   TestDebugCacheSnapshotIncludesResultMetadata
--- PASS: TestDebugCacheSnapshotIncludesResultMetadata (0.00s)
=== RUN   TestDebugCacheSnapshotIncludesCompletedArbitraryCalls
--- PASS: TestDebugCacheSnapshotIncludesCompletedArbitraryCalls (0.00s)
=== RUN   TestCacheOutputEqClassInverseMixedSurvivor
--- PASS: TestCacheOutputEqClassInverseMixedSurvivor (0.00s)
=== RUN   TestCacheOutputEqClassInverseExpiredOnlyDoesNotSurvive
--- PASS: TestCacheOutputEqClassInverseExpiredOnlyDoesNotSurvive (0.00s)
=== RUN   TestCacheOutputEqClassInverseMergeThenRemoval
--- PASS: TestCacheOutputEqClassInverseMergeThenRemoval (0.00s)
=== RUN   TestCacheOutputEqClassInverseForcedCompactionAndReset
--- PASS: TestCacheOutputEqClassInverseForcedCompactionAndReset (0.00s)
=== RUN   TestCacheReleaseCascadePreservesCallbacksAndCleansDerivedIndexes
--- PASS: TestCacheReleaseCascadePreservesCallbacksAndCleansDerivedIndexes (0.00s)
=== RUN   TestCacheExactDigestPostingRemoval
--- PASS: TestCacheExactDigestPostingRemoval (0.00s)
=== RUN   TestCacheBroadImportedPostingRemoval
--- PASS: TestCacheBroadImportedPostingRemoval (0.03s)
=== RUN   TestCachePersistedFreshPruneCleansDerivedIndexes
--- PASS: TestCachePersistedFreshPruneCleansDerivedIndexes (0.00s)
=== RUN   TestCacheEvidenceExecutedFreshCall
=== PAUSE TestCacheEvidenceExecutedFreshCall
=== RUN   TestCacheEvidenceRecipeHit
=== PAUSE TestCacheEvidenceRecipeHit
=== RUN   TestCacheEvidenceDigestRouteHit
=== PAUSE TestCacheEvidenceDigestRouteHit
=== RUN   TestCacheEvidenceStructuralRouteHit
=== PAUSE TestCacheEvidenceStructuralRouteHit
=== RUN   TestCacheEvidenceMissSawExpired
=== PAUSE TestCacheEvidenceMissSawExpired
=== RUN   TestCacheEvidenceSawExpiredThroughEqClassExpansion
=== PAUSE TestCacheEvidenceSawExpiredThroughEqClassExpansion
=== RUN   TestCacheEvidenceMissIncompatibleCandidates
=== PAUSE TestCacheEvidenceMissIncompatibleCandidates
=== RUN   TestCacheEvidenceJoinedAndExecutedCarriers
=== PAUSE TestCacheEvidenceJoinedAndExecutedCarriers
=== RUN   TestCacheEvidenceDoNotCacheUncached
=== PAUSE TestCacheEvidenceDoNotCacheUncached
=== RUN   TestCacheEvidencePendingLazyHitIsHit
=== PAUSE TestCacheEvidencePendingLazyHitIsHit
=== RUN   TestCacheEvidenceUnknownInputIndex
=== PAUSE TestCacheEvidenceUnknownInputIndex
=== RUN   TestCacheEvidencePairingDigestExcludesImplicitInputs
=== PAUSE TestCacheEvidencePairingDigestExcludesImplicitInputs
=== RUN   TestCacheEvidenceCloneDropsCarrier
=== PAUSE TestCacheEvidenceCloneDropsCarrier
=== RUN   TestCacheEvidenceNilCarrierIsNoop
=== PAUSE TestCacheEvidenceNilCarrierIsNoop
=== RUN   TestRemoteCacheExtraDigestMetadata
=== RUN   TestRemoteCacheExtraDigestMetadata/unmarked
=== RUN   TestRemoteCacheExtraDigestMetadata/detached
=== RUN   TestRemoteCacheExtraDigestMetadata/attached
--- PASS: TestRemoteCacheExtraDigestMetadata (0.08s)
    --- PASS: TestRemoteCacheExtraDigestMetadata/unmarked (0.03s)
    --- PASS: TestRemoteCacheExtraDigestMetadata/detached (0.03s)
    --- PASS: TestRemoteCacheExtraDigestMetadata/attached (0.03s)
=== RUN   TestCacheEvaluateRetriesForeignCancellation
--- PASS: TestCacheEvaluateRetriesForeignCancellation (0.00s)
=== RUN   TestCacheEvaluateRetiresFinishedAttemptBeforeWaitersDrain
--- PASS: TestCacheEvaluateRetiresFinishedAttemptBeforeWaitersDrain (0.00s)
=== RUN   TestCacheLazyAttemptDefersSessionCleanupUntilCallbackExit
--- PASS: TestCacheLazyAttemptDefersSessionCleanupUntilCallbackExit (0.00s)
=== RUN   TestCacheEvaluateOwnCancellationOnlyCancelsOwnWait
--- PASS: TestCacheEvaluateOwnCancellationOnlyCancelsOwnWait (0.00s)
=== RUN   TestCacheEvaluatePropagatesCallbackFailure
--- PASS: TestCacheEvaluatePropagatesCallbackFailure (0.00s)
=== RUN   TestCacheEvaluateSettlesBookkeepingBeforeReportingComplete
--- PASS: TestCacheEvaluateSettlesBookkeepingBeforeReportingComplete (0.00s)
=== RUN   TestCacheEvaluatePendingBookkeepingSkipsUnclearedCallback
--- PASS: TestCacheEvaluatePendingBookkeepingSkipsUnclearedCallback (0.00s)
=== RUN   TestCacheHitRegistrationDoesNotRaceLazyCallback
=== PAUSE TestCacheHitRegistrationDoesNotRaceLazyCallback
=== RUN   TestCacheMetadataEstimateFormula
=== PAUSE TestCacheMetadataEstimateFormula
=== RUN   TestCacheMetadataDirectResultBytesUsesCeiling
=== PAUSE TestCacheMetadataDirectResultBytesUsesCeiling
=== RUN   TestCachePruneMetadataEstimateLogsOnlyAfterTrigger
--- PASS: TestCachePruneMetadataEstimateLogsOnlyAfterTrigger (0.00s)
=== RUN   TestCacheMetadataPruneCandidateOrder
=== PAUSE TestCacheMetadataPruneCandidateOrder
=== RUN   TestCacheMetadataPruneCandidateSortCancellation
=== PAUSE TestCacheMetadataPruneCandidateSortCancellation
=== RUN   TestCacheMetadataPruneDependencySortCancellation
=== PAUSE TestCacheMetadataPruneDependencySortCancellation
=== RUN   TestCachePruneMetadataEstimateSkipsPhysicalMeasurementAndUsesColdOrder
=== PAUSE TestCachePruneMetadataEstimateSkipsPhysicalMeasurementAndUsesColdOrder
=== RUN   TestCachePruneMetadataEstimateCreditsCollectedDependencyClosure
=== PAUSE TestCachePruneMetadataEstimateCreditsCollectedDependencyClosure
=== RUN   TestCachePruneMetadataEstimateProtectsActiveAndUnpruneableResults
=== PAUSE TestCachePruneMetadataEstimateProtectsActiveAndUnpruneableResults
=== RUN   TestCachePruneMetadataEstimateCompactionCanRestoreMaximumWithoutEviction
=== PAUSE TestCachePruneMetadataEstimateCompactionCanRestoreMaximumWithoutEviction
=== RUN   TestCachePruneMetadataEstimateMarksReleaseAndSnapshotGCContext
=== PAUSE TestCachePruneMetadataEstimateMarksReleaseAndSnapshotGCContext
=== RUN   TestRemovePersistedEdgeRechecksUnpruneableAfterPlanning
=== RUN   TestRemovePersistedEdgeRechecksUnpruneableAfterPlanning/mode-0
=== RUN   TestRemovePersistedEdgeRechecksUnpruneableAfterPlanning/mode-1
--- PASS: TestRemovePersistedEdgeRechecksUnpruneableAfterPlanning (0.00s)
    --- PASS: TestRemovePersistedEdgeRechecksUnpruneableAfterPlanning/mode-0 (0.00s)
    --- PASS: TestRemovePersistedEdgeRechecksUnpruneableAfterPlanning/mode-1 (0.00s)
=== RUN   TestCachePruneMetadataEstimateCancellationDoesNotMutate
=== PAUSE TestCachePruneMetadataEstimateCancellationDoesNotMutate
=== RUN   TestCachePruneMetadataEstimateCancellationDuringPlanningDoesNotMutate
=== PAUSE TestCachePruneMetadataEstimateCancellationDuringPlanningDoesNotMutate
=== RUN   TestValueTransferOfferCopyFailure
--- PASS: TestValueTransferOfferCopyFailure (0.02s)
=== RUN   TestValueTransferOfferOwners
--- PASS: TestValueTransferOfferOwners (0.00s)
=== RUN   TestValueTransferOwnerPersistence
--- PASS: TestValueTransferOwnerPersistence (0.03s)
=== RUN   TestEvaluatePartsMetadataLeavesSiblingGroupPending
=== PAUSE TestEvaluatePartsMetadataLeavesSiblingGroupPending
=== RUN   TestEvaluatePartsResumeSpansMarkPartialCompletion
=== PAUSE TestEvaluatePartsResumeSpansMarkPartialCompletion
=== RUN   TestEvaluatePartsJointGroupFillsAllMembersOnce
=== PAUSE TestEvaluatePartsJointGroupFillsAllMembersOnce
=== RUN   TestEvaluatePartsSiblingGroupsRunConcurrently
--- PASS: TestEvaluatePartsSiblingGroupsRunConcurrently (0.00s)
=== RUN   TestEvaluatePartsOneCallRunsGroupsConcurrently
--- PASS: TestEvaluatePartsOneCallRunsGroupsConcurrently (0.00s)
=== RUN   TestEvaluatePartsAbandonedSiblingMarksResumeBlocked
--- PASS: TestEvaluatePartsAbandonedSiblingMarksResumeBlocked (0.00s)
=== RUN   TestEvaluatePartsFailureIsolatedPerGroup
=== PAUSE TestEvaluatePartsFailureIsolatedPerGroup
=== RUN   TestEvaluateWholeResultOverGroups
=== PAUSE TestEvaluateWholeResultOverGroups
=== RUN   TestEvaluatePartsRecursionRefusedPerGroup
=== PAUSE TestEvaluatePartsRecursionRefusedPerGroup
=== RUN   TestEvaluatePartsSyncFailureRetriesOnlyBookkeepingPerGroup
--- PASS: TestEvaluatePartsSyncFailureRetriesOnlyBookkeepingPerGroup (0.00s)
=== RUN   TestEvaluatePartsForeignCancellationRetriesPerGroup
--- PASS: TestEvaluatePartsForeignCancellationRetriesPerGroup (0.00s)
=== RUN   TestEvaluatePartsEmptyResolutionRetriesPendingBookkeeping
--- PASS: TestEvaluatePartsEmptyResolutionRetriesPendingBookkeeping (0.00s)
=== RUN   TestPendingLazyComputationWholeGroupStoredOpen
=== RUN   TestPendingLazyComputationWholeGroupStoredOpen/bookkeeping
=== RUN   TestPendingLazyComputationWholeGroupStoredOpen/armed
=== RUN   TestPendingLazyComputationWholeGroupStoredOpen/in_flight
--- PASS: TestPendingLazyComputationWholeGroupStoredOpen (0.00s)
    --- PASS: TestPendingLazyComputationWholeGroupStoredOpen/bookkeeping (0.00s)
    --- PASS: TestPendingLazyComputationWholeGroupStoredOpen/armed (0.00s)
    --- PASS: TestPendingLazyComputationWholeGroupStoredOpen/in_flight (0.00s)
=== RUN   TestCapturePersistedRecordValuesAndColdCopies
--- PASS: TestCapturePersistedRecordValuesAndColdCopies (0.03s)
=== RUN   TestCapturePersistedRecordLazyReadiness
=== RUN   TestCapturePersistedRecordLazyReadiness/whole
=== RUN   TestCapturePersistedRecordLazyReadiness/parts
--- PASS: TestCapturePersistedRecordLazyReadiness (0.00s)
    --- PASS: TestCapturePersistedRecordLazyReadiness/whole (0.00s)
    --- PASS: TestCapturePersistedRecordLazyReadiness/parts (0.00s)
=== RUN   TestCapturePersistedRecordPendingBookkeeping
--- PASS: TestCapturePersistedRecordPendingBookkeeping (0.00s)
=== RUN   TestCapturePersistedRecordBlocksOnlyItsUnstartedEvaluation
--- PASS: TestCapturePersistedRecordBlocksOnlyItsUnstartedEvaluation (0.00s)
=== RUN   TestCapturePersistedRecordOwnershipAndCancellation
=== RUN   TestCapturePersistedRecordOwnershipAndCancellation/success
=== RUN   TestCapturePersistedRecordOwnershipAndCancellation/cancellation
--- PASS: TestCapturePersistedRecordOwnershipAndCancellation (0.00s)
    --- PASS: TestCapturePersistedRecordOwnershipAndCancellation/success (0.00s)
    --- PASS: TestCapturePersistedRecordOwnershipAndCancellation/cancellation (0.00s)
=== RUN   TestCapturePersistedRecordErrorsAndClose
--- PASS: TestCapturePersistedRecordErrorsAndClose (0.00s)
=== RUN   TestCapturePersistedRecordInitialAttachment
=== RUN   TestCapturePersistedRecordInitialAttachment/clean
=== RUN   TestCapturePersistedRecordInitialAttachment/failed
--- PASS: TestCapturePersistedRecordInitialAttachment (0.00s)
    --- PASS: TestCapturePersistedRecordInitialAttachment/clean (0.00s)
    --- PASS: TestCapturePersistedRecordInitialAttachment/failed (0.00s)
=== RUN   TestPersistDecodeChildLoadBorrowsAdmittedOperation
=== RUN   TestPersistDecodeChildLoadBorrowsAdmittedOperation/decode_context_child_load_completes
=== RUN   TestPersistDecodeChildLoadBorrowsAdmittedOperation/public_loader_child_load_is_rejected_(control)
--- PASS: TestPersistDecodeChildLoadBorrowsAdmittedOperation (0.40s)
    --- PASS: TestPersistDecodeChildLoadBorrowsAdmittedOperation/decode_context_child_load_completes (0.08s)
    --- PASS: TestPersistDecodeChildLoadBorrowsAdmittedOperation/public_loader_child_load_is_rejected_(control) (0.32s)
=== RUN   TestVisitPersistedCallIDPreservesRecursiveWrapper
=== RUN   TestVisitPersistedCallIDPreservesRecursiveWrapper/[[String!]!]!
=== RUN   TestVisitPersistedCallIDPreservesRecursiveWrapper/[[PersistCodecObj]]
=== RUN   TestVisitPersistedCallIDPreservesRecursiveWrapper/[Int!]
--- PASS: TestVisitPersistedCallIDPreservesRecursiveWrapper (0.00s)
    --- PASS: TestVisitPersistedCallIDPreservesRecursiveWrapper/[[String!]!]! (0.00s)
    --- PASS: TestVisitPersistedCallIDPreservesRecursiveWrapper/[[PersistCodecObj]] (0.00s)
    --- PASS: TestVisitPersistedCallIDPreservesRecursiveWrapper/[Int!] (0.00s)
=== RUN   TestPersistedInterfaceListUsesInstalledInterface
=== RUN   TestPersistedInterfaceListUsesInstalledInterface/without_the_installed_interface_the_declared_type_cannot_be_read_by_the_concrete_class
--- PASS: TestPersistedInterfaceListUsesInstalledInterface (0.01s)
    --- PASS: TestPersistedInterfaceListUsesInstalledInterface/without_the_installed_interface_the_declared_type_cannot_be_read_by_the_concrete_class (0.00s)
=== RUN   TestPersistedAttachedNullKeepsOwnedDependencyAndResource
--- PASS: TestPersistedAttachedNullKeepsOwnedDependencyAndResource (0.02s)
=== RUN   TestPersistedAttachedNullKeepsRowIdentity
=== RUN   TestPersistedAttachedNullKeepsRowIdentity/scalar_null_encoding_fails_to_decode
=== RUN   TestPersistedAttachedNullKeepsRowIdentity/absence_without_a_row_ID_decodes_to_nothing
=== RUN   TestPersistedAttachedNullKeepsRowIdentity/absence_declared_non-null_is_rejected
--- PASS: TestPersistedAttachedNullKeepsRowIdentity (0.01s)
    --- PASS: TestPersistedAttachedNullKeepsRowIdentity/scalar_null_encoding_fails_to_decode (0.00s)
    --- PASS: TestPersistedAttachedNullKeepsRowIdentity/absence_without_a_row_ID_decodes_to_nothing (0.00s)
    --- PASS: TestPersistedAttachedNullKeepsRowIdentity/absence_declared_non-null_is_rejected (0.00s)
=== RUN   TestPersistedScalarNumbersAreExact
=== RUN   TestPersistedScalarNumbersAreExact/above_float_mantissa
=== RUN   TestPersistedScalarNumbersAreExact/max_int64
=== RUN   TestPersistedScalarNumbersAreExact/min_int64
=== RUN   TestPersistedScalarNumbersAreExact/ordinary_float
=== RUN   TestPersistedScalarNumbersAreExact/large_float
=== RUN   TestPersistedScalarNumbersAreExact/string
=== RUN   TestPersistedScalarNumbersAreExact/untyped_float_decoding_loses_the_large_integer
=== RUN   TestPersistedScalarNumbersAreExact/trailing_data_is_an_error
=== RUN   TestPersistedScalarNumbersAreExact/out_of_range_stays_an_error
--- PASS: TestPersistedScalarNumbersAreExact (0.00s)
    --- PASS: TestPersistedScalarNumbersAreExact/above_float_mantissa (0.00s)
    --- PASS: TestPersistedScalarNumbersAreExact/max_int64 (0.00s)
    --- PASS: TestPersistedScalarNumbersAreExact/min_int64 (0.00s)
    --- PASS: TestPersistedScalarNumbersAreExact/ordinary_float (0.00s)
    --- PASS: TestPersistedScalarNumbersAreExact/large_float (0.00s)
    --- PASS: TestPersistedScalarNumbersAreExact/string (0.00s)
    --- PASS: TestPersistedScalarNumbersAreExact/untyped_float_decoding_loses_the_large_integer (0.00s)
    --- PASS: TestPersistedScalarNumbersAreExact/trailing_data_is_an_error (0.00s)
    --- PASS: TestPersistedScalarNumbersAreExact/out_of_range_stays_an_error (0.00s)
=== RUN   TestPersistedListsRebuildDeclaredTypes
=== RUN   TestPersistedListsRebuildDeclaredTypes/empty_nested_non-null
=== RUN   TestPersistedListsRebuildDeclaredTypes/all-null_nested
=== RUN   TestPersistedListsRebuildDeclaredTypes/optional_elements
=== RUN   TestPersistedListsRebuildDeclaredTypes/interface_elements
=== RUN   TestPersistedListsRebuildDeclaredTypes/raw_nested_arrays
=== RUN   TestPersistedListsRebuildDeclaredTypes/custom_scalar_elements
=== RUN   TestPersistedListsRebuildDeclaredTypes/nullable_declaration_is_presented_like_a_fresh_nullable_result
=== RUN   TestPersistedListsRebuildDeclaredTypes/a_call_without_a_declared_list_type_is_rejected
--- PASS: TestPersistedListsRebuildDeclaredTypes (0.00s)
    --- PASS: TestPersistedListsRebuildDeclaredTypes/empty_nested_non-null (0.00s)
    --- PASS: TestPersistedListsRebuildDeclaredTypes/all-null_nested (0.00s)
    --- PASS: TestPersistedListsRebuildDeclaredTypes/optional_elements (0.00s)
    --- PASS: TestPersistedListsRebuildDeclaredTypes/interface_elements (0.00s)
    --- PASS: TestPersistedListsRebuildDeclaredTypes/raw_nested_arrays (0.00s)
    --- PASS: TestPersistedListsRebuildDeclaredTypes/custom_scalar_elements (0.00s)
    --- PASS: TestPersistedListsRebuildDeclaredTypes/nullable_declaration_is_presented_like_a_fresh_nullable_result (0.00s)
    --- PASS: TestPersistedListsRebuildDeclaredTypes/a_call_without_a_declared_list_type_is_rejected (0.00s)
=== RUN   TestPersistedScalarDecodeResolvesDefiningServer
--- PASS: TestPersistedScalarDecodeResolvesDefiningServer (0.01s)
=== RUN   TestPersistedObjectFamilyDispatch
=== RUN   TestPersistedObjectFamilyDispatch/unregistered_codec_cannot_encode
=== RUN   TestPersistedObjectFamilyDispatch/unknown_family_is_rejected
=== RUN   TestPersistedObjectFamilyDispatch/family_must_match_the_decoding_type
=== RUN   TestPersistedObjectFamilyDispatch/old_envelope_versions_are_rejected
=== RUN   TestPersistedObjectFamilyDispatch/every_registered_family_names_a_distinct_Go_type
--- PASS: TestPersistedObjectFamilyDispatch (0.00s)
    --- PASS: TestPersistedObjectFamilyDispatch/unregistered_codec_cannot_encode (0.00s)
    --- PASS: TestPersistedObjectFamilyDispatch/unknown_family_is_rejected (0.00s)
    --- PASS: TestPersistedObjectFamilyDispatch/family_must_match_the_decoding_type (0.00s)
    --- PASS: TestPersistedObjectFamilyDispatch/old_envelope_versions_are_rejected (0.00s)
    --- PASS: TestPersistedObjectFamilyDispatch/every_registered_family_names_a_distinct_Go_type (0.00s)
=== RUN   TestVisitEncodedReferencesRelocatesDeclaredPositions
=== RUN   TestVisitEncodedReferencesRelocatesDeclaredPositions/a_missing_mapping_fails_without_partial_writes
=== RUN   TestVisitEncodedReferencesRelocatesDeclaredPositions/a_mismatched_envelope_identity_is_rejected
=== RUN   TestVisitEncodedReferencesRelocatesDeclaredPositions/a_root_reference_envelope_is_rejected
--- PASS: TestVisitEncodedReferencesRelocatesDeclaredPositions (0.00s)
    --- PASS: TestVisitEncodedReferencesRelocatesDeclaredPositions/a_missing_mapping_fails_without_partial_writes (0.00s)
    --- PASS: TestVisitEncodedReferencesRelocatesDeclaredPositions/a_mismatched_envelope_identity_is_rejected (0.00s)
    --- PASS: TestVisitEncodedReferencesRelocatesDeclaredPositions/a_root_reference_envelope_is_rejected (0.00s)
=== RUN   TestVisitEncodedReferencesClassifiesStorageRoles
=== RUN   TestVisitEncodedReferencesClassifiesStorageRoles/a_family_declaring_no_references_rejects_storage_links
--- PASS: TestVisitEncodedReferencesClassifiesStorageRoles (0.00s)
    --- PASS: TestVisitEncodedReferencesClassifiesStorageRoles/a_family_declaring_no_references_rejects_storage_links (0.00s)
=== RUN   TestVisitPersistedCallIDTranslatesHandlesOnly
--- PASS: TestVisitPersistedCallIDTranslatesHandlesOnly (0.00s)
=== RUN   TestPersistedSecondSaveThroughRestart
--- PASS: TestPersistedSecondSaveThroughRestart (0.02s)
=== RUN   TestVisitEncodedReferencesRequiresEveryRoleOnce
=== RUN   TestVisitEncodedReferencesRequiresEveryRoleOnce/a_null_root_cannot_declare_storage_roles
=== RUN   TestVisitEncodedReferencesRequiresEveryRoleOnce/a_scalar_json_root_cannot_declare_storage_roles
=== RUN   TestVisitEncodedReferencesRequiresEveryRoleOnce/a_list_root_cannot_declare_storage_roles
--- PASS: TestVisitEncodedReferencesRequiresEveryRoleOnce (0.00s)
    --- PASS: TestVisitEncodedReferencesRequiresEveryRoleOnce/a_null_root_cannot_declare_storage_roles (0.00s)
    --- PASS: TestVisitEncodedReferencesRequiresEveryRoleOnce/a_scalar_json_root_cannot_declare_storage_roles (0.00s)
    --- PASS: TestVisitEncodedReferencesRequiresEveryRoleOnce/a_list_root_cannot_declare_storage_roles (0.00s)
=== RUN   TestPersistAbsentRowValidatedAtCapture
--- PASS: TestPersistAbsentRowValidatedAtCapture (0.00s)
=== RUN   TestPersistInputProvenanceValidateResult
--- PASS: TestPersistInputProvenanceValidateResult (0.00s)
=== RUN   TestPersistInputProvenanceRejectsMissingPayload
--- PASS: TestPersistInputProvenanceRejectsMissingPayload (0.00s)
=== RUN   TestPersistInputProvenanceRejectsUnknownKind
--- PASS: TestPersistInputProvenanceRejectsUnknownKind (0.00s)
=== RUN   TestCachePersistenceImportRoundTripAcrossRestart
=== PAUSE TestCachePersistenceImportRoundTripAcrossRestart
=== RUN   TestCachePersistenceImportRoundTripObjectResult
=== PAUSE TestCachePersistenceImportRoundTripObjectResult
=== RUN   TestCachePersistenceImportedObjectHitWithoutServerErrors
=== PAUSE TestCachePersistenceImportedObjectHitWithoutServerErrors
=== RUN   TestCachePersistenceImportedObjectAliasSupportsChainedSelect
=== PAUSE TestCachePersistenceImportedObjectAliasSupportsChainedSelect
=== RUN   TestCachePersistenceImportedObjectLoadSerializesPersistedDecode
--- PASS: TestCachePersistenceImportedObjectLoadSerializesPersistedDecode (0.06s)
=== RUN   TestCachePersistenceUncleanMarkerWipesStore
=== PAUSE TestCachePersistenceUncleanMarkerWipesStore
=== RUN   TestCachePersistenceSchemaMismatchWipesStore
=== PAUSE TestCachePersistenceSchemaMismatchWipesStore
=== RUN   TestCacheCloseDiscardingPersistenceDoesNotMarkClean
=== PAUSE TestCacheCloseDiscardingPersistenceDoesNotMarkClean
=== RUN   TestCachePersistenceImportFailureWipesStore
=== PAUSE TestCachePersistenceImportFailureWipesStore
=== RUN   TestCachePersistenceImportedDecodeLeaderCancelRetriesJoiner
--- PASS: TestCachePersistenceImportedDecodeLeaderCancelRetriesJoiner (0.01s)
=== RUN   TestCachePersistenceImportedDecodeLeaseSyncCancelRetriesSync
--- PASS: TestCachePersistenceImportedDecodeLeaseSyncCancelRetriesSync (0.01s)
=== RUN   TestCachePersistenceImportedDecodeJoinerOwnCancelReturnsOwnCause
--- PASS: TestCachePersistenceImportedDecodeJoinerOwnCancelReturnsOwnCause (0.02s)
=== RUN   TestCachePersistenceImportedDecodeFailurePropagatesToJoiners
--- PASS: TestCachePersistenceImportedDecodeFailurePropagatesToJoiners (0.01s)
=== RUN   TestCachePersistenceImportedDecodeStaleReaderDoesNotLeadAfterSuccess
--- PASS: TestCachePersistenceImportedDecodeStaleReaderDoesNotLeadAfterSuccess (0.01s)
=== RUN   TestCachePersistenceImportRecomputesRequiredDepsFirst
=== PAUSE TestCachePersistenceImportRecomputesRequiredDepsFirst
=== RUN   TestCachePersistenceDecodeInstallPreservesRequiredSessionResources
=== PAUSE TestCachePersistenceDecodeInstallPreservesRequiredSessionResources
=== RUN   TestCacheLoadResultByResultIDRefusesUnboundSession
=== PAUSE TestCacheLoadResultByResultIDRefusesUnboundSession
=== RUN   TestPersistedScalarListSurvivesRepeatedRestore
--- PASS: TestPersistedScalarListSurvivesRepeatedRestore (0.01s)
=== RUN   TestPersistedNestedListSurvivesRepeatedRestore
--- PASS: TestPersistedNestedListSurvivesRepeatedRestore (0.02s)
=== RUN   TestPersistedListDefersReferencedChildrenWithoutServer
--- PASS: TestPersistedListDefersReferencedChildrenWithoutServer (0.00s)
=== RUN   TestPersistedListPrepassUsesChildCall
--- PASS: TestPersistedListPrepassUsesChildCall (0.01s)
=== RUN   TestPersistedSelfCodecInlineListForms
=== RUN   TestPersistedSelfCodecInlineListForms/[Int!]!
=== RUN   TestPersistedSelfCodecInlineListForms/[String!]!
=== RUN   TestPersistedSelfCodecInlineListForms/[Int!]!#01
=== RUN   TestPersistedSelfCodecInlineListForms/[[Int!]!]!
--- PASS: TestPersistedSelfCodecInlineListForms (0.00s)
    --- PASS: TestPersistedSelfCodecInlineListForms/[Int!]! (0.00s)
    --- PASS: TestPersistedSelfCodecInlineListForms/[String!]! (0.00s)
    --- PASS: TestPersistedSelfCodecInlineListForms/[Int!]!#01 (0.00s)
    --- PASS: TestPersistedSelfCodecInlineListForms/[[Int!]!]! (0.00s)
=== RUN   TestPersistedEncodingQuiescenceReachesInlineObjects
=== RUN   TestPersistedEncodingQuiescenceReachesInlineObjects/object
=== RUN   TestPersistedEncodingQuiescenceReachesInlineObjects/nested-inline-list
--- PASS: TestPersistedEncodingQuiescenceReachesInlineObjects (0.00s)
    --- PASS: TestPersistedEncodingQuiescenceReachesInlineObjects/object (0.00s)
    --- PASS: TestPersistedEncodingQuiescenceReachesInlineObjects/nested-inline-list (0.00s)
=== RUN   TestPersistedSelfCodecScalarRoundTrip
=== PAUSE TestPersistedSelfCodecScalarRoundTrip
=== RUN   TestPersistedSelfCodecObjectIDRoundTrip
=== PAUSE TestPersistedSelfCodecObjectIDRoundTrip
=== RUN   TestPersistedSelfCodecUsesSharedObjectClassification
=== PAUSE TestPersistedSelfCodecUsesSharedObjectClassification
=== RUN   TestObjectCacheHitPreservesObjectResultShape
=== PAUSE TestObjectCacheHitPreservesObjectResultShape
=== RUN   TestPersistedSelfCodecNestedListRoundTrip
=== PAUSE TestPersistedSelfCodecNestedListRoundTrip
=== RUN   TestPersistedSelfCodecRawObjectArrayRoundTrip
=== PAUSE TestPersistedSelfCodecRawObjectArrayRoundTrip
=== RUN   TestPersistedSelfCodecRejectsNonPersistedObjectLikeScalar
=== PAUSE TestPersistedSelfCodecRejectsNonPersistedObjectLikeScalar
=== RUN   TestCachePersistenceWorkerMirrorsRetainedPersistableResult
=== PAUSE TestCachePersistenceWorkerMirrorsRetainedPersistableResult
=== RUN   TestCachePersistenceWorkerMirrorsUnpruneablePersistedEdge
=== PAUSE TestCachePersistenceWorkerMirrorsUnpruneablePersistedEdge
=== RUN   TestCachePersistenceDoesNotWriteDuringRuntime
=== PAUSE TestCachePersistenceDoesNotWriteDuringRuntime
=== RUN   TestCachePersistenceWorkerMirrorsPrunedStateAfterRelease
=== PAUSE TestCachePersistenceWorkerMirrorsPrunedStateAfterRelease
=== RUN   TestCachePersistenceWorkerMirrorsAuthoritativeEgraphState
=== PAUSE TestCachePersistenceWorkerMirrorsAuthoritativeEgraphState
=== RUN   TestCachePersistenceSnapshotOmitsSessionOnlyResult
=== PAUSE TestCachePersistenceSnapshotOmitsSessionOnlyResult
=== RUN   TestCachePersistenceSnapshotKeepsOnlyCompletePersistedRootClosures
--- PASS: TestCachePersistenceSnapshotKeepsOnlyCompletePersistedRootClosures (0.01s)
=== RUN   TestCachePersistenceCleanShutdownToggleOnClose
=== PAUSE TestCachePersistenceCleanShutdownToggleOnClose
=== RUN   TestProfileSkipControlsSingleflightEmit
--- PASS: TestProfileSkipControlsSingleflightEmit (0.00s)
=== RUN   TestProfileSkipStaticCutSingleflightJoiner
--- PASS: TestProfileSkipStaticCutSingleflightJoiner (0.00s)
=== RUN   TestProfileSkipControlsLazyEmit
=== RUN   TestProfileSkipControlsLazyEmit/skipped_producer_emits_no_lazy_OTel_span
=== RUN   TestProfileSkipControlsLazyEmit/kept_producer_emits_a_lazy_OTel_span
--- PASS: TestProfileSkipControlsLazyEmit (0.00s)
    --- PASS: TestProfileSkipControlsLazyEmit/skipped_producer_emits_no_lazy_OTel_span (0.00s)
    --- PASS: TestProfileSkipControlsLazyEmit/kept_producer_emits_a_lazy_OTel_span (0.00s)
=== RUN   TestProfileSkipLazyCrossRecipeForcerStaysClean
--- PASS: TestProfileSkipLazyCrossRecipeForcerStaysClean (0.00s)
=== RUN   TestProfileSkipDoesNotBlindInvalidTargetDetector
--- PASS: TestProfileSkipDoesNotBlindInvalidTargetDetector (0.00s)
=== RUN   TestCachePrunePolicyMatchesLegacyRecordTypeListFilter
--- PASS: TestCachePrunePolicyMatchesLegacyRecordTypeListFilter (0.00s)
=== RUN   TestCachePrunePolicyMatchesExistingScalarFilters
--- PASS: TestCachePrunePolicyMatchesExistingScalarFilters (0.00s)
=== RUN   TestPruneLogLiteralValueRendersBytesOpaque
--- PASS: TestPruneLogLiteralValueRendersBytesOpaque (0.00s)
=== RUN   TestCachePersistableAttachmentFailureDoesNotRetain
--- PASS: TestCachePersistableAttachmentFailureDoesNotRetain (0.00s)
=== RUN   TestCachePersistableHitWaitsForCleanAttachmentBeforePersisting
--- PASS: TestCachePersistableHitWaitsForCleanAttachmentBeforePersisting (0.00s)
=== RUN   TestCacheErroredAttachmentIsSkippedAndReexecuted
--- PASS: TestCacheErroredAttachmentIsSkippedAndReexecuted (0.00s)
=== RUN   TestCacheAdoptionSkipsOpenAttachmentSibling
--- PASS: TestCacheAdoptionSkipsOpenAttachmentSibling (0.00s)
=== RUN   TestCachePersistedEdgeInstallRejectsCollectedResult
--- PASS: TestCachePersistedEdgeInstallRejectsCollectedResult (0.00s)
=== RUN   TestCacheOperationLeaseFailureCancelsSharedContext
--- PASS: TestCacheOperationLeaseFailureCancelsSharedContext (0.00s)
=== RUN   TestCacheSessionResultClaimAndReleaseAreAtomic
=== RUN   TestCacheSessionResultClaimAndReleaseAreAtomic/claim_wins
=== RUN   TestCacheSessionResultClaimAndReleaseAreAtomic/release_wins
--- PASS: TestCacheSessionResultClaimAndReleaseAreAtomic (0.00s)
    --- PASS: TestCacheSessionResultClaimAndReleaseAreAtomic/claim_wins (0.00s)
    --- PASS: TestCacheSessionResultClaimAndReleaseAreAtomic/release_wins (0.00s)
=== RUN   TestCacheRefusedFinalWaiterCommitsPersistenceBeforeHandoffRelease
--- PASS: TestCacheRefusedFinalWaiterCommitsPersistenceBeforeHandoffRelease (0.00s)
=== RUN   TestCacheArbitrarySessionClaimAndReleaseAreAtomic
=== RUN   TestCacheArbitrarySessionClaimAndReleaseAreAtomic/claim_wins
=== RUN   TestCacheArbitrarySessionClaimAndReleaseAreAtomic/release_wins
--- PASS: TestCacheArbitrarySessionClaimAndReleaseAreAtomic (0.00s)
    --- PASS: TestCacheArbitrarySessionClaimAndReleaseAreAtomic/claim_wins (0.00s)
    --- PASS: TestCacheArbitrarySessionClaimAndReleaseAreAtomic/release_wins (0.00s)
=== RUN   TestCacheArbitraryReleasedSessionDoesNotInitializeValue
--- PASS: TestCacheArbitraryReleasedSessionDoesNotInitializeValue (0.00s)
=== RUN   TestCacheReleasedSessionErrorIncludesSessionID
--- PASS: TestCacheReleasedSessionErrorIncludesSessionID (0.00s)
=== RUN   TestCacheSessionReleaseRefusesClaimedResultAtOperationExit
--- PASS: TestCacheSessionReleaseRefusesClaimedResultAtOperationExit (0.00s)
=== RUN   TestCacheArbitraryReleaseRefusesValueAtOperationExit
--- PASS: TestCacheArbitraryReleaseRefusesValueAtOperationExit (0.00s)
=== RUN   TestCacheWaitSessionReleaseWaitsForDeferredCleanup
--- PASS: TestCacheWaitSessionReleaseWaitsForDeferredCleanup (0.00s)
=== RUN   TestCacheWaitSessionReleaseCancellation
--- PASS: TestCacheWaitSessionReleaseCancellation (0.00s)
=== RUN   TestCacheWaitSessionReleaseRequiresRelease
--- PASS: TestCacheWaitSessionReleaseRequiresRelease (0.00s)
=== RUN   TestCacheDeferredReleaseErrorSurfacesFromClose
--- PASS: TestCacheDeferredReleaseErrorSurfacesFromClose (0.00s)
=== RUN   TestCacheSynchronousReleaseErrorFailsCloseDirty
--- PASS: TestCacheSynchronousReleaseErrorFailsCloseDirty (0.00s)
=== RUN   TestCacheCloseCancellationFailsDirtyWhileOperationActive
--- PASS: TestCacheCloseCancellationFailsDirtyWhileOperationActive (0.02s)
=== RUN   TestCacheReleasedSessionDoesNotRecreateSpanMaps
--- PASS: TestCacheReleasedSessionDoesNotRecreateSpanMaps (0.00s)
=== RUN   TestCacheSnapshotOwnerLeaseSyncDefersSessionCleanup
--- PASS: TestCacheSnapshotOwnerLeaseSyncDefersSessionCleanup (0.00s)
=== RUN   TestCachePersistenceWorkerMirrorsSnapshotManagerMetadataRows
=== PAUSE TestCachePersistenceWorkerMirrorsSnapshotManagerMetadataRows
=== RUN   TestCachePersistenceImportHydratesSnapshotMetadataAndSyncsOwnerLeases
=== PAUSE TestCachePersistenceImportHydratesSnapshotMetadataAndSyncsOwnerLeases
=== RUN   TestCachePersistenceImportedSnapshotLinksContributeUsageBeforeDecode
=== PAUSE TestCachePersistenceImportedSnapshotLinksContributeUsageBeforeDecode
=== RUN   TestCachePruneThresholdUsesImportedSnapshotLinkUsage
=== PAUSE TestCachePruneThresholdUsesImportedSnapshotLinkUsage
=== RUN   TestCachePersistenceWorkerUsesEncodedSnapshotLinks
=== PAUSE TestCachePersistenceWorkerUsesEncodedSnapshotLinks
=== RUN   TestCacheRejectsNilTypeResolver
=== PAUSE TestCacheRejectsNilTypeResolver
=== RUN   TestCacheRejectsEmptySessionIDForOwningEntrypoints
=== PAUSE TestCacheRejectsEmptySessionIDForOwningEntrypoints
=== RUN   TestSharedCallUsesOneClientScopeLeaseForAllWaiters
=== PAUSE TestSharedCallUsesOneClientScopeLeaseForAllWaiters
=== RUN   TestSharedCallReleasesLeaseWhenLastWaiterCancelsAfterCompletion
=== PAUSE TestSharedCallReleasesLeaseWhenLastWaiterCancelsAfterCompletion
=== RUN   TestAttachResultAllowsAlreadyAttachedResultWithoutFrame
=== PAUSE TestAttachResultAllowsAlreadyAttachedResultWithoutFrame
=== RUN   TestCaptureSessionLazySpanContextFirstWriterWinsAndRelease
=== PAUSE TestCaptureSessionLazySpanContextFirstWriterWinsAndRelease
=== RUN   TestSessionResultInstallSpanContextsSorted
=== PAUSE TestSessionResultInstallSpanContextsSorted
=== RUN   TestInstallSpanLookupWalksClosureOwnersUpward
=== PAUSE TestInstallSpanLookupWalksClosureOwnersUpward
=== RUN   TestEvaluateLazyUsesOriginalSpanForLogsAndNestedSpans
=== PAUSE TestEvaluateLazyUsesOriginalSpanForLogsAndNestedSpans
=== RUN   TestEvaluateLazyPrerequisiteFailureMarksResumeBlocked
=== PAUSE TestEvaluateLazyPrerequisiteFailureMarksResumeBlocked
=== RUN   TestEvaluateLazyOwnFailureNotMarkedBlocked
=== PAUSE TestEvaluateLazyOwnFailureNotMarkedBlocked
=== RUN   TestCacheVolatileSessionResourceInvariants
=== PAUSE TestCacheVolatileSessionResourceInvariants
=== RUN   TestCacheVolatileConcurrentSessionsDivergentValues
=== PAUSE TestCacheVolatileConcurrentSessionsDivergentValues
=== RUN   TestCacheVolatileNestedWithNonVolatile
=== PAUSE TestCacheVolatileNestedWithNonVolatile
=== RUN   TestCacheConcurrent
=== PAUSE TestCacheConcurrent
=== RUN   TestCacheEvaluate
=== PAUSE TestCacheEvaluate
=== RUN   TestCacheErrors
=== PAUSE TestCacheErrors
=== RUN   TestCacheRecursiveCall
=== PAUSE TestCacheRecursiveCall
=== RUN   TestCacheContextCancel
=== RUN   TestCacheContextCancel/cancels_after_all_are_canceled
=== PAUSE TestCacheContextCancel/cancels_after_all_are_canceled
=== RUN   TestCacheContextCancel/succeeds_if_others_are_canceled
=== PAUSE TestCacheContextCancel/succeeds_if_others_are_canceled
=== RUN   TestCacheContextCancel/shared_call_keeps_dedicated_lease_across_completion
=== PAUSE TestCacheContextCancel/shared_call_keeps_dedicated_lease_across_completion
=== RUN   TestCacheContextCancel/last_waiter_canceled_fn_returns_value_still_releases
=== PAUSE TestCacheContextCancel/last_waiter_canceled_fn_returns_value_still_releases
=== CONT  TestCacheContextCancel/cancels_after_all_are_canceled
=== CONT  TestCacheContextCancel/shared_call_keeps_dedicated_lease_across_completion
=== CONT  TestCacheContextCancel/succeeds_if_others_are_canceled
=== CONT  TestCacheContextCancel/last_waiter_canceled_fn_returns_value_still_releases
    cache_test.go:2289: TODO: re-enable after last-waiter canceled cleanup semantics are decided
--- PASS: TestCacheContextCancel (0.00s)
    --- SKIP: TestCacheContextCancel/last_waiter_canceled_fn_returns_value_still_releases (0.00s)
    --- PASS: TestCacheContextCancel/cancels_after_all_are_canceled (0.00s)
    --- PASS: TestCacheContextCancel/succeeds_if_others_are_canceled (0.00s)
    --- PASS: TestCacheContextCancel/shared_call_keeps_dedicated_lease_across_completion (0.01s)
=== RUN   TestSkipDedupe
=== PAUSE TestSkipDedupe
=== RUN   TestCacheNilKeyIDRejected
=== PAUSE TestCacheNilKeyIDRejected
=== RUN   TestCacheDifferentConcurrencyKeysDoNotDedupe
=== PAUSE TestCacheDifferentConcurrencyKeysDoNotDedupe
=== RUN   TestCacheNilResultIsCached
=== PAUSE TestCacheNilResultIsCached
=== RUN   TestEquivalencySetCacheHits
=== PAUSE TestEquivalencySetCacheHits
=== RUN   TestDirectDigestLookupHitsWithoutTermIndex
=== RUN   TestDirectDigestLookupHitsWithoutTermIndex/exact_recipe_digest_hit_without_term_index
=== RUN   TestDirectDigestLookupHitsWithoutTermIndex/extra_digest_hit_without_term_index
--- PASS: TestDirectDigestLookupHitsWithoutTermIndex (0.00s)
    --- PASS: TestDirectDigestLookupHitsWithoutTermIndex/exact_recipe_digest_hit_without_term_index (0.00s)
    --- PASS: TestDirectDigestLookupHitsWithoutTermIndex/extra_digest_hit_without_term_index (0.00s)
=== RUN   TestIndexResultDigestsUsesExplicitRequestAndResponseIDs
=== PAUSE TestIndexResultDigestsUsesExplicitRequestAndResponseIDs
=== RUN   TestStructuralHitCanReuseResultFromSameOutputEqClass
--- PASS: TestStructuralHitCanReuseResultFromSameOutputEqClass (0.00s)
=== RUN   TestTeachCallEquivalentToResult
=== PAUSE TestTeachCallEquivalentToResult
=== RUN   TestPendingResultCallRefRecipeID
=== PAUSE TestPendingResultCallRefRecipeID
=== RUN   TestAttachResultNormalizesPendingResultCallRef
=== PAUSE TestAttachResultNormalizesPendingResultCallRef
=== RUN   TestObjectResultResultCallAndReceiver
=== PAUSE TestObjectResultResultCallAndReceiver
=== RUN   TestCacheHitRewrapsObjectResultForCurrentServer
=== PAUSE TestCacheHitRewrapsObjectResultForCurrentServer
=== RUN   TestClassNewRewrapsObjectResult
=== PAUSE TestClassNewRewrapsObjectResult
=== RUN   TestClassNewRewrapPreservesModuleCacheIsolation
=== PAUSE TestClassNewRewrapPreservesModuleCacheIsolation
=== RUN   TestInputSpecsInputsFromResultCallArgs
=== PAUSE TestInputSpecsInputsFromResultCallArgs
=== RUN   TestResultContentPreferredDigestUsesContentDigest
=== PAUSE TestResultContentPreferredDigestUsesContentDigest
=== RUN   TestLookupCacheForIDExtraDigestFallback
=== PAUSE TestLookupCacheForIDExtraDigestFallback
=== RUN   TestHitTeachesReturnedRequestIDToCache
=== PAUSE TestHitTeachesReturnedRequestIDToCache
=== RUN   TestExtraDigestLabelIsolation
=== PAUSE TestExtraDigestLabelIsolation
=== RUN   TestCacheHitReturnIDGetsContentDigestFromEqClassMetadata
=== PAUSE TestCacheHitReturnIDGetsContentDigestFromEqClassMetadata
=== RUN   TestCacheFreshReturnIDGetsContentDigestFromEqClassMetadata
=== PAUSE TestCacheFreshReturnIDGetsContentDigestFromEqClassMetadata
=== RUN   TestCacheTeachContentDigestPreservesAttachment
=== PAUSE TestCacheTeachContentDigestPreservesAttachment
=== RUN   TestCacheTeachContentDigestWithResultRefs
=== PAUSE TestCacheTeachContentDigestWithResultRefs
=== RUN   TestDerefValueForNullables
=== PAUSE TestDerefValueForNullables
=== RUN   TestCacheDoNotCacheNormalizesNestedHitMetadata
=== PAUSE TestCacheDoNotCacheNormalizesNestedHitMetadata
=== RUN   TestCacheDoNotCachePreservesAttachedReturnedObject
=== PAUSE TestCacheDoNotCachePreservesAttachedReturnedObject
=== RUN   TestCacheSecondaryIndexesCleanedOnRelease
=== PAUSE TestCacheSecondaryIndexesCleanedOnRelease
=== RUN   TestCacheReleaseRemovesRecordedDigestPostingAfterOutputClassMerge
=== PAUSE TestCacheReleaseRemovesRecordedDigestPostingAfterOutputClassMerge
=== RUN   TestCacheArrayResultRoundTrip
=== PAUSE TestCacheArrayResultRoundTrip
=== RUN   TestCacheArrayResultsRetainChildResultsAcrossProducerSessionRelease
=== PAUSE TestCacheArrayResultsRetainChildResultsAcrossProducerSessionRelease
=== RUN   TestCacheArrayResultStressDoesNotReturnHitWithoutCallFrame
=== PAUSE TestCacheArrayResultStressDoesNotReturnHitWithoutCallFrame
=== RUN   TestCacheArrayResultStressDoesNotRaceExplicitDependencyAttachment
=== PAUSE TestCacheArrayResultStressDoesNotRaceExplicitDependencyAttachment
=== RUN   TestCacheMixedSessionWaitersCancelDoNotLeak
=== PAUSE TestCacheMixedSessionWaitersCancelDoNotLeak
=== RUN   TestCacheLoadResultByResultIDDoesNotReturnHitWithoutCallFrame
=== PAUSE TestCacheLoadResultByResultIDDoesNotReturnHitWithoutCallFrame
=== RUN   TestCacheObjectResultRoundTripAndRelease
=== PAUSE TestCacheObjectResultRoundTripAndRelease
=== RUN   TestCacheTTLWithDBUsesStorageAndCallIndexes
=== PAUSE TestCacheTTLWithDBUsesStorageAndCallIndexes
=== RUN   TestCachePersistableRetainedAcrossSessionClose
=== PAUSE TestCachePersistableRetainedAcrossSessionClose
=== RUN   TestCacheLatePersistableJoinCommitsBeforeHandoffRelease
=== RUN   TestCacheLatePersistableJoinCommitsBeforeHandoffRelease/successful_final_waiter
=== RUN   TestCacheLatePersistableJoinCommitsBeforeHandoffRelease/canceled_final_waiter
--- PASS: TestCacheLatePersistableJoinCommitsBeforeHandoffRelease (0.00s)
    --- PASS: TestCacheLatePersistableJoinCommitsBeforeHandoffRelease/successful_final_waiter (0.00s)
    --- PASS: TestCacheLatePersistableJoinCommitsBeforeHandoffRelease/canceled_final_waiter (0.00s)
=== RUN   TestOngoingCallPersistableIntentConcurrentAccess
=== PAUSE TestOngoingCallPersistableIntentConcurrentAccess
=== RUN   TestCacheNonPersistableDropsWhenRefsDrain
=== PAUSE TestCacheNonPersistableDropsWhenRefsDrain
=== RUN   TestCachePersistableHitUpgradesExistingResultToRetained
=== PAUSE TestCachePersistableHitUpgradesExistingResultToRetained
=== RUN   TestCacheMakeResultUnpruneableRetainsAcrossSessionClose
=== PAUSE TestCacheMakeResultUnpruneableRetainsAcrossSessionClose
=== RUN   TestCacheMakeResultUnpruneableSkipsPrune
=== PAUSE TestCacheMakeResultUnpruneableSkipsPrune
=== RUN   TestCacheMakeResultUnpruneableClearsPersistedExpiry
=== PAUSE TestCacheMakeResultUnpruneableClearsPersistedExpiry
=== RUN   TestCacheUsageEntriesAllReportsSessionAndRetainedState
=== PAUSE TestCacheUsageEntriesAllReportsSessionAndRetainedState
=== RUN   TestCacheUsageEntriesAllDedupesByUsageIdentity
=== PAUSE TestCacheUsageEntriesAllDedupesByUsageIdentity
=== RUN   TestCacheUsageEntriesAllSumsOwnedUsageIdentities
=== PAUSE TestCacheUsageEntriesAllSumsOwnedUsageIdentities
=== RUN   TestCacheUsageEntriesAllMutableUsageRemeasuresAfterSizeChange
=== PAUSE TestCacheUsageEntriesAllMutableUsageRemeasuresAfterSizeChange
=== RUN   TestCachePruneKeepDuration
=== PAUSE TestCachePruneKeepDuration
=== RUN   TestCachePruneThresholdTargetSpace
=== PAUSE TestCachePruneThresholdTargetSpace
=== RUN   TestCachePruneMinFreeSpaceUsesCurrentFreeSpace
=== PAUSE TestCachePruneMinFreeSpaceUsesCurrentFreeSpace
=== RUN   TestCachePruneSessionOwnedEntriesAreNeverPruned
=== PAUSE TestCachePruneSessionOwnedEntriesAreNeverPruned
=== RUN   TestCacheDoNotCacheRejectsOnReleaser
=== PAUSE TestCacheDoNotCacheRejectsOnReleaser
=== RUN   TestCachePruneOrderedSimulationKeepsZeroDeltaPrerequisites
=== PAUSE TestCachePruneOrderedSimulationKeepsZeroDeltaPrerequisites
=== RUN   TestCompactEqClassesSkipsWhenBelowThreshold
=== PAUSE TestCompactEqClassesSkipsWhenBelowThreshold
=== RUN   TestCachePruneCompactsEqClassesAndPreservesLookup
=== PAUSE TestCachePruneCompactsEqClassesAndPreservesLookup
=== RUN   TestCachePruneProtectsExactDependencyOfActiveResult
=== PAUSE TestCachePruneProtectsExactDependencyOfActiveResult
=== RUN   TestCachePruneDoesNotProtectTermProvenanceOnlyResultFromActiveResult
=== PAUSE TestCachePruneDoesNotProtectTermProvenanceOnlyResultFromActiveResult
=== RUN   TestCacheAttachDependencyResults
=== PAUSE TestCacheAttachDependencyResults
=== RUN   TestCacheAttachDependencyResultsAlreadyAttachedChild
=== PAUSE TestCacheAttachDependencyResultsAlreadyAttachedChild
=== RUN   TestCacheAddExplicitDependency
=== PAUSE TestCacheAddExplicitDependency
=== RUN   TestCacheResultCallDerivedFromRequestID
=== PAUSE TestCacheResultCallDerivedFromRequestID
=== RUN   TestCacheResultCallFirstWriterWins
=== PAUSE TestCacheResultCallFirstWriterWins
=== RUN   TestCacheArbitraryCallbackUsesOneClientScopeLease
=== PAUSE TestCacheArbitraryCallbackUsesOneClientScopeLease
=== RUN   TestCacheArbitraryCallbackCancelsAfterLastWaiter
=== PAUSE TestCacheArbitraryCallbackCancelsAfterLastWaiter
=== RUN   TestCacheArbitraryRoundTripAndRelease
=== PAUSE TestCacheArbitraryRoundTripAndRelease
=== RUN   TestCacheArbitraryConcurrent
=== PAUSE TestCacheArbitraryConcurrent
=== RUN   TestCacheArbitraryRecursiveCall
=== PAUSE TestCacheArbitraryRecursiveCall
=== RUN   TestResolveSessionResourceCandidatesOrdering
--- PASS: TestResolveSessionResourceCandidatesOrdering (0.00s)
=== RUN   TestCacheAddExplicitDependencyAcceptsSessionResourceDepsAndRecomputesAncestors
=== PAUSE TestCacheAddExplicitDependencyAcceptsSessionResourceDepsAndRecomputesAncestors
=== RUN   TestCacheHitRechecksSessionResourcesAfterAttachBarrier
=== PAUSE TestCacheHitRechecksSessionResourcesAfterAttachBarrier
=== RUN   TestCacheLoadResultByResultIDRechecksAfterAttachBarrier
=== PAUSE TestCacheLoadResultByResultIDRechecksAfterAttachBarrier
=== RUN   TestCacheLoadResultByResultIDIgnoresUncleanCanonicalSiblings
=== PAUSE TestCacheLoadResultByResultIDIgnoresUncleanCanonicalSiblings
=== RUN   TestCacheDigestLookupRechecksSessionResourcesAfterAttachBarrier
=== PAUSE TestCacheDigestLookupRechecksSessionResourcesAfterAttachBarrier
=== RUN   TestCacheHitRechecksSessionResourcesAfterLateExplicitDependency
=== PAUSE TestCacheHitRechecksSessionResourcesAfterLateExplicitDependency
=== RUN   TestCacheLoadResultByResultIDRechecksAfterLateExplicitDependency
=== PAUSE TestCacheLoadResultByResultIDRechecksAfterLateExplicitDependency
=== RUN   TestCacheDigestLookupRechecksSessionResourcesAfterLateExplicitDependency
=== PAUSE TestCacheDigestLookupRechecksSessionResourcesAfterLateExplicitDependency
=== RUN   TestCacheHitConvertsToMissWhenProducerReleaseFailsAttachment
=== PAUSE TestCacheHitConvertsToMissWhenProducerReleaseFailsAttachment
=== RUN   TestCacheDigestLookupConvertsToMissWhenProducerReleaseFailsAttachment
=== PAUSE TestCacheDigestLookupConvertsToMissWhenProducerReleaseFailsAttachment
=== RUN   TestCacheLoadResultByResultIDStillFailsWhenProducerReleaseFailsAttachment
=== PAUSE TestCacheLoadResultByResultIDStillFailsWhenProducerReleaseFailsAttachment
=== RUN   TestCacheHitKeepsGenuineAttachmentFailure
=== PAUSE TestCacheHitKeepsGenuineAttachmentFailure
=== RUN   TestCachePublicationRollsBackWhenStructuralDepMissing
=== PAUSE TestCachePublicationRollsBackWhenStructuralDepMissing
=== RUN   TestCacheAttachmentClaimPinsTargetAgainstForeignRelease
=== PAUSE TestCacheAttachmentClaimPinsTargetAgainstForeignRelease
=== RUN   TestCacheWithSessionResourceHandleRefusesAttachedMutation
=== PAUSE TestCacheWithSessionResourceHandleRefusesAttachedMutation
=== RUN   TestValueTransferFixtureExactRoots
--- PASS: TestValueTransferFixtureExactRoots (0.01s)
=== RUN   TestSchemaModuleSelectionFallback
--- PASS: TestSchemaModuleSelectionFallback (0.01s)
=== RUN   TestSchemaModuleSelectionSkipsInaccessibleInstalled
=== RUN   TestSchemaModuleSelectionSkipsInaccessibleInstalled/operational
=== RUN   TestSchemaModuleSelectionSkipsInaccessibleInstalled/scoped
--- PASS: TestSchemaModuleSelectionSkipsInaccessibleInstalled (0.02s)
    --- PASS: TestSchemaModuleSelectionSkipsInaccessibleInstalled/operational (0.01s)
    --- PASS: TestSchemaModuleSelectionSkipsInaccessibleInstalled/scoped (0.01s)
=== RUN   TestValueTransferPersistence
--- PASS: TestValueTransferPersistence (0.03s)
=== RUN   TestValueTransferCapture
=== RUN   TestValueTransferCapture/concurrent_replacement_and_pruning
=== RUN   TestValueTransferCapture/direct_and_offer_diamond
=== RUN   TestValueTransferCapture/output
=== RUN   TestValueTransferCapture/payload
=== RUN   TestValueTransferCapture/offer
=== RUN   TestValueTransferCapture/ownership
=== RUN   TestValueTransferCapture/requirements
=== RUN   TestValueTransferCapture/frame
=== RUN   TestValueTransferCapture/busy
=== RUN   TestValueTransferCapture/cancellation
--- PASS: TestValueTransferCapture (0.08s)
    --- PASS: TestValueTransferCapture/concurrent_replacement_and_pruning (0.01s)
    --- PASS: TestValueTransferCapture/direct_and_offer_diamond (0.01s)
    --- PASS: TestValueTransferCapture/output (0.01s)
    --- PASS: TestValueTransferCapture/payload (0.01s)
    --- PASS: TestValueTransferCapture/offer (0.01s)
    --- PASS: TestValueTransferCapture/ownership (0.01s)
    --- PASS: TestValueTransferCapture/requirements (0.01s)
    --- PASS: TestValueTransferCapture/frame (0.01s)
    --- PASS: TestValueTransferCapture/busy (0.01s)
    --- PASS: TestValueTransferCapture/cancellation (0.01s)
=== RUN   TestValueTransferReferences
=== RUN   TestValueTransferReferences/dangling
=== RUN   TestValueTransferReferences/cycle
=== RUN   TestValueTransferReferences/root
=== RUN   TestValueTransferReferences/extra
=== RUN   TestValueTransferReferences/body
=== RUN   TestValueTransferReferences/unreachable
--- PASS: TestValueTransferReferences (0.02s)
    --- PASS: TestValueTransferReferences/dangling (0.00s)
    --- PASS: TestValueTransferReferences/cycle (0.00s)
    --- PASS: TestValueTransferReferences/root (0.00s)
    --- PASS: TestValueTransferReferences/extra (0.00s)
    --- PASS: TestValueTransferReferences/body (0.00s)
    --- PASS: TestValueTransferReferences/unreachable (0.00s)
=== RUN   TestValueTransferImportPublication
=== RUN   TestValueTransferImportPublication/lookup_at_commit_boundary
=== RUN   TestValueTransferImportPublication/close_waits_for_admitted_import
=== RUN   TestValueTransferImportPublication/preparation_failure
=== RUN   TestValueTransferImportPublication/before_commit
=== RUN   TestValueTransferImportPublication/after_commit
=== RUN   TestValueTransferImportPublication/finite_root_expiry
--- PASS: TestValueTransferImportPublication (0.09s)
    --- PASS: TestValueTransferImportPublication/lookup_at_commit_boundary (0.02s)
    --- PASS: TestValueTransferImportPublication/close_waits_for_admitted_import (0.03s)
    --- PASS: TestValueTransferImportPublication/preparation_failure (0.01s)
    --- PASS: TestValueTransferImportPublication/before_commit (0.01s)
    --- PASS: TestValueTransferImportPublication/after_commit (0.01s)
    --- PASS: TestValueTransferImportPublication/finite_root_expiry (0.01s)
=== RUN   TestValueTransferReferencesExtras
--- PASS: TestValueTransferReferencesExtras (0.02s)
=== RUN   TestValueTransferPersistenceDecodePublication
--- PASS: TestValueTransferPersistenceDecodePublication (0.02s)
=== RUN   TestRecipeMemoDedupesSharedNode
=== PAUSE TestRecipeMemoDedupesSharedNode
=== RUN   TestRecipeMemoKeepsDistinctNodesDistinct
=== PAUSE TestRecipeMemoKeepsDistinctNodesDistinct
=== RUN   TestRecipeMemoSharesAcrossReceiverChain
=== PAUSE TestRecipeMemoSharesAcrossReceiverChain
=== RUN   TestDetachedReceiverSelectionPreservesReceiverLineage
=== PAUSE TestDetachedReceiverSelectionPreservesReceiverLineage
=== RUN   TestNthValuePreservesAttachmentLineage
=== PAUSE TestNthValuePreservesAttachmentLineage
=== RUN   TestNthValueAttachedObjectResultArrayReturnsCanonicalChild
=== PAUSE TestNthValueAttachedObjectResultArrayReturnsCanonicalChild
=== RUN   TestNthValueAttachedDynamicResultArrayReturnsCanonicalChild
=== PAUSE TestNthValueAttachedDynamicResultArrayReturnsCanonicalChild
=== RUN   TestNullableDerefUsesSameSharedResult
=== PAUSE TestNullableDerefUsesSameSharedResult
=== RUN   TestNullableWrappedUsesSameSharedResult
=== PAUSE TestNullableWrappedUsesSameSharedResult
=== RUN   TestNullableDerefCacheHitsReconstructObjectView
=== PAUSE TestNullableDerefCacheHitsReconstructObjectView
=== RUN   TestFieldsInstallMarksReflectedAccessorsTrivial
--- PASS: TestFieldsInstallMarksReflectedAccessorsTrivial (0.00s)
=== RUN   TestFieldSpecResolveImplicitInputCallArgsResolvesDeterministicImplicitInputs
--- PASS: TestFieldSpecResolveImplicitInputCallArgsResolvesDeterministicImplicitInputs (0.00s)
=== RUN   TestFieldSpecResolveImplicitInputCallArgsPropagatesResolverErrors
--- PASS: TestFieldSpecResolveImplicitInputCallArgsPropagatesResolverErrors (0.00s)
=== RUN   TestFieldSpecResolveImplicitInputCallArgsRejectsNilResolvedInput
--- PASS: TestFieldSpecResolveImplicitInputCallArgsRejectsNilResolvedInput (0.00s)
=== RUN   TestObjectPreselectAppliesFieldModule
--- PASS: TestObjectPreselectAppliesFieldModule (0.00s)
=== RUN   TestOptionalJSONRoundTripSetsValid
=== PAUSE TestOptionalJSONRoundTripSetsValid
=== RUN   TestNullableJSONRoundTripSetsValid
=== PAUSE TestNullableJSONRoundTripSetsValid
=== RUN   TestDynamicOptionalJSONRoundTripSetsValid
=== PAUSE TestDynamicOptionalJSONRoundTripSetsValid
=== RUN   TestDynamicNullableJSONRoundTripSetsValid
=== PAUSE TestDynamicNullableJSONRoundTripSetsValid
=== RUN   TestEmitHooksProduceLoaderShape
--- PASS: TestEmitHooksProduceLoaderShape (0.00s)
=== RUN   TestEmitWaitVisibleToValidationOnMissingTarget
--- PASS: TestEmitWaitVisibleToValidationOnMissingTarget (0.00s)
=== RUN   TestEmitWaitNonRecordingWaiterDrops
--- PASS: TestEmitWaitNonRecordingWaiterDrops (0.00s)
=== RUN   TestLazyTriggeredExecComposesUnderLazyOp
--- PASS: TestLazyTriggeredExecComposesUnderLazyOp (0.00s)
=== RUN   TestLazyEmitRetryDoesNotLeakStaleWaitTarget
=== PAUSE TestLazyEmitRetryDoesNotLeakStaleWaitTarget
=== RUN   TestLazyEmitNestedOverrideNoCrossStamping
--- PASS: TestLazyEmitNestedOverrideNoCrossStamping (0.00s)
=== RUN   TestLazyEmitProducerRepointStampsDirectChildrenOnly
--- PASS: TestLazyEmitProducerRepointStampsDirectChildrenOnly (0.00s)
=== RUN   TestLazyEmitNoProducerNestsUnderHiddenLazyOp
--- PASS: TestLazyEmitNoProducerNestsUnderHiddenLazyOp (0.00s)
=== RUN   TestWcprofLazyParentProcessorStampsAllExports
--- PASS: TestWcprofLazyParentProcessorStampsAllExports (0.00s)
=== RUN   TestRecipeIDMemoDedupesSharedInlineFrame
=== PAUSE TestRecipeIDMemoDedupesSharedInlineFrame
=== RUN   TestRecipeIDMemoKeepsDistinctFramesDistinct
=== PAUSE TestRecipeIDMemoKeepsDistinctFramesDistinct
=== RUN   TestCloneDedupesSharedFrame
=== PAUSE TestCloneDedupesSharedFrame
=== RUN   TestCloneKeepsDistinctFramesDistinct
=== PAUSE TestCloneKeepsDistinctFramesDistinct
=== RUN   TestCloneSharedDAGIsLinearAndIndependent
=== PAUSE TestCloneSharedDAGIsLinearAndIndependent
=== RUN   TestResultCallProfileSkipTravelsThroughCloneAndFork
=== PAUSE TestResultCallProfileSkipTravelsThroughCloneAndFork
=== RUN   TestResultCallProfileSkipExcludedFromDigests
=== PAUSE TestResultCallProfileSkipExcludedFromDigests
=== RUN   TestResultCallProfileSkipRoundTripsThroughJSON
=== PAUSE TestResultCallProfileSkipRoundTripsThroughJSON
=== RUN   TestFrameProfileSkipNilSafe
=== PAUSE TestFrameProfileSkipNilSafe
=== RUN   TestResultCallDigestErrorsDoNotPanic
=== PAUSE TestResultCallDigestErrorsDoNotPanic
=== RUN   TestResultCallSelfDigestAndInputRefsPreserveInputKinds
=== PAUSE TestResultCallSelfDigestAndInputRefsPreserveInputKinds
=== RUN   TestResultCallModuleMetadataDoesNotAffectStructuralIdentity
=== PAUSE TestResultCallModuleMetadataDoesNotAffectStructuralIdentity
=== RUN   TestResultCallModuleIdentityIsStructuralInputOnly
=== PAUSE TestResultCallModuleIdentityIsStructuralInputOnly
=== RUN   TestResultCallSelfDigestUsesRecipeDigestsForResultInputs
=== PAUSE TestResultCallSelfDigestUsesRecipeDigestsForResultInputs
=== RUN   TestResultCallDigestedStringUsesAttachedDigestForStructuralIdentity
=== PAUSE TestResultCallDigestedStringUsesAttachedDigestForStructuralIdentity
=== RUN   TestResultCallBytesPersistAndRebuildRaw
=== PAUSE TestResultCallBytesPersistAndRebuildRaw
=== RUN   TestResultCallForkClonesTopLevelMutableState
=== PAUSE TestResultCallForkClonesTopLevelMutableState
=== RUN   TestCacheRecipeDigestForCallMemoizesOnOriginalFrame
=== PAUSE TestCacheRecipeDigestForCallMemoizesOnOriginalFrame
=== RUN   TestDetachedResultMetadataReuseAndCallMutationFork
=== PAUSE TestDetachedResultMetadataReuseAndCallMutationFork
=== RUN   TestResultCallRefReceiverUsesSharedFastPath
=== PAUSE TestResultCallRefReceiverUsesSharedFastPath
=== RUN   TestResultCallRefContentPreferredDigestUsesLatestSharedFrame
=== PAUSE TestResultCallRefContentPreferredDigestUsesLatestSharedFrame
=== RUN   TestResultCallRefRecipeIDUsesLatestSharedFrame
=== PAUSE TestResultCallRefRecipeIDUsesLatestSharedFrame
=== RUN   TestResultCallRefSharedFastPathDoesNotSurviveRemoval
=== PAUSE TestResultCallRefSharedFastPathDoesNotSurviveRemoval
=== RUN   TestResultCallRefResultIDFallbackStillWorks
=== PAUSE TestResultCallRefResultIDFallbackStillWorks
=== RUN   TestResultCallArgPBRedactsSensitive
=== PAUSE TestResultCallArgPBRedactsSensitive
=== RUN   TestResultCallPBRedactsSensitiveArg
=== PAUSE TestResultCallPBRedactsSensitiveArg
=== RUN   TestShouldEmitCallPayloadIsOncePerStore
--- PASS: TestShouldEmitCallPayloadIsOncePerStore (0.00s)
=== RUN   TestCallPayloadDedupeCannotSuppressSpans
--- PASS: TestCallPayloadDedupeCannotSuppressSpans (0.00s)
=== RUN   TestPerClientCacheScope
=== PAUSE TestPerClientCacheScope
=== RUN   TestBasic
--- PASS: TestBasic (0.00s)
=== RUN   TestForkedNodeUsesCurrentServerLoader
--- PASS: TestForkedNodeUsesCurrentServerLoader (0.00s)
=== RUN   TestSelectArray
=== RUN   TestSelectArray/select_all_as_array
=== RUN   TestSelectArray/select_all_as_instance_array
=== RUN   TestSelectArray/select_all_individual_instances
=== RUN   TestSelectArray/select_all_array_as_Typed
=== RUN   TestSelectArray/select_all_children
=== RUN   TestSelectArray/select_nth
=== RUN   TestSelectArray/select_nth_caching
=== RUN   TestSelectArray/nth_promotion_creates_cache-backed_receiver_results
=== RUN   TestSelectArray/deref_promotion_creates_cache-backed_receiver_results
--- PASS: TestSelectArray (0.00s)
    --- PASS: TestSelectArray/select_all_as_array (0.00s)
    --- PASS: TestSelectArray/select_all_as_instance_array (0.00s)
    --- PASS: TestSelectArray/select_all_individual_instances (0.00s)
    --- PASS: TestSelectArray/select_all_array_as_Typed (0.00s)
    --- PASS: TestSelectArray/select_all_children (0.00s)
    --- PASS: TestSelectArray/select_nth (0.00s)
    --- PASS: TestSelectArray/select_nth_caching (0.00s)
    --- PASS: TestSelectArray/nth_promotion_creates_cache-backed_receiver_results (0.00s)
    --- PASS: TestSelectArray/deref_promotion_creates_cache-backed_receiver_results (0.00s)
=== RUN   TestNullableResults
=== RUN   TestNullableResults/nullable_scalars
=== RUN   TestNullableResults/nullable_objects
=== RUN   TestNullableResults/nullable_arrays_of_scalars
=== RUN   TestNullableResults/non-null_arrays_with_nullable_scalars
=== RUN   TestNullableResults/nullable_arrays_with_nullable_elements
=== RUN   TestNullableResults/nullable_arrays_with_nullable_elements/from_ID
--- PASS: TestNullableResults (0.01s)
    --- PASS: TestNullableResults/nullable_scalars (0.00s)
    --- PASS: TestNullableResults/nullable_objects (0.00s)
    --- PASS: TestNullableResults/nullable_arrays_of_scalars (0.00s)
    --- PASS: TestNullableResults/non-null_arrays_with_nullable_scalars (0.00s)
    --- PASS: TestNullableResults/nullable_arrays_with_nullable_elements (0.00s)
        --- PASS: TestNullableResults/nullable_arrays_with_nullable_elements/from_ID (0.00s)
=== RUN   TestListResults
--- PASS: TestListResults (0.00s)
=== RUN   TestLoadingFromID
--- PASS: TestLoadingFromID (0.01s)
=== RUN   TestIDsReflectQuery
    dagql_test.go:2358: actual  : point(x: 6, y: 7).shiftLeft: Point!
    dagql_test.go:2358: expected: point(x: 6, y: 7).shiftLeft: Point!
--- PASS: TestIDsReflectQuery (0.00s)
=== RUN   TestIDsDoNotContainSensitiveValues
    dagql_test.go:2358: actual  : point(x: 6, y: 7).loginTag(password: "***"): Point!
    dagql_test.go:2358: expected: point(x: 6, y: 7).loginTag(password: "***"): Point!
    dagql_test.go:2358: actual  : point(x: 6, y: 7).loginChain(password: "***"): Point!
    dagql_test.go:2358: expected: point(x: 6, y: 7).loginChain(password: "***"): Point!
    dagql_test.go:2358: actual  : point(x: 6, y: 7).loginTagFalse(password: "hunter2"): Point!
    dagql_test.go:2358: expected: point(x: 6, y: 7).loginTagFalse(password: "hunter2"): Point!
--- PASS: TestIDsDoNotContainSensitiveValues (0.00s)
=== RUN   TestEmptyID
--- PASS: TestEmptyID (0.00s)
=== RUN   TestPureIDsDoNotReEvaluate
--- PASS: TestPureIDsDoNotReEvaluate (0.00s)
=== RUN   TestPassingObjectsAround
--- PASS: TestPassingObjectsAround (0.00s)
=== RUN   TestEnums
=== RUN   TestEnums/outputs
=== RUN   TestEnums/inputs
=== RUN   TestEnums/invalid_inputs
=== RUN   TestEnums/invalid_defaults
--- PASS: TestEnums (0.00s)
    --- PASS: TestEnums/outputs (0.00s)
    --- PASS: TestEnums/inputs (0.00s)
    --- PASS: TestEnums/invalid_inputs (0.00s)
    --- PASS: TestEnums/invalid_defaults (0.00s)
=== RUN   TestInputObjects
=== RUN   TestInputObjects/inputs_and_defaults
=== RUN   TestInputObjects/inputs_with_embedded_structs_in_IDs
    dagql_test.go:1579: id1: engineResult(4): Defaults!
    dagql_test.go:1580: id2: engineResult(17): Defaults!
=== RUN   TestInputObjects/inputs_with_builtins_and_defaults
=== RUN   TestInputObjects/nullable_inputs
=== RUN   TestInputObjects/arrays_of_inputs
--- PASS: TestInputObjects (0.01s)
    --- PASS: TestInputObjects/inputs_and_defaults (0.00s)
    --- PASS: TestInputObjects/inputs_with_embedded_structs_in_IDs (0.00s)
    --- PASS: TestInputObjects/inputs_with_builtins_and_defaults (0.00s)
    --- PASS: TestInputObjects/nullable_inputs (0.00s)
    --- PASS: TestInputObjects/arrays_of_inputs (0.00s)
=== RUN   TestDefaults
=== RUN   TestDefaults/builtin_scalar_types
=== RUN   TestDefaults/invalid_defaults
    dagql_test.go:1781: error (expected): [{"message":"convert default value \"yessir\" for arg \"boolean\": strconv.ParseBool: parsing \"yessir\": invalid syntax","path":["badBool"]},{"message":"convert default value \"float on\" for arg \"float\": strconv.ParseFloat: parsing \"float on\": invalid syntax","path":["badFloat"]},{"message":"convert default value \"forty-two\" for arg \"int\": strconv.ParseInt: parsing \"forty-two\": invalid syntax","path":["badInt"]}]
--- PASS: TestDefaults (0.00s)
    --- PASS: TestDefaults/builtin_scalar_types (0.00s)
    --- PASS: TestDefaults/invalid_defaults (0.00s)
=== RUN   TestParallelism
=== RUN   TestParallelism/simple_synchronous_case
=== RUN   TestParallelism/parallel_at_each_level
--- PASS: TestParallelism (0.00s)
    --- PASS: TestParallelism/simple_synchronous_case (0.00s)
    --- PASS: TestParallelism/parallel_at_each_level (0.00s)
=== RUN   TestArrayParallelism
--- PASS: TestArrayParallelism (0.00s)
=== RUN   TestBuiltins
=== RUN   TestBuiltins/builtin_scalar_types
=== RUN   TestBuiltins/with_defaults
=== RUN   TestBuiltins/invalid_defaults_for_builtins
    dagql_test.go:2090: error (expected): [{"message":"convert default value \"yessir\" for arg \"boolean\": strconv.ParseBool: parsing \"yessir\": invalid syntax","path":["badBool"]},{"message":"convert default value \"float on\" for arg \"float\": strconv.ParseFloat: parsing \"float on\": invalid syntax","path":["badFloat"]},{"message":"convert default value \"forty-two\" for arg \"int\": strconv.ParseInt: parsing \"forty-two\": invalid syntax","path":["badInt"]},{"message":"convert default value \"pizza\" for arg \"slice\": decode \"pizza\": invalid character 'p' looking for beginning of value","path":["badSlice"]}]
--- PASS: TestBuiltins (0.01s)
    --- PASS: TestBuiltins/builtin_scalar_types (0.00s)
    --- PASS: TestBuiltins/with_defaults (0.00s)
    --- PASS: TestBuiltins/invalid_defaults_for_builtins (0.00s)
=== RUN   TestIntrospection
--- PASS: TestIntrospection (0.03s)
=== RUN   TestIDFormat
--- PASS: TestIDFormat (0.00s)
=== RUN   TestIDAdditionalDigestsMergeOnSameRecipeCallInDAG
--- PASS: TestIDAdditionalDigestsMergeOnSameRecipeCallInDAG (0.00s)
=== RUN   TestIDWithContentDigestAddsKnownDigest
--- PASS: TestIDWithContentDigestAddsKnownDigest (0.00s)
=== RUN   TestViews
=== RUN   TestViews/in_default_view
=== RUN   TestViews/in_unknown_view
=== RUN   TestViews/in_first_view
=== RUN   TestViews/in_second_view
--- PASS: TestViews (0.01s)
    --- PASS: TestViews/in_default_view (0.00s)
    --- PASS: TestViews/in_unknown_view (0.00s)
    --- PASS: TestViews/in_first_view (0.00s)
    --- PASS: TestViews/in_second_view (0.00s)
=== RUN   TestIDRecipeArgIsInternal
--- PASS: TestIDRecipeArgIsInternal (0.00s)
=== RUN   TestIDRecipeDefault
--- PASS: TestIDRecipeDefault (0.00s)
=== RUN   TestViewsCaching
--- PASS: TestViewsCaching (0.00s)
=== RUN   TestViewsIntrospection
=== RUN   TestViewsIntrospection/in_default_view
=== RUN   TestViewsIntrospection/in_unknown_view
=== RUN   TestViewsIntrospection/in_first_view
=== RUN   TestViewsIntrospection/in_second_view
--- PASS: TestViewsIntrospection (0.06s)
    --- PASS: TestViewsIntrospection/in_default_view (0.02s)
    --- PASS: TestViewsIntrospection/in_unknown_view (0.01s)
    --- PASS: TestViewsIntrospection/in_first_view (0.02s)
    --- PASS: TestViewsIntrospection/in_second_view (0.02s)
=== RUN   TestViewsFilterNonObjectTypes
--- PASS: TestViewsFilterNonObjectTypes (0.00s)
=== RUN   TestNodeFuncResultZeroValueTypeInference
--- PASS: TestNodeFuncResultZeroValueTypeInference (0.00s)
=== RUN   TestNullResultCachePathDoesNotPanic
--- PASS: TestNullResultCachePathDoesNotPanic (0.00s)
=== RUN   TestCacheConfigReturnedIDRewritesExecutionArgs
--- PASS: TestCacheConfigReturnedIDRewritesExecutionArgs (0.00s)
=== RUN   TestImplicitInputCachePerClient
--- PASS: TestImplicitInputCachePerClient (0.00s)
=== RUN   TestDefaultConcurrencyKeyUsesSessionID
--- PASS: TestDefaultConcurrencyKeyUsesSessionID (0.00s)
=== RUN   TestImplicitInputCachePerSession
--- PASS: TestImplicitInputCachePerSession (0.00s)
=== RUN   TestImplicitInputCachePerCall
--- PASS: TestImplicitInputCachePerCall (0.00s)
=== RUN   TestRecipeLoadBytesLiteral
--- PASS: TestRecipeLoadBytesLiteral (0.00s)
=== RUN   TestImplicitInputCachePerSchema
--- PASS: TestImplicitInputCachePerSchema (0.00s)
=== RUN   TestImplicitInputCachePerClientSchema
--- PASS: TestImplicitInputCachePerClientSchema (0.00s)
=== RUN   TestImplicitInputCacheAsRequested
--- PASS: TestImplicitInputCacheAsRequested (0.00s)
=== RUN   TestImplicitInputRecomputedAfterCacheConfigIDRewrite
--- PASS: TestImplicitInputRecomputedAfterCacheConfigIDRewrite (0.00s)
=== RUN   TestServerSelect
=== RUN   TestServerSelect/basic_selection
=== RUN   TestServerSelect/chained_selection
=== RUN   TestServerSelect/null_result
=== RUN   TestServerSelect/array_selection
=== RUN   TestServerSelect/array_selection_into_[]int
=== RUN   TestServerSelect/array_selection_into_[]string
=== RUN   TestServerSelect/error_cases
=== RUN   TestServerSelect/null_result_handling
--- PASS: TestServerSelect (0.00s)
    --- PASS: TestServerSelect/basic_selection (0.00s)
    --- PASS: TestServerSelect/chained_selection (0.00s)
    --- PASS: TestServerSelect/null_result (0.00s)
    --- PASS: TestServerSelect/array_selection (0.00s)
    --- PASS: TestServerSelect/array_selection_into_[]int (0.00s)
    --- PASS: TestServerSelect/array_selection_into_[]string (0.00s)
    --- PASS: TestServerSelect/error_cases (0.00s)
    --- PASS: TestServerSelect/null_result_handling (0.00s)
=== RUN   TestInstallHooks
--- PASS: TestInstallHooks (0.00s)
=== RUN   TestInterfaces
=== RUN   TestInterfaces/install_and_introspect
=== RUN   TestInterfaces/recursive_covariant_return_types_are_inferred
=== RUN   TestInterfaces/interface-to-interface_relationships_are_inferred
=== RUN   TestInterfaces/object_must_have_every_field_required_by_the_interface
=== RUN   TestInterfaces/object_method_args_must_match_the_interface_method
=== RUN   TestInterfaces/object_method_cannot_require_an_arg_missing_from_the_interface
=== RUN   TestInterfaces/interface_method_args_must_match_the_interface_it_claims_to_support
=== RUN   TestInterfaces/nullable_list_result_cannot_replace_non-null_list_result
=== RUN   TestInterfaces/method_cannot_require_non-null_list_when_interface_allows_null
=== RUN   TestInterfaces/auto_Node_interface
=== RUN   TestInterfaces/fields_added_after_install_are_inferred
=== RUN   TestInterfaces/inline_fragments
=== RUN   TestInterfaces/fragment_spreads_with_type_condition
=== RUN   TestInterfaces/node_applies_fragment_type_conditions_at_runtime
=== RUN   TestInterfaces/resolve_applies_fragment_type_conditions_using_loaded_object_schema
=== RUN   TestInterfaces/inline_fragment_with_interface_type_condition
=== RUN   TestInterfaces/__typename
=== RUN   TestInterfaces/concurrent_implementation_registration_and_fragment_parsing
=== RUN   TestInterfaces/duplicate_InstallInterface_returns_existing
--- PASS: TestInterfaces (0.04s)
    --- PASS: TestInterfaces/install_and_introspect (0.00s)
    --- PASS: TestInterfaces/recursive_covariant_return_types_are_inferred (0.00s)
    --- PASS: TestInterfaces/interface-to-interface_relationships_are_inferred (0.00s)
    --- PASS: TestInterfaces/object_must_have_every_field_required_by_the_interface (0.00s)
    --- PASS: TestInterfaces/object_method_args_must_match_the_interface_method (0.00s)
    --- PASS: TestInterfaces/object_method_cannot_require_an_arg_missing_from_the_interface (0.00s)
    --- PASS: TestInterfaces/interface_method_args_must_match_the_interface_it_claims_to_support (0.00s)
    --- PASS: TestInterfaces/nullable_list_result_cannot_replace_non-null_list_result (0.00s)
    --- PASS: TestInterfaces/method_cannot_require_non-null_list_when_interface_allows_null (0.00s)
    --- PASS: TestInterfaces/auto_Node_interface (0.00s)
    --- PASS: TestInterfaces/fields_added_after_install_are_inferred (0.00s)
    --- PASS: TestInterfaces/inline_fragments (0.00s)
    --- PASS: TestInterfaces/fragment_spreads_with_type_condition (0.00s)
    --- PASS: TestInterfaces/node_applies_fragment_type_conditions_at_runtime (0.00s)
    --- PASS: TestInterfaces/resolve_applies_fragment_type_conditions_using_loaded_object_schema (0.00s)
    --- PASS: TestInterfaces/inline_fragment_with_interface_type_condition (0.00s)
    --- PASS: TestInterfaces/__typename (0.00s)
    --- PASS: TestInterfaces/concurrent_implementation_registration_and_fragment_parsing (0.02s)
    --- PASS: TestInterfaces/duplicate_InstallInterface_returns_existing (0.00s)
=== RUN   TestObjectTypeForIDUsesModuleProvenance
--- PASS: TestObjectTypeForIDUsesModuleProvenance (0.00s)
=== RUN   TestLoadRecipeUsesModuleProvenance
=== RUN   TestLoadRecipeUsesModuleProvenance/missing_constructor
=== RUN   TestLoadRecipeUsesModuleProvenance/shadowed_constructor
--- PASS: TestLoadRecipeUsesModuleProvenance (0.00s)
    --- PASS: TestLoadRecipeUsesModuleProvenance/missing_constructor (0.00s)
    --- PASS: TestLoadRecipeUsesModuleProvenance/shadowed_constructor (0.00s)
=== RUN   TestLoadRecipeModuleCoreCallsAndLazyRefs
--- PASS: TestLoadRecipeModuleCoreCallsAndLazyRefs (0.00s)
=== RUN   TestLazyRefArgNotEvaluatedOnLoad
--- PASS: TestLazyRefArgNotEvaluatedOnLoad (0.00s)
=== RUN   TestLazyRefArgPreservesCallIdentity
--- PASS: TestLazyRefArgPreservesCallIdentity (0.00s)
=== RUN   TestSelectIntoNullableDestination
=== RUN   TestSelectIntoNullableDestination/non-null
=== RUN   TestSelectIntoNullableDestination/null
--- PASS: TestSelectIntoNullableDestination (0.00s)
    --- PASS: TestSelectIntoNullableDestination/non-null (0.00s)
    --- PASS: TestSelectIntoNullableDestination/null (0.00s)
=== RUN   TestPeekRootFieldsPOSTJSON
=== PAUSE TestPeekRootFieldsPOSTJSON
=== RUN   TestPeekRootFieldsGET
=== PAUSE TestPeekRootFieldsGET
=== RUN   TestPeekRootFieldsAmbiguousOperation
=== PAUSE TestPeekRootFieldsAmbiguousOperation
=== RUN   TestPeekRootFieldsRejectsBatch
=== PAUSE TestPeekRootFieldsRejectsBatch
=== RUN   TestPeekRootFieldsRecoversSingleOperation
=== PAUSE TestPeekRootFieldsRecoversSingleOperation
=== CONT  TestDynamicNullableJSONRoundTripSetsValid
=== CONT  TestNthValuePreservesAttachmentLineage
=== CONT  TestResultCallBytesPersistAndRebuildRaw
=== CONT  TestCacheEvidenceExecutedFreshCall
=== CONT  TestPeekRootFieldsRecoversSingleOperation
=== CONT  TestPeekRootFieldsRejectsBatch
=== CONT  TestPeekRootFieldsAmbiguousOperation
=== CONT  TestResultCallDigestedStringUsesAttachedDigestForStructuralIdentity
=== CONT  TestResultCallSelfDigestUsesRecipeDigestsForResultInputs
=== CONT  TestResultCallPBRedactsSensitiveArg
=== CONT  TestResultCallModuleIdentityIsStructuralInputOnly
=== CONT  TestPeekRootFieldsGET
=== CONT  TestResultCallRefResultIDFallbackStillWorks
=== CONT  TestResultCallModuleMetadataDoesNotAffectStructuralIdentity
=== CONT  TestNullableJSONRoundTripSetsValid
=== CONT  TestResultCallSelfDigestAndInputRefsPreserveInputKinds
=== CONT  TestDetachedReceiverSelectionPreservesReceiverLineage
=== CONT  TestResultCallDigestErrorsDoNotPanic
=== CONT  TestOptionalJSONRoundTripSetsValid
=== CONT  TestResultCallProfileSkipRoundTripsThroughJSON
=== CONT  TestNullableDerefCacheHitsReconstructObjectView
=== CONT  TestResultCallRefSharedFastPathDoesNotSurviveRemoval
=== CONT  TestResultCallProfileSkipExcludedFromDigests
=== CONT  TestResultCallProfileSkipTravelsThroughCloneAndFork
=== CONT  TestCloneSharedDAGIsLinearAndIndependent
=== CONT  TestResultCallRefRecipeIDUsesLatestSharedFrame
=== CONT  TestRecipeMemoSharesAcrossReceiverChain
=== CONT  TestNullableWrappedUsesSameSharedResult
=== CONT  TestResultCallRefContentPreferredDigestUsesLatestSharedFrame
=== CONT  TestResultCallRefReceiverUsesSharedFastPath
=== CONT  TestNullableDerefUsesSameSharedResult
=== CONT  TestDetachedResultMetadataReuseAndCallMutationFork
=== CONT  TestCacheRecipeDigestForCallMemoizesOnOriginalFrame
=== CONT  TestResultCallForkClonesTopLevelMutableState
=== CONT  TestDynamicOptionalJSONRoundTripSetsValid
=== CONT  TestNthValueAttachedObjectResultArrayReturnsCanonicalChild
=== CONT  TestResultCallArgPBRedactsSensitive
=== CONT  TestPerClientCacheScope
=== CONT  TestFrameProfileSkipNilSafe
=== CONT  TestNthValueAttachedDynamicResultArrayReturnsCanonicalChild
=== CONT  TestPeekRootFieldsPOSTJSON
=== CONT  TestRecipeIDMemoKeepsDistinctFramesDistinct
=== CONT  TestLazyEmitRetryDoesNotLeakStaleWaitTarget
=== CONT  TestCloneKeepsDistinctFramesDistinct
=== CONT  TestCloneDedupesSharedFrame
=== CONT  TestCacheNilKeyIDRejected
=== CONT  TestRecipeMemoKeepsDistinctNodesDistinct
=== CONT  TestRecipeMemoDedupesSharedNode
=== CONT  TestCacheWithSessionResourceHandleRefusesAttachedMutation
=== CONT  TestRecipeIDMemoDedupesSharedInlineFrame
--- PASS: TestDynamicNullableJSONRoundTripSetsValid (0.00s)
--- PASS: TestRecipeIDMemoDedupesSharedInlineFrame (0.00s)
--- PASS: TestPeekRootFieldsRejectsBatch (0.00s)
=== CONT  TestCachePersistenceImportRecomputesRequiredDepsFirst
--- PASS: TestCacheEvidenceExecutedFreshCall (0.00s)
=== CONT  TestCacheAttachmentClaimPinsTargetAgainstForeignRelease
=== CONT  TestCachePersistenceSchemaMismatchWipesStore
=== CONT  TestCacheMakeResultUnpruneableSkipsPrune
=== CONT  TestCacheMakeResultUnpruneableRetainsAcrossSessionClose
=== CONT  TestCacheTeachContentDigestPreservesAttachment
=== CONT  TestEvaluatePartsRecursionRefusedPerGroup
=== CONT  TestEvaluateWholeResultOverGroups
=== CONT  TestCacheMakeResultUnpruneableClearsPersistedExpiry
=== CONT  TestCachePersistenceUncleanMarkerWipesStore
=== CONT  TestCachePruneMetadataEstimateCreditsCollectedDependencyClosure
=== CONT  TestCachePersistenceImportFailureWipesStore
=== CONT  TestCacheCloseDiscardingPersistenceDoesNotMarkClean
=== CONT  TestCachePruneMetadataEstimateCancellationDuringPlanningDoesNotMutate
=== CONT  TestCachePersistenceImportedObjectAliasSupportsChainedSelect
=== CONT  TestCachePersistenceImportedObjectHitWithoutServerErrors
=== CONT  TestCachePersistenceImportRoundTripObjectResult
=== CONT  TestCachePersistenceImportRoundTripAcrossRestart
--- PASS: TestResultCallBytesPersistAndRebuildRaw (0.00s)
--- PASS: TestResultCallDigestedStringUsesAttachedDigestForStructuralIdentity (0.00s)
--- PASS: TestPeekRootFieldsAmbiguousOperation (0.00s)
--- PASS: TestResultCallSelfDigestUsesRecipeDigestsForResultInputs (0.00s)
=== CONT  TestEvaluatePartsJointGroupFillsAllMembersOnce
--- PASS: TestResultCallPBRedactsSensitiveArg (0.00s)
--- PASS: TestPeekRootFieldsRecoversSingleOperation (0.00s)
--- PASS: TestResultCallModuleIdentityIsStructuralInputOnly (0.00s)
--- PASS: TestPeekRootFieldsGET (0.00s)
--- PASS: TestResultCallModuleMetadataDoesNotAffectStructuralIdentity (0.00s)
--- PASS: TestNthValuePreservesAttachmentLineage (0.00s)
--- PASS: TestResultCallSelfDigestAndInputRefsPreserveInputKinds (0.00s)
--- PASS: TestNullableJSONRoundTripSetsValid (0.00s)
--- PASS: TestResultCallDigestErrorsDoNotPanic (0.00s)
--- PASS: TestOptionalJSONRoundTripSetsValid (0.00s)
--- PASS: TestResultCallRefResultIDFallbackStillWorks (0.00s)
--- PASS: TestResultCallProfileSkipRoundTripsThroughJSON (0.00s)
--- PASS: TestResultCallProfileSkipExcludedFromDigests (0.00s)
--- PASS: TestResultCallProfileSkipTravelsThroughCloneAndFork (0.00s)
--- PASS: TestResultCallRefSharedFastPathDoesNotSurviveRemoval (0.00s)
--- PASS: TestDetachedReceiverSelectionPreservesReceiverLineage (0.00s)
--- PASS: TestNullableDerefCacheHitsReconstructObjectView (0.00s)
--- PASS: TestResultCallRefRecipeIDUsesLatestSharedFrame (0.00s)
--- PASS: TestResultCallRefContentPreferredDigestUsesLatestSharedFrame (0.00s)
--- PASS: TestNullableWrappedUsesSameSharedResult (0.00s)
--- PASS: TestResultCallRefReceiverUsesSharedFastPath (0.00s)
--- PASS: TestDetachedResultMetadataReuseAndCallMutationFork (0.00s)
--- PASS: TestCacheRecipeDigestForCallMemoizesOnOriginalFrame (0.00s)
--- PASS: TestResultCallForkClonesTopLevelMutableState (0.00s)
--- PASS: TestNullableDerefUsesSameSharedResult (0.00s)
--- PASS: TestDynamicOptionalJSONRoundTripSetsValid (0.00s)
--- PASS: TestResultCallArgPBRedactsSensitive (0.00s)
--- PASS: TestPerClientCacheScope (0.00s)
--- PASS: TestFrameProfileSkipNilSafe (0.00s)
--- PASS: TestNthValueAttachedObjectResultArrayReturnsCanonicalChild (0.00s)
--- PASS: TestPeekRootFieldsPOSTJSON (0.00s)
--- PASS: TestNthValueAttachedDynamicResultArrayReturnsCanonicalChild (0.00s)
--- PASS: TestRecipeIDMemoKeepsDistinctFramesDistinct (0.00s)
--- PASS: TestCloneKeepsDistinctFramesDistinct (0.00s)
--- PASS: TestCloneDedupesSharedFrame (0.00s)
--- PASS: TestCacheNilKeyIDRejected (0.00s)
=== CONT  TestEvaluatePartsResumeSpansMarkPartialCompletion
--- PASS: TestRecipeMemoKeepsDistinctNodesDistinct (0.00s)
--- PASS: TestRecipeMemoDedupesSharedNode (0.00s)
--- PASS: TestCloneSharedDAGIsLinearAndIndependent (0.00s)
--- PASS: TestCacheWithSessionResourceHandleRefusesAttachedMutation (0.00s)
--- PASS: TestCacheMakeResultUnpruneableSkipsPrune (0.00s)
--- PASS: TestCacheMakeResultUnpruneableRetainsAcrossSessionClose (0.00s)
--- PASS: TestCacheAttachmentClaimPinsTargetAgainstForeignRelease (0.00s)
--- PASS: TestLazyEmitRetryDoesNotLeakStaleWaitTarget (0.00s)
--- PASS: TestCacheMakeResultUnpruneableClearsPersistedExpiry (0.00s)
=== CONT  TestEvaluatePartsMetadataLeavesSiblingGroupPending
=== CONT  TestEvaluatePartsFailureIsolatedPerGroup
=== CONT  TestCachePruneMetadataEstimateMarksReleaseAndSnapshotGCContext
=== CONT  TestCachePruneMetadataEstimateCancellationDoesNotMutate
--- PASS: TestCacheTeachContentDigestPreservesAttachment (0.00s)
--- PASS: TestEvaluatePartsMetadataLeavesSiblingGroupPending (0.00s)
--- PASS: TestEvaluatePartsRecursionRefusedPerGroup (0.00s)
=== CONT  TestCachePruneMetadataEstimateCompactionCanRestoreMaximumWithoutEviction
--- PASS: TestEvaluateWholeResultOverGroups (0.00s)
--- PASS: TestCachePruneMetadataEstimateCreditsCollectedDependencyClosure (0.00s)
--- PASS: TestEvaluatePartsJointGroupFillsAllMembersOnce (0.00s)
--- PASS: TestCachePruneMetadataEstimateMarksReleaseAndSnapshotGCContext (0.00s)
=== CONT  TestCachePruneMetadataEstimateProtectsActiveAndUnpruneableResults
--- PASS: TestCachePruneMetadataEstimateCancellationDoesNotMutate (0.00s)
=== CONT  TestCacheEvidencePairingDigestExcludesImplicitInputs
--- PASS: TestEvaluatePartsFailureIsolatedPerGroup (0.00s)
=== CONT  TestCacheMetadataEstimateFormula
--- PASS: TestCacheEvidencePairingDigestExcludesImplicitInputs (0.00s)
=== CONT  TestCacheHitRegistrationDoesNotRaceLazyCallback
--- PASS: TestCacheMetadataEstimateFormula (0.00s)
=== CONT  TestCacheEvidenceNilCarrierIsNoop
--- PASS: TestCachePruneMetadataEstimateCompactionCanRestoreMaximumWithoutEviction (0.00s)
=== CONT  TestCacheEvidenceMissIncompatibleCandidates
=== CONT  TestCacheEvidenceCloneDropsCarrier
=== CONT  TestCacheEvidenceUnknownInputIndex
--- PASS: TestEvaluatePartsResumeSpansMarkPartialCompletion (0.00s)
=== CONT  TestCacheEvidencePendingLazyHitIsHit
--- PASS: TestCacheEvidenceCloneDropsCarrier (0.00s)
--- PASS: TestCacheEvidenceNilCarrierIsNoop (0.00s)
--- PASS: TestCacheEvidenceMissIncompatibleCandidates (0.00s)
--- PASS: TestCacheEvidencePendingLazyHitIsHit (0.00s)
=== CONT  TestCacheEvidenceJoinedAndExecutedCarriers
=== CONT  TestCacheEvidenceDoNotCacheUncached
--- PASS: TestCacheEvidenceDoNotCacheUncached (0.00s)
=== CONT  TestCacheMetadataPruneDependencySortCancellation
--- PASS: TestCacheMetadataPruneDependencySortCancellation (0.00s)
=== CONT  TestCachePruneMetadataEstimateSkipsPhysicalMeasurementAndUsesColdOrder
--- PASS: TestCachePruneMetadataEstimateProtectsActiveAndUnpruneableResults (0.00s)
--- PASS: TestCacheEvidenceUnknownInputIndex (0.00s)
=== CONT  TestCacheArrayResultStressDoesNotRaceExplicitDependencyAttachment
--- PASS: TestCacheHitRegistrationDoesNotRaceLazyCallback (0.00s)
=== CONT  TestCacheMetadataDirectResultBytesUsesCeiling
--- PASS: TestCacheMetadataDirectResultBytesUsesCeiling (0.00s)
=== CONT  TestCacheNonPersistableDropsWhenRefsDrain
=== CONT  TestCachePersistableHitUpgradesExistingResultToRetained
--- PASS: TestCacheNonPersistableDropsWhenRefsDrain (0.00s)
=== CONT  TestCacheMetadataPruneCandidateSortCancellation
--- PASS: TestCacheMetadataPruneCandidateSortCancellation (0.00s)
=== CONT  TestCacheMetadataPruneCandidateOrder
--- PASS: TestCachePruneMetadataEstimateSkipsPhysicalMeasurementAndUsesColdOrder (0.00s)
=== CONT  TestOngoingCallPersistableIntentConcurrentAccess
--- PASS: TestCacheMetadataPruneCandidateOrder (0.00s)
=== CONT  TestCachePersistableRetainedAcrossSessionClose
--- PASS: TestOngoingCallPersistableIntentConcurrentAccess (0.00s)
=== CONT  TestCacheTTLWithDBUsesStorageAndCallIndexes
--- PASS: TestCachePersistableRetainedAcrossSessionClose (0.00s)
=== CONT  TestCacheEvidenceStructuralRouteHit
--- PASS: TestCacheEvidenceStructuralRouteHit (0.00s)
=== CONT  TestCacheObjectResultRoundTripAndRelease
--- PASS: TestCachePersistableHitUpgradesExistingResultToRetained (0.00s)
=== CONT  TestCacheEvidenceSawExpiredThroughEqClassExpansion
--- PASS: TestCacheObjectResultRoundTripAndRelease (0.00s)
=== CONT  TestCacheEvidenceMissSawExpired
--- PASS: TestCacheEvidenceSawExpiredThroughEqClassExpansion (0.00s)
=== CONT  TestCacheLoadResultByResultIDDoesNotReturnHitWithoutCallFrame
--- PASS: TestCacheEvidenceMissSawExpired (0.00s)
=== CONT  TestCacheMixedSessionWaitersCancelDoNotLeak
--- PASS: TestCacheEvidenceJoinedAndExecutedCarriers (0.00s)
=== CONT  TestCacheEvidenceDigestRouteHit
--- PASS: TestCacheEvidenceDigestRouteHit (0.00s)
=== CONT  TestCacheResultCallFirstWriterWins
--- PASS: TestCacheResultCallFirstWriterWins (0.00s)
=== CONT  TestCacheDigestLookupRechecksSessionResourcesAfterAttachBarrier
--- PASS: TestCacheDigestLookupRechecksSessionResourcesAfterAttachBarrier (0.00s)
=== CONT  TestCacheLoadResultByResultIDIgnoresUncleanCanonicalSiblings
--- PASS: TestRecipeMemoSharesAcrossReceiverChain (0.01s)
=== CONT  TestCachePublicationRollsBackWhenStructuralDepMissing
--- PASS: TestCacheLoadResultByResultIDIgnoresUncleanCanonicalSiblings (0.00s)
=== CONT  TestCacheLoadResultByResultIDRechecksAfterAttachBarrier
--- PASS: TestCachePublicationRollsBackWhenStructuralDepMissing (0.00s)
=== CONT  TestCacheHitKeepsGenuineAttachmentFailure
--- PASS: TestCacheHitKeepsGenuineAttachmentFailure (0.00s)
=== CONT  TestCacheLoadResultByResultIDStillFailsWhenProducerReleaseFailsAttachment
--- PASS: TestCacheLoadResultByResultIDRechecksAfterAttachBarrier (0.00s)
=== CONT  TestCacheHitRechecksSessionResourcesAfterAttachBarrier
--- PASS: TestCacheLoadResultByResultIDStillFailsWhenProducerReleaseFailsAttachment (0.00s)
=== CONT  TestCacheDigestLookupConvertsToMissWhenProducerReleaseFailsAttachment
--- PASS: TestCacheHitRechecksSessionResourcesAfterAttachBarrier (0.00s)
=== CONT  TestCacheAddExplicitDependencyAcceptsSessionResourceDepsAndRecomputesAncestors
--- PASS: TestCacheAddExplicitDependencyAcceptsSessionResourceDepsAndRecomputesAncestors (0.00s)
=== CONT  TestCacheArbitraryRecursiveCall
--- PASS: TestCacheArbitraryRecursiveCall (0.00s)
=== CONT  TestCacheHitConvertsToMissWhenProducerReleaseFailsAttachment
--- PASS: TestCacheDigestLookupConvertsToMissWhenProducerReleaseFailsAttachment (0.00s)
=== CONT  TestCacheArbitraryConcurrent
--- PASS: TestCacheHitConvertsToMissWhenProducerReleaseFailsAttachment (0.00s)
=== CONT  TestCacheArbitraryRoundTripAndRelease
--- PASS: TestCacheArbitraryRoundTripAndRelease (0.00s)
=== CONT  TestCacheDigestLookupRechecksSessionResourcesAfterLateExplicitDependency
--- PASS: TestCacheDigestLookupRechecksSessionResourcesAfterLateExplicitDependency (0.00s)
=== CONT  TestCacheArbitraryCallbackCancelsAfterLastWaiter
--- PASS: TestCacheArbitraryCallbackCancelsAfterLastWaiter (0.00s)
=== CONT  TestCacheArbitraryCallbackUsesOneClientScopeLease
--- PASS: TestCacheArbitraryCallbackUsesOneClientScopeLease (0.00s)
=== CONT  TestCacheUsageEntriesAllMutableUsageRemeasuresAfterSizeChange
--- PASS: TestCacheUsageEntriesAllMutableUsageRemeasuresAfterSizeChange (0.00s)
=== CONT  TestCachePruneSessionOwnedEntriesAreNeverPruned
--- PASS: TestCachePruneSessionOwnedEntriesAreNeverPruned (0.00s)
=== CONT  TestCacheLoadResultByResultIDRechecksAfterLateExplicitDependency
--- PASS: TestCacheLoadResultByResultIDRechecksAfterLateExplicitDependency (0.00s)
=== CONT  TestCacheHitRechecksSessionResourcesAfterLateExplicitDependency
--- PASS: TestCachePruneMetadataEstimateCancellationDuringPlanningDoesNotMutate (0.02s)
=== CONT  TestCachePruneMinFreeSpaceUsesCurrentFreeSpace
--- PASS: TestCachePruneMinFreeSpaceUsesCurrentFreeSpace (0.00s)
=== CONT  TestCachePruneThresholdTargetSpace
--- PASS: TestCacheHitRechecksSessionResourcesAfterLateExplicitDependency (0.00s)
=== CONT  TestCacheDoNotCacheRejectsOnReleaser
--- PASS: TestCachePruneThresholdTargetSpace (0.00s)
--- PASS: TestCacheDoNotCacheRejectsOnReleaser (0.00s)
=== CONT  TestCachePruneKeepDuration
=== CONT  TestCacheEvidenceRecipeHit
--- PASS: TestCacheEvidenceRecipeHit (0.00s)
=== CONT  TestCacheResultCallDerivedFromRequestID
--- PASS: TestCachePruneKeepDuration (0.00s)
=== CONT  TestCacheUsageEntriesAllDedupesByUsageIdentity
--- PASS: TestCacheResultCallDerivedFromRequestID (0.00s)
=== CONT  TestCachePruneThresholdUsesImportedSnapshotLinkUsage
--- PASS: TestCacheUsageEntriesAllDedupesByUsageIdentity (0.00s)
=== CONT  TestCacheAddExplicitDependency
--- PASS: TestCacheAddExplicitDependency (0.00s)
=== CONT  TestSkipDedupe
--- PASS: TestSkipDedupe (0.00s)
=== CONT  TestCacheAttachDependencyResultsAlreadyAttachedChild
--- PASS: TestCacheAttachDependencyResultsAlreadyAttachedChild (0.00s)
=== CONT  TestCacheUsageEntriesAllSumsOwnedUsageIdentities
--- PASS: TestCacheUsageEntriesAllSumsOwnedUsageIdentities (0.00s)
=== CONT  TestCacheAttachDependencyResults
--- PASS: TestCacheAttachDependencyResults (0.00s)
=== CONT  TestCacheRecursiveCall
--- PASS: TestCacheRecursiveCall (0.00s)
=== CONT  TestCompactEqClassesSkipsWhenBelowThreshold
--- PASS: TestCompactEqClassesSkipsWhenBelowThreshold (0.00s)
=== CONT  TestCachePruneOrderedSimulationKeepsZeroDeltaPrerequisites
--- PASS: TestCachePruneOrderedSimulationKeepsZeroDeltaPrerequisites (0.00s)
=== CONT  TestCacheErrors
--- PASS: TestCacheErrors (0.00s)
=== CONT  TestCachePruneCompactsEqClassesAndPreservesLookup
--- PASS: TestCachePruneCompactsEqClassesAndPreservesLookup (0.00s)
=== CONT  TestCacheEvaluate
=== RUN   TestCacheEvaluate/singleflight
=== PAUSE TestCacheEvaluate/singleflight
=== RUN   TestCacheEvaluate/reacquires_dedicated_lease_instead_of_reusing_request_lease
=== PAUSE TestCacheEvaluate/reacquires_dedicated_lease_instead_of_reusing_request_lease
=== RUN   TestCacheEvaluate/lazy_evaluation_without_lease-sensitive_work_does_not_acquire_lease
=== PAUSE TestCacheEvaluate/lazy_evaluation_without_lease-sensitive_work_does_not_acquire_lease
=== RUN   TestCacheEvaluate/declared_dependency
=== PAUSE TestCacheEvaluate/declared_dependency
=== RUN   TestCacheEvaluate/parallel_multi-result
=== PAUSE TestCacheEvaluate/parallel_multi-result
=== RUN   TestCacheEvaluate/non_dependency_allowed_while_attached
=== PAUSE TestCacheEvaluate/non_dependency_allowed_while_attached
=== RUN   TestCacheEvaluate/recursive
=== PAUSE TestCacheEvaluate/recursive
=== RUN   TestCacheEvaluate/rejects_do-not-cache_lazy_result
=== PAUSE TestCacheEvaluate/rejects_do-not-cache_lazy_result
=== RUN   TestCacheEvaluate/allows_already_attached_lazy_result_from_do-not-cache_field
=== PAUSE TestCacheEvaluate/allows_already_attached_lazy_result_from_do-not-cache_field
=== CONT  TestCachePruneDoesNotProtectTermProvenanceOnlyResultFromActiveResult
--- PASS: TestCachePruneDoesNotProtectTermProvenanceOnlyResultFromActiveResult (0.00s)
=== CONT  TestCacheDoNotCachePreservesAttachedReturnedObject
--- PASS: TestCacheDoNotCachePreservesAttachedReturnedObject (0.00s)
=== CONT  TestCacheFreshReturnIDGetsContentDigestFromEqClassMetadata
--- PASS: TestCacheFreshReturnIDGetsContentDigestFromEqClassMetadata (0.00s)
=== CONT  TestCacheHitReturnIDGetsContentDigestFromEqClassMetadata
--- PASS: TestCacheHitReturnIDGetsContentDigestFromEqClassMetadata (0.00s)
=== CONT  TestExtraDigestLabelIsolation
--- PASS: TestExtraDigestLabelIsolation (0.00s)
=== CONT  TestHitTeachesReturnedRequestIDToCache
--- PASS: TestHitTeachesReturnedRequestIDToCache (0.00s)
=== CONT  TestCacheArrayResultsRetainChildResultsAcrossProducerSessionRelease
=== RUN   TestCacheArrayResultsRetainChildResultsAcrossProducerSessionRelease/ObjectResultArray
=== RUN   TestCacheArrayResultsRetainChildResultsAcrossProducerSessionRelease/DynamicResultArrayOutput
--- PASS: TestCacheArrayResultsRetainChildResultsAcrossProducerSessionRelease (0.00s)
    --- PASS: TestCacheArrayResultsRetainChildResultsAcrossProducerSessionRelease/ObjectResultArray (0.00s)
    --- PASS: TestCacheArrayResultsRetainChildResultsAcrossProducerSessionRelease/DynamicResultArrayOutput (0.00s)
=== CONT  TestResultContentPreferredDigestUsesContentDigest
--- PASS: TestResultContentPreferredDigestUsesContentDigest (0.00s)
=== CONT  TestCachePruneProtectsExactDependencyOfActiveResult
--- PASS: TestCachePruneProtectsExactDependencyOfActiveResult (0.00s)
=== CONT  TestInputSpecsInputsFromResultCallArgs
--- PASS: TestInputSpecsInputsFromResultCallArgs (0.00s)
=== CONT  TestClassNewRewrapPreservesModuleCacheIsolation
--- PASS: TestClassNewRewrapPreservesModuleCacheIsolation (0.00s)
=== CONT  TestLookupCacheForIDExtraDigestFallback
=== RUN   TestLookupCacheForIDExtraDigestFallback/hit_on_exact_output_digest_match
=== RUN   TestLookupCacheForIDExtraDigestFallback/miss_without_exact_output_digest_match
--- PASS: TestLookupCacheForIDExtraDigestFallback (0.00s)
    --- PASS: TestLookupCacheForIDExtraDigestFallback/hit_on_exact_output_digest_match (0.00s)
    --- PASS: TestLookupCacheForIDExtraDigestFallback/miss_without_exact_output_digest_match (0.00s)
=== CONT  TestClassNewRewrapsObjectResult
--- PASS: TestClassNewRewrapsObjectResult (0.00s)
=== CONT  TestCacheArrayResultRoundTrip
--- PASS: TestCacheArrayResultRoundTrip (0.00s)
=== CONT  TestCacheHitRewrapsObjectResultForCurrentServer
--- PASS: TestCacheArbitraryConcurrent (0.02s)
=== CONT  TestCacheReleaseRemovesRecordedDigestPostingAfterOutputClassMerge
--- PASS: TestCacheReleaseRemovesRecordedDigestPostingAfterOutputClassMerge (0.00s)
=== CONT  TestCacheConcurrent
--- PASS: TestCacheHitRewrapsObjectResultForCurrentServer (0.00s)
=== CONT  TestCacheSecondaryIndexesCleanedOnRelease
--- PASS: TestCacheSecondaryIndexesCleanedOnRelease (0.00s)
=== CONT  TestCacheVolatileNestedWithNonVolatile
--- PASS: TestCacheVolatileNestedWithNonVolatile (0.00s)
=== CONT  TestCacheUsageEntriesAllReportsSessionAndRetainedState
--- PASS: TestCacheUsageEntriesAllReportsSessionAndRetainedState (0.00s)
=== CONT  TestCachePersistenceSnapshotOmitsSessionOnlyResult
--- PASS: TestCacheTTLWithDBUsesStorageAndCallIndexes (0.04s)
=== CONT  TestObjectResultResultCallAndReceiver
--- PASS: TestObjectResultResultCallAndReceiver (0.00s)
=== CONT  TestCachePersistenceImportedSnapshotLinksContributeUsageBeforeDecode
--- PASS: TestCacheConcurrent (0.02s)
=== CONT  TestCachePersistenceWorkerMirrorsSnapshotManagerMetadataRows
--- PASS: TestCacheCloseDiscardingPersistenceDoesNotMarkClean (0.06s)
=== CONT  TestCachePersistenceCleanShutdownToggleOnClose
=== RUN   TestCachePersistenceImportedObjectHitWithoutServerErrors/request_lookup
=== RUN   TestCachePersistenceImportedObjectHitWithoutServerErrors/digest_lookup
=== RUN   TestCachePersistenceImportedObjectHitWithoutServerErrors/result_ID_lookup
--- PASS: TestCachePersistenceImportRoundTripObjectResult (0.06s)
=== CONT  TestCachePersistenceImportHydratesSnapshotMetadataAndSyncsOwnerLeases
--- PASS: TestCachePersistenceImportedObjectHitWithoutServerErrors (0.06s)
    --- PASS: TestCachePersistenceImportedObjectHitWithoutServerErrors/request_lookup (0.00s)
    --- PASS: TestCachePersistenceImportedObjectHitWithoutServerErrors/digest_lookup (0.00s)
    --- PASS: TestCachePersistenceImportedObjectHitWithoutServerErrors/result_ID_lookup (0.00s)
=== CONT  TestDerefValueForNullables
=== RUN   TestDerefValueForNullables/dynamic-nullable
=== RUN   TestDerefValueForNullables/nullable-generic
--- PASS: TestDerefValueForNullables (0.00s)
    --- PASS: TestDerefValueForNullables/dynamic-nullable (0.00s)
    --- PASS: TestDerefValueForNullables/nullable-generic (0.00s)
=== CONT  TestCacheDoNotCacheNormalizesNestedHitMetadata
--- PASS: TestCachePersistenceImportedObjectAliasSupportsChainedSelect (0.07s)
=== CONT  TestIndexResultDigestsUsesExplicitRequestAndResponseIDs
--- PASS: TestCacheDoNotCacheNormalizesNestedHitMetadata (0.00s)
=== CONT  TestCacheArrayResultStressDoesNotReturnHitWithoutCallFrame
--- PASS: TestIndexResultDigestsUsesExplicitRequestAndResponseIDs (0.00s)
=== CONT  TestCacheTeachContentDigestWithResultRefs
--- PASS: TestCachePersistenceImportRoundTripAcrossRestart (0.07s)
=== CONT  TestAttachResultNormalizesPendingResultCallRef
--- PASS: TestAttachResultNormalizesPendingResultCallRef (0.00s)
=== CONT  TestPendingResultCallRefRecipeID
--- PASS: TestCacheTeachContentDigestWithResultRefs (0.00s)
=== CONT  TestTeachCallEquivalentToResult
--- PASS: TestPendingResultCallRefRecipeID (0.00s)
=== CONT  TestCachePersistenceDoesNotWriteDuringRuntime
--- PASS: TestTeachCallEquivalentToResult (0.00s)
=== CONT  TestCachePersistenceWorkerMirrorsUnpruneablePersistedEdge
--- PASS: TestCachePersistenceImportRecomputesRequiredDepsFirst (0.07s)
=== CONT  TestPersistedSelfCodecUsesSharedObjectClassification
--- PASS: TestPersistedSelfCodecUsesSharedObjectClassification (0.00s)
=== CONT  TestCachePersistenceWorkerMirrorsRetainedPersistableResult
--- PASS: TestCachePruneThresholdUsesImportedSnapshotLinkUsage (0.05s)
=== CONT  TestCachePersistenceWorkerMirrorsPrunedStateAfterRelease
--- PASS: TestCachePersistenceSnapshotOmitsSessionOnlyResult (0.04s)
=== CONT  TestCacheVolatileConcurrentSessionsDivergentValues
--- PASS: TestCacheVolatileConcurrentSessionsDivergentValues (0.00s)
=== CONT  TestPersistedSelfCodecRejectsNonPersistedObjectLikeScalar
--- PASS: TestPersistedSelfCodecRejectsNonPersistedObjectLikeScalar (0.00s)
=== CONT  TestPersistedSelfCodecRawObjectArrayRoundTrip
--- PASS: TestPersistedSelfCodecRawObjectArrayRoundTrip (0.00s)
=== CONT  TestPersistedSelfCodecNestedListRoundTrip
--- PASS: TestPersistedSelfCodecNestedListRoundTrip (0.00s)
=== CONT  TestObjectCacheHitPreservesObjectResultShape
--- PASS: TestObjectCacheHitPreservesObjectResultShape (0.00s)
=== CONT  TestCaptureSessionLazySpanContextFirstWriterWinsAndRelease
--- PASS: TestCaptureSessionLazySpanContextFirstWriterWinsAndRelease (0.00s)
=== CONT  TestCacheVolatileSessionResourceInvariants
--- PASS: TestCacheVolatileSessionResourceInvariants (0.00s)
=== CONT  TestEvaluateLazyOwnFailureNotMarkedBlocked
--- PASS: TestEvaluateLazyOwnFailureNotMarkedBlocked (0.00s)
=== CONT  TestEvaluateLazyPrerequisiteFailureMarksResumeBlocked
--- PASS: TestEvaluateLazyPrerequisiteFailureMarksResumeBlocked (0.00s)
=== CONT  TestAttachResultAllowsAlreadyAttachedResultWithoutFrame
--- PASS: TestAttachResultAllowsAlreadyAttachedResultWithoutFrame (0.00s)
=== CONT  TestEvaluateLazyUsesOriginalSpanForLogsAndNestedSpans
--- PASS: TestEvaluateLazyUsesOriginalSpanForLogsAndNestedSpans (0.00s)
=== CONT  TestInstallSpanLookupWalksClosureOwnersUpward
--- PASS: TestInstallSpanLookupWalksClosureOwnersUpward (0.00s)
=== CONT  TestSessionResultInstallSpanContextsSorted
--- PASS: TestSessionResultInstallSpanContextsSorted (0.00s)
=== CONT  TestSharedCallReleasesLeaseWhenLastWaiterCancelsAfterCompletion
--- PASS: TestSharedCallReleasesLeaseWhenLastWaiterCancelsAfterCompletion (0.00s)
=== CONT  TestCacheNilResultIsCached
--- PASS: TestCacheNilResultIsCached (0.00s)
=== CONT  TestEquivalencySetCacheHits
=== RUN   TestEquivalencySetCacheHits/basic
=== RUN   TestEquivalencySetCacheHits/deep_chain
=== RUN   TestEquivalencySetCacheHits/late_extra_digests_at_h
--- PASS: TestCachePersistenceImportedSnapshotLinksContributeUsageBeforeDecode (0.03s)
=== CONT  TestSharedCallUsesOneClientScopeLeaseForAllWaiters
=== RUN   TestEquivalencySetCacheHits/multi_input_all_inputs_equivalent_hit
=== RUN   TestEquivalencySetCacheHits/multi_input_partial_equivalence_miss
--- PASS: TestCachePersistenceWorkerMirrorsSnapshotManagerMetadataRows (0.03s)
=== CONT  TestCacheRejectsNilTypeResolver
=== RUN   TestEquivalencySetCacheHits/transitive_extra_digest_merge_bridge_hit
--- PASS: TestCacheRejectsNilTypeResolver (0.00s)
=== CONT  TestCachePersistenceWorkerUsesEncodedSnapshotLinks
=== RUN   TestEquivalencySetCacheHits/transitive_bridge_no_bridge_no_hit
=== RUN   TestEquivalencySetCacheHits/fanout_fanin_join_hit_after_repair
=== RUN   TestEquivalencySetCacheHits/fanout_fanin_late_merge_enables_downstream_join_input_hit
--- PASS: TestSharedCallUsesOneClientScopeLeaseForAllWaiters (0.00s)
=== CONT  TestCachePersistenceWorkerMirrorsAuthoritativeEgraphState
--- PASS: TestEquivalencySetCacheHits (0.00s)
    --- PASS: TestEquivalencySetCacheHits/basic (0.00s)
    --- PASS: TestEquivalencySetCacheHits/deep_chain (0.00s)
    --- PASS: TestEquivalencySetCacheHits/late_extra_digests_at_h (0.00s)
    --- PASS: TestEquivalencySetCacheHits/multi_input_all_inputs_equivalent_hit (0.00s)
    --- PASS: TestEquivalencySetCacheHits/multi_input_partial_equivalence_miss (0.00s)
    --- PASS: TestEquivalencySetCacheHits/transitive_extra_digest_merge_bridge_hit (0.00s)
    --- PASS: TestEquivalencySetCacheHits/transitive_bridge_no_bridge_no_hit (0.00s)
    --- PASS: TestEquivalencySetCacheHits/fanout_fanin_join_hit_after_repair (0.00s)
    --- PASS: TestEquivalencySetCacheHits/fanout_fanin_late_merge_enables_downstream_join_input_hit (0.00s)
=== CONT  TestCacheLoadResultByResultIDRefusesUnboundSession
--- PASS: TestCachePersistenceCleanShutdownToggleOnClose (0.03s)
=== CONT  TestPersistedSelfCodecObjectIDRoundTrip
--- PASS: TestPersistedSelfCodecObjectIDRoundTrip (0.00s)
=== CONT  TestCacheDifferentConcurrencyKeysDoNotDedupe
--- PASS: TestCacheDifferentConcurrencyKeysDoNotDedupe (0.00s)
=== CONT  TestPersistedSelfCodecScalarRoundTrip
--- PASS: TestPersistedSelfCodecScalarRoundTrip (0.00s)
=== CONT  TestCacheRejectsEmptySessionIDForOwningEntrypoints
--- PASS: TestCacheRejectsEmptySessionIDForOwningEntrypoints (0.00s)
=== CONT  TestCachePersistenceDecodeInstallPreservesRequiredSessionResources
--- PASS: TestCachePersistenceSchemaMismatchWipesStore (0.09s)
=== CONT  TestCacheEvaluate/singleflight
=== CONT  TestCacheEvaluate/non_dependency_allowed_while_attached
=== CONT  TestCacheEvaluate/allows_already_attached_lazy_result_from_do-not-cache_field
=== CONT  TestCacheEvaluate/rejects_do-not-cache_lazy_result
=== CONT  TestCacheEvaluate/recursive
=== CONT  TestCacheEvaluate/declared_dependency
=== CONT  TestCacheEvaluate/parallel_multi-result
--- PASS: TestCachePersistenceUncleanMarkerWipesStore (0.09s)
=== CONT  TestCacheEvaluate/lazy_evaluation_without_lease-sensitive_work_does_not_acquire_lease
=== CONT  TestCacheEvaluate/reacquires_dedicated_lease_instead_of_reusing_request_lease
--- PASS: TestCacheEvaluate (0.00s)
    --- PASS: TestCacheEvaluate/singleflight (0.00s)
    --- PASS: TestCacheEvaluate/non_dependency_allowed_while_attached (0.00s)
    --- PASS: TestCacheEvaluate/allows_already_attached_lazy_result_from_do-not-cache_field (0.00s)
    --- PASS: TestCacheEvaluate/rejects_do-not-cache_lazy_result (0.00s)
    --- PASS: TestCacheEvaluate/recursive (0.00s)
    --- PASS: TestCacheEvaluate/declared_dependency (0.00s)
    --- PASS: TestCacheEvaluate/parallel_multi-result (0.00s)
    --- PASS: TestCacheEvaluate/lazy_evaluation_without_lease-sensitive_work_does_not_acquire_lease (0.00s)
    --- PASS: TestCacheEvaluate/reacquires_dedicated_lease_instead_of_reusing_request_lease (0.00s)
--- PASS: TestCachePersistenceImportFailureWipesStore (0.10s)
--- PASS: TestCachePersistenceDoesNotWriteDuringRuntime (0.03s)
--- PASS: TestCachePersistenceWorkerMirrorsUnpruneablePersistedEdge (0.03s)
--- PASS: TestCachePersistenceWorkerMirrorsRetainedPersistableResult (0.03s)
--- PASS: TestCachePersistenceWorkerMirrorsPrunedStateAfterRelease (0.03s)
--- PASS: TestCachePersistenceImportHydratesSnapshotMetadataAndSyncsOwnerLeases (0.04s)
--- PASS: TestCachePersistenceWorkerUsesEncodedSnapshotLinks (0.02s)
--- PASS: TestCachePersistenceWorkerMirrorsAuthoritativeEgraphState (0.03s)
--- PASS: TestCacheLoadResultByResultIDRefusesUnboundSession (0.03s)
=== NAME  TestCacheArrayResultStressDoesNotRaceExplicitDependencyAttachment
    cache_test.go:5201: completed 9600 attempts and 9498 cache hits without reproducing the explicit dependency attachment race
--- PASS: TestCacheArrayResultStressDoesNotRaceExplicitDependencyAttachment (0.11s)
--- PASS: TestCachePersistenceDecodeInstallPreservesRequiredSessionResources (0.02s)
=== NAME  TestCacheLoadResultByResultIDDoesNotReturnHitWithoutCallFrame
    cache_test.go:5664: completed 24000 attempts and 24000 successful loads without reproducing the LoadResultByResultID call-frame race
--- PASS: TestCacheLoadResultByResultIDDoesNotReturnHitWithoutCallFrame (0.25s)
=== NAME  TestCacheArrayResultStressDoesNotReturnHitWithoutCallFrame
    cache_test.go:5082: completed 24000 attempts and 24000 cache hits without reproducing the array hit call-frame race
--- PASS: TestCacheArrayResultStressDoesNotReturnHitWithoutCallFrame (0.22s)
--- PASS: TestCacheMixedSessionWaitersCancelDoNotLeak (0.69s)
PASS
ok  	github.com/dagger/dagger/dagql	2.981s
