=== RUN   TestClientRuntimeRetainsTelemetryStoresUntilReclamation
--- PASS: TestClientRuntimeRetainsTelemetryStoresUntilReclamation (0.30s)
=== RUN   TestForeignModuleContextReaders
--- PASS: TestForeignModuleContextReaders (0.00s)
=== RUN   TestResolveEngineLocalCachePrunePoliciesUseDefaultPolicyFalse
--- PASS: TestResolveEngineLocalCachePrunePoliciesUseDefaultPolicyFalse (0.00s)
=== RUN   TestResolveEngineLocalCachePrunePoliciesOverridesReservedAndMinFree
--- PASS: TestResolveEngineLocalCachePrunePoliciesOverridesReservedAndMinFree (0.00s)
=== RUN   TestResolveEngineLocalCachePrunePoliciesUsesAvailableSpaceForMinFree
--- PASS: TestResolveEngineLocalCachePrunePoliciesUsesAvailableSpaceForMinFree (0.00s)
=== RUN   TestEngineLocalCachePruneModes
=== RUN   TestEngineLocalCachePruneModes/no_options
=== RUN   TestEngineLocalCachePruneModes/disk_only
=== RUN   TestEngineLocalCachePruneModes/metadata_only
=== RUN   TestEngineLocalCachePruneModes/combined
=== RUN   TestEngineLocalCachePruneModes/enabled_default_policy
=== RUN   TestEngineLocalCachePruneModes/disabled_default_policy
=== RUN   TestEngineLocalCachePruneModes/disabled_default_policy_with_explicit_metadata
--- PASS: TestEngineLocalCachePruneModes (0.00s)
    --- PASS: TestEngineLocalCachePruneModes/no_options (0.00s)
    --- PASS: TestEngineLocalCachePruneModes/disk_only (0.00s)
    --- PASS: TestEngineLocalCachePruneModes/metadata_only (0.00s)
    --- PASS: TestEngineLocalCachePruneModes/combined (0.00s)
    --- PASS: TestEngineLocalCachePruneModes/enabled_default_policy (0.00s)
    --- PASS: TestEngineLocalCachePruneModes/disabled_default_policy (0.00s)
    --- PASS: TestEngineLocalCachePruneModes/disabled_default_policy_with_explicit_metadata (0.00s)
=== RUN   TestResolveEngineLocalCacheMetadataPruneOptions
=== RUN   TestResolveEngineLocalCacheMetadataPruneOptions/default_policy
=== RUN   TestResolveEngineLocalCacheMetadataPruneOptions/maximum_only_inherits_target
=== RUN   TestResolveEngineLocalCacheMetadataPruneOptions/target_only_inherits_maximum
=== RUN   TestResolveEngineLocalCacheMetadataPruneOptions/explicit_pair_overrides_defaults
=== RUN   TestResolveEngineLocalCacheMetadataPruneOptions/zero_maximum
=== RUN   TestResolveEngineLocalCacheMetadataPruneOptions/zero_target
=== RUN   TestResolveEngineLocalCacheMetadataPruneOptions/negative_maximum
=== RUN   TestResolveEngineLocalCacheMetadataPruneOptions/negative_target
=== RUN   TestResolveEngineLocalCacheMetadataPruneOptions/partial_maximum_conflicts_with_inherited_target
=== RUN   TestResolveEngineLocalCacheMetadataPruneOptions/partial_target_conflicts_with_inherited_maximum
--- PASS: TestResolveEngineLocalCacheMetadataPruneOptions (0.00s)
    --- PASS: TestResolveEngineLocalCacheMetadataPruneOptions/default_policy (0.00s)
    --- PASS: TestResolveEngineLocalCacheMetadataPruneOptions/maximum_only_inherits_target (0.00s)
    --- PASS: TestResolveEngineLocalCacheMetadataPruneOptions/target_only_inherits_maximum (0.00s)
    --- PASS: TestResolveEngineLocalCacheMetadataPruneOptions/explicit_pair_overrides_defaults (0.00s)
    --- PASS: TestResolveEngineLocalCacheMetadataPruneOptions/zero_maximum (0.00s)
    --- PASS: TestResolveEngineLocalCacheMetadataPruneOptions/zero_target (0.00s)
    --- PASS: TestResolveEngineLocalCacheMetadataPruneOptions/negative_maximum (0.00s)
    --- PASS: TestResolveEngineLocalCacheMetadataPruneOptions/negative_target (0.00s)
    --- PASS: TestResolveEngineLocalCacheMetadataPruneOptions/partial_maximum_conflicts_with_inherited_target (0.00s)
    --- PASS: TestResolveEngineLocalCacheMetadataPruneOptions/partial_target_conflicts_with_inherited_maximum (0.00s)
=== RUN   TestManualMetadataPruneOnlySkipsDiskAndProtectsRoots
2026/09/17 08:42:39 INFO dagql metadata prune finished triggered=true maximumEstimatedBytes=13055 targetEstimatedBytes=1 beforeEstimatedBytes=13056 beforeResults=3 beforeTerms=3 beforeClassSlots=3 afterInitialCompactionEstimatedBytes=13056 afterInitialCompactionResults=3 afterInitialCompactionTerms=3 afterInitialCompactionClassSlots=3 afterPruneEstimatedBytes=8704 afterPruneResults=2 afterPruneTerms=2 afterPruneClassSlots=2 initialCompactionOldClassSlots=3 initialCompactionNewClassSlots=3 finalCompactionOldClassSlots=3 finalCompactionNewClassSlots=2 candidateCount=1 plannedRootCount=1 simulatedCollectedResultCount=1 simulatedStructuralBytes=4352 removedPersistedRootCount=1 candidatesExhausted=true snapshotGCAttempted=false snapshotGCSucceeded=false duration=68.38µs
--- PASS: TestManualMetadataPruneOnlySkipsDiskAndProtectsRoots (0.00s)
=== RUN   TestManualMetadataPruneBelowMaximumIsNoOp
--- PASS: TestManualMetadataPruneBelowMaximumIsNoOp (0.00s)
=== RUN   TestManualCombinedDiskAndMetadataPrune
2026/09/17 08:42:39 INFO dagql pruned result resultID=1 call=Query.manualCombinedDisk digest=xxh3:bbf62d28f579d745 args=[] description=manualCombinedDisk measuredSizeBytes=100 reclaimedBytes=100
2026/09/17 08:42:39 INFO dagql metadata prune finished triggered=true maximumEstimatedBytes=2 targetEstimatedBytes=1 beforeEstimatedBytes=4352 beforeResults=1 beforeTerms=1 beforeClassSlots=1 afterInitialCompactionEstimatedBytes=4352 afterInitialCompactionResults=1 afterInitialCompactionTerms=1 afterInitialCompactionClassSlots=1 afterPruneEstimatedBytes=0 afterPruneResults=0 afterPruneTerms=0 afterPruneClassSlots=0 initialCompactionOldClassSlots=1 initialCompactionNewClassSlots=1 finalCompactionOldClassSlots=0 finalCompactionNewClassSlots=0 candidateCount=1 plannedRootCount=1 simulatedCollectedResultCount=1 simulatedStructuralBytes=4352 removedPersistedRootCount=1 candidatesExhausted=false snapshotGCAttempted=false snapshotGCSucceeded=false duration=9.16µs
--- PASS: TestManualCombinedDiskAndMetadataPrune (0.00s)
=== RUN   TestManualUseDefaultPolicyIncludesMetadata
2026/09/17 08:42:39 INFO dagql metadata prune finished triggered=true maximumEstimatedBytes=2 targetEstimatedBytes=1 beforeEstimatedBytes=4352 beforeResults=1 beforeTerms=1 beforeClassSlots=1 afterInitialCompactionEstimatedBytes=4352 afterInitialCompactionResults=1 afterInitialCompactionTerms=1 afterInitialCompactionClassSlots=1 afterPruneEstimatedBytes=0 afterPruneResults=0 afterPruneTerms=0 afterPruneClassSlots=0 initialCompactionOldClassSlots=1 initialCompactionNewClassSlots=1 finalCompactionOldClassSlots=0 finalCompactionNewClassSlots=0 candidateCount=1 plannedRootCount=1 simulatedCollectedResultCount=1 simulatedStructuralBytes=4352 removedPersistedRootCount=1 candidatesExhausted=false snapshotGCAttempted=false snapshotGCSucceeded=false duration=13.38µs
--- PASS: TestManualUseDefaultPolicyIncludesMetadata (0.00s)
=== RUN   TestManualNoOptionPrunePreservesDiskPruneAll
2026/09/17 08:42:39 INFO dagql pruned result resultID=1 call=Query.manualNoOptions digest=xxh3:94944c13b2706b14 args=[] description=manualNoOptions measuredSizeBytes=100 reclaimedBytes=100
--- PASS: TestManualNoOptionPrunePreservesDiskPruneAll (0.00s)
=== RUN   TestManualMetadataPruneCancellationAndReleaseError
=== RUN   TestManualMetadataPruneCancellationAndReleaseError/cancellation
=== RUN   TestManualMetadataPruneCancellationAndReleaseError/release_error
2026/09/17 08:42:39 INFO dagql metadata prune finished triggered=true maximumEstimatedBytes=4351 targetEstimatedBytes=1 beforeEstimatedBytes=4352 beforeResults=1 beforeTerms=1 beforeClassSlots=1 afterInitialCompactionEstimatedBytes=4352 afterInitialCompactionResults=1 afterInitialCompactionTerms=1 afterInitialCompactionClassSlots=1 afterPruneEstimatedBytes=4352 afterPruneResults=1 afterPruneTerms=1 afterPruneClassSlots=1 initialCompactionOldClassSlots=1 initialCompactionNewClassSlots=1 finalCompactionOldClassSlots=0 finalCompactionNewClassSlots=0 candidateCount=1 plannedRootCount=1 simulatedCollectedResultCount=1 simulatedStructuralBytes=4352 removedPersistedRootCount=0 candidatesExhausted=false snapshotGCAttempted=false snapshotGCSucceeded=false duration=15.679µs error="manual metadata release failed"
--- PASS: TestManualMetadataPruneCancellationAndReleaseError (0.00s)
    --- PASS: TestManualMetadataPruneCancellationAndReleaseError/cancellation (0.00s)
    --- PASS: TestManualMetadataPruneCancellationAndReleaseError/release_error (0.00s)
=== RUN   TestManualCombinedPruneValidatesBeforeMutation
=== RUN   TestManualCombinedPruneValidatesBeforeMutation/disk_options_before_metadata_mutation
=== RUN   TestManualCombinedPruneValidatesBeforeMutation/metadata_options_before_disk_mutation
--- PASS: TestManualCombinedPruneValidatesBeforeMutation (0.00s)
    --- PASS: TestManualCombinedPruneValidatesBeforeMutation/disk_options_before_metadata_mutation (0.00s)
    --- PASS: TestManualCombinedPruneValidatesBeforeMutation/metadata_options_before_disk_mutation (0.00s)
=== RUN   TestLocalCacheDiskPressureGCNeeded
--- PASS: TestLocalCacheDiskPressureGCNeeded (0.00s)
=== RUN   TestResolveDagqlCacheGCConfig
=== PAUSE TestResolveDagqlCacheGCConfig
=== RUN   TestGCLockedPrunesMetadataWithoutWorkerDiskPolicies
=== PAUSE TestGCLockedPrunesMetadataWithoutWorkerDiskPolicies
=== RUN   TestScheduledGCTrimsImportedMetadataWithoutPersistenceReset
=== PAUSE TestScheduledGCTrimsImportedMetadataWithoutPersistenceReset
=== RUN   TestGCLockedDiskStatFailureDoesNotSuppressMetadataPrune
=== PAUSE TestGCLockedDiskStatFailureDoesNotSuppressMetadataPrune
=== RUN   TestLocalCachePressureCheckUsesMetadataWhenDiskStatFails
=== PAUSE TestLocalCachePressureCheckUsesMetadataWhenDiskStatFails
=== RUN   TestMetadataPruneMonitorBlockOutcome
=== PAUSE TestMetadataPruneMonitorBlockOutcome
=== RUN   TestMonitorMetadataPruneBlocksAfterProtectedNoProgress
=== PAUSE TestMonitorMetadataPruneBlocksAfterProtectedNoProgress
=== RUN   TestMetadataPruneMonitorBlockSuppressesOnlyStructuralStage
=== PAUSE TestMetadataPruneMonitorBlockSuppressesOnlyStructuralStage
=== RUN   TestLifecycleGCIgnoresMetadataPruneBlock
=== RUN   TestLifecycleGCIgnoresMetadataPruneBlock/reason-0
2026/09/17 08:42:39 INFO dagql metadata prune finished triggered=true maximumEstimatedBytes=4351 targetEstimatedBytes=1 beforeEstimatedBytes=4352 beforeResults=1 beforeTerms=1 beforeClassSlots=1 afterInitialCompactionEstimatedBytes=4352 afterInitialCompactionResults=1 afterInitialCompactionTerms=1 afterInitialCompactionClassSlots=1 afterPruneEstimatedBytes=0 afterPruneResults=0 afterPruneTerms=0 afterPruneClassSlots=0 initialCompactionOldClassSlots=1 initialCompactionNewClassSlots=1 finalCompactionOldClassSlots=0 finalCompactionNewClassSlots=0 candidateCount=1 plannedRootCount=1 simulatedCollectedResultCount=1 simulatedStructuralBytes=4352 removedPersistedRootCount=1 candidatesExhausted=false snapshotGCAttempted=false snapshotGCSucceeded=false duration=17.45µs
=== RUN   TestLifecycleGCIgnoresMetadataPruneBlock/reason-2
2026/09/17 08:42:39 INFO dagql metadata prune finished triggered=true maximumEstimatedBytes=4351 targetEstimatedBytes=1 beforeEstimatedBytes=4352 beforeResults=1 beforeTerms=1 beforeClassSlots=1 afterInitialCompactionEstimatedBytes=4352 afterInitialCompactionResults=1 afterInitialCompactionTerms=1 afterInitialCompactionClassSlots=1 afterPruneEstimatedBytes=0 afterPruneResults=0 afterPruneTerms=0 afterPruneClassSlots=0 initialCompactionOldClassSlots=1 initialCompactionNewClassSlots=1 finalCompactionOldClassSlots=0 finalCompactionNewClassSlots=0 candidateCount=1 plannedRootCount=1 simulatedCollectedResultCount=1 simulatedStructuralBytes=4352 removedPersistedRootCount=1 candidatesExhausted=false snapshotGCAttempted=false snapshotGCSucceeded=false duration=12.11µs
--- PASS: TestLifecycleGCIgnoresMetadataPruneBlock (0.00s)
    --- PASS: TestLifecycleGCIgnoresMetadataPruneBlock/reason-0 (0.00s)
    --- PASS: TestLifecycleGCIgnoresMetadataPruneBlock/reason-2 (0.00s)
=== RUN   TestGCSessionCompletionClearsMetadataPruneBlock
=== PAUSE TestGCSessionCompletionClearsMetadataPruneBlock
=== RUN   TestExplicitPruneClearsMetadataPruneBlock
=== PAUSE TestExplicitPruneClearsMetadataPruneBlock
=== RUN   TestCanceledMonitorMetadataPruneDoesNotSetBlock
=== PAUSE TestCanceledMonitorMetadataPruneDoesNotSetBlock
=== RUN   TestResolveEngineLocalCachePrunePoliciesInvalidSpaceValue
--- PASS: TestResolveEngineLocalCachePrunePoliciesInvalidSpaceValue (0.00s)
=== RUN   TestGetDagqlGCPolicyFromConfiguredPolicies
--- PASS: TestGetDagqlGCPolicyFromConfiguredPolicies (0.00s)
=== RUN   TestGetDagqlGCPolicyFallsBackToBuildkitGCPolicy
--- PASS: TestGetDagqlGCPolicyFallsBackToBuildkitGCPolicy (0.00s)
=== RUN   TestGetDagqlGCPolicyDefaultPolicies
--- PASS: TestGetDagqlGCPolicyDefaultPolicies (0.00s)
=== RUN   TestRunRecursiveReadOnlyProbe
=== PAUSE TestRunRecursiveReadOnlyProbe
=== RUN   TestRunRecursiveReadOnlyProbeCleansUpAfterUnsupportedSetattr
=== PAUSE TestRunRecursiveReadOnlyProbeCleansUpAfterUnsupportedSetattr
=== RUN   TestRemoteCacheFixturePruneReport
=== RUN   TestRemoteCacheFixturePruneReport/disk
2026/09/17 08:42:39 INFO dagql pruned result resultID=1 call=Query.fixtureRoot digest=xxh3:aaf9fb7989491a72 args=[] description=fixtureRoot measuredSizeBytes=0 reclaimedBytes=0
=== RUN   TestRemoteCacheFixturePruneReport/metadata
2026/09/17 08:42:39 INFO dagql metadata prune finished triggered=true maximumEstimatedBytes=4351 targetEstimatedBytes=1 beforeEstimatedBytes=4352 beforeResults=1 beforeTerms=1 beforeClassSlots=1 afterInitialCompactionEstimatedBytes=4352 afterInitialCompactionResults=1 afterInitialCompactionTerms=1 afterInitialCompactionClassSlots=1 afterPruneEstimatedBytes=0 afterPruneResults=0 afterPruneTerms=0 afterPruneClassSlots=0 initialCompactionOldClassSlots=1 initialCompactionNewClassSlots=1 finalCompactionOldClassSlots=0 finalCompactionNewClassSlots=0 candidateCount=1 plannedRootCount=1 simulatedCollectedResultCount=1 simulatedStructuralBytes=4352 removedPersistedRootCount=1 candidatesExhausted=false snapshotGCAttempted=false snapshotGCSucceeded=false duration=14.54µs
--- PASS: TestRemoteCacheFixturePruneReport (0.00s)
    --- PASS: TestRemoteCacheFixturePruneReport/disk (0.00s)
    --- PASS: TestRemoteCacheFixturePruneReport/metadata (0.00s)
=== RUN   TestRemoteCacheIntegrationConfig
--- PASS: TestRemoteCacheIntegrationConfig (0.00s)
=== RUN   TestRemoteCacheAdapterLifetime
=== RUN   TestRemoteCacheAdapterLifetime/stop_cancels_a_cooperative_run
=== RUN   TestRemoteCacheAdapterLifetime/shutdown_context_cancels_run
=== RUN   TestRemoteCacheAdapterLifetime/run_exit_detaches_without_failing_ordinary_work
2026/09/17 08:42:39 ERROR remote cache integration exited error="integration channel closed"
=== RUN   TestRemoteCacheAdapterLifetime/an_exited_run_has_stopped_under_an_expired_context
=== RUN   TestRemoteCacheAdapterLifetime/noncooperative_run_is_reported
--- PASS: TestRemoteCacheAdapterLifetime (0.00s)
    --- PASS: TestRemoteCacheAdapterLifetime/stop_cancels_a_cooperative_run (0.00s)
    --- PASS: TestRemoteCacheAdapterLifetime/shutdown_context_cancels_run (0.00s)
    --- PASS: TestRemoteCacheAdapterLifetime/run_exit_detaches_without_failing_ordinary_work (0.00s)
    --- PASS: TestRemoteCacheAdapterLifetime/an_exited_run_has_stopped_under_an_expired_context (0.00s)
    --- PASS: TestRemoteCacheAdapterLifetime/noncooperative_run_is_reported (0.00s)
=== RUN   TestRemoteCacheGracefulStop
=== RUN   TestRemoteCacheGracefulStop/noncooperative_run_leaves_the_checkpoint_dirty
2026/09/17 08:42:39 ERROR failed to stop remote cache integration error="remote cache integration did not stop: context canceled"
2026/09/17 08:42:39 INFO starting dagql cache close hasSQLDB=true hasPersistDB=true
2026/09/17 08:42:39 ERROR dagql cache close exiting with error err="remote cache integration did not stop: context canceled"
2026/09/17 08:42:39 ERROR failed to close base dagql cache error="remote cache integration did not stop: context canceled"
2026/09/17 08:42:39 WARN dagql persistence store marked unclean; wiping and cold-starting cleanShutdown=0
2026/09/17 08:42:41 INFO discarding dagql cache without persistence hasSQLDB=true hasPersistDB=true
=== RUN   TestRemoteCacheGracefulStop/cooperative_run_closes_cleanly
2026/09/17 08:42:41 INFO starting dagql cache close hasSQLDB=true hasPersistDB=true
2026/09/17 08:42:41 INFO marking dagql cache clean shutdown
2026/09/17 08:42:41 WARN successfully marked clean shutdown in persistence metadata
2026/09/17 08:42:41 INFO completed dagql cache close successfully
2026/09/17 08:42:41 INFO discarding dagql cache without persistence hasSQLDB=true hasPersistDB=true
=== RUN   TestRemoteCacheGracefulStop/earlier_shutdown_errors_are_returned
2026/09/17 08:42:41 INFO starting dagql cache close hasSQLDB=true hasPersistDB=true
2026/09/17 08:42:41 INFO marking dagql cache clean shutdown
2026/09/17 08:42:41 WARN successfully marked clean shutdown in persistence metadata
2026/09/17 08:42:41 INFO completed dagql cache close successfully
--- PASS: TestRemoteCacheGracefulStop (1.97s)
    --- PASS: TestRemoteCacheGracefulStop/noncooperative_run_leaves_the_checkpoint_dirty (1.92s)
    --- PASS: TestRemoteCacheGracefulStop/cooperative_run_closes_cleanly (0.03s)
    --- PASS: TestRemoteCacheGracefulStop/earlier_shutdown_errors_are_returned (0.02s)
=== RUN   TestLoadSecretSalt
=== RUN   TestLoadSecretSalt/environment_override
=== RUN   TestLoadSecretSalt/invalid_base64
=== RUN   TestLoadSecretSalt/wrong_decoded_length
=== RUN   TestLoadSecretSalt/empty
=== RUN   TestLoadSecretSalt/file_fallback
=== RUN   TestLoadSecretSalt/generated_file_fallback
--- PASS: TestLoadSecretSalt (0.00s)
    --- PASS: TestLoadSecretSalt/environment_override (0.00s)
    --- PASS: TestLoadSecretSalt/invalid_base64 (0.00s)
    --- PASS: TestLoadSecretSalt/wrong_decoded_length (0.00s)
    --- PASS: TestLoadSecretSalt/empty (0.00s)
    --- PASS: TestLoadSecretSalt/file_fallback (0.00s)
    --- PASS: TestLoadSecretSalt/generated_file_fallback (0.00s)
=== RUN   TestNestedTransportRegistrationIsStrictUniqueAndPermanent
=== PAUSE TestNestedTransportRegistrationIsStrictUniqueAndPermanent
=== RUN   TestNestedTransportRegistrationBindsExactExecAttachables
=== PAUSE TestNestedTransportRegistrationBindsExactExecAttachables
=== RUN   TestNestedTransportRegistrationRequiresExactHeldParentScope
=== PAUSE TestNestedTransportRegistrationRequiresExactHeldParentScope
=== RUN   TestNestedTransportRegistrationDoesNotTakeLifecycleLock
=== PAUSE TestNestedTransportRegistrationDoesNotTakeLifecycleLock
=== RUN   TestNestedTransportRegistrationRacesSessionTeardown
=== PAUSE TestNestedTransportRegistrationRacesSessionTeardown
=== RUN   TestHeldParentScopeDelegatesWhileParentClosing
=== PAUSE TestHeldParentScopeDelegatesWhileParentClosing
=== RUN   TestClosedClientWaitsForAcceptedBootstrapRequest
=== PAUSE TestClosedClientWaitsForAcceptedBootstrapRequest
=== RUN   TestClientInitializationDoesNotHoldScopeLock
=== PAUSE TestClientInitializationDoesNotHoldScopeLock
=== RUN   TestChildQuiescenceReleasesClosingParent
=== PAUSE TestChildQuiescenceReleasesClosingParent
=== RUN   TestNestedShutdownClosesRegisteredTransportIdempotently
=== PAUSE TestNestedShutdownClosesRegisteredTransportIdempotently
=== RUN   TestNestedTransportCloseRacesAdmissionSerialization
=== PAUSE TestNestedTransportCloseRacesAdmissionSerialization
=== RUN   TestNestedBootstrapRequestsMergeBeforeSeal
=== PAUSE TestNestedBootstrapRequestsMergeBeforeSeal
=== RUN   TestClientMetadataBootstrapOrderReplayAndConflict
=== PAUSE TestClientMetadataBootstrapOrderReplayAndConflict
=== RUN   TestClientMetadataBootstrapDeepCloneAndScopeSnapshot
=== PAUSE TestClientMetadataBootstrapDeepCloneAndScopeSnapshot
=== RUN   TestClientMetadataSealRacesTransportClose
=== PAUSE TestClientMetadataSealRacesTransportClose
=== RUN   TestSessionAttachablesLabelsAllowQueryAndShutdownAdmission
=== PAUSE TestSessionAttachablesLabelsAllowQueryAndShutdownAdmission
=== RUN   TestClientRecordLookupsAreIndependentFromExecutableRuntime
=== PAUSE TestClientRecordLookupsAreIndependentFromExecutableRuntime
=== RUN   TestWorkspaceHostAccessDoesNotRequireOwnerRuntime
=== PAUSE TestWorkspaceHostAccessDoesNotRequireOwnerRuntime
=== RUN   TestWorkspaceRuntimeFromContextSelectsOnlyScopedClientOrAncestor
=== PAUSE TestWorkspaceRuntimeFromContextSelectsOnlyScopedClientOrAncestor
=== RUN   TestClientScopeRequiresSealedMetadata
=== PAUSE TestClientScopeRequiresSealedMetadata
=== RUN   TestClientLifecycleScopesSerializeCloseCloneAndRelease
=== PAUSE TestClientLifecycleScopesSerializeCloseCloneAndRelease
=== RUN   TestClientLifecycleScopesRaceSessionTeardown
=== PAUSE TestClientLifecycleScopesRaceSessionTeardown
=== RUN   TestClientLifecycleScopeDrainWaitsForTerminalRelease
=== PAUSE TestClientLifecycleScopeDrainWaitsForTerminalRelease
=== RUN   TestClientRuntimeReclamationRacesCloseLeasesChildAndTeardown
=== PAUSE TestClientRuntimeReclamationRacesCloseLeasesChildAndTeardown
=== RUN   TestClientRuntimeReclamationDrainsMetricsBeforeUnpublish
=== PAUSE TestClientRuntimeReclamationDrainsMetricsBeforeUnpublish
=== RUN   TestClientLifecycleDebugSnapshotReportsClosedRuntimeRetention
=== PAUSE TestClientLifecycleDebugSnapshotReportsClosedRuntimeRetention
=== RUN   TestClientAncestryAndTelemetryRouteOrdering
=== PAUSE TestClientAncestryAndTelemetryRouteOrdering
=== RUN   TestTelemetryRoutesClientsAndAncestorsExactlyOnce
--- PASS: TestTelemetryRoutesClientsAndAncestorsExactlyOnce (0.01s)
=== RUN   TestClientRegistrationRequiresValidExplicitAncestry
=== PAUSE TestClientRegistrationRequiresValidExplicitAncestry
=== RUN   TestClientRegistrationRejectsInvalidParentRoute
=== PAUSE TestClientRegistrationRejectsInvalidParentRoute
=== RUN   TestLifecycleDebugAndRouteLookupConcurrentClientMutation
=== PAUSE TestLifecycleDebugAndRouteLookupConcurrentClientMutation
=== RUN   TestLogRecordRowPreservesBytesBody
--- PASS: TestLogRecordRowPreservesBytesBody (0.00s)
=== RUN   TestTelemetryExportReleasesClientDBHandle
--- PASS: TestTelemetryExportReleasesClientDBHandle (0.00s)
=== RUN   TestActiveClientIDsConcurrentSessionClientMutation
=== PAUSE TestActiveClientIDsConcurrentSessionClientMutation
=== RUN   TestClientRecordFromIDsConcurrentSessionInitialization
=== PAUSE TestClientRecordFromIDsConcurrentSessionInitialization
=== RUN   TestClientsDoesNotBlockWhileSessionLifecycleLocked
=== PAUSE TestClientsDoesNotBlockWhileSessionLifecycleLocked
=== RUN   TestActiveClientIDsDoesNotBlockWhileSessionLifecycleLocked
=== PAUSE TestActiveClientIDsDoesNotBlockWhileSessionLifecycleLocked
=== RUN   TestGetOrInitClientReturnsFastForRemovedTombstone
=== PAUSE TestGetOrInitClientReturnsFastForRemovedTombstone
=== RUN   TestClientRecordFromIDsStateGating
=== PAUSE TestClientRecordFromIDsStateGating
=== RUN   TestSessionLifecycleObserverConcurrency
=== PAUSE TestSessionLifecycleObserverConcurrency
=== RUN   TestSessionTeardownFlushesTraceTelemetryAfterMetricShutdown
2026/09/17 08:42:41 INFO removing session; stopping client services and flushing session=session
--- PASS: TestSessionTeardownFlushesTraceTelemetryAfterMetricShutdown (0.00s)
=== RUN   TestSessionTeardownHonorsCallerDeadlineForStrandedLease
2026/09/17 08:42:41 INFO removing session; stopping client services and flushing session=bounded
2026/09/17 08:42:42 ERROR error waiting for client scopes to drain session=bounded error="context deadline exceeded"
2026/09/17 08:42:42 INFO removing session; stopping client services and flushing session=unbounded
--- PASS: TestSessionTeardownHonorsCallerDeadlineForStrandedLease (0.80s)
=== RUN   TestMainClientLastDisconnectDoesNotBlockOnTeardown
=== PAUSE TestMainClientLastDisconnectDoesNotBlockOnTeardown
=== RUN   TestSameIDConnectDuringBackgroundTeardownGetsRetryable
=== PAUSE TestSameIDConnectDuringBackgroundTeardownGetsRetryable
=== RUN   TestReapAbandonedWhenMainClientReconnects
=== PAUSE TestReapAbandonedWhenMainClientReconnects
=== RUN   TestFailedSessionInitializationCanRetrySameID
=== PAUSE TestFailedSessionInitializationCanRetrySameID
=== RUN   TestConcurrentReapsSingleTeardown
=== PAUSE TestConcurrentReapsSingleTeardown
=== RUN   TestPendingLegacyModule
=== PAUSE TestPendingLegacyModule
=== RUN   TestFilterPendingWorkspaceModulesForRootFields
=== PAUSE TestFilterPendingWorkspaceModulesForRootFields
=== RUN   TestFilterPendingWorkspaceModulesForScopedRootFields
=== PAUSE TestFilterPendingWorkspaceModulesForScopedRootFields
=== RUN   TestEnsureRequestModulesLoadedConsumesScopeBeforeUnlock
--- PASS: TestEnsureRequestModulesLoadedConsumesScopeBeforeUnlock (0.00s)
=== RUN   TestWithRequestTelemetrySuppression
=== PAUSE TestWithRequestTelemetrySuppression
=== RUN   TestCallPayloadDeliveryStore
=== PAUSE TestCallPayloadDeliveryStore
=== RUN   TestFilterPendingWorkspaceModulesBySelectorInclude
=== PAUSE TestFilterPendingWorkspaceModulesBySelectorInclude
=== RUN   TestWorkspaceConfigPendingModules
=== PAUSE TestWorkspaceConfigPendingModules
=== RUN   TestModuleResolutionFromSubdirectory
=== PAUSE TestModuleResolutionFromSubdirectory
=== RUN   TestDetectAndLoadWorkspaceIgnoresCompatFallbackWhenConfigExists
=== PAUSE TestDetectAndLoadWorkspaceIgnoresCompatFallbackWhenConfigExists
=== RUN   TestDetectAndLoadWorkspaceLoadsPlainModuleCompatWithoutConfig
=== PAUSE TestDetectAndLoadWorkspaceLoadsPlainModuleCompatWithoutConfig
=== RUN   TestDetectAndLoadWorkspaceKeepsCompatFallbackForExplicitExtraModule
=== PAUSE TestDetectAndLoadWorkspaceKeepsCompatFallbackForExplicitExtraModule
=== RUN   TestDetectAndLoadWorkspaceCreatesRootlessWorkspaceWithoutInferringModule
=== PAUSE TestDetectAndLoadWorkspaceCreatesRootlessWorkspaceWithoutInferringModule
=== RUN   TestRemoteWorkspaceCwdUsesDetectionStart
=== PAUSE TestRemoteWorkspaceCwdUsesDetectionStart
=== RUN   TestRemoteWorkspaceLoadsPlainModuleCompatFromCWD
=== PAUSE TestRemoteWorkspaceLoadsPlainModuleCompatFromCWD
=== RUN   TestDetectAndLoadWorkspaceDoesNotLoadModulesByDefault
=== PAUSE TestDetectAndLoadWorkspaceDoesNotLoadModulesByDefault
=== RUN   TestIsSameModuleReference
=== PAUSE TestIsSameModuleReference
=== RUN   TestEnsureWorkspaceLoadedInheritsParentWorkspace
=== PAUSE TestEnsureWorkspaceLoadedInheritsParentWorkspace
=== RUN   TestEnsureWorkspaceLoadedKeepsExistingWorkspaceBinding
=== PAUSE TestEnsureWorkspaceLoadedKeepsExistingWorkspaceBinding
=== RUN   TestSpecificClientAttachableConnRejectsInertClient
=== PAUSE TestSpecificClientAttachableConnRejectsInertClient
=== RUN   TestResolveHostServiceCallerFallsBackToParentRecordWithoutRuntime
=== PAUSE TestResolveHostServiceCallerFallsBackToParentRecordWithoutRuntime
=== RUN   TestResolveHostServiceCallerPrefersCurrentClientAttachable
=== PAUSE TestResolveHostServiceCallerPrefersCurrentClientAttachable
=== RUN   TestResolveHostServiceCallerUsesBlockingLookupForOtherClients
=== PAUSE TestResolveHostServiceCallerUsesBlockingLookupForOtherClients
=== RUN   TestClientAttachableWaitRouting
=== PAUSE TestClientAttachableWaitRouting
=== RUN   TestWorkspaceBindingMode
=== PAUSE TestWorkspaceBindingMode
=== RUN   TestBuildCoreWorkspaceIncludesConfigState
=== PAUSE TestBuildCoreWorkspaceIncludesConfigState
=== RUN   TestNestedClientMetadataForRequest
=== PAUSE TestNestedClientMetadataForRequest
=== RUN   TestLocalWorkspaceAddress
=== PAUSE TestLocalWorkspaceAddress
=== RUN   TestRemoteWorkspaceAddress
=== PAUSE TestRemoteWorkspaceAddress
=== RUN   TestParseWorkspaceRemoteRef
=== PAUSE TestParseWorkspaceRemoteRef
=== RUN   TestWorkspaceGitRefSelectorSemverSemantics
=== PAUSE TestWorkspaceGitRefSelectorSemverSemantics
=== RUN   TestGatherModuleLoadRequests
=== PAUSE TestGatherModuleLoadRequests
=== RUN   TestModuleLoadParallelism
=== PAUSE TestModuleLoadParallelism
=== RUN   TestModuleLoadErr
=== PAUSE TestModuleLoadErr
=== RUN   TestDedupeResolvedModuleLoads
=== PAUSE TestDedupeResolvedModuleLoads
=== RUN   TestDedupeResolvedModuleLoadsKeepsSameSourceUnderDifferentNames
=== PAUSE TestDedupeResolvedModuleLoadsKeepsSameSourceUnderDifferentNames
=== RUN   TestResolvedModuleLoadIdentity
=== PAUSE TestResolvedModuleLoadIdentity
=== RUN   TestArbitrateSameSourceEntrypointNominations
=== PAUSE TestArbitrateSameSourceEntrypointNominations
=== RUN   TestArbitrateResolvedModuleLoads
=== PAUSE TestArbitrateResolvedModuleLoads
=== RUN   TestNormalizeWorkspaceRemoteSubdir
=== PAUSE TestNormalizeWorkspaceRemoteSubdir
=== RUN   TestReadWorkspaceLockStateReadsLegacyLockFallback
=== PAUSE TestReadWorkspaceLockStateReadsLegacyLockFallback
=== RUN   TestReadWorkspaceLockStateDoesNotWriteInvalidLock
=== PAUSE TestReadWorkspaceLockStateDoesNotWriteInvalidLock
=== RUN   TestUserConfigOverridesWorkspaceSettings
=== PAUSE TestUserConfigOverridesWorkspaceSettings
=== RUN   TestUserConfigAddsSelectableEnv
=== PAUSE TestUserConfigAddsSelectableEnv
=== RUN   TestUserConfigEnvMergesOverRepoEnv
=== PAUSE TestUserConfigEnvMergesOverRepoEnv
=== RUN   TestUserConfigMatchesEquivalentRemoteForms
=== PAUSE TestUserConfigMatchesEquivalentRemoteForms
=== RUN   TestUserConfigOtherWorkspaceDoesNotApply
=== PAUSE TestUserConfigOtherWorkspaceDoesNotApply
=== RUN   TestUserConfigNoGitRemote
=== PAUSE TestUserConfigNoGitRemote
=== RUN   TestUserConfigLocalPathRemote
=== PAUSE TestUserConfigLocalPathRemote
=== RUN   TestUserConfigMissingFileIsFine
=== PAUSE TestUserConfigMissingFileIsFine
=== RUN   TestUserConfigMalformedErrors
=== PAUSE TestUserConfigMalformedErrors
=== RUN   TestUserConfigNoPathDeclared
=== PAUSE TestUserConfigNoPathDeclared
=== RUN   TestUserConfigWorktreeGitFile
=== PAUSE TestUserConfigWorktreeGitFile
=== RUN   TestUserConfigOriginFromIncludedGitConfig
=== PAUSE TestUserConfigOriginFromIncludedGitConfig
=== RUN   TestUserConfigIncludeIfConditionsFollowGitSemantics
=== PAUSE TestUserConfigIncludeIfConditionsFollowGitSemantics
=== RUN   TestUserConfigRemoteWorkspaceKey
=== PAUSE TestUserConfigRemoteWorkspaceKey
=== RUN   TestSnapshotSharingMarkedDecodeOfEncodedService
2026/09/17 08:42:42 INFO starting dagql cache close hasSQLDB=true hasPersistDB=true
2026/09/17 08:42:42 INFO marking dagql cache clean shutdown
2026/09/17 08:42:42 WARN successfully marked clean shutdown in persistence metadata
2026/09/17 08:42:42 INFO completed dagql cache close successfully
2026/09/17 08:42:42 INFO starting dagql cache close hasSQLDB=true hasPersistDB=true
2026/09/17 08:42:42 INFO marking dagql cache clean shutdown
2026/09/17 08:42:42 WARN successfully marked clean shutdown in persistence metadata
2026/09/17 08:42:42 INFO completed dagql cache close successfully
--- PASS: TestSnapshotSharingMarkedDecodeOfEncodedService (0.04s)
=== RUN   TestSnapshotSharingReceivesImports
--- PASS: TestSnapshotSharingReceivesImports (0.00s)
=== RUN   TestSnapshotSharingSkipsOrdinaryEngine
--- PASS: TestSnapshotSharingSkipsOrdinaryEngine (0.00s)
=== RUN   TestSnapshotSharingPreparationContext
    snapshot_sharing_test.go:53: static core schema base construction: 8.293254ms
--- PASS: TestSnapshotSharingPreparationContext (0.01s)
=== RUN   TestCloudEngineTelemetryResource
--- PASS: TestCloudEngineTelemetryResource (0.00s)
=== RUN   TestTelemetryOriginScopeSessionIsolation
--- PASS: TestTelemetryOriginScopeSessionIsolation (0.00s)
=== RUN   TestMoveLocalCacheStateToTrash
=== PAUSE TestMoveLocalCacheStateToTrash
=== RUN   TestFindLocalCacheTrashDirs
=== PAUSE TestFindLocalCacheTrashDirs
=== RUN   TestRemoveAllPaced
=== PAUSE TestRemoveAllPaced
=== RUN   TestRemoveAllPacedManyEntries
=== PAUSE TestRemoveAllPacedManyEntries
=== RUN   TestRemoveAllPacedCanceled
=== PAUSE TestRemoveAllPacedCanceled
=== RUN   TestSweepLocalCacheTrash
=== PAUSE TestSweepLocalCacheTrash
=== RUN   TestStartLocalCacheTrashSweeperBlocksUnderDiskPressure
=== PAUSE TestStartLocalCacheTrashSweeperBlocksUnderDiskPressure
=== RUN   TestWorkspaceReadEpochFollowsOwner
--- PASS: TestWorkspaceReadEpochFollowsOwner (0.00s)
=== CONT  TestBuildCoreWorkspaceIncludesConfigState
=== CONT  TestUserConfigEnvMergesOverRepoEnv
=== CONT  TestResolveDagqlCacheGCConfig
=== CONT  TestUserConfigIncludeIfConditionsFollowGitSemantics
=== CONT  TestUserConfigAddsSelectableEnv
=== CONT  TestRemoveAllPaced
=== RUN   TestUserConfigIncludeIfConditionsFollowGitSemantics/non-matching_gitdir_condition_is_not_followed
=== PAUSE TestUserConfigIncludeIfConditionsFollowGitSemantics/non-matching_gitdir_condition_is_not_followed
=== RUN   TestUserConfigIncludeIfConditionsFollowGitSemantics/onbranch_condition_follows_the_checked-out_branch
=== PAUSE TestUserConfigIncludeIfConditionsFollowGitSemantics/onbranch_condition_follows_the_checked-out_branch
=== CONT  TestClientAttachableWaitRouting
=== RUN   TestUserConfigIncludeIfConditionsFollowGitSemantics/onbranch_condition_on_another_branch_is_not_followed
=== PAUSE TestUserConfigIncludeIfConditionsFollowGitSemantics/onbranch_condition_on_another_branch_is_not_followed
=== RUN   TestClientAttachableWaitRouting/synthetic_nested_client_without_attachables
=== CONT  TestFindLocalCacheTrashDirs
=== PAUSE TestClientAttachableWaitRouting/synthetic_nested_client_without_attachables
=== RUN   TestClientAttachableWaitRouting/synthetic_nested_client_that_registered_attachables
=== CONT  TestUserConfigOverridesWorkspaceSettings
=== CONT  TestUserConfigWorktreeGitFile
=== PAUSE TestClientAttachableWaitRouting/synthetic_nested_client_that_registered_attachables
=== RUN   TestBuildCoreWorkspaceIncludesConfigState/workspace_with_config
=== PAUSE TestBuildCoreWorkspaceIncludesConfigState/workspace_with_config
=== RUN   TestBuildCoreWorkspaceIncludesConfigState/workspace_without_config
=== CONT  TestWorkspaceBindingMode
=== CONT  TestUserConfigMalformedErrors
=== CONT  TestUserConfigMissingFileIsFine
=== CONT  TestUserConfigOtherWorkspaceDoesNotApply
--- PASS: TestResolveDagqlCacheGCConfig (0.00s)
=== CONT  TestUserConfigNoGitRemote
=== CONT  TestUserConfigIncludeIfConditionsFollowGitSemantics/non-matching_gitdir_condition_is_not_followed
--- PASS: TestFindLocalCacheTrashDirs (0.00s)
=== CONT  TestUserConfigMatchesEquivalentRemoteForms
--- PASS: TestRemoveAllPaced (0.00s)
=== CONT  TestUserConfigNoPathDeclared
=== PAUSE TestBuildCoreWorkspaceIncludesConfigState/workspace_without_config
=== RUN   TestBuildCoreWorkspaceIncludesConfigState/local_boundary_without_Git_is_rootless
=== CONT  TestUserConfigLocalPathRemote
=== RUN   TestWorkspaceBindingMode/declared_workspace_takes_precedence
=== RUN   TestClientAttachableWaitRouting/client_with_its_own_session_waits
=== CONT  TestUserConfigOriginFromIncludedGitConfig
=== RUN   TestUserConfigOriginFromIncludedGitConfig/include
=== PAUSE TestBuildCoreWorkspaceIncludesConfigState/local_boundary_without_Git_is_rootless
=== PAUSE TestUserConfigOriginFromIncludedGitConfig/include
--- PASS: TestUserConfigWorktreeGitFile (0.00s)
=== RUN   TestUserConfigOriginFromIncludedGitConfig/conditional_include
--- PASS: TestUserConfigEnvMergesOverRepoEnv (0.00s)
=== PAUSE TestUserConfigOriginFromIncludedGitConfig/conditional_include
=== CONT  TestResolveHostServiceCallerPrefersCurrentClientAttachable
--- PASS: TestResolveHostServiceCallerPrefersCurrentClientAttachable (0.00s)
=== CONT  TestEnsureWorkspaceLoadedKeepsExistingWorkspaceBinding
--- PASS: TestEnsureWorkspaceLoadedKeepsExistingWorkspaceBinding (0.00s)
=== CONT  TestEnsureWorkspaceLoadedInheritsParentWorkspace
--- PASS: TestEnsureWorkspaceLoadedInheritsParentWorkspace (0.00s)
=== CONT  TestIsSameModuleReference
=== RUN   TestIsSameModuleReference/same_local_source_root_and_pin
=== CONT  TestSpecificClientAttachableConnRejectsInertClient
--- PASS: TestUserConfigMalformedErrors (0.00s)
=== CONT  TestDetectAndLoadWorkspaceDoesNotLoadModulesByDefault
--- PASS: TestUserConfigNoGitRemote (0.00s)
=== CONT  TestRemoteWorkspaceLoadsPlainModuleCompatFromCWD
=== RUN   TestSpecificClientAttachableConnRejectsInertClient/direct_caller_ifAvailable=false
--- PASS: TestDetectAndLoadWorkspaceDoesNotLoadModulesByDefault (0.00s)
=== CONT  TestRemoteWorkspaceCwdUsesDetectionStart
--- PASS: TestUserConfigMatchesEquivalentRemoteForms (0.00s)
--- PASS: TestRemoteWorkspaceCwdUsesDetectionStart (0.00s)
=== CONT  TestDetectAndLoadWorkspaceKeepsCompatFallbackForExplicitExtraModule
2026/09/17 08:42:42 WARN No workspace config found, inferring from ../dagger.json.
Run 'dagger workspace migrate' when ready. More info: https://docs.dagger.io/reference/upgrade-to-workspaces config=subdir/dagger.json
=== PAUSE TestIsSameModuleReference/same_local_source_root_and_pin
=== RUN   TestIsSameModuleReference/different_local_source
=== PAUSE TestIsSameModuleReference/different_local_source
=== RUN   TestIsSameModuleReference/same_module_through_different_local_refs
=== CONT  TestDetectAndLoadWorkspaceLoadsPlainModuleCompatWithoutConfig
=== PAUSE TestIsSameModuleReference/same_module_through_different_local_refs
=== CONT  TestDetectAndLoadWorkspaceCreatesRootlessWorkspaceWithoutInferringModule
2026/09/17 08:42:42 WARN No workspace config found, inferring from dagger.json.
Run 'dagger workspace migrate' when ready. More info: https://docs.dagger.io/reference/upgrade-to-workspaces config=/repo/dagger.json
=== CONT  TestModuleResolutionFromSubdirectory
2026/09/17 08:42:42 WARN No workspace config found, inferring from dagger.json.
Run 'dagger workspace migrate' when ready. More info: https://docs.dagger.io/reference/upgrade-to-workspaces config=/repo/mymod/dagger.json
2026/09/17 08:42:42 WARN No workspace config found, inferring from dagger.json.
Run 'dagger workspace migrate' when ready. More info: https://docs.dagger.io/reference/upgrade-to-workspaces config=/tmp/mymod/dagger.json
=== CONT  TestFilterPendingWorkspaceModulesBySelectorInclude
=== RUN   TestSpecificClientAttachableConnRejectsInertClient/direct_caller_ifAvailable=true
=== CONT  TestWithRequestTelemetrySuppression
=== PAUSE TestClientAttachableWaitRouting/client_with_its_own_session_waits
=== RUN   TestClientAttachableWaitRouting/another_client_still_waits
=== CONT  TestFilterPendingWorkspaceModulesForScopedRootFields
=== PAUSE TestClientAttachableWaitRouting/another_client_still_waits
=== RUN   TestFilterPendingWorkspaceModulesBySelectorInclude/module:generator_selects_only_that_module
=== PAUSE TestFilterPendingWorkspaceModulesBySelectorInclude/module:generator_selects_only_that_module
=== RUN   TestFilterPendingWorkspaceModulesBySelectorInclude/module:item_works_for_checks_and_services_too
=== CONT  TestPendingLegacyModule
2026/09/17 08:42:42 WARN No workspace config found, inferring from ../../dagger.json.
Run 'dagger workspace migrate' when ready. More info: https://docs.dagger.io/reference/upgrade-to-workspaces config=/repo/dagger.json
=== CONT  TestFilterPendingWorkspaceModulesForRootFields
=== CONT  TestCallPayloadDeliveryStore
=== RUN   TestFilterPendingWorkspaceModulesForRootFields/constructor_match_loads_only_matching_module
=== CONT  TestConcurrentReapsSingleTeardown
=== PAUSE TestFilterPendingWorkspaceModulesForRootFields/constructor_match_loads_only_matching_module
=== RUN   TestFilterPendingWorkspaceModulesForRootFields/unknown_root_field_with_multiple_entrypoints_loads_all
=== PAUSE TestFilterPendingWorkspaceModulesForRootFields/unknown_root_field_with_multiple_entrypoints_loads_all
=== RUN   TestFilterPendingWorkspaceModulesForRootFields/unknown_root_field_with_one_entrypoint_loads_entrypoint
=== CONT  TestReapAbandonedWhenMainClientReconnects
2026/09/17 08:42:42 INFO removing session; stopping client services and flushing session=s
=== PAUSE TestFilterPendingWorkspaceModulesForRootFields/unknown_root_field_with_one_entrypoint_loads_entrypoint
=== CONT  TestSameIDConnectDuringBackgroundTeardownGetsRetryable
=== CONT  TestWorkspaceConfigPendingModules
=== RUN   TestFilterPendingWorkspaceModulesForRootFields/unknown_root_field_skips_entrypoint_already_recorded_as_failed
=== PAUSE TestFilterPendingWorkspaceModulesForRootFields/unknown_root_field_skips_entrypoint_already_recorded_as_failed
=== CONT  TestMainClientLastDisconnectDoesNotBlockOnTeardown
=== RUN   TestFilterPendingWorkspaceModulesForRootFields/named_root_field_still_selects_a_failed_module
=== PAUSE TestFilterPendingWorkspaceModulesForRootFields/named_root_field_still_selects_a_failed_module
=== RUN   TestFilterPendingWorkspaceModulesForRootFields/introspection_loads_all
=== RUN   TestFilterPendingWorkspaceModulesForScopedRootFields/no_scope_delegates_to_root-field_demand
2026/09/17 08:42:42 INFO all client connections closed sessionID=s clientID=m
=== PAUSE TestFilterPendingWorkspaceModulesForRootFields/introspection_loads_all
=== RUN   TestFilterPendingWorkspaceModulesForRootFields/current_typedefs_loads_all
=== PAUSE TestFilterPendingWorkspaceModulesForScopedRootFields/no_scope_delegates_to_root-field_demand
=== PAUSE TestFilterPendingWorkspaceModulesBySelectorInclude/module:item_works_for_checks_and_services_too
=== RUN   TestFilterPendingWorkspaceModulesForScopedRootFields/scoped_typedefs_loads_target_plus_entrypoint
2026/09/17 08:42:42 INFO removing session; stopping client services and flushing session=s
=== PAUSE TestFilterPendingWorkspaceModulesForScopedRootFields/scoped_typedefs_loads_target_plus_entrypoint
2026/09/17 08:42:42 INFO all client connections closed sessionID=s clientID=m
=== RUN   TestFilterPendingWorkspaceModulesBySelectorInclude/bare_module_name_selects_only_that_module
=== PAUSE TestFilterPendingWorkspaceModulesForRootFields/current_typedefs_loads_all
=== RUN   TestFilterPendingWorkspaceModulesForScopedRootFields/kebab-case_token_matches_declared_module_name
=== PAUSE TestFilterPendingWorkspaceModulesBySelectorInclude/bare_module_name_selects_only_that_module
=== PAUSE TestFilterPendingWorkspaceModulesForScopedRootFields/kebab-case_token_matches_declared_module_name
=== CONT  TestSessionLifecycleObserverConcurrency
=== RUN   TestFilterPendingWorkspaceModulesBySelectorInclude/multiple_patterns_select_each_named_module
=== RUN   TestFilterPendingWorkspaceModulesForScopedRootFields/unknown_token_loads_pending_entrypoint_alone
2026/09/17 08:42:42 INFO removing session; stopping client services and flushing session=s
=== PAUSE TestFilterPendingWorkspaceModulesBySelectorInclude/multiple_patterns_select_each_named_module
=== PAUSE TestFilterPendingWorkspaceModulesForScopedRootFields/unknown_token_loads_pending_entrypoint_alone
=== RUN   TestFilterPendingWorkspaceModulesBySelectorInclude/bare_token_not_matching_a_module_selects_all
=== RUN   TestFilterPendingWorkspaceModulesForScopedRootFields/unknown_token_without_entrypoint_loads_all
=== PAUSE TestFilterPendingWorkspaceModulesBySelectorInclude/bare_token_not_matching_a_module_selects_all
=== CONT  TestFailedSessionInitializationCanRetrySameID
=== RUN   TestFilterPendingWorkspaceModulesBySelectorInclude/module:item_not_matching_a_module_selects_all
=== PAUSE TestFilterPendingWorkspaceModulesBySelectorInclude/module:item_not_matching_a_module_selects_all
=== RUN   TestFilterPendingWorkspaceModulesBySelectorInclude/empty_include_selects_all
=== CONT  TestGetOrInitClientReturnsFastForRemovedTombstone
=== PAUSE TestFilterPendingWorkspaceModulesForScopedRootFields/unknown_token_without_entrypoint_loads_all
=== PAUSE TestFilterPendingWorkspaceModulesBySelectorInclude/empty_include_selects_all
=== RUN   TestFilterPendingWorkspaceModulesForScopedRootFields/another_full-schema_field_loads_all_without_consuming
=== PAUSE TestFilterPendingWorkspaceModulesForScopedRootFields/another_full-schema_field_loads_all_without_consuming
=== RUN   TestFilterPendingWorkspaceModulesForScopedRootFields/no_typedefs_field_delegates_without_consuming
=== PAUSE TestFilterPendingWorkspaceModulesForScopedRootFields/no_typedefs_field_delegates_without_consuming
=== RUN   TestFilterPendingWorkspaceModulesForScopedRootFields/typedefs_plus_module_field_unions_both_demands
=== PAUSE TestFilterPendingWorkspaceModulesForScopedRootFields/typedefs_plus_module_field_unions_both_demands
=== RUN   TestFilterPendingWorkspaceModulesForScopedRootFields/served_target_contributes_nothing_to_load
=== PAUSE TestFilterPendingWorkspaceModulesForScopedRootFields/served_target_contributes_nothing_to_load
=== RUN   TestFilterPendingWorkspaceModulesForScopedRootFields/unknown_token_with_served_entrypoint_loads_no_siblings
=== PAUSE TestFilterPendingWorkspaceModulesForScopedRootFields/unknown_token_with_served_entrypoint_loads_no_siblings
--- PASS: TestRemoteWorkspaceLoadsPlainModuleCompatFromCWD (0.00s)
--- PASS: TestDetectAndLoadWorkspaceKeepsCompatFallbackForExplicitExtraModule (0.00s)
--- PASS: TestUserConfigAddsSelectableEnv (0.00s)
=== CONT  TestClientRecordFromIDsStateGating
--- PASS: TestDetectAndLoadWorkspaceLoadsPlainModuleCompatWithoutConfig (0.00s)
--- PASS: TestDetectAndLoadWorkspaceCreatesRootlessWorkspaceWithoutInferringModule (0.00s)
--- PASS: TestUserConfigOtherWorkspaceDoesNotApply (0.00s)
=== RUN   TestFilterPendingWorkspaceModulesBySelectorInclude/already-served_module_is_recognized_and_selects_nothing
=== CONT  TestClientRecordFromIDsConcurrentSessionInitialization
=== PAUSE TestFilterPendingWorkspaceModulesBySelectorInclude/already-served_module_is_recognized_and_selects_nothing
=== RUN   TestFilterPendingWorkspaceModulesBySelectorInclude/served_and_pending_patterns_select_only_the_pending_module
=== CONT  TestActiveClientIDsConcurrentSessionClientMutation
=== PAUSE TestFilterPendingWorkspaceModulesBySelectorInclude/served_and_pending_patterns_select_only_the_pending_module
=== RUN   TestFilterPendingWorkspaceModulesBySelectorInclude/camelCase_pattern_selects_the_kebab-case_module
=== PAUSE TestFilterPendingWorkspaceModulesBySelectorInclude/camelCase_pattern_selects_the_kebab-case_module
=== RUN   TestFilterPendingWorkspaceModulesBySelectorInclude/kebab-case_pattern_selects_the_camelCase_module
=== PAUSE TestFilterPendingWorkspaceModulesBySelectorInclude/kebab-case_pattern_selects_the_camelCase_module
=== RUN   TestFilterPendingWorkspaceModulesBySelectorInclude/glob_pattern_selects_all
=== PAUSE TestFilterPendingWorkspaceModulesBySelectorInclude/glob_pattern_selects_all
=== CONT  TestDetectAndLoadWorkspaceIgnoresCompatFallbackWhenConfigExists
=== CONT  TestLifecycleDebugAndRouteLookupConcurrentClientMutation
=== CONT  TestClientRegistrationRejectsInvalidParentRoute
=== PAUSE TestWorkspaceBindingMode/declared_workspace_takes_precedence
=== CONT  TestClientRegistrationRequiresValidExplicitAncestry
=== RUN   TestWorkspaceBindingMode/non-module_defaults_to_host_detection
=== RUN   TestPendingLegacyModule/preserves_remote_pin
=== CONT  TestClientAncestryAndTelemetryRouteOrdering
=== CONT  TestHeldParentScopeDelegatesWhileParentClosing
=== CONT  TestClientRuntimeReclamationDrainsMetricsBeforeUnpublish
=== CONT  TestResolveHostServiceCallerFallsBackToParentRecordWithoutRuntime
=== PAUSE TestPendingLegacyModule/preserves_remote_pin
=== CONT  TestClientRuntimeReclamationRacesCloseLeasesChildAndTeardown
=== CONT  TestClientLifecycleDebugSnapshotReportsClosedRuntimeRetention
=== RUN   TestPendingLegacyModule/resolves_local_refs_without_ref_pin
=== PAUSE TestPendingLegacyModule/resolves_local_refs_without_ref_pin
=== CONT  TestClientLifecycleScopeDrainWaitsForTerminalRelease
=== RUN   TestFilterPendingWorkspaceModulesForRootFields/current_module_loads_all
=== CONT  TestClientLifecycleScopesRaceSessionTeardown
=== PAUSE TestFilterPendingWorkspaceModulesForRootFields/current_module_loads_all
=== CONT  TestClientLifecycleScopesSerializeCloseCloneAndRelease
=== RUN   TestFilterPendingWorkspaceModulesForRootFields/core-only_query_loads_none
=== PAUSE TestFilterPendingWorkspaceModulesForRootFields/core-only_query_loads_none
=== CONT  TestActiveClientIDsDoesNotBlockWhileSessionLifecycleLocked
=== RUN   TestFilterPendingWorkspaceModulesForRootFields/current_workspace_loads_none_(resolvers_load_on_demand)
=== PAUSE TestFilterPendingWorkspaceModulesForRootFields/current_workspace_loads_none_(resolvers_load_on_demand)
=== CONT  TestClientScopeRequiresSealedMetadata
=== RUN   TestFilterPendingWorkspaceModulesForRootFields/already-served_root_field_loads_none
--- PASS: TestClientRecordFromIDsStateGating (0.00s)
--- PASS: TestSpecificClientAttachableConnRejectsInertClient (0.00s)
    --- PASS: TestSpecificClientAttachableConnRejectsInertClient/direct_caller_ifAvailable=false (0.00s)
    --- PASS: TestSpecificClientAttachableConnRejectsInertClient/direct_caller_ifAvailable=true (0.00s)
--- PASS: TestUserConfigMissingFileIsFine (0.00s)
--- PASS: TestModuleResolutionFromSubdirectory (0.00s)
--- PASS: TestCallPayloadDeliveryStore (0.00s)
--- PASS: TestUserConfigOverridesWorkspaceSettings (0.00s)
--- PASS: TestUserConfigNoPathDeclared (0.00s)
--- PASS: TestReapAbandonedWhenMainClientReconnects (0.00s)
--- PASS: TestWorkspaceConfigPendingModules (0.00s)
--- PASS: TestFailedSessionInitializationCanRetrySameID (0.00s)
--- PASS: TestUserConfigLocalPathRemote (0.00s)
--- PASS: TestClientScopeRequiresSealedMetadata (0.00s)
--- PASS: TestGetOrInitClientReturnsFastForRemovedTombstone (0.00s)
=== CONT  TestWorkspaceRuntimeFromContextSelectsOnlyScopedClientOrAncestor
--- PASS: TestWithRequestTelemetrySuppression (0.00s)
--- PASS: TestDetectAndLoadWorkspaceIgnoresCompatFallbackWhenConfigExists (0.00s)
--- PASS: TestClientRegistrationRejectsInvalidParentRoute (0.00s)
--- PASS: TestClientRegistrationRequiresValidExplicitAncestry (0.00s)
--- PASS: TestClientAncestryAndTelemetryRouteOrdering (0.00s)
--- PASS: TestHeldParentScopeDelegatesWhileParentClosing (0.00s)
--- PASS: TestResolveHostServiceCallerFallsBackToParentRecordWithoutRuntime (0.00s)
--- PASS: TestClientLifecycleScopeDrainWaitsForTerminalRelease (0.00s)
--- PASS: TestClientLifecycleDebugSnapshotReportsClosedRuntimeRetention (0.00s)
--- PASS: TestActiveClientIDsDoesNotBlockWhileSessionLifecycleLocked (0.00s)
=== CONT  TestClientsDoesNotBlockWhileSessionLifecycleLocked
--- PASS: TestWorkspaceRuntimeFromContextSelectsOnlyScopedClientOrAncestor (0.00s)
=== CONT  TestWorkspaceHostAccessDoesNotRequireOwnerRuntime
--- PASS: TestClientsDoesNotBlockWhileSessionLifecycleLocked (0.00s)
=== CONT  TestClientRecordLookupsAreIndependentFromExecutableRuntime
=== PAUSE TestWorkspaceBindingMode/non-module_defaults_to_host_detection
=== RUN   TestWorkspaceBindingMode/module_defaults_to_inheritance
=== CONT  TestClientMetadataSealRacesTransportClose
--- PASS: TestWorkspaceHostAccessDoesNotRequireOwnerRuntime (0.00s)
=== PAUSE TestFilterPendingWorkspaceModulesForRootFields/already-served_root_field_loads_none
=== CONT  TestSessionAttachablesLabelsAllowQueryAndShutdownAdmission
=== RUN   TestFilterPendingWorkspaceModulesForRootFields/served_field_combined_with_pending_field_loads_only_pending
=== PAUSE TestFilterPendingWorkspaceModulesForRootFields/served_field_combined_with_pending_field_loads_only_pending
=== RUN   TestFilterPendingWorkspaceModulesForRootFields/env_loads_all_(resolver_snapshots_served_deps)
=== PAUSE TestFilterPendingWorkspaceModulesForRootFields/env_loads_all_(resolver_snapshots_served_deps)
=== RUN   TestFilterPendingWorkspaceModulesForRootFields/unrecognized_loadFromID_field_loads_all
=== PAUSE TestFilterPendingWorkspaceModulesForRootFields/unrecognized_loadFromID_field_loads_all
=== CONT  TestClientMetadataBootstrapOrderReplayAndConflict
=== RUN   TestSessionAttachablesLabelsAllowQueryAndShutdownAdmission/query
=== RUN   TestClientMetadataBootstrapOrderReplayAndConflict/attachables-init-first-request
=== CONT  TestResolveHostServiceCallerUsesBlockingLookupForOtherClients
=== CONT  TestNestedBootstrapRequestsMergeBeforeSeal
=== PAUSE TestWorkspaceBindingMode/module_defaults_to_inheritance
=== CONT  TestNestedTransportCloseRacesAdmissionSerialization
--- PASS: TestClientRecordLookupsAreIndependentFromExecutableRuntime (0.00s)
--- PASS: TestClientLifecycleScopesRaceSessionTeardown (0.00s)
=== CONT  TestClientMetadataBootstrapDeepCloneAndScopeSnapshot
--- PASS: TestResolveHostServiceCallerUsesBlockingLookupForOtherClients (0.00s)
=== RUN   TestClientMetadataBootstrapOrderReplayAndConflict/attachables-first-request-init
--- PASS: TestClientLifecycleScopesSerializeCloseCloneAndRelease (0.00s)
2026/09/17 08:42:42 INFO all client connections closed sessionID=session clientID=client
=== CONT  TestNestedShutdownClosesRegisteredTransportIdempotently
=== RUN   TestSessionAttachablesLabelsAllowQueryAndShutdownAdmission/shutdown
2026/09/17 08:42:42 INFO all client connections closed sessionID=session clientID=client
--- PASS: TestSessionAttachablesLabelsAllowQueryAndShutdownAdmission (0.00s)
    --- PASS: TestSessionAttachablesLabelsAllowQueryAndShutdownAdmission/query (0.00s)
    --- PASS: TestSessionAttachablesLabelsAllowQueryAndShutdownAdmission/shutdown (0.00s)
2026/09/17 08:42:42 INFO all client connections closed sessionID=session clientID=child
=== CONT  TestChildQuiescenceReleasesClosingParent
=== RUN   TestClientMetadataBootstrapOrderReplayAndConflict/init-attachables-first-request
--- PASS: TestClientMetadataBootstrapDeepCloneAndScopeSnapshot (0.00s)
2026/09/17 08:42:42 INFO all client connections closed sessionID=session clientID=child
=== CONT  TestClientInitializationDoesNotHoldScopeLock
2026/09/17 08:42:42 INFO client shutdown isMainClient=false sessionID=session clientID=child mainClientID=parent
--- PASS: TestChildQuiescenceReleasesClosingParent (0.00s)
2026/09/17 08:42:42 INFO shutdown drain phase done isMainClient=false sessionID=session clientID=child mainClientID=parent phase="flush workspace locks" duration=1.17µs error=<nil>
=== CONT  TestClosedClientWaitsForAcceptedBootstrapRequest
2026/09/17 08:42:42 INFO shutdown drain phase done isMainClient=false sessionID=session clientID=child mainClientID=parent phase="flush session telemetry" duration=33.29µs error=<nil>
2026/09/17 08:42:42 INFO client shutdown done isMainClient=false sessionID=session clientID=child mainClientID=parent duration=53.58µs error=<nil>
--- PASS: TestNestedShutdownClosesRegisteredTransportIdempotently (0.00s)
=== CONT  TestSweepLocalCacheTrash
2026/09/17 08:42:42 INFO all client connections closed sessionID=session clientID=child
=== RUN   TestClientMetadataBootstrapOrderReplayAndConflict/init-first-request-attachables
--- PASS: TestClosedClientWaitsForAcceptedBootstrapRequest (0.00s)
=== CONT  TestStartLocalCacheTrashSweeperBlocksUnderDiskPressure
2026/09/17 08:42:42 INFO all client connections closed sessionID=session clientID=child
--- PASS: TestNestedBootstrapRequestsMergeBeforeSeal (0.00s)
=== CONT  TestRemoveAllPacedCanceled
--- PASS: TestClientRecordFromIDsConcurrentSessionInitialization (0.00s)
=== CONT  TestRemoveAllPacedManyEntries
--- PASS: TestNestedTransportCloseRacesAdmissionSerialization (0.00s)
=== CONT  TestNestedTransportRegistrationRacesSessionTeardown
2026/09/17 08:42:42 INFO disk pressure detected; removing discarded local cache state before startup continues
2026/09/17 08:42:42 INFO removing discarded local cache state dir=/tmp/TestStartLocalCacheTrashSweeperBlocksUnderDiskPressure1400560150/001/worker-trash-1
2026/09/17 08:42:42 INFO initializing new client isMainClient=false sessionID=session clientID=child mainClientID=parent
=== RUN   TestClientMetadataBootstrapOrderReplayAndConflict/first-request-attachables-init
2026/09/17 08:42:42 INFO removing discarded local cache state dir=/tmp/TestSweepLocalCacheTrash3932087571/001/worker-trash-a
=== RUN   TestClientMetadataBootstrapOrderReplayAndConflict/first-request-init-attachables
--- PASS: TestClientMetadataBootstrapOrderReplayAndConflict (0.00s)
    --- PASS: TestClientMetadataBootstrapOrderReplayAndConflict/attachables-init-first-request (0.00s)
    --- PASS: TestClientMetadataBootstrapOrderReplayAndConflict/attachables-first-request-init (0.00s)
    --- PASS: TestClientMetadataBootstrapOrderReplayAndConflict/init-attachables-first-request (0.00s)
    --- PASS: TestClientMetadataBootstrapOrderReplayAndConflict/init-first-request-attachables (0.00s)
    --- PASS: TestClientMetadataBootstrapOrderReplayAndConflict/first-request-attachables-init (0.00s)
    --- PASS: TestClientMetadataBootstrapOrderReplayAndConflict/first-request-init-attachables (0.00s)
=== CONT  TestNestedTransportRegistrationDoesNotTakeLifecycleLock
--- PASS: TestNestedTransportRegistrationDoesNotTakeLifecycleLock (0.00s)
=== CONT  TestNestedTransportRegistrationRequiresExactHeldParentScope
--- PASS: TestNestedTransportRegistrationRequiresExactHeldParentScope (0.00s)
=== CONT  TestNestedTransportRegistrationBindsExactExecAttachables
--- PASS: TestNestedTransportRegistrationBindsExactExecAttachables (0.00s)
=== CONT  TestNestedTransportRegistrationIsStrictUniqueAndPermanent
2026/09/17 08:42:42 INFO removed discarded local cache state dir=/tmp/TestSweepLocalCacheTrash3932087571/001/worker-trash-a duration=2ms
2026/09/17 08:42:42 INFO removing discarded local cache state dir=/tmp/TestSweepLocalCacheTrash3932087571/001/worker-trash-b
--- PASS: TestNestedTransportRegistrationIsStrictUniqueAndPermanent (0.00s)
=== CONT  TestRunRecursiveReadOnlyProbeCleansUpAfterUnsupportedSetattr
2026/09/17 08:42:42 INFO removed discarded local cache state dir=/tmp/TestStartLocalCacheTrashSweeperBlocksUnderDiskPressure1400560150/001/worker-trash-1 duration=3ms
--- PASS: TestStartLocalCacheTrashSweeperBlocksUnderDiskPressure (0.00s)
=== CONT  TestRunRecursiveReadOnlyProbe
--- PASS: TestRemoveAllPacedCanceled (0.00s)
=== CONT  TestCanceledMonitorMetadataPruneDoesNotSetBlock
--- PASS: TestRunRecursiveReadOnlyProbeCleansUpAfterUnsupportedSetattr (0.00s)
time="2026-09-17T08:42:42Z" level=error msg="dagql metadata gc error: context canceled"
--- PASS: TestCanceledMonitorMetadataPruneDoesNotSetBlock (0.00s)
=== CONT  TestGCSessionCompletionClearsMetadataPruneBlock
2026/09/17 08:42:42 INFO removed discarded local cache state dir=/tmp/TestSweepLocalCacheTrash3932087571/001/worker-trash-b duration=2ms
2026/09/17 08:42:42 INFO dagql metadata prune finished triggered=true maximumEstimatedBytes=4351 targetEstimatedBytes=1 beforeEstimatedBytes=4352 beforeResults=1 beforeTerms=1 beforeClassSlots=1 afterInitialCompactionEstimatedBytes=4352 afterInitialCompactionResults=1 afterInitialCompactionTerms=1 afterInitialCompactionClassSlots=1 afterPruneEstimatedBytes=0 afterPruneResults=0 afterPruneTerms=0 afterPruneClassSlots=0 initialCompactionOldClassSlots=1 initialCompactionNewClassSlots=1 finalCompactionOldClassSlots=0 finalCompactionNewClassSlots=0 candidateCount=1 plannedRootCount=1 simulatedCollectedResultCount=1 simulatedStructuralBytes=4352 removedPersistedRootCount=1 candidatesExhausted=false snapshotGCAttempted=false snapshotGCSucceeded=false duration=32.83µs
--- PASS: TestGCSessionCompletionClearsMetadataPruneBlock (0.00s)
=== CONT  TestMetadataPruneMonitorBlockSuppressesOnlyStructuralStage
=== CONT  TestExplicitPruneClearsMetadataPruneBlock
--- PASS: TestSweepLocalCacheTrash (0.01s)
=== CONT  TestMonitorMetadataPruneBlocksAfterProtectedNoProgress
--- PASS: TestActiveClientIDsConcurrentSessionClientMutation (0.01s)
=== CONT  TestMetadataPruneMonitorBlockOutcome
--- PASS: TestMetadataPruneMonitorBlockOutcome (0.00s)
=== CONT  TestLocalCachePressureCheckUsesMetadataWhenDiskStatFails
--- PASS: TestExplicitPruneClearsMetadataPruneBlock (0.00s)
=== CONT  TestGCLockedDiskStatFailureDoesNotSuppressMetadataPrune
2026/09/17 08:42:42 INFO dagql metadata prune finished triggered=true maximumEstimatedBytes=4351 targetEstimatedBytes=1 beforeEstimatedBytes=4352 beforeResults=1 beforeTerms=1 beforeClassSlots=1 afterInitialCompactionEstimatedBytes=4352 afterInitialCompactionResults=1 afterInitialCompactionTerms=1 afterInitialCompactionClassSlots=1 afterPruneEstimatedBytes=4352 afterPruneResults=1 afterPruneTerms=1 afterPruneClassSlots=1 initialCompactionOldClassSlots=1 initialCompactionNewClassSlots=1 finalCompactionOldClassSlots=0 finalCompactionNewClassSlots=0 candidateCount=0 plannedRootCount=0 simulatedCollectedResultCount=0 simulatedStructuralBytes=0 removedPersistedRootCount=0 candidatesExhausted=true snapshotGCAttempted=false snapshotGCSucceeded=false duration=9.04µs
2026/09/17 08:42:42 INFO dagql pruned result resultID=2 call=Query.metadataDiskPrunable digest=xxh3:c42dc212fdb9af89 args=[] description=metadataDiskPrunable measuredSizeBytes=100 reclaimedBytes=100
--- PASS: TestConcurrentReapsSingleTeardown (0.01s)
=== CONT  TestScheduledGCTrimsImportedMetadataWithoutPersistenceReset
time="2026-09-17T08:42:42Z" level=warning msg="disk pressure check skipped: failed to get disk stats: no such file or directory"
time="2026-09-17T08:42:42Z" level=warning msg="disk pressure check skipped: failed to get disk stats: no such file or directory"
--- PASS: TestLocalCachePressureCheckUsesMetadataWhenDiskStatFails (0.00s)
=== CONT  TestGCLockedPrunesMetadataWithoutWorkerDiskPolicies
2026/09/17 08:42:42 INFO dagql metadata prune finished triggered=true maximumEstimatedBytes=4351 targetEstimatedBytes=1 beforeEstimatedBytes=8704 beforeResults=2 beforeTerms=2 beforeClassSlots=2 afterInitialCompactionEstimatedBytes=8704 afterInitialCompactionResults=2 afterInitialCompactionTerms=2 afterInitialCompactionClassSlots=2 afterPruneEstimatedBytes=0 afterPruneResults=0 afterPruneTerms=0 afterPruneClassSlots=0 initialCompactionOldClassSlots=2 initialCompactionNewClassSlots=2 finalCompactionOldClassSlots=0 finalCompactionNewClassSlots=0 candidateCount=2 plannedRootCount=2 simulatedCollectedResultCount=2 simulatedStructuralBytes=8704 removedPersistedRootCount=2 candidatesExhausted=false snapshotGCAttempted=false snapshotGCSucceeded=false duration=26.3µs
--- PASS: TestMetadataPruneMonitorBlockSuppressesOnlyStructuralStage (0.00s)
2026/09/17 08:42:42 INFO dagql metadata prune finished triggered=true maximumEstimatedBytes=4351 targetEstimatedBytes=1 beforeEstimatedBytes=4352 beforeResults=1 beforeTerms=1 beforeClassSlots=1 afterInitialCompactionEstimatedBytes=4352 afterInitialCompactionResults=1 afterInitialCompactionTerms=1 afterInitialCompactionClassSlots=1 afterPruneEstimatedBytes=0 afterPruneResults=0 afterPruneTerms=0 afterPruneClassSlots=0 initialCompactionOldClassSlots=1 initialCompactionNewClassSlots=1 finalCompactionOldClassSlots=0 finalCompactionNewClassSlots=0 candidateCount=1 plannedRootCount=1 simulatedCollectedResultCount=1 simulatedStructuralBytes=4352 removedPersistedRootCount=1 candidatesExhausted=false snapshotGCAttempted=false snapshotGCSucceeded=false duration=24.15µs
--- PASS: TestNestedTransportRegistrationRacesSessionTeardown (0.01s)
=== CONT  TestUserConfigRemoteWorkspaceKey
=== CONT  TestMoveLocalCacheStateToTrash
--- PASS: TestMonitorMetadataPruneBlocksAfterProtectedNoProgress (0.00s)
=== CONT  TestDedupeResolvedModuleLoads
--- PASS: TestDedupeResolvedModuleLoads (0.00s)
=== CONT  TestReadWorkspaceLockStateDoesNotWriteInvalidLock
--- PASS: TestUserConfigRemoteWorkspaceKey (0.00s)
=== CONT  TestReadWorkspaceLockStateReadsLegacyLockFallback
--- PASS: TestGCLockedPrunesMetadataWithoutWorkerDiskPolicies (0.00s)
2026/09/17 08:42:42 WARN invalid workspace lockfile; using an empty lock path=/repo/dagger.lock error="lockfile line 1: unsupported lockfile version \"1\""
--- PASS: TestReadWorkspaceLockStateDoesNotWriteInvalidLock (0.00s)
=== CONT  TestArbitrateResolvedModuleLoads
=== RUN   TestArbitrateResolvedModuleLoads/extra_beats_ambient
=== PAUSE TestArbitrateResolvedModuleLoads/extra_beats_ambient
=== RUN   TestArbitrateResolvedModuleLoads/multiple_ambient_entrypoints_are_invalid
=== PAUSE TestArbitrateResolvedModuleLoads/multiple_ambient_entrypoints_are_invalid
=== RUN   TestArbitrateResolvedModuleLoads/multiple_extra_entrypoints_are_invalid
=== PAUSE TestArbitrateResolvedModuleLoads/multiple_extra_entrypoints_are_invalid
=== CONT  TestArbitrateSameSourceEntrypointNominations
=== RUN   TestArbitrateSameSourceEntrypointNominations/same_settings_under_two_names_collapse_to_one_nomination
=== PAUSE TestArbitrateSameSourceEntrypointNominations/same_settings_under_two_names_collapse_to_one_nomination
=== CONT  TestResolvedModuleLoadIdentity
time="2026-09-17T08:42:42Z" level=warning msg="disk gc skipped: failed to get disk stats: no such file or directory"
2026/09/17 08:42:42 INFO dagql metadata prune finished triggered=true maximumEstimatedBytes=4351 targetEstimatedBytes=1 beforeEstimatedBytes=4352 beforeResults=1 beforeTerms=1 beforeClassSlots=1 afterInitialCompactionEstimatedBytes=4352 afterInitialCompactionResults=1 afterInitialCompactionTerms=1 afterInitialCompactionClassSlots=1 afterPruneEstimatedBytes=0 afterPruneResults=0 afterPruneTerms=0 afterPruneClassSlots=0 initialCompactionOldClassSlots=1 initialCompactionNewClassSlots=1 finalCompactionOldClassSlots=0 finalCompactionNewClassSlots=0 candidateCount=1 plannedRootCount=1 simulatedCollectedResultCount=1 simulatedStructuralBytes=4352 removedPersistedRootCount=1 candidatesExhausted=false snapshotGCAttempted=false snapshotGCSucceeded=false duration=15.63µs
=== CONT  TestDedupeResolvedModuleLoadsKeepsSameSourceUnderDifferentNames
=== CONT  TestWorkspaceGitRefSelectorSemverSemantics
=== RUN   TestWorkspaceGitRefSelectorSemverSemantics/at_selector_uses_semver_query
=== PAUSE TestWorkspaceGitRefSelectorSemverSemantics/at_selector_uses_semver_query
=== RUN   TestWorkspaceGitRefSelectorSemverSemantics/old_client_uses_literal_git_ref
=== PAUSE TestWorkspaceGitRefSelectorSemverSemantics/old_client_uses_literal_git_ref
=== CONT  TestModuleLoadErr
=== CONT  TestModuleLoadParallelism
=== RUN   TestWorkspaceGitRefSelectorSemverSemantics/fragment_selector_uses_literal_git_ref
=== CONT  TestGatherModuleLoadRequests
=== PAUSE TestWorkspaceGitRefSelectorSemverSemantics/fragment_selector_uses_literal_git_ref
=== CONT  TestUserConfigIncludeIfConditionsFollowGitSemantics/onbranch_condition_on_another_branch_is_not_followed
=== CONT  TestUserConfigIncludeIfConditionsFollowGitSemantics/onbranch_condition_follows_the_checked-out_branch
=== CONT  TestRemoteWorkspaceAddress
=== CONT  TestLocalWorkspaceAddress
=== CONT  TestNestedClientMetadataForRequest
=== RUN   TestNestedClientMetadataForRequest/inherits_live_nested_client_identity_and_policy_without_forwarded_metadata
=== PAUSE TestNestedClientMetadataForRequest/inherits_live_nested_client_identity_and_policy_without_forwarded_metadata
=== RUN   TestNestedClientMetadataForRequest/overlays_request-scoped_forwarded_metadata
=== PAUSE TestNestedClientMetadataForRequest/overlays_request-scoped_forwarded_metadata
=== RUN   TestNestedClientMetadataForRequest/does_not_accept_internal_recipe_ID_default_from_forwarded_metadata
=== PAUSE TestNestedClientMetadataForRequest/does_not_accept_internal_recipe_ID_default_from_forwarded_metadata
=== RUN   TestArbitrateSameSourceEntrypointNominations/different_settings_under_two_names_stay_a_conflict
=== PAUSE TestArbitrateSameSourceEntrypointNominations/different_settings_under_two_names_stay_a_conflict
=== CONT  TestParseWorkspaceRemoteRef
=== CONT  TestBuildCoreWorkspaceIncludesConfigState/local_boundary_without_Git_is_rootless
=== RUN   TestParseWorkspaceRemoteRef/supports_address_fragment_ref_at_repository_root
=== PAUSE TestParseWorkspaceRemoteRef/supports_address_fragment_ref_at_repository_root
=== CONT  TestBuildCoreWorkspaceIncludesConfigState/workspace_with_config
=== RUN   TestParseWorkspaceRemoteRef/supports_address_fragment_ref_and_subdir
=== CONT  TestUserConfigOriginFromIncludedGitConfig/include
=== PAUSE TestParseWorkspaceRemoteRef/supports_address_fragment_ref_and_subdir
=== RUN   TestParseWorkspaceRemoteRef/supports_legacy_at-ref_syntax
=== CONT  TestIsSameModuleReference/same_local_source_root_and_pin
=== PAUSE TestParseWorkspaceRemoteRef/supports_legacy_at-ref_syntax
=== CONT  TestIsSameModuleReference/same_module_through_different_local_refs
=== CONT  TestIsSameModuleReference/different_local_source
=== RUN   TestParseWorkspaceRemoteRef/preserves_legacy_https_at-ref_syntax
=== CONT  TestClientAttachableWaitRouting/synthetic_nested_client_without_attachables
=== CONT  TestBuildCoreWorkspaceIncludesConfigState/workspace_without_config
=== CONT  TestClientAttachableWaitRouting/client_with_its_own_session_waits
=== CONT  TestClientAttachableWaitRouting/synthetic_nested_client_that_registered_attachables
=== CONT  TestFilterPendingWorkspaceModulesForScopedRootFields/no_scope_delegates_to_root-field_demand
=== PAUSE TestParseWorkspaceRemoteRef/preserves_legacy_https_at-ref_syntax
=== RUN   TestParseWorkspaceRemoteRef/resolves_legacy_vanity_ref
=== PAUSE TestParseWorkspaceRemoteRef/resolves_legacy_vanity_ref
=== RUN   TestParseWorkspaceRemoteRef/resolves_fragment_clone_ref_and_preserves_subdir
=== PAUSE TestParseWorkspaceRemoteRef/resolves_fragment_clone_ref_and_preserves_subdir
=== RUN   TestParseWorkspaceRemoteRef/rejects_github.com/dagger/python/ruff#main
=== PAUSE TestParseWorkspaceRemoteRef/rejects_github.com/dagger/python/ruff#main
=== RUN   TestParseWorkspaceRemoteRef/rejects_https://github.com/dagger/python/ruff#main
=== PAUSE TestParseWorkspaceRemoteRef/rejects_https://github.com/dagger/python/ruff#main
=== RUN   TestParseWorkspaceRemoteRef/rejects_https://github.com/dagger/python#main:
=== PAUSE TestParseWorkspaceRemoteRef/rejects_https://github.com/dagger/python#main:
=== CONT  TestUserConfigOriginFromIncludedGitConfig/conditional_include
--- PASS: TestReadWorkspaceLockStateReadsLegacyLockFallback (0.00s)
--- PASS: TestGCLockedDiskStatFailureDoesNotSuppressMetadataPrune (0.00s)
--- PASS: TestRunRecursiveReadOnlyProbe (0.00s)
--- PASS: TestDedupeResolvedModuleLoadsKeepsSameSourceUnderDifferentNames (0.00s)
--- PASS: TestModuleLoadErr (0.00s)
--- PASS: TestModuleLoadParallelism (0.00s)
--- PASS: TestGatherModuleLoadRequests (0.00s)
--- PASS: TestResolvedModuleLoadIdentity (0.00s)
--- PASS: TestRemoteWorkspaceAddress (0.00s)
--- PASS: TestLocalWorkspaceAddress (0.00s)
=== CONT  TestClientAttachableWaitRouting/another_client_still_waits
--- PASS: TestMoveLocalCacheStateToTrash (0.00s)
--- PASS: TestUserConfigIncludeIfConditionsFollowGitSemantics (0.00s)
    --- PASS: TestUserConfigIncludeIfConditionsFollowGitSemantics/non-matching_gitdir_condition_is_not_followed (0.00s)
    --- PASS: TestUserConfigIncludeIfConditionsFollowGitSemantics/onbranch_condition_on_another_branch_is_not_followed (0.00s)
    --- PASS: TestUserConfigIncludeIfConditionsFollowGitSemantics/onbranch_condition_follows_the_checked-out_branch (0.00s)
--- PASS: TestIsSameModuleReference (0.00s)
    --- PASS: TestIsSameModuleReference/same_local_source_root_and_pin (0.00s)
    --- PASS: TestIsSameModuleReference/same_module_through_different_local_refs (0.00s)
    --- PASS: TestIsSameModuleReference/different_local_source (0.00s)
--- PASS: TestBuildCoreWorkspaceIncludesConfigState (0.00s)
    --- PASS: TestBuildCoreWorkspaceIncludesConfigState/local_boundary_without_Git_is_rootless (0.00s)
    --- PASS: TestBuildCoreWorkspaceIncludesConfigState/workspace_with_config (0.00s)
    --- PASS: TestBuildCoreWorkspaceIncludesConfigState/workspace_without_config (0.00s)
--- PASS: TestClientAttachableWaitRouting (0.00s)
    --- PASS: TestClientAttachableWaitRouting/synthetic_nested_client_without_attachables (0.00s)
    --- PASS: TestClientAttachableWaitRouting/client_with_its_own_session_waits (0.00s)
    --- PASS: TestClientAttachableWaitRouting/synthetic_nested_client_that_registered_attachables (0.00s)
    --- PASS: TestClientAttachableWaitRouting/another_client_still_waits (0.00s)
=== CONT  TestNormalizeWorkspaceRemoteSubdir
=== RUN   TestNormalizeWorkspaceRemoteSubdir/empty_becomes_dot
=== PAUSE TestNormalizeWorkspaceRemoteSubdir/empty_becomes_dot
=== RUN   TestNormalizeWorkspaceRemoteSubdir/absolute_gets_normalized_to_relative
=== PAUSE TestNormalizeWorkspaceRemoteSubdir/absolute_gets_normalized_to_relative
=== RUN   TestNormalizeWorkspaceRemoteSubdir/rejects_escaping_paths
=== PAUSE TestNormalizeWorkspaceRemoteSubdir/rejects_escaping_paths
=== CONT  TestFilterPendingWorkspaceModulesForScopedRootFields/served_target_contributes_nothing_to_load
=== CONT  TestFilterPendingWorkspaceModulesForScopedRootFields/no_typedefs_field_delegates_without_consuming
=== CONT  TestFilterPendingWorkspaceModulesForScopedRootFields/another_full-schema_field_loads_all_without_consuming
=== CONT  TestFilterPendingWorkspaceModulesForScopedRootFields/typedefs_plus_module_field_unions_both_demands
=== CONT  TestFilterPendingWorkspaceModulesForScopedRootFields/unknown_token_without_entrypoint_loads_all
=== CONT  TestFilterPendingWorkspaceModulesForScopedRootFields/unknown_token_loads_pending_entrypoint_alone
=== CONT  TestFilterPendingWorkspaceModulesForScopedRootFields/kebab-case_token_matches_declared_module_name
=== CONT  TestFilterPendingWorkspaceModulesForScopedRootFields/unknown_token_with_served_entrypoint_loads_no_siblings
=== CONT  TestFilterPendingWorkspaceModulesForScopedRootFields/scoped_typedefs_loads_target_plus_entrypoint
=== CONT  TestFilterPendingWorkspaceModulesBySelectorInclude/empty_include_selects_all
=== CONT  TestFilterPendingWorkspaceModulesBySelectorInclude/glob_pattern_selects_all
=== CONT  TestFilterPendingWorkspaceModulesBySelectorInclude/kebab-case_pattern_selects_the_camelCase_module
=== CONT  TestFilterPendingWorkspaceModulesBySelectorInclude/module:generator_selects_only_that_module
--- PASS: TestFilterPendingWorkspaceModulesForScopedRootFields (0.00s)
    --- PASS: TestFilterPendingWorkspaceModulesForScopedRootFields/no_scope_delegates_to_root-field_demand (0.00s)
    --- PASS: TestFilterPendingWorkspaceModulesForScopedRootFields/served_target_contributes_nothing_to_load (0.00s)
    --- PASS: TestFilterPendingWorkspaceModulesForScopedRootFields/no_typedefs_field_delegates_without_consuming (0.00s)
    --- PASS: TestFilterPendingWorkspaceModulesForScopedRootFields/another_full-schema_field_loads_all_without_consuming (0.00s)
    --- PASS: TestFilterPendingWorkspaceModulesForScopedRootFields/unknown_token_without_entrypoint_loads_all (0.00s)
    --- PASS: TestFilterPendingWorkspaceModulesForScopedRootFields/unknown_token_loads_pending_entrypoint_alone (0.00s)
    --- PASS: TestFilterPendingWorkspaceModulesForScopedRootFields/typedefs_plus_module_field_unions_both_demands (0.00s)
    --- PASS: TestFilterPendingWorkspaceModulesForScopedRootFields/unknown_token_with_served_entrypoint_loads_no_siblings (0.00s)
    --- PASS: TestFilterPendingWorkspaceModulesForScopedRootFields/kebab-case_token_matches_declared_module_name (0.00s)
    --- PASS: TestFilterPendingWorkspaceModulesForScopedRootFields/scoped_typedefs_loads_target_plus_entrypoint (0.00s)
=== CONT  TestFilterPendingWorkspaceModulesBySelectorInclude/already-served_module_is_recognized_and_selects_nothing
=== CONT  TestFilterPendingWorkspaceModulesBySelectorInclude/multiple_patterns_select_each_named_module
=== CONT  TestFilterPendingWorkspaceModulesBySelectorInclude/served_and_pending_patterns_select_only_the_pending_module
=== CONT  TestFilterPendingWorkspaceModulesBySelectorInclude/camelCase_pattern_selects_the_kebab-case_module
=== CONT  TestFilterPendingWorkspaceModulesBySelectorInclude/module:item_not_matching_a_module_selects_all
=== CONT  TestFilterPendingWorkspaceModulesBySelectorInclude/bare_module_name_selects_only_that_module
=== CONT  TestFilterPendingWorkspaceModulesBySelectorInclude/module:item_works_for_checks_and_services_too
=== CONT  TestPendingLegacyModule/preserves_remote_pin
=== CONT  TestFilterPendingWorkspaceModulesBySelectorInclude/bare_token_not_matching_a_module_selects_all
=== CONT  TestPendingLegacyModule/resolves_local_refs_without_ref_pin
=== CONT  TestFilterPendingWorkspaceModulesForRootFields/constructor_match_loads_only_matching_module
=== CONT  TestFilterPendingWorkspaceModulesForRootFields/current_module_loads_all
=== CONT  TestFilterPendingWorkspaceModulesForRootFields/env_loads_all_(resolver_snapshots_served_deps)
=== CONT  TestFilterPendingWorkspaceModulesForRootFields/already-served_root_field_loads_none
--- PASS: TestFilterPendingWorkspaceModulesBySelectorInclude (0.00s)
    --- PASS: TestFilterPendingWorkspaceModulesBySelectorInclude/glob_pattern_selects_all (0.00s)
    --- PASS: TestFilterPendingWorkspaceModulesBySelectorInclude/empty_include_selects_all (0.00s)
    --- PASS: TestFilterPendingWorkspaceModulesBySelectorInclude/module:generator_selects_only_that_module (0.00s)
    --- PASS: TestFilterPendingWorkspaceModulesBySelectorInclude/kebab-case_pattern_selects_the_camelCase_module (0.00s)
    --- PASS: TestFilterPendingWorkspaceModulesBySelectorInclude/multiple_patterns_select_each_named_module (0.00s)
    --- PASS: TestFilterPendingWorkspaceModulesBySelectorInclude/already-served_module_is_recognized_and_selects_nothing (0.00s)
    --- PASS: TestFilterPendingWorkspaceModulesBySelectorInclude/module:item_not_matching_a_module_selects_all (0.00s)
    --- PASS: TestFilterPendingWorkspaceModulesBySelectorInclude/camelCase_pattern_selects_the_kebab-case_module (0.00s)
    --- PASS: TestFilterPendingWorkspaceModulesBySelectorInclude/bare_module_name_selects_only_that_module (0.00s)
    --- PASS: TestFilterPendingWorkspaceModulesBySelectorInclude/served_and_pending_patterns_select_only_the_pending_module (0.00s)
    --- PASS: TestFilterPendingWorkspaceModulesBySelectorInclude/module:item_works_for_checks_and_services_too (0.00s)
    --- PASS: TestFilterPendingWorkspaceModulesBySelectorInclude/bare_token_not_matching_a_module_selects_all (0.00s)
=== CONT  TestFilterPendingWorkspaceModulesForRootFields/unrecognized_loadFromID_field_loads_all
=== CONT  TestFilterPendingWorkspaceModulesForRootFields/named_root_field_still_selects_a_failed_module
--- PASS: TestPendingLegacyModule (0.00s)
    --- PASS: TestPendingLegacyModule/preserves_remote_pin (0.00s)
    --- PASS: TestPendingLegacyModule/resolves_local_refs_without_ref_pin (0.00s)
=== CONT  TestFilterPendingWorkspaceModulesForRootFields/current_typedefs_loads_all
=== CONT  TestFilterPendingWorkspaceModulesForRootFields/introspection_loads_all
=== RUN   TestParseWorkspaceRemoteRef/rejects_github.com/dagger/python@main:ruff
=== CONT  TestFilterPendingWorkspaceModulesForRootFields/unknown_root_field_skips_entrypoint_already_recorded_as_failed
=== PAUSE TestParseWorkspaceRemoteRef/rejects_github.com/dagger/python@main:ruff
=== CONT  TestFilterPendingWorkspaceModulesForRootFields/unknown_root_field_with_one_entrypoint_loads_entrypoint
=== CONT  TestFilterPendingWorkspaceModulesForRootFields/unknown_root_field_with_multiple_entrypoints_loads_all
=== CONT  TestWorkspaceBindingMode/declared_workspace_takes_precedence
=== CONT  TestWorkspaceBindingMode/module_defaults_to_inheritance
=== RUN   TestParseWorkspaceRemoteRef/rejects_https://github.com/dagger/python@main:ruff
=== CONT  TestWorkspaceBindingMode/non-module_defaults_to_host_detection
=== CONT  TestArbitrateResolvedModuleLoads/extra_beats_ambient
=== CONT  TestArbitrateResolvedModuleLoads/multiple_ambient_entrypoints_are_invalid
=== CONT  TestFilterPendingWorkspaceModulesForRootFields/served_field_combined_with_pending_field_loads_only_pending
=== CONT  TestWorkspaceGitRefSelectorSemverSemantics/at_selector_uses_semver_query
--- PASS: TestClientMetadataSealRacesTransportClose (0.01s)
=== CONT  TestNestedClientMetadataForRequest/inherits_live_nested_client_identity_and_policy_without_forwarded_metadata
=== CONT  TestArbitrateSameSourceEntrypointNominations/same_settings_under_two_names_collapse_to_one_nomination
--- PASS: TestWorkspaceBindingMode (0.01s)
    --- PASS: TestWorkspaceBindingMode/declared_workspace_takes_precedence (0.00s)
    --- PASS: TestWorkspaceBindingMode/module_defaults_to_inheritance (0.00s)
    --- PASS: TestWorkspaceBindingMode/non-module_defaults_to_host_detection (0.00s)
--- PASS: TestUserConfigOriginFromIncludedGitConfig (0.00s)
    --- PASS: TestUserConfigOriginFromIncludedGitConfig/include (0.00s)
    --- PASS: TestUserConfigOriginFromIncludedGitConfig/conditional_include (0.00s)
=== CONT  TestArbitrateResolvedModuleLoads/multiple_extra_entrypoints_are_invalid
=== CONT  TestFilterPendingWorkspaceModulesForRootFields/core-only_query_loads_none
=== CONT  TestWorkspaceGitRefSelectorSemverSemantics/fragment_selector_uses_literal_git_ref
=== PAUSE TestParseWorkspaceRemoteRef/rejects_https://github.com/dagger/python@main:ruff
=== CONT  TestNestedClientMetadataForRequest/does_not_accept_internal_recipe_ID_default_from_forwarded_metadata
=== RUN   TestParseWorkspaceRemoteRef/rejects_github.com/dagger/python#main:ruff
=== PAUSE TestParseWorkspaceRemoteRef/rejects_github.com/dagger/python#main:ruff
=== CONT  TestNestedClientMetadataForRequest/overlays_request-scoped_forwarded_metadata
=== CONT  TestArbitrateSameSourceEntrypointNominations/different_settings_under_two_names_stay_a_conflict
=== CONT  TestNormalizeWorkspaceRemoteSubdir/empty_becomes_dot
=== CONT  TestFilterPendingWorkspaceModulesForRootFields/current_workspace_loads_none_(resolvers_load_on_demand)
=== CONT  TestNormalizeWorkspaceRemoteSubdir/absolute_gets_normalized_to_relative
=== CONT  TestParseWorkspaceRemoteRef/supports_address_fragment_ref_at_repository_root
--- PASS: TestNestedClientMetadataForRequest (0.00s)
    --- PASS: TestNestedClientMetadataForRequest/inherits_live_nested_client_identity_and_policy_without_forwarded_metadata (0.00s)
    --- PASS: TestNestedClientMetadataForRequest/does_not_accept_internal_recipe_ID_default_from_forwarded_metadata (0.00s)
    --- PASS: TestNestedClientMetadataForRequest/overlays_request-scoped_forwarded_metadata (0.00s)
=== CONT  TestParseWorkspaceRemoteRef/rejects_github.com/dagger/python/ruff#main
--- PASS: TestArbitrateResolvedModuleLoads (0.00s)
    --- PASS: TestArbitrateResolvedModuleLoads/extra_beats_ambient (0.00s)
    --- PASS: TestArbitrateResolvedModuleLoads/multiple_ambient_entrypoints_are_invalid (0.00s)
    --- PASS: TestArbitrateResolvedModuleLoads/multiple_extra_entrypoints_are_invalid (0.00s)
=== CONT  TestParseWorkspaceRemoteRef/rejects_https://github.com/dagger/python@main:ruff
=== CONT  TestParseWorkspaceRemoteRef/rejects_github.com/dagger/python#main:ruff
=== CONT  TestParseWorkspaceRemoteRef/rejects_github.com/dagger/python@main:ruff
=== CONT  TestParseWorkspaceRemoteRef/rejects_https://github.com/dagger/python#main:
=== CONT  TestParseWorkspaceRemoteRef/rejects_https://github.com/dagger/python/ruff#main
=== CONT  TestParseWorkspaceRemoteRef/preserves_legacy_https_at-ref_syntax
--- PASS: TestArbitrateSameSourceEntrypointNominations (0.00s)
    --- PASS: TestArbitrateSameSourceEntrypointNominations/same_settings_under_two_names_collapse_to_one_nomination (0.00s)
    --- PASS: TestArbitrateSameSourceEntrypointNominations/different_settings_under_two_names_stay_a_conflict (0.00s)
=== CONT  TestParseWorkspaceRemoteRef/resolves_legacy_vanity_ref
=== CONT  TestParseWorkspaceRemoteRef/resolves_fragment_clone_ref_and_preserves_subdir
=== CONT  TestParseWorkspaceRemoteRef/supports_legacy_at-ref_syntax
=== CONT  TestParseWorkspaceRemoteRef/supports_address_fragment_ref_and_subdir
=== CONT  TestWorkspaceGitRefSelectorSemverSemantics/old_client_uses_literal_git_ref
=== CONT  TestNormalizeWorkspaceRemoteSubdir/rejects_escaping_paths
--- PASS: TestWorkspaceGitRefSelectorSemverSemantics (0.00s)
    --- PASS: TestWorkspaceGitRefSelectorSemverSemantics/at_selector_uses_semver_query (0.00s)
    --- PASS: TestWorkspaceGitRefSelectorSemverSemantics/fragment_selector_uses_literal_git_ref (0.00s)
    --- PASS: TestWorkspaceGitRefSelectorSemverSemantics/old_client_uses_literal_git_ref (0.00s)
--- PASS: TestParseWorkspaceRemoteRef (0.00s)
    --- PASS: TestParseWorkspaceRemoteRef/rejects_github.com/dagger/python/ruff#main (0.00s)
    --- PASS: TestParseWorkspaceRemoteRef/rejects_github.com/dagger/python#main:ruff (0.00s)
    --- PASS: TestParseWorkspaceRemoteRef/rejects_https://github.com/dagger/python#main: (0.00s)
    --- PASS: TestParseWorkspaceRemoteRef/supports_address_fragment_ref_at_repository_root (0.00s)
    --- PASS: TestParseWorkspaceRemoteRef/rejects_https://github.com/dagger/python@main:ruff (0.00s)
    --- PASS: TestParseWorkspaceRemoteRef/preserves_legacy_https_at-ref_syntax (0.00s)
    --- PASS: TestParseWorkspaceRemoteRef/rejects_github.com/dagger/python@main:ruff (0.00s)
    --- PASS: TestParseWorkspaceRemoteRef/resolves_legacy_vanity_ref (0.00s)
    --- PASS: TestParseWorkspaceRemoteRef/supports_legacy_at-ref_syntax (0.00s)
    --- PASS: TestParseWorkspaceRemoteRef/rejects_https://github.com/dagger/python/ruff#main (0.00s)
    --- PASS: TestParseWorkspaceRemoteRef/resolves_fragment_clone_ref_and_preserves_subdir (0.00s)
    --- PASS: TestParseWorkspaceRemoteRef/supports_address_fragment_ref_and_subdir (0.00s)
--- PASS: TestNormalizeWorkspaceRemoteSubdir (0.00s)
    --- PASS: TestNormalizeWorkspaceRemoteSubdir/empty_becomes_dot (0.00s)
    --- PASS: TestNormalizeWorkspaceRemoteSubdir/absolute_gets_normalized_to_relative (0.00s)
    --- PASS: TestNormalizeWorkspaceRemoteSubdir/rejects_escaping_paths (0.00s)
--- PASS: TestFilterPendingWorkspaceModulesForRootFields (0.00s)
    --- PASS: TestFilterPendingWorkspaceModulesForRootFields/constructor_match_loads_only_matching_module (0.00s)
    --- PASS: TestFilterPendingWorkspaceModulesForRootFields/env_loads_all_(resolver_snapshots_served_deps) (0.00s)
    --- PASS: TestFilterPendingWorkspaceModulesForRootFields/current_module_loads_all (0.00s)
    --- PASS: TestFilterPendingWorkspaceModulesForRootFields/already-served_root_field_loads_none (0.00s)
    --- PASS: TestFilterPendingWorkspaceModulesForRootFields/unrecognized_loadFromID_field_loads_all (0.00s)
    --- PASS: TestFilterPendingWorkspaceModulesForRootFields/named_root_field_still_selects_a_failed_module (0.00s)
    --- PASS: TestFilterPendingWorkspaceModulesForRootFields/introspection_loads_all (0.00s)
    --- PASS: TestFilterPendingWorkspaceModulesForRootFields/current_typedefs_loads_all (0.00s)
    --- PASS: TestFilterPendingWorkspaceModulesForRootFields/unknown_root_field_skips_entrypoint_already_recorded_as_failed (0.00s)
    --- PASS: TestFilterPendingWorkspaceModulesForRootFields/unknown_root_field_with_one_entrypoint_loads_entrypoint (0.00s)
    --- PASS: TestFilterPendingWorkspaceModulesForRootFields/unknown_root_field_with_multiple_entrypoints_loads_all (0.00s)
    --- PASS: TestFilterPendingWorkspaceModulesForRootFields/served_field_combined_with_pending_field_loads_only_pending (0.00s)
    --- PASS: TestFilterPendingWorkspaceModulesForRootFields/current_workspace_loads_none_(resolvers_load_on_demand) (0.00s)
    --- PASS: TestFilterPendingWorkspaceModulesForRootFields/core-only_query_loads_none (0.00s)
--- PASS: TestClientRuntimeReclamationRacesCloseLeasesChildAndTeardown (0.02s)
--- PASS: TestSameIDConnectDuringBackgroundTeardownGetsRetryable (0.02s)
--- PASS: TestClientRuntimeReclamationDrainsMetricsBeforeUnpublish (0.02s)
--- PASS: TestMainClientLastDisconnectDoesNotBlockOnTeardown (0.02s)
2026/09/17 08:42:42 INFO starting dagql cache close hasSQLDB=true hasPersistDB=true
2026/09/17 08:42:42 INFO marking dagql cache clean shutdown
2026/09/17 08:42:42 WARN successfully marked clean shutdown in persistence metadata
--- PASS: TestLifecycleDebugAndRouteLookupConcurrentClientMutation (0.02s)
2026/09/17 08:42:42 INFO completed dagql cache close successfully
2026/09/17 08:42:42 INFO dagql metadata prune finished triggered=true maximumEstimatedBytes=17407 targetEstimatedBytes=1 beforeEstimatedBytes=17408 beforeResults=4 beforeTerms=4 beforeClassSlots=4 afterInitialCompactionEstimatedBytes=17408 afterInitialCompactionResults=4 afterInitialCompactionTerms=4 afterInitialCompactionClassSlots=4 afterPruneEstimatedBytes=0 afterPruneResults=0 afterPruneTerms=0 afterPruneClassSlots=0 initialCompactionOldClassSlots=4 initialCompactionNewClassSlots=4 finalCompactionOldClassSlots=0 finalCompactionNewClassSlots=0 candidateCount=4 plannedRootCount=4 simulatedCollectedResultCount=4 simulatedStructuralBytes=17408 removedPersistedRootCount=4 candidatesExhausted=false snapshotGCAttempted=false snapshotGCSucceeded=false duration=27.15µs
2026/09/17 08:42:42 INFO starting dagql cache close hasSQLDB=true hasPersistDB=true
2026/09/17 08:42:42 INFO marking dagql cache clean shutdown
2026/09/17 08:42:42 WARN successfully marked clean shutdown in persistence metadata
2026/09/17 08:42:42 INFO completed dagql cache close successfully
--- PASS: TestScheduledGCTrimsImportedMetadataWithoutPersistenceReset (0.02s)
--- PASS: TestRemoveAllPacedManyEntries (0.03s)
--- PASS: TestSessionLifecycleObserverConcurrency (0.03s)
2026/09/17 08:42:42 WARN failed to get client metadata from context for call err="failed to get client metadata from context"
--- PASS: TestClientInitializationDoesNotHoldScopeLock (0.04s)
PASS
ok  	github.com/dagger/dagger/engine/server	3.270s
=== RUN   TestCacheArbitraryLateCleanupBlocksClose
=== RUN   TestCacheArbitraryLateCleanupBlocksClose/success
=== RUN   TestCacheArbitraryLateCleanupBlocksClose/release_error
--- PASS: TestCacheArbitraryLateCleanupBlocksClose (0.00s)
    --- PASS: TestCacheArbitraryLateCleanupBlocksClose/success (0.00s)
    --- PASS: TestCacheArbitraryLateCleanupBlocksClose/release_error (0.00s)
=== RUN   TestCacheArbitraryCancellationKeepsOtherWaiter
--- PASS: TestCacheArbitraryCancellationKeepsOtherWaiter (0.00s)
=== RUN   TestCacheArbitraryLateCleanupKeepsReplacement
--- PASS: TestCacheArbitraryLateCleanupKeepsReplacement (0.00s)
=== RUN   TestCacheArbitraryCanceledWaiterTakesPublishedCleanup
--- PASS: TestCacheArbitraryCanceledWaiterTakesPublishedCleanup (0.00s)
=== RUN   TestCacheCanonicalEquivalentSwapRacesSessionRelease
    cache_canonical_race_test.go:51: attempt 0: call C adopted result A (id=1): payloadReleased=false reRegistered=true ownership=1
    cache_canonical_race_test.go:51: attempt 1: call C adopted result A (id=1): payloadReleased=false reRegistered=true ownership=1
    cache_canonical_race_test.go:51: attempt 2: call C adopted result A (id=1): payloadReleased=false reRegistered=true ownership=1
    cache_canonical_race_test.go:51: attempt 3: call C adopted result A (id=1): payloadReleased=false reRegistered=true ownership=1
    cache_canonical_race_test.go:51: attempt 4: call C adopted result A (id=1): payloadReleased=false reRegistered=true ownership=1
    cache_canonical_race_test.go:51: attempt 5: call C adopted result A (id=1): payloadReleased=false reRegistered=true ownership=1
    cache_canonical_race_test.go:51: attempt 6: call C adopted result A (id=1): payloadReleased=false reRegistered=true ownership=1
    cache_canonical_race_test.go:51: attempt 7: call C adopted result A (id=1): payloadReleased=false reRegistered=true ownership=1
    cache_canonical_race_test.go:51: attempt 8: call C adopted result A (id=1): payloadReleased=false reRegistered=true ownership=1
    cache_canonical_race_test.go:51: attempt 9: call C adopted result A (id=1): payloadReleased=false reRegistered=true ownership=1
    cache_canonical_race_test.go:51: attempt 10: call C adopted result A (id=1): payloadReleased=false reRegistered=true ownership=1
    cache_canonical_race_test.go:51: attempt 11: call C adopted result A (id=1): payloadReleased=false reRegistered=true ownership=1
    cache_canonical_race_test.go:51: attempt 12: call C adopted result A (id=1): payloadReleased=false reRegistered=true ownership=1
    cache_canonical_race_test.go:51: attempt 13: call C adopted result A (id=1): payloadReleased=false reRegistered=true ownership=1
    cache_canonical_race_test.go:51: attempt 14: call C adopted result A (id=1): payloadReleased=false reRegistered=true ownership=1
    cache_canonical_race_test.go:51: attempt 15: call C adopted result A (id=1): payloadReleased=false reRegistered=true ownership=1
    cache_canonical_race_test.go:51: attempt 16: call C adopted result A (id=1): payloadReleased=false reRegistered=true ownership=1
    cache_canonical_race_test.go:51: attempt 17: call C adopted result A (id=1): payloadReleased=false reRegistered=true ownership=1
    cache_canonical_race_test.go:51: attempt 18: call C adopted result A (id=1): payloadReleased=false reRegistered=true ownership=1
    cache_canonical_race_test.go:51: attempt 19: call C adopted result A (id=1): payloadReleased=false reRegistered=true ownership=1
    cache_canonical_race_test.go:51: attempt 20: call C adopted result A (id=1): payloadReleased=false reRegistered=true ownership=1
    cache_canonical_race_test.go:51: attempt 21: call C adopted result A (id=1): payloadReleased=false reRegistered=true ownership=1
    cache_canonical_race_test.go:51: attempt 22: call C adopted result A (id=1): payloadReleased=false reRegistered=true ownership=1
    cache_canonical_race_test.go:51: attempt 23: call C adopted result A (id=1): payloadReleased=false reRegistered=true ownership=1
    cache_canonical_race_test.go:51: attempt 24: call C adopted result A (id=1): payloadReleased=false reRegistered=true ownership=1
    cache_canonical_race_test.go:51: attempt 25: call C adopted result A (id=1): payloadReleased=false reRegistered=true ownership=1
    cache_canonical_race_test.go:51: attempt 26: call C adopted result A (id=1): payloadReleased=false reRegistered=true ownership=1
    cache_canonical_race_test.go:51: attempt 27: call C adopted result A (id=1): payloadReleased=false reRegistered=true ownership=1
    cache_canonical_race_test.go:51: attempt 28: call C adopted result A (id=1): payloadReleased=false reRegistered=true ownership=1
    cache_canonical_race_test.go:51: attempt 29: call C adopted result A (id=1): payloadReleased=false reRegistered=true ownership=1
    cache_canonical_race_test.go:51: attempt 30: call C adopted result A (id=1): payloadReleased=false reRegistered=true ownership=1
    cache_canonical_race_test.go:51: attempt 31: call C adopted result A (id=1): payloadReleased=false reRegistered=true ownership=1
    cache_canonical_race_test.go:51: attempt 32: call C adopted result A (id=1): payloadReleased=false reRegistered=true ownership=1
    cache_canonical_race_test.go:51: attempt 33: call C adopted result A (id=1): payloadReleased=false reRegistered=true ownership=1
    cache_canonical_race_test.go:51: attempt 34: call C adopted result A (id=1): payloadReleased=false reRegistered=true ownership=1
    cache_canonical_race_test.go:51: attempt 35: call C adopted result A (id=1): payloadReleased=false reRegistered=true ownership=1
    cache_canonical_race_test.go:51: attempt 36: call C adopted result A (id=1): payloadReleased=false reRegistered=true ownership=1
    cache_canonical_race_test.go:51: attempt 37: call C adopted result A (id=1): payloadReleased=false reRegistered=true ownership=1
    cache_canonical_race_test.go:51: attempt 38: call C adopted result A (id=1): payloadReleased=false reRegistered=true ownership=1
    cache_canonical_race_test.go:51: attempt 39: call C adopted result A (id=1): payloadReleased=false reRegistered=true ownership=1
    cache_canonical_race_test.go:51: attempt 40: call C adopted result A (id=1): payloadReleased=false reRegistered=true ownership=1
    cache_canonical_race_test.go:51: attempt 41: call C adopted result A (id=1): payloadReleased=false reRegistered=true ownership=1
    cache_canonical_race_test.go:51: attempt 42: call C adopted result A (id=1): payloadReleased=false reRegistered=true ownership=1
    cache_canonical_race_test.go:51: attempt 43: call C adopted result A (id=1): payloadReleased=false reRegistered=true ownership=1
    cache_canonical_race_test.go:51: attempt 44: call C adopted result A (id=1): payloadReleased=false reRegistered=true ownership=1
    cache_canonical_race_test.go:51: attempt 45: call C adopted result A (id=1): payloadReleased=false reRegistered=true ownership=1
    cache_canonical_race_test.go:51: attempt 46: call C adopted result A (id=1): payloadReleased=false reRegistered=true ownership=1
    cache_canonical_race_test.go:51: attempt 47: call C adopted result A (id=1): payloadReleased=false reRegistered=true ownership=1
    cache_canonical_race_test.go:51: attempt 48: call C adopted result A (id=1): payloadReleased=false reRegistered=true ownership=1
    cache_canonical_race_test.go:51: attempt 49: call C adopted result A (id=1): payloadReleased=false reRegistered=true ownership=1
    cache_canonical_race_test.go:67: no reproduction in 50 attempts (0 benign release-first orderings, 50 adopted-alive orderings)
--- PASS: TestCacheCanonicalEquivalentSwapRacesSessionRelease (0.81s)
=== RUN   TestDebugCacheSnapshotWithQueuedWriter
=== RUN   TestDebugCacheSnapshotWithQueuedWriter/without-writer
=== RUN   TestDebugCacheSnapshotWithQueuedWriter/with-writer
--- PASS: TestDebugCacheSnapshotWithQueuedWriter (0.01s)
    --- PASS: TestDebugCacheSnapshotWithQueuedWriter/without-writer (0.01s)
    --- PASS: TestDebugCacheSnapshotWithQueuedWriter/with-writer (0.01s)
=== RUN   TestDebugCacheSnapshotIncludesResultMetadata
--- PASS: TestDebugCacheSnapshotIncludesResultMetadata (0.00s)
=== RUN   TestDebugCacheSnapshotIncludesCompletedArbitraryCalls
--- PASS: TestDebugCacheSnapshotIncludesCompletedArbitraryCalls (0.00s)
=== RUN   TestCacheOutputEqClassInverseMixedSurvivor
--- PASS: TestCacheOutputEqClassInverseMixedSurvivor (0.00s)
=== RUN   TestCacheOutputEqClassInverseExpiredOnlyDoesNotSurvive
--- PASS: TestCacheOutputEqClassInverseExpiredOnlyDoesNotSurvive (0.00s)
=== RUN   TestCacheOutputEqClassInverseMergeThenRemoval
--- PASS: TestCacheOutputEqClassInverseMergeThenRemoval (0.00s)
=== RUN   TestCacheOutputEqClassInverseForcedCompactionAndReset
--- PASS: TestCacheOutputEqClassInverseForcedCompactionAndReset (0.00s)
=== RUN   TestCacheReleaseCascadePreservesCallbacksAndCleansDerivedIndexes
--- PASS: TestCacheReleaseCascadePreservesCallbacksAndCleansDerivedIndexes (0.00s)
=== RUN   TestCacheExactDigestPostingRemoval
--- PASS: TestCacheExactDigestPostingRemoval (0.00s)
=== RUN   TestCacheBroadImportedPostingRemoval
--- PASS: TestCacheBroadImportedPostingRemoval (1.41s)
=== RUN   TestCachePersistedFreshPruneCleansDerivedIndexes
--- PASS: TestCachePersistedFreshPruneCleansDerivedIndexes (0.00s)
=== RUN   TestCacheEvidenceExecutedFreshCall
=== PAUSE TestCacheEvidenceExecutedFreshCall
=== RUN   TestCacheEvidenceRecipeHit
=== PAUSE TestCacheEvidenceRecipeHit
=== RUN   TestCacheEvidenceDigestRouteHit
=== PAUSE TestCacheEvidenceDigestRouteHit
=== RUN   TestCacheEvidenceStructuralRouteHit
=== PAUSE TestCacheEvidenceStructuralRouteHit
=== RUN   TestCacheEvidenceMissSawExpired
=== PAUSE TestCacheEvidenceMissSawExpired
=== RUN   TestCacheEvidenceSawExpiredThroughEqClassExpansion
=== PAUSE TestCacheEvidenceSawExpiredThroughEqClassExpansion
=== RUN   TestCacheEvidenceMissIncompatibleCandidates
=== PAUSE TestCacheEvidenceMissIncompatibleCandidates
=== RUN   TestCacheEvidenceJoinedAndExecutedCarriers
=== PAUSE TestCacheEvidenceJoinedAndExecutedCarriers
=== RUN   TestCacheEvidenceDoNotCacheUncached
=== PAUSE TestCacheEvidenceDoNotCacheUncached
=== RUN   TestCacheEvidencePendingLazyHitIsHit
=== PAUSE TestCacheEvidencePendingLazyHitIsHit
=== RUN   TestCacheEvidenceUnknownInputIndex
=== PAUSE TestCacheEvidenceUnknownInputIndex
=== RUN   TestCacheEvidencePairingDigestExcludesImplicitInputs
=== PAUSE TestCacheEvidencePairingDigestExcludesImplicitInputs
=== RUN   TestCacheEvidenceCloneDropsCarrier
=== PAUSE TestCacheEvidenceCloneDropsCarrier
=== RUN   TestCacheEvidenceNilCarrierIsNoop
=== PAUSE TestCacheEvidenceNilCarrierIsNoop
=== RUN   TestRemoteCacheExtraDigestMetadata
=== RUN   TestRemoteCacheExtraDigestMetadata/unmarked
=== RUN   TestRemoteCacheExtraDigestMetadata/detached
=== RUN   TestRemoteCacheExtraDigestMetadata/attached
--- PASS: TestRemoteCacheExtraDigestMetadata (0.05s)
    --- PASS: TestRemoteCacheExtraDigestMetadata/unmarked (0.02s)
    --- PASS: TestRemoteCacheExtraDigestMetadata/detached (0.02s)
    --- PASS: TestRemoteCacheExtraDigestMetadata/attached (0.01s)
=== RUN   TestLazyOperationCompatibilityCut
--- PASS: TestLazyOperationCompatibilityCut (0.00s)
=== RUN   TestCacheEvaluateRetriesForeignCancellation
--- PASS: TestCacheEvaluateRetriesForeignCancellation (0.00s)
=== RUN   TestCacheEvaluateRetiresFinishedAttemptBeforeWaitersDrain
--- PASS: TestCacheEvaluateRetiresFinishedAttemptBeforeWaitersDrain (0.00s)
=== RUN   TestCacheLazyAttemptDefersSessionCleanupUntilCallbackExit
--- PASS: TestCacheLazyAttemptDefersSessionCleanupUntilCallbackExit (0.00s)
=== RUN   TestCacheEvaluateOwnCancellationOnlyCancelsOwnWait
--- PASS: TestCacheEvaluateOwnCancellationOnlyCancelsOwnWait (0.00s)
=== RUN   TestCacheEvaluatePropagatesCallbackFailure
--- PASS: TestCacheEvaluatePropagatesCallbackFailure (0.00s)
=== RUN   TestCacheEvaluateSettlesBookkeepingBeforeReportingComplete
--- PASS: TestCacheEvaluateSettlesBookkeepingBeforeReportingComplete (0.00s)
=== RUN   TestCacheEvaluatePendingBookkeepingSkipsUnclearedCallback
--- PASS: TestCacheEvaluatePendingBookkeepingSkipsUnclearedCallback (0.00s)
=== RUN   TestCacheHitRegistrationDoesNotRaceLazyCallback
=== PAUSE TestCacheHitRegistrationDoesNotRaceLazyCallback
=== RUN   TestCacheMetadataEstimateFormula
=== PAUSE TestCacheMetadataEstimateFormula
=== RUN   TestCacheMetadataDirectResultBytesUsesCeiling
=== PAUSE TestCacheMetadataDirectResultBytesUsesCeiling
=== RUN   TestCachePruneMetadataEstimateLogsOnlyAfterTrigger
--- PASS: TestCachePruneMetadataEstimateLogsOnlyAfterTrigger (0.00s)
=== RUN   TestCacheMetadataPruneCandidateOrder
=== PAUSE TestCacheMetadataPruneCandidateOrder
=== RUN   TestCacheMetadataPruneCandidateSortCancellation
=== PAUSE TestCacheMetadataPruneCandidateSortCancellation
=== RUN   TestCacheMetadataPruneDependencySortCancellation
=== PAUSE TestCacheMetadataPruneDependencySortCancellation
=== RUN   TestCachePruneMetadataEstimateSkipsPhysicalMeasurementAndUsesColdOrder
=== PAUSE TestCachePruneMetadataEstimateSkipsPhysicalMeasurementAndUsesColdOrder
=== RUN   TestCachePruneMetadataEstimateCreditsCollectedDependencyClosure
=== PAUSE TestCachePruneMetadataEstimateCreditsCollectedDependencyClosure
=== RUN   TestCachePruneMetadataEstimateProtectsActiveAndUnpruneableResults
=== PAUSE TestCachePruneMetadataEstimateProtectsActiveAndUnpruneableResults
=== RUN   TestCachePruneMetadataEstimateCompactionCanRestoreMaximumWithoutEviction
=== PAUSE TestCachePruneMetadataEstimateCompactionCanRestoreMaximumWithoutEviction
=== RUN   TestCachePruneMetadataEstimateMarksReleaseAndSnapshotGCContext
=== PAUSE TestCachePruneMetadataEstimateMarksReleaseAndSnapshotGCContext
=== RUN   TestRemovePersistedEdgeRechecksUnpruneableAfterPlanning
=== RUN   TestRemovePersistedEdgeRechecksUnpruneableAfterPlanning/mode-0
=== RUN   TestRemovePersistedEdgeRechecksUnpruneableAfterPlanning/mode-1
--- PASS: TestRemovePersistedEdgeRechecksUnpruneableAfterPlanning (0.00s)
    --- PASS: TestRemovePersistedEdgeRechecksUnpruneableAfterPlanning/mode-0 (0.00s)
    --- PASS: TestRemovePersistedEdgeRechecksUnpruneableAfterPlanning/mode-1 (0.00s)
=== RUN   TestCachePruneMetadataEstimateCancellationDoesNotMutate
=== PAUSE TestCachePruneMetadataEstimateCancellationDoesNotMutate
=== RUN   TestCachePruneMetadataEstimateCancellationDuringPlanningDoesNotMutate
=== PAUSE TestCachePruneMetadataEstimateCancellationDuringPlanningDoesNotMutate
=== RUN   TestOfferPartsPreparationWindow
=== RUN   TestOfferPartsPreparationWindow/preparation_holds_references_across_collection
=== RUN   TestOfferPartsPreparationWindow/new_offer_refused_after_preparation
=== RUN   TestOfferPartsPreparationWindow/same-owner_refresh_refused_after_preparation
=== RUN   TestOfferPartsPreparationWindow/different-owner_replacement_refused_after_preparation
--- PASS: TestOfferPartsPreparationWindow (0.04s)
    --- PASS: TestOfferPartsPreparationWindow/preparation_holds_references_across_collection (0.01s)
    --- PASS: TestOfferPartsPreparationWindow/new_offer_refused_after_preparation (0.01s)
    --- PASS: TestOfferPartsPreparationWindow/same-owner_refresh_refused_after_preparation (0.01s)
    --- PASS: TestOfferPartsPreparationWindow/different-owner_replacement_refused_after_preparation (0.01s)
=== RUN   TestOfferSettlementReplacement
=== RUN   TestOfferSettlementReplacement/replacement_during_the_winning_acquisition_is_retired
    cache_offer_matrix_test.go:239: real native snapshot transfer requires read-only bind mount privileges: mount source: "/tmp/TestOfferSettlementReplacementreplacement_during_the_winning_ac3499961508/001", target: "/tmp/snapshot-transfer-mount1126416068", fstype: bind, flags: 20481, data: "", err: operation not permitted
=== RUN   TestOfferSettlementReplacement/acceptance_after_commit_is_already_complete
    cache_offer_matrix_test.go:262: real native snapshot transfer requires read-only bind mount privileges: mount source: "/tmp/TestOfferSettlementReplacementacceptance_after_commit_is_alread2334031442/001", target: "/tmp/snapshot-transfer-mount4164690573", fstype: bind, flags: 20481, data: "", err: operation not permitted
=== RUN   TestOfferSettlementReplacement/failed_sync_keeps_the_output,_not_the_acquisition_hold
    cache_offer_matrix_test.go:286: real native snapshot transfer requires read-only bind mount privileges: mount source: "/tmp/TestOfferSettlementReplacementfailed_sync_keeps_the_output,_not2307429225/001", target: "/tmp/snapshot-transfer-mount848501007", fstype: bind, flags: 20481, data: "", err: operation not permitted
=== RUN   TestOfferSettlementReplacement/failed_sync_keeps_the_output,_not_the_acquisition_hold,_with_a_back-reference_to_the_receiver
    cache_offer_matrix_test.go:286: real native snapshot transfer requires read-only bind mount privileges: mount source: "/tmp/TestOfferSettlementReplacementfailed_sync_keeps_the_output,_not3723836640/001", target: "/tmp/snapshot-transfer-mount2334416721", fstype: bind, flags: 20481, data: "", err: operation not permitted
--- PASS: TestOfferSettlementReplacement (0.00s)
    --- SKIP: TestOfferSettlementReplacement/replacement_during_the_winning_acquisition_is_retired (0.00s)
    --- SKIP: TestOfferSettlementReplacement/acceptance_after_commit_is_already_complete (0.00s)
    --- SKIP: TestOfferSettlementReplacement/failed_sync_keeps_the_output,_not_the_acquisition_hold (0.00s)
    --- SKIP: TestOfferSettlementReplacement/failed_sync_keeps_the_output,_not_the_acquisition_hold,_with_a_back-reference_to_the_receiver (0.00s)
=== RUN   TestOfferResourcesDoNotGateLookup
    cache_offer_matrix_test.go:331: real native snapshot transfer requires read-only bind mount privileges: mount source: "/tmp/TestOfferResourcesDoNotGateLookup2041608865/001", target: "/tmp/snapshot-transfer-mount2173604051", fstype: bind, flags: 20481, data: "", err: operation not permitted
--- SKIP: TestOfferResourcesDoNotGateLookup (0.00s)
=== RUN   TestCacheCloseWithShutdownError
=== RUN   TestCacheCloseWithShutdownError/seeded_cause_keeps_the_checkpoint_dirty
=== RUN   TestCacheCloseWithShutdownError/nil_cause_closes_cleanly
=== RUN   TestCacheCloseWithShutdownError/discarded_cache_ignores_a_later_cause
--- PASS: TestCacheCloseWithShutdownError (0.04s)
    --- PASS: TestCacheCloseWithShutdownError/seeded_cause_keeps_the_checkpoint_dirty (0.02s)
    --- PASS: TestCacheCloseWithShutdownError/nil_cause_closes_cleanly (0.01s)
    --- PASS: TestCacheCloseWithShutdownError/discarded_cache_ignores_a_later_cause (0.01s)
=== RUN   TestRenewalShutdownDrainsOwnership
    cache_offer_matrix_test.go:434: real native snapshot transfer requires read-only bind mount privileges: mount source: "/tmp/TestRenewalShutdownDrainsOwnership4005602102/001", target: "/tmp/snapshot-transfer-mount3544539345", fstype: bind, flags: 20481, data: "", err: operation not permitted
--- SKIP: TestRenewalShutdownDrainsOwnership (0.00s)
=== RUN   TestValueTransferOfferCopyFailure
--- PASS: TestValueTransferOfferCopyFailure (0.01s)
=== RUN   TestValueTransferOfferOwners
--- PASS: TestValueTransferOfferOwners (0.00s)
=== RUN   TestValueTransferOwnerPersistence
--- PASS: TestValueTransferOwnerPersistence (0.01s)
=== RUN   TestOfferPendingRestartAndForward
    cache_offer_restart_test.go:58: real native snapshot transfer requires read-only bind mount privileges: mount source: "/tmp/TestOfferPendingRestartAndForward1098620837/001", target: "/tmp/snapshot-transfer-mount601393531", fstype: bind, flags: 20481, data: "", err: operation not permitted
--- SKIP: TestOfferPendingRestartAndForward (0.00s)
=== RUN   TestRemoteCacheUnusedRanking
--- PASS: TestRemoteCacheUnusedRanking (0.01s)
=== RUN   TestRemoteCacheUnusedCost
    cache_offer_restart_test.go:169: real native snapshot transfer requires read-only bind mount privileges: mount source: "/tmp/TestRemoteCacheUnusedCost4092694800/001", target: "/tmp/snapshot-transfer-mount2870700841", fstype: bind, flags: 20481, data: "", err: operation not permitted
--- SKIP: TestRemoteCacheUnusedCost (0.00s)
=== RUN   TestOfferPartsBeforeStart
=== RUN   TestOfferPartsBeforeStart/open
=== RUN   TestOfferPartsBeforeStart/preparing
=== RUN   TestOfferPartsBeforeStart/running
=== RUN   TestOfferPartsBeforeStart/evaluated
--- PASS: TestOfferPartsBeforeStart (0.05s)
    --- PASS: TestOfferPartsBeforeStart/open (0.01s)
    --- PASS: TestOfferPartsBeforeStart/preparing (0.01s)
    --- PASS: TestOfferPartsBeforeStart/running (0.01s)
    --- PASS: TestOfferPartsBeforeStart/evaluated (0.01s)
=== RUN   TestOfferPartsInvalidatesSourceCheck
--- PASS: TestOfferPartsInvalidatesSourceCheck (0.01s)
=== RUN   TestOfferPartsOwnership
--- PASS: TestOfferPartsOwnership (0.01s)
=== RUN   TestOfferPartsResourcesAndSettlement
--- PASS: TestOfferPartsResourcesAndSettlement (0.01s)
=== RUN   TestOfferPartsInlineAndReferencedRows
--- PASS: TestOfferPartsInlineAndReferencedRows (0.02s)
=== RUN   TestOfferPartsClosesNativeAdmission
--- PASS: TestOfferPartsClosesNativeAdmission (0.01s)
=== RUN   TestOfferPartsAcceptedCleanupFailure
--- PASS: TestOfferPartsAcceptedCleanupFailure (0.01s)
=== RUN   TestPartSourceSelectionLaterRoute
--- PASS: TestPartSourceSelectionLaterRoute (0.01s)
=== RUN   TestPartSessionlessOwnSubset
=== RUN   TestPartSessionlessOwnSubset/offer-only
=== RUN   TestPartSessionlessOwnSubset/own
=== RUN   TestPartSessionlessOwnSubset/revoked-before-commit
=== RUN   TestPartSessionlessOwnSubset/native-receiver
--- PASS: TestPartSessionlessOwnSubset (0.03s)
    --- PASS: TestPartSessionlessOwnSubset/offer-only (0.01s)
    --- PASS: TestPartSessionlessOwnSubset/own (0.01s)
    --- PASS: TestPartSessionlessOwnSubset/revoked-before-commit (0.01s)
    --- PASS: TestPartSessionlessOwnSubset/native-receiver (0.01s)
=== RUN   TestPartReadyRevalidationAndCanceledFinish
=== RUN   TestPartReadyRevalidationAndCanceledFinish/stale-donor
=== RUN   TestPartReadyRevalidationAndCanceledFinish/cancel-commit
=== RUN   TestPartReadyRevalidationAndCanceledFinish/cancel-finish
--- PASS: TestPartReadyRevalidationAndCanceledFinish (0.02s)
    --- PASS: TestPartReadyRevalidationAndCanceledFinish/stale-donor (0.01s)
    --- PASS: TestPartReadyRevalidationAndCanceledFinish/cancel-commit (0.01s)
    --- PASS: TestPartReadyRevalidationAndCanceledFinish/cancel-finish (0.01s)
=== RUN   TestPartLazyOperationMissingOutputStopsOnce
--- PASS: TestPartLazyOperationMissingOutputStopsOnce (0.01s)
=== RUN   TestPartLazyOperationPublishesOverObservedRepresentation
=== RUN   TestPartLazyOperationPublishesOverObservedRepresentation/encoded_receiver
=== RUN   TestPartLazyOperationPublishesOverObservedRepresentation/typed_receiver
--- PASS: TestPartLazyOperationPublishesOverObservedRepresentation (0.02s)
    --- PASS: TestPartLazyOperationPublishesOverObservedRepresentation/encoded_receiver (0.01s)
    --- PASS: TestPartLazyOperationPublishesOverObservedRepresentation/typed_receiver (0.01s)
=== RUN   TestCommitReadyPartRejectsBrokenPreparation
=== RUN   TestCommitReadyPartRejectsBrokenPreparation/unsealed
=== RUN   TestCommitReadyPartRejectsBrokenPreparation/encoded_without_envelope
--- PASS: TestCommitReadyPartRejectsBrokenPreparation (0.02s)
    --- PASS: TestCommitReadyPartRejectsBrokenPreparation/unsealed (0.01s)
    --- PASS: TestCommitReadyPartRejectsBrokenPreparation/encoded_without_envelope (0.01s)
=== RUN   TestPartReadyPreparationBoundaries
=== RUN   TestPartReadyPreparationBoundaries/cancel-during-pin
    cache_part_boundary_test.go:85: real native snapshot transfer requires read-only bind mount privileges: mount source: "/tmp/TestPartReadyPreparationBoundariescancel-during-pin3435824160/001", target: "/tmp/snapshot-transfer-mount3441951840", fstype: bind, flags: 20481, data: "", err: operation not permitted
=== RUN   TestPartReadyPreparationBoundaries/missing-local-descriptor
    cache_part_boundary_test.go:85: real native snapshot transfer requires read-only bind mount privileges: mount source: "/tmp/TestPartReadyPreparationBoundariesmissing-local-descriptor3877289359/001", target: "/tmp/snapshot-transfer-mount3900537355", fstype: bind, flags: 20481, data: "", err: operation not permitted
--- PASS: TestPartReadyPreparationBoundaries (0.00s)
    --- SKIP: TestPartReadyPreparationBoundaries/cancel-during-pin (0.00s)
    --- SKIP: TestPartReadyPreparationBoundaries/missing-local-descriptor (0.00s)
=== RUN   TestPartDecisionPreparationArrival
=== RUN   TestPartDecisionPreparationArrival/ready
    cache_part_boundary_test.go:144: real native snapshot transfer requires read-only bind mount privileges: mount source: "/tmp/TestPartDecisionPreparationArrivalready3966857885/001", target: "/tmp/snapshot-transfer-mount2630594359", fstype: bind, flags: 20481, data: "", err: operation not permitted
=== RUN   TestPartDecisionPreparationArrival/chain
    cache_part_boundary_test.go:144: real native snapshot transfer requires read-only bind mount privileges: mount source: "/tmp/TestPartDecisionPreparationArrivalchain2328957007/001", target: "/tmp/snapshot-transfer-mount2233494800", fstype: bind, flags: 20481, data: "", err: operation not permitted
=== RUN   TestPartDecisionPreparationArrival/second-refusal
    cache_part_boundary_test.go:144: real native snapshot transfer requires read-only bind mount privileges: mount source: "/tmp/TestPartDecisionPreparationArrivalsecond-refusal2320754986/001", target: "/tmp/snapshot-transfer-mount1124438224", fstype: bind, flags: 20481, data: "", err: operation not permitted
--- PASS: TestPartDecisionPreparationArrival (0.00s)
    --- SKIP: TestPartDecisionPreparationArrival/ready (0.00s)
    --- SKIP: TestPartDecisionPreparationArrival/chain (0.00s)
    --- SKIP: TestPartDecisionPreparationArrival/second-refusal (0.00s)
=== RUN   TestPartDecisionInlineAdmissionAndPendingSync
--- PASS: TestPartDecisionInlineAdmissionAndPendingSync (0.01s)
=== RUN   TestPartDecisionOfferAfterRunning
--- PASS: TestPartDecisionOfferAfterRunning (0.01s)
=== RUN   TestPartAdmittedChainLifetime
=== RUN   TestPartAdmittedChainLifetime/donor-collected
    cache_part_chain_lifetime_test.go:46: real native snapshot transfer requires read-only bind mount privileges: mount source: "/tmp/TestPartAdmittedChainLifetimedonor-collected1381844626/001", target: "/tmp/snapshot-transfer-mount2845560404", fstype: bind, flags: 20481, data: "", err: operation not permitted
=== RUN   TestPartAdmittedChainLifetime/slot-replaced
    cache_part_chain_lifetime_test.go:46: real native snapshot transfer requires read-only bind mount privileges: mount source: "/tmp/TestPartAdmittedChainLifetimeslot-replaced3729333066/001", target: "/tmp/snapshot-transfer-mount3268166471", fstype: bind, flags: 20481, data: "", err: operation not permitted
=== RUN   TestPartAdmittedChainLifetime/owner-backref-sync-failure
    cache_part_chain_lifetime_test.go:46: real native snapshot transfer requires read-only bind mount privileges: mount source: "/tmp/TestPartAdmittedChainLifetimeowner-backref-sync-failure2571624245/001", target: "/tmp/snapshot-transfer-mount2089439389", fstype: bind, flags: 20481, data: "", err: operation not permitted
=== RUN   TestPartAdmittedChainLifetime/output-backref-rejected
    cache_part_chain_lifetime_test.go:46: real native snapshot transfer requires read-only bind mount privileges: mount source: "/tmp/TestPartAdmittedChainLifetimeoutput-backref-rejected3452930294/001", target: "/tmp/snapshot-transfer-mount1978397765", fstype: bind, flags: 20481, data: "", err: operation not permitted
--- PASS: TestPartAdmittedChainLifetime (0.00s)
    --- SKIP: TestPartAdmittedChainLifetime/donor-collected (0.00s)
    --- SKIP: TestPartAdmittedChainLifetime/slot-replaced (0.00s)
    --- SKIP: TestPartAdmittedChainLifetime/owner-backref-sync-failure (0.00s)
    --- SKIP: TestPartAdmittedChainLifetime/output-backref-rejected (0.00s)
=== RUN   TestPartImportChainRefCleanupHandoff
=== RUN   TestPartImportChainRefCleanupHandoff/retry
    cache_part_chain_lifetime_test.go:225: real native snapshot transfer requires read-only bind mount privileges: mount source: "/tmp/TestPartImportChainRefCleanupHandoffretry3735404464/001", target: "/tmp/snapshot-transfer-mount3287792108", fstype: bind, flags: 20481, data: "", err: operation not permitted
=== RUN   TestPartImportChainRefCleanupHandoff/collect
    cache_part_chain_lifetime_test.go:225: real native snapshot transfer requires read-only bind mount privileges: mount source: "/tmp/TestPartImportChainRefCleanupHandoffcollect2158775936/001", target: "/tmp/snapshot-transfer-mount1127924381", fstype: bind, flags: 20481, data: "", err: operation not permitted
--- PASS: TestPartImportChainRefCleanupHandoff (0.00s)
    --- SKIP: TestPartImportChainRefCleanupHandoff/retry (0.00s)
    --- SKIP: TestPartImportChainRefCleanupHandoff/collect (0.00s)
=== RUN   TestPartContentSourceAvailability
=== RUN   TestPartContentSourceAvailability/empty_chain_is_scratch
=== RUN   TestPartContentSourceAvailability/fixed_address
=== RUN   TestPartContentSourceAvailability/unexpired_address
=== RUN   TestPartContentSourceAvailability/expired_address
=== RUN   TestPartContentSourceAvailability/missing_address
=== RUN   TestPartContentSourceAvailability/non-HTTP_address
=== RUN   TestPartContentSourceAvailability/relative_address
=== RUN   TestPartContentSourceAvailability/renewal_key_needs_a_bridge
=== RUN   TestPartContentSourceAvailability/renewal_key_with_non-HTTP_address
--- PASS: TestPartContentSourceAvailability (0.01s)
    --- PASS: TestPartContentSourceAvailability/empty_chain_is_scratch (0.00s)
    --- PASS: TestPartContentSourceAvailability/fixed_address (0.00s)
    --- PASS: TestPartContentSourceAvailability/unexpired_address (0.00s)
    --- PASS: TestPartContentSourceAvailability/expired_address (0.00s)
    --- PASS: TestPartContentSourceAvailability/missing_address (0.00s)
    --- PASS: TestPartContentSourceAvailability/non-HTTP_address (0.00s)
    --- PASS: TestPartContentSourceAvailability/relative_address (0.00s)
    --- PASS: TestPartContentSourceAvailability/renewal_key_needs_a_bridge (0.00s)
    --- PASS: TestPartContentSourceAvailability/renewal_key_with_non-HTTP_address (0.00s)
=== RUN   TestPartContentIdleReader
=== RUN   TestPartContentIdleReader/header_stall
=== RUN   TestPartContentIdleReader/blocked_read_and_progress
=== RUN   TestPartContentIdleReader/close_unblocks_read
=== RUN   TestPartContentIdleReader/caller_cancellation
=== RUN   TestPartContentIdleReader/descriptor_checks
=== RUN   TestPartContentIdleReader/ranges
--- PASS: TestPartContentIdleReader (0.00s)
    --- PASS: TestPartContentIdleReader/header_stall (0.00s)
    --- PASS: TestPartContentIdleReader/blocked_read_and_progress (0.00s)
    --- PASS: TestPartContentIdleReader/close_unblocks_read (0.00s)
    --- PASS: TestPartContentIdleReader/caller_cancellation (0.00s)
    --- PASS: TestPartContentIdleReader/descriptor_checks (0.00s)
    --- PASS: TestPartContentIdleReader/ranges (0.00s)
=== RUN   TestPartContentBodyClosedOnce
=== RUN   TestPartContentBodyClosedOnce/end_of_blob
=== RUN   TestPartContentBodyClosedOnce/reader_close
=== RUN   TestPartContentBodyClosedOnce/concurrent_cancellation
=== RUN   TestPartContentBodyClosedOnce/idle_expiry_and_status
--- PASS: TestPartContentBodyClosedOnce (0.00s)
    --- PASS: TestPartContentBodyClosedOnce/end_of_blob (0.00s)
    --- PASS: TestPartContentBodyClosedOnce/reader_close (0.00s)
    --- PASS: TestPartContentBodyClosedOnce/concurrent_cancellation (0.00s)
    --- PASS: TestPartContentBodyClosedOnce/idle_expiry_and_status (0.00s)
=== RUN   TestRenewalChainControls
    cache_part_content_test.go:699: real native snapshot transfer requires read-only bind mount privileges: mount source: "/tmp/TestRenewalChainControls81707545/001", target: "/tmp/snapshot-transfer-mount2108590599", fstype: bind, flags: 20481, data: "", err: operation not permitted
--- SKIP: TestRenewalChainControls (0.00s)
=== RUN   TestRenewalExhaustion
    cache_part_content_test.go:962: real native snapshot transfer requires read-only bind mount privileges: mount source: "/tmp/TestRenewalExhaustion4186470489/001", target: "/tmp/snapshot-transfer-mount3021337783", fstype: bind, flags: 20481, data: "", err: operation not permitted
--- SKIP: TestRenewalExhaustion (0.00s)
=== RUN   TestPartDecodeBeforeExternalFinish
    cache_part_decode_test.go:15: real native snapshot transfer requires read-only bind mount privileges: mount source: "/tmp/TestPartDecodeBeforeExternalFinish2059805048/001", target: "/tmp/snapshot-transfer-mount3486668892", fstype: bind, flags: 20481, data: "", err: operation not permitted
--- SKIP: TestPartDecodeBeforeExternalFinish (0.00s)
=== RUN   TestReadyPartDonorBackreferenceReleasedBeforeSync
--- PASS: TestReadyPartDonorBackreferenceReleasedBeforeSync (0.01s)
=== RUN   TestPartDecodeLosesToInstalledRevision
    cache_part_decode_test.go:156: real native snapshot transfer requires read-only bind mount privileges: mount source: "/tmp/TestPartDecodeLosesToInstalledRevision800651560/001", target: "/tmp/snapshot-transfer-mount2730677394", fstype: bind, flags: 20481, data: "", err: operation not permitted
--- SKIP: TestPartDecodeLosesToInstalledRevision (0.00s)
=== RUN   TestPartDelegationPath
--- PASS: TestPartDelegationPath (0.00s)
=== RUN   TestPartDelegationProofAdmission
--- PASS: TestPartDelegationProofAdmission (0.01s)
=== RUN   TestPartUnusedHostAllocatesNoGate
--- PASS: TestPartUnusedHostAllocatesNoGate (0.00s)
=== RUN   TestPartFixedProviderAndContentExhaustion
--- PASS: TestPartFixedProviderAndContentExhaustion (0.01s)
=== RUN   TestPartOfferReplacementNotExhausted
--- PASS: TestPartOfferReplacementNotExhausted (0.01s)
=== RUN   TestPartFixedProviderMultiBuffer
=== RUN   TestPartFixedProviderMultiBuffer/ranges
    cache_part_provider_test.go:163: bytes=320000 buffer=16384 reads=20 requests=3 initial-path-requests=1
=== RUN   TestPartFixedProviderMultiBuffer/full-body
    cache_part_provider_test.go:163: bytes=320000 buffer=16384 reads=20 requests=3 initial-path-requests=1
--- PASS: TestPartFixedProviderMultiBuffer (0.01s)
    --- PASS: TestPartFixedProviderMultiBuffer/ranges (0.00s)
    --- PASS: TestPartFixedProviderMultiBuffer/full-body (0.00s)
=== RUN   TestPartFixedProviderCancellationClosesStream
--- PASS: TestPartFixedProviderCancellationClosesStream (0.00s)
=== RUN   TestRenewalMailbox
=== RUN   TestRenewalMailbox/capacity_and_deadline
=== RUN   TestRenewalMailbox/cancellation
=== RUN   TestRenewalMailbox/cancellation_seen_before_the_requester_runs
=== RUN   TestRenewalMailbox/replies
=== RUN   TestRenewalMailbox/detach
--- PASS: TestRenewalMailbox (0.00s)
    --- PASS: TestRenewalMailbox/capacity_and_deadline (0.00s)
    --- PASS: TestRenewalMailbox/cancellation (0.00s)
    --- PASS: TestRenewalMailbox/cancellation_seen_before_the_requester_runs (0.00s)
    --- PASS: TestRenewalMailbox/replies (0.00s)
    --- PASS: TestRenewalMailbox/detach (0.00s)
=== RUN   TestRenewalEpisodeSet
--- PASS: TestRenewalEpisodeSet (0.00s)
=== RUN   TestRenewalSettledEpisodeAfterDeadline
--- PASS: TestRenewalSettledEpisodeAfterDeadline (0.00s)
=== RUN   TestRenewalClaimKeepsSourceCheck
--- PASS: TestRenewalClaimKeepsSourceCheck (0.01s)
=== RUN   TestRemoteCacheBridgeAttachment
--- PASS: TestRemoteCacheBridgeAttachment (0.01s)
=== RUN   TestPartReselectWatch
--- PASS: TestPartReselectWatch (0.00s)
=== RUN   TestPartSourceSelection
--- PASS: TestPartSourceSelection (0.01s)
=== RUN   TestPartOfferSessionAdmission
--- PASS: TestPartOfferSessionAdmission (0.01s)
=== RUN   TestReadyPartReceipt
--- PASS: TestReadyPartReceipt (0.01s)
=== RUN   TestPartSettlementRetiresReplacement
--- PASS: TestPartSettlementRetiresReplacement (0.01s)
=== RUN   TestPartDecisionFinalSource
--- PASS: TestPartDecisionFinalSource (0.01s)
=== RUN   TestPartSourceScanFailureReleasesWinner
=== RUN   TestPartSourceScanFailureReleasesWinner/ready
=== RUN   TestPartSourceScanFailureReleasesWinner/chain
--- PASS: TestPartSourceScanFailureReleasesWinner (0.02s)
    --- PASS: TestPartSourceScanFailureReleasesWinner/ready (0.01s)
    --- PASS: TestPartSourceScanFailureReleasesWinner/chain (0.01s)
=== RUN   TestPartNativeCompletionRetiresOffer
--- PASS: TestPartNativeCompletionRetiresOffer (0.00s)
=== RUN   TestPartTaskBodyIsolation
--- PASS: TestPartTaskBodyIsolation (0.00s)
=== RUN   TestPartTaskContinuation
--- PASS: TestPartTaskContinuation (0.00s)
=== RUN   TestPartTaskNoJoinBarrier
--- PASS: TestPartTaskNoJoinBarrier (0.00s)
=== RUN   TestPartGateFiniteDrain
--- PASS: TestPartGateFiniteDrain (0.00s)
=== RUN   TestEvaluatePartsMetadataLeavesSiblingGroupPending
=== PAUSE TestEvaluatePartsMetadataLeavesSiblingGroupPending
=== RUN   TestEvaluatePartsResumeSpansMarkPartialCompletion
=== PAUSE TestEvaluatePartsResumeSpansMarkPartialCompletion
=== RUN   TestEvaluatePartsJointGroupFillsAllMembersOnce
=== PAUSE TestEvaluatePartsJointGroupFillsAllMembersOnce
=== RUN   TestEvaluatePartsSiblingGroupsRunConcurrently
--- PASS: TestEvaluatePartsSiblingGroupsRunConcurrently (0.00s)
=== RUN   TestEvaluatePartsOneCallRunsGroupsConcurrently
--- PASS: TestEvaluatePartsOneCallRunsGroupsConcurrently (0.00s)
=== RUN   TestEvaluatePartsAbandonedSiblingMarksResumeBlocked
--- PASS: TestEvaluatePartsAbandonedSiblingMarksResumeBlocked (0.00s)
=== RUN   TestEvaluatePartsFailureIsolatedPerGroup
=== PAUSE TestEvaluatePartsFailureIsolatedPerGroup
=== RUN   TestEvaluateWholeResultOverGroups
=== PAUSE TestEvaluateWholeResultOverGroups
=== RUN   TestEvaluatePartsRecursionRefusedPerGroup
=== PAUSE TestEvaluatePartsRecursionRefusedPerGroup
=== RUN   TestEvaluatePartsSyncFailureRetriesOnlyBookkeepingPerGroup
--- PASS: TestEvaluatePartsSyncFailureRetriesOnlyBookkeepingPerGroup (0.00s)
=== RUN   TestEvaluatePartsForeignCancellationRetriesPerGroup
--- PASS: TestEvaluatePartsForeignCancellationRetriesPerGroup (0.00s)
=== RUN   TestEvaluatePartsEmptyResolutionRetriesPendingBookkeeping
--- PASS: TestEvaluatePartsEmptyResolutionRetriesPendingBookkeeping (0.00s)
=== RUN   TestPendingLazyComputationWholeGroupStoredOpen
=== RUN   TestPendingLazyComputationWholeGroupStoredOpen/bookkeeping
=== RUN   TestPendingLazyComputationWholeGroupStoredOpen/armed
=== RUN   TestPendingLazyComputationWholeGroupStoredOpen/in_flight
--- PASS: TestPendingLazyComputationWholeGroupStoredOpen (0.00s)
    --- PASS: TestPendingLazyComputationWholeGroupStoredOpen/bookkeeping (0.00s)
    --- PASS: TestPendingLazyComputationWholeGroupStoredOpen/armed (0.00s)
    --- PASS: TestPendingLazyComputationWholeGroupStoredOpen/in_flight (0.00s)
=== RUN   TestCapturePersistedRecordValuesAndColdCopies
--- PASS: TestCapturePersistedRecordValuesAndColdCopies (0.01s)
=== RUN   TestCapturePersistedRecordLazyReadiness
=== RUN   TestCapturePersistedRecordLazyReadiness/whole
=== RUN   TestCapturePersistedRecordLazyReadiness/parts
--- PASS: TestCapturePersistedRecordLazyReadiness (0.00s)
    --- PASS: TestCapturePersistedRecordLazyReadiness/whole (0.00s)
    --- PASS: TestCapturePersistedRecordLazyReadiness/parts (0.00s)
=== RUN   TestCapturePersistedRecordPendingBookkeeping
--- PASS: TestCapturePersistedRecordPendingBookkeeping (0.00s)
=== RUN   TestCapturePersistedRecordBlocksOnlyItsUnstartedEvaluation
--- PASS: TestCapturePersistedRecordBlocksOnlyItsUnstartedEvaluation (0.00s)
=== RUN   TestCapturePersistedRecordOwnershipAndCancellation
=== RUN   TestCapturePersistedRecordOwnershipAndCancellation/success
=== RUN   TestCapturePersistedRecordOwnershipAndCancellation/cancellation
--- PASS: TestCapturePersistedRecordOwnershipAndCancellation (0.00s)
    --- PASS: TestCapturePersistedRecordOwnershipAndCancellation/success (0.00s)
    --- PASS: TestCapturePersistedRecordOwnershipAndCancellation/cancellation (0.00s)
=== RUN   TestCapturePersistedRecordErrorsAndClose
--- PASS: TestCapturePersistedRecordErrorsAndClose (0.00s)
=== RUN   TestCapturePersistedRecordInitialAttachment
=== RUN   TestCapturePersistedRecordInitialAttachment/clean
=== RUN   TestCapturePersistedRecordInitialAttachment/failed
--- PASS: TestCapturePersistedRecordInitialAttachment (0.00s)
    --- PASS: TestCapturePersistedRecordInitialAttachment/clean (0.00s)
    --- PASS: TestCapturePersistedRecordInitialAttachment/failed (0.00s)
=== RUN   TestPersistDecodeChildLoadBorrowsAdmittedOperation
=== RUN   TestPersistDecodeChildLoadBorrowsAdmittedOperation/decode_context_child_load_completes
=== RUN   TestPersistDecodeChildLoadBorrowsAdmittedOperation/public_loader_child_load_is_rejected_(control)
--- PASS: TestPersistDecodeChildLoadBorrowsAdmittedOperation (0.13s)
    --- PASS: TestPersistDecodeChildLoadBorrowsAdmittedOperation/decode_context_child_load_completes (0.06s)
    --- PASS: TestPersistDecodeChildLoadBorrowsAdmittedOperation/public_loader_child_load_is_rejected_(control) (0.07s)
=== RUN   TestVisitPersistedCallIDPreservesRecursiveWrapper
=== RUN   TestVisitPersistedCallIDPreservesRecursiveWrapper/[[String!]!]!
=== RUN   TestVisitPersistedCallIDPreservesRecursiveWrapper/[[PersistCodecObj]]
=== RUN   TestVisitPersistedCallIDPreservesRecursiveWrapper/[Int!]
--- PASS: TestVisitPersistedCallIDPreservesRecursiveWrapper (0.00s)
    --- PASS: TestVisitPersistedCallIDPreservesRecursiveWrapper/[[String!]!]! (0.00s)
    --- PASS: TestVisitPersistedCallIDPreservesRecursiveWrapper/[[PersistCodecObj]] (0.00s)
    --- PASS: TestVisitPersistedCallIDPreservesRecursiveWrapper/[Int!] (0.00s)
=== RUN   TestPersistedInterfaceListUsesInstalledInterface
=== RUN   TestPersistedInterfaceListUsesInstalledInterface/without_the_installed_interface_the_declared_type_cannot_be_read_by_the_concrete_class
--- PASS: TestPersistedInterfaceListUsesInstalledInterface (0.01s)
    --- PASS: TestPersistedInterfaceListUsesInstalledInterface/without_the_installed_interface_the_declared_type_cannot_be_read_by_the_concrete_class (0.00s)
=== RUN   TestPersistedAttachedNullKeepsOwnedDependencyAndResource
--- PASS: TestPersistedAttachedNullKeepsOwnedDependencyAndResource (0.02s)
=== RUN   TestPersistedAttachedNullKeepsRowIdentity
=== RUN   TestPersistedAttachedNullKeepsRowIdentity/scalar_null_encoding_fails_to_decode
=== RUN   TestPersistedAttachedNullKeepsRowIdentity/absence_without_a_row_ID_decodes_to_nothing
=== RUN   TestPersistedAttachedNullKeepsRowIdentity/absence_declared_non-null_is_rejected
--- PASS: TestPersistedAttachedNullKeepsRowIdentity (0.01s)
    --- PASS: TestPersistedAttachedNullKeepsRowIdentity/scalar_null_encoding_fails_to_decode (0.00s)
    --- PASS: TestPersistedAttachedNullKeepsRowIdentity/absence_without_a_row_ID_decodes_to_nothing (0.00s)
    --- PASS: TestPersistedAttachedNullKeepsRowIdentity/absence_declared_non-null_is_rejected (0.00s)
=== RUN   TestPersistedScalarNumbersAreExact
=== RUN   TestPersistedScalarNumbersAreExact/above_float_mantissa
=== RUN   TestPersistedScalarNumbersAreExact/max_int64
=== RUN   TestPersistedScalarNumbersAreExact/min_int64
=== RUN   TestPersistedScalarNumbersAreExact/ordinary_float
=== RUN   TestPersistedScalarNumbersAreExact/large_float
=== RUN   TestPersistedScalarNumbersAreExact/string
=== RUN   TestPersistedScalarNumbersAreExact/untyped_float_decoding_loses_the_large_integer
=== RUN   TestPersistedScalarNumbersAreExact/trailing_data_is_an_error
=== RUN   TestPersistedScalarNumbersAreExact/out_of_range_stays_an_error
--- PASS: TestPersistedScalarNumbersAreExact (0.00s)
    --- PASS: TestPersistedScalarNumbersAreExact/above_float_mantissa (0.00s)
    --- PASS: TestPersistedScalarNumbersAreExact/max_int64 (0.00s)
    --- PASS: TestPersistedScalarNumbersAreExact/min_int64 (0.00s)
    --- PASS: TestPersistedScalarNumbersAreExact/ordinary_float (0.00s)
    --- PASS: TestPersistedScalarNumbersAreExact/large_float (0.00s)
    --- PASS: TestPersistedScalarNumbersAreExact/string (0.00s)
    --- PASS: TestPersistedScalarNumbersAreExact/untyped_float_decoding_loses_the_large_integer (0.00s)
    --- PASS: TestPersistedScalarNumbersAreExact/trailing_data_is_an_error (0.00s)
    --- PASS: TestPersistedScalarNumbersAreExact/out_of_range_stays_an_error (0.00s)
=== RUN   TestPersistedListsRebuildDeclaredTypes
=== RUN   TestPersistedListsRebuildDeclaredTypes/empty_nested_non-null
=== RUN   TestPersistedListsRebuildDeclaredTypes/all-null_nested
=== RUN   TestPersistedListsRebuildDeclaredTypes/optional_elements
=== RUN   TestPersistedListsRebuildDeclaredTypes/interface_elements
=== RUN   TestPersistedListsRebuildDeclaredTypes/raw_nested_arrays
=== RUN   TestPersistedListsRebuildDeclaredTypes/custom_scalar_elements
=== RUN   TestPersistedListsRebuildDeclaredTypes/nullable_declaration_is_presented_like_a_fresh_nullable_result
=== RUN   TestPersistedListsRebuildDeclaredTypes/a_call_without_a_declared_list_type_is_rejected
--- PASS: TestPersistedListsRebuildDeclaredTypes (0.00s)
    --- PASS: TestPersistedListsRebuildDeclaredTypes/empty_nested_non-null (0.00s)
    --- PASS: TestPersistedListsRebuildDeclaredTypes/all-null_nested (0.00s)
    --- PASS: TestPersistedListsRebuildDeclaredTypes/optional_elements (0.00s)
    --- PASS: TestPersistedListsRebuildDeclaredTypes/interface_elements (0.00s)
    --- PASS: TestPersistedListsRebuildDeclaredTypes/raw_nested_arrays (0.00s)
    --- PASS: TestPersistedListsRebuildDeclaredTypes/custom_scalar_elements (0.00s)
    --- PASS: TestPersistedListsRebuildDeclaredTypes/nullable_declaration_is_presented_like_a_fresh_nullable_result (0.00s)
    --- PASS: TestPersistedListsRebuildDeclaredTypes/a_call_without_a_declared_list_type_is_rejected (0.00s)
=== RUN   TestPersistedScalarDecodeResolvesDefiningServer
--- PASS: TestPersistedScalarDecodeResolvesDefiningServer (0.02s)
=== RUN   TestPersistedObjectFamilyDispatch
=== RUN   TestPersistedObjectFamilyDispatch/unregistered_codec_cannot_encode
=== RUN   TestPersistedObjectFamilyDispatch/unknown_family_is_rejected
=== RUN   TestPersistedObjectFamilyDispatch/family_must_match_the_decoding_type
=== RUN   TestPersistedObjectFamilyDispatch/old_envelope_versions_are_rejected
=== RUN   TestPersistedObjectFamilyDispatch/every_registered_family_names_a_distinct_Go_type
--- PASS: TestPersistedObjectFamilyDispatch (0.00s)
    --- PASS: TestPersistedObjectFamilyDispatch/unregistered_codec_cannot_encode (0.00s)
    --- PASS: TestPersistedObjectFamilyDispatch/unknown_family_is_rejected (0.00s)
    --- PASS: TestPersistedObjectFamilyDispatch/family_must_match_the_decoding_type (0.00s)
    --- PASS: TestPersistedObjectFamilyDispatch/old_envelope_versions_are_rejected (0.00s)
    --- PASS: TestPersistedObjectFamilyDispatch/every_registered_family_names_a_distinct_Go_type (0.00s)
=== RUN   TestVisitEncodedReferencesRelocatesDeclaredPositions
=== RUN   TestVisitEncodedReferencesRelocatesDeclaredPositions/a_missing_mapping_fails_without_partial_writes
=== RUN   TestVisitEncodedReferencesRelocatesDeclaredPositions/a_mismatched_envelope_identity_is_rejected
=== RUN   TestVisitEncodedReferencesRelocatesDeclaredPositions/a_root_reference_envelope_is_rejected
--- PASS: TestVisitEncodedReferencesRelocatesDeclaredPositions (0.00s)
    --- PASS: TestVisitEncodedReferencesRelocatesDeclaredPositions/a_missing_mapping_fails_without_partial_writes (0.00s)
    --- PASS: TestVisitEncodedReferencesRelocatesDeclaredPositions/a_mismatched_envelope_identity_is_rejected (0.00s)
    --- PASS: TestVisitEncodedReferencesRelocatesDeclaredPositions/a_root_reference_envelope_is_rejected (0.00s)
=== RUN   TestVisitEncodedReferencesClassifiesStorageRoles
=== RUN   TestVisitEncodedReferencesClassifiesStorageRoles/a_family_declaring_no_references_rejects_storage_links
--- PASS: TestVisitEncodedReferencesClassifiesStorageRoles (0.00s)
    --- PASS: TestVisitEncodedReferencesClassifiesStorageRoles/a_family_declaring_no_references_rejects_storage_links (0.00s)
=== RUN   TestVisitPersistedCallIDTranslatesHandlesOnly
--- PASS: TestVisitPersistedCallIDTranslatesHandlesOnly (0.00s)
=== RUN   TestPersistedSecondSaveThroughRestart
--- PASS: TestPersistedSecondSaveThroughRestart (0.02s)
=== RUN   TestVisitEncodedReferencesRequiresEveryRoleOnce
=== RUN   TestVisitEncodedReferencesRequiresEveryRoleOnce/a_null_root_cannot_declare_storage_roles
=== RUN   TestVisitEncodedReferencesRequiresEveryRoleOnce/a_scalar_json_root_cannot_declare_storage_roles
=== RUN   TestVisitEncodedReferencesRequiresEveryRoleOnce/a_list_root_cannot_declare_storage_roles
--- PASS: TestVisitEncodedReferencesRequiresEveryRoleOnce (0.00s)
    --- PASS: TestVisitEncodedReferencesRequiresEveryRoleOnce/a_null_root_cannot_declare_storage_roles (0.00s)
    --- PASS: TestVisitEncodedReferencesRequiresEveryRoleOnce/a_scalar_json_root_cannot_declare_storage_roles (0.00s)
    --- PASS: TestVisitEncodedReferencesRequiresEveryRoleOnce/a_list_root_cannot_declare_storage_roles (0.00s)
=== RUN   TestPersistAbsentRowValidatedAtCapture
--- PASS: TestPersistAbsentRowValidatedAtCapture (0.00s)
=== RUN   TestPersistInputProvenanceValidateResult
--- PASS: TestPersistInputProvenanceValidateResult (0.00s)
=== RUN   TestPersistInputProvenanceRejectsMissingPayload
--- PASS: TestPersistInputProvenanceRejectsMissingPayload (0.00s)
=== RUN   TestPersistInputProvenanceRejectsUnknownKind
--- PASS: TestPersistInputProvenanceRejectsUnknownKind (0.00s)
=== RUN   TestCachePersistenceImportRoundTripAcrossRestart
=== PAUSE TestCachePersistenceImportRoundTripAcrossRestart
=== RUN   TestCachePersistenceImportRoundTripObjectResult
=== PAUSE TestCachePersistenceImportRoundTripObjectResult
=== RUN   TestCachePersistenceImportedObjectHitWithoutServerErrors
=== PAUSE TestCachePersistenceImportedObjectHitWithoutServerErrors
=== RUN   TestCachePersistenceImportedObjectAliasSupportsChainedSelect
=== PAUSE TestCachePersistenceImportedObjectAliasSupportsChainedSelect
=== RUN   TestCachePersistenceImportedObjectLoadSerializesPersistedDecode
--- PASS: TestCachePersistenceImportedObjectLoadSerializesPersistedDecode (0.06s)
=== RUN   TestCachePersistenceUncleanMarkerWipesStore
=== PAUSE TestCachePersistenceUncleanMarkerWipesStore
=== RUN   TestCachePersistenceSchemaMismatchWipesStore
=== PAUSE TestCachePersistenceSchemaMismatchWipesStore
=== RUN   TestCacheCloseDiscardingPersistenceDoesNotMarkClean
=== PAUSE TestCacheCloseDiscardingPersistenceDoesNotMarkClean
=== RUN   TestCachePersistenceImportFailureWipesStore
=== PAUSE TestCachePersistenceImportFailureWipesStore
=== RUN   TestCachePersistenceImportedDecodeLeaderCancelRetriesJoiner
--- PASS: TestCachePersistenceImportedDecodeLeaderCancelRetriesJoiner (0.01s)
=== RUN   TestCachePersistenceImportedDecodeLeaseSyncCancelRetriesSync
--- PASS: TestCachePersistenceImportedDecodeLeaseSyncCancelRetriesSync (0.02s)
=== RUN   TestCachePersistenceImportedDecodeJoinerOwnCancelReturnsOwnCause
--- PASS: TestCachePersistenceImportedDecodeJoinerOwnCancelReturnsOwnCause (0.02s)
=== RUN   TestCachePersistenceImportedDecodeFailurePropagatesToJoiners
--- PASS: TestCachePersistenceImportedDecodeFailurePropagatesToJoiners (0.02s)
=== RUN   TestCachePersistenceImportedDecodeStaleReaderDoesNotLeadAfterSuccess
--- PASS: TestCachePersistenceImportedDecodeStaleReaderDoesNotLeadAfterSuccess (0.01s)
=== RUN   TestCachePersistenceImportRecomputesRequiredDepsFirst
=== PAUSE TestCachePersistenceImportRecomputesRequiredDepsFirst
=== RUN   TestCachePersistenceDecodeInstallPreservesRequiredSessionResources
=== PAUSE TestCachePersistenceDecodeInstallPreservesRequiredSessionResources
=== RUN   TestCacheLoadResultByResultIDRefusesUnboundSession
=== PAUSE TestCacheLoadResultByResultIDRefusesUnboundSession
=== RUN   TestPersistedScalarListSurvivesRepeatedRestore
--- PASS: TestPersistedScalarListSurvivesRepeatedRestore (0.01s)
=== RUN   TestPersistedNestedListSurvivesRepeatedRestore
--- PASS: TestPersistedNestedListSurvivesRepeatedRestore (0.02s)
=== RUN   TestPersistedListDefersReferencedChildrenWithoutServer
--- PASS: TestPersistedListDefersReferencedChildrenWithoutServer (0.00s)
=== RUN   TestPersistedListPrepassUsesChildCall
--- PASS: TestPersistedListPrepassUsesChildCall (0.01s)
=== RUN   TestPersistedSelfCodecInlineListForms
=== RUN   TestPersistedSelfCodecInlineListForms/[Int!]!
=== RUN   TestPersistedSelfCodecInlineListForms/[String!]!
=== RUN   TestPersistedSelfCodecInlineListForms/[Int!]!#01
=== RUN   TestPersistedSelfCodecInlineListForms/[[Int!]!]!
--- PASS: TestPersistedSelfCodecInlineListForms (0.00s)
    --- PASS: TestPersistedSelfCodecInlineListForms/[Int!]! (0.00s)
    --- PASS: TestPersistedSelfCodecInlineListForms/[String!]! (0.00s)
    --- PASS: TestPersistedSelfCodecInlineListForms/[Int!]!#01 (0.00s)
    --- PASS: TestPersistedSelfCodecInlineListForms/[[Int!]!]! (0.00s)
=== RUN   TestPersistedEncodingQuiescenceReachesInlineObjects
=== RUN   TestPersistedEncodingQuiescenceReachesInlineObjects/object
=== RUN   TestPersistedEncodingQuiescenceReachesInlineObjects/nested-inline-list
--- PASS: TestPersistedEncodingQuiescenceReachesInlineObjects (0.00s)
    --- PASS: TestPersistedEncodingQuiescenceReachesInlineObjects/object (0.00s)
    --- PASS: TestPersistedEncodingQuiescenceReachesInlineObjects/nested-inline-list (0.00s)
=== RUN   TestPersistedSelfCodecScalarRoundTrip
=== PAUSE TestPersistedSelfCodecScalarRoundTrip
=== RUN   TestPersistedSelfCodecObjectIDRoundTrip
=== PAUSE TestPersistedSelfCodecObjectIDRoundTrip
=== RUN   TestPersistedSelfCodecUsesSharedObjectClassification
=== PAUSE TestPersistedSelfCodecUsesSharedObjectClassification
=== RUN   TestObjectCacheHitPreservesObjectResultShape
=== PAUSE TestObjectCacheHitPreservesObjectResultShape
=== RUN   TestPersistedSelfCodecNestedListRoundTrip
=== PAUSE TestPersistedSelfCodecNestedListRoundTrip
=== RUN   TestPersistedSelfCodecRawObjectArrayRoundTrip
=== PAUSE TestPersistedSelfCodecRawObjectArrayRoundTrip
=== RUN   TestPersistedSelfCodecRejectsNonPersistedObjectLikeScalar
=== PAUSE TestPersistedSelfCodecRejectsNonPersistedObjectLikeScalar
=== RUN   TestCachePersistenceWorkerMirrorsRetainedPersistableResult
=== PAUSE TestCachePersistenceWorkerMirrorsRetainedPersistableResult
=== RUN   TestCachePersistenceWorkerMirrorsUnpruneablePersistedEdge
=== PAUSE TestCachePersistenceWorkerMirrorsUnpruneablePersistedEdge
=== RUN   TestCachePersistenceDoesNotWriteDuringRuntime
=== PAUSE TestCachePersistenceDoesNotWriteDuringRuntime
=== RUN   TestCachePersistenceWorkerMirrorsPrunedStateAfterRelease
=== PAUSE TestCachePersistenceWorkerMirrorsPrunedStateAfterRelease
=== RUN   TestCachePersistenceWorkerMirrorsAuthoritativeEgraphState
=== PAUSE TestCachePersistenceWorkerMirrorsAuthoritativeEgraphState
=== RUN   TestCachePersistenceSnapshotOmitsSessionOnlyResult
=== PAUSE TestCachePersistenceSnapshotOmitsSessionOnlyResult
=== RUN   TestCachePersistenceSnapshotKeepsOnlyCompletePersistedRootClosures
--- PASS: TestCachePersistenceSnapshotKeepsOnlyCompletePersistedRootClosures (0.01s)
=== RUN   TestCachePersistenceCleanShutdownToggleOnClose
=== PAUSE TestCachePersistenceCleanShutdownToggleOnClose
=== RUN   TestProfileSkipControlsSingleflightEmit
--- PASS: TestProfileSkipControlsSingleflightEmit (0.00s)
=== RUN   TestProfileSkipStaticCutSingleflightJoiner
--- PASS: TestProfileSkipStaticCutSingleflightJoiner (0.00s)
=== RUN   TestProfileSkipControlsLazyEmit
=== RUN   TestProfileSkipControlsLazyEmit/skipped_producer_emits_no_lazy_OTel_span
=== RUN   TestProfileSkipControlsLazyEmit/kept_producer_emits_a_lazy_OTel_span
--- PASS: TestProfileSkipControlsLazyEmit (0.00s)
    --- PASS: TestProfileSkipControlsLazyEmit/skipped_producer_emits_no_lazy_OTel_span (0.00s)
    --- PASS: TestProfileSkipControlsLazyEmit/kept_producer_emits_a_lazy_OTel_span (0.00s)
=== RUN   TestProfileSkipLazyCrossRecipeForcerStaysClean
--- PASS: TestProfileSkipLazyCrossRecipeForcerStaysClean (0.00s)
=== RUN   TestProfileSkipDoesNotBlindInvalidTargetDetector
--- PASS: TestProfileSkipDoesNotBlindInvalidTargetDetector (0.00s)
=== RUN   TestCachePrunePolicyMatchesLegacyRecordTypeListFilter
--- PASS: TestCachePrunePolicyMatchesLegacyRecordTypeListFilter (0.00s)
=== RUN   TestCachePrunePolicyMatchesExistingScalarFilters
--- PASS: TestCachePrunePolicyMatchesExistingScalarFilters (0.00s)
=== RUN   TestPruneLogLiteralValueRendersBytesOpaque
--- PASS: TestPruneLogLiteralValueRendersBytesOpaque (0.00s)
=== RUN   TestCachePersistableAttachmentFailureDoesNotRetain
--- PASS: TestCachePersistableAttachmentFailureDoesNotRetain (0.00s)
=== RUN   TestCachePersistableHitWaitsForCleanAttachmentBeforePersisting
--- PASS: TestCachePersistableHitWaitsForCleanAttachmentBeforePersisting (0.00s)
=== RUN   TestCacheErroredAttachmentIsSkippedAndReexecuted
--- PASS: TestCacheErroredAttachmentIsSkippedAndReexecuted (0.00s)
=== RUN   TestCacheAdoptionSkipsOpenAttachmentSibling
--- PASS: TestCacheAdoptionSkipsOpenAttachmentSibling (0.00s)
=== RUN   TestCachePersistedEdgeInstallRejectsCollectedResult
--- PASS: TestCachePersistedEdgeInstallRejectsCollectedResult (0.00s)
=== RUN   TestCacheOperationLeaseFailureCancelsSharedContext
--- PASS: TestCacheOperationLeaseFailureCancelsSharedContext (0.00s)
=== RUN   TestCacheSessionResultClaimAndReleaseAreAtomic
=== RUN   TestCacheSessionResultClaimAndReleaseAreAtomic/claim_wins
=== RUN   TestCacheSessionResultClaimAndReleaseAreAtomic/release_wins
--- PASS: TestCacheSessionResultClaimAndReleaseAreAtomic (0.00s)
    --- PASS: TestCacheSessionResultClaimAndReleaseAreAtomic/claim_wins (0.00s)
    --- PASS: TestCacheSessionResultClaimAndReleaseAreAtomic/release_wins (0.00s)
=== RUN   TestCacheRefusedFinalWaiterCommitsPersistenceBeforeHandoffRelease
--- PASS: TestCacheRefusedFinalWaiterCommitsPersistenceBeforeHandoffRelease (0.00s)
=== RUN   TestCacheArbitrarySessionClaimAndReleaseAreAtomic
=== RUN   TestCacheArbitrarySessionClaimAndReleaseAreAtomic/claim_wins
=== RUN   TestCacheArbitrarySessionClaimAndReleaseAreAtomic/release_wins
--- PASS: TestCacheArbitrarySessionClaimAndReleaseAreAtomic (0.00s)
    --- PASS: TestCacheArbitrarySessionClaimAndReleaseAreAtomic/claim_wins (0.00s)
    --- PASS: TestCacheArbitrarySessionClaimAndReleaseAreAtomic/release_wins (0.00s)
=== RUN   TestCacheArbitraryReleasedSessionDoesNotInitializeValue
--- PASS: TestCacheArbitraryReleasedSessionDoesNotInitializeValue (0.00s)
=== RUN   TestCacheReleasedSessionErrorIncludesSessionID
--- PASS: TestCacheReleasedSessionErrorIncludesSessionID (0.00s)
=== RUN   TestCacheSessionReleaseRefusesClaimedResultAtOperationExit
--- PASS: TestCacheSessionReleaseRefusesClaimedResultAtOperationExit (0.00s)
=== RUN   TestCacheArbitraryReleaseRefusesValueAtOperationExit
--- PASS: TestCacheArbitraryReleaseRefusesValueAtOperationExit (0.00s)
=== RUN   TestCacheWaitSessionReleaseWaitsForDeferredCleanup
--- PASS: TestCacheWaitSessionReleaseWaitsForDeferredCleanup (0.00s)
=== RUN   TestCacheWaitSessionReleaseCancellation
--- PASS: TestCacheWaitSessionReleaseCancellation (0.00s)
=== RUN   TestCacheWaitSessionReleaseRequiresRelease
--- PASS: TestCacheWaitSessionReleaseRequiresRelease (0.00s)
=== RUN   TestCacheDeferredReleaseErrorSurfacesFromClose
--- PASS: TestCacheDeferredReleaseErrorSurfacesFromClose (0.00s)
=== RUN   TestCacheSynchronousReleaseErrorFailsCloseDirty
--- PASS: TestCacheSynchronousReleaseErrorFailsCloseDirty (0.00s)
=== RUN   TestCacheCloseCancellationFailsDirtyWhileOperationActive
--- PASS: TestCacheCloseCancellationFailsDirtyWhileOperationActive (0.02s)
=== RUN   TestCacheReleasedSessionDoesNotRecreateSpanMaps
--- PASS: TestCacheReleasedSessionDoesNotRecreateSpanMaps (0.00s)
=== RUN   TestSnapshotOwnerSyncReadSelection
--- PASS: TestSnapshotOwnerSyncReadSelection (0.00s)
=== RUN   TestSnapshotOwnerSyncInlineRead
--- PASS: TestSnapshotOwnerSyncInlineRead (0.00s)
=== RUN   TestCacheSnapshotOwnerLeaseSyncDefersSessionCleanup
--- PASS: TestCacheSnapshotOwnerLeaseSyncDefersSessionCleanup (0.00s)
=== RUN   TestCachePersistenceWorkerMirrorsSnapshotManagerMetadataRows
=== PAUSE TestCachePersistenceWorkerMirrorsSnapshotManagerMetadataRows
=== RUN   TestCachePersistenceImportHydratesSnapshotMetadataAndSyncsOwnerLeases
=== PAUSE TestCachePersistenceImportHydratesSnapshotMetadataAndSyncsOwnerLeases
=== RUN   TestCachePersistenceImportedSnapshotLinksContributeUsageBeforeDecode
=== PAUSE TestCachePersistenceImportedSnapshotLinksContributeUsageBeforeDecode
=== RUN   TestCachePruneThresholdUsesImportedSnapshotLinkUsage
=== PAUSE TestCachePruneThresholdUsesImportedSnapshotLinkUsage
=== RUN   TestCachePersistenceWorkerUsesEncodedSnapshotLinks
=== PAUSE TestCachePersistenceWorkerUsesEncodedSnapshotLinks
=== RUN   TestScopedCollectorConcurrentPublicationCost
=== RUN   TestScopedCollectorConcurrentPublicationCost/width128_depth1
    cache_snapshot_scope_bench_test.go:120: typed_collector outputs=128 depth=1 publications=8192 attempts=148 retries=20 accepted=128 elapsed=39.948265ms
=== RUN   TestScopedCollectorConcurrentPublicationCost/width8_depth3
    cache_snapshot_scope_bench_test.go:120: typed_collector outputs=512 depth=3 publications=8192 attempts=132 retries=4 accepted=128 elapsed=232.334722ms
--- PASS: TestScopedCollectorConcurrentPublicationCost (0.27s)
    --- PASS: TestScopedCollectorConcurrentPublicationCost/width128_depth1 (0.04s)
    --- PASS: TestScopedCollectorConcurrentPublicationCost/width8_depth3 (0.23s)
=== RUN   TestScopedSnapshotVisitor
--- PASS: TestScopedSnapshotVisitor (0.00s)
=== RUN   TestScopedSnapshotDecodeCarrier
--- PASS: TestScopedSnapshotDecodeCarrier (0.00s)
=== RUN   TestScopedSnapshotCanonicalKeys
--- PASS: TestScopedSnapshotCanonicalKeys (0.00s)
=== RUN   TestScopedSnapshotSQLConflict
--- PASS: TestScopedSnapshotSQLConflict (0.01s)
=== RUN   TestScopedDecodeRejectsMismatchedCarrierBeforeCodec
--- PASS: TestScopedDecodeRejectsMismatchedCarrierBeforeCodec (0.00s)
=== RUN   TestSnapshotSharingTriggers
--- PASS: TestSnapshotSharingTriggers (0.01s)
=== RUN   TestSnapshotSharingInstallsFromEquivalent
--- PASS: TestSnapshotSharingInstallsFromEquivalent (0.01s)
=== RUN   TestSnapshotSharingPreparedSequence
--- PASS: TestSnapshotSharingPreparedSequence (0.01s)
=== RUN   TestSnapshotSharingPreparedSequenceThreeParts
--- PASS: TestSnapshotSharingPreparedSequenceThreeParts (0.01s)
=== RUN   TestSnapshotSharingIndependentParts
--- PASS: TestSnapshotSharingIndependentParts (0.01s)
=== RUN   TestSnapshotSharingDonorReceivesSibling
--- PASS: TestSnapshotSharingDonorReceivesSibling (0.01s)
=== RUN   TestSnapshotSharingTriggerSites
=== RUN   TestSnapshotSharingTriggerSites/new_membership_without_a_union
=== RUN   TestSnapshotSharingTriggerSites/no_enqueue_for_an_unregistered_row
=== RUN   TestSnapshotSharingTriggerSites/lazy_completion_notifies_after_a_successful_share
=== RUN   TestSnapshotSharingTriggerSites/admission_off_enqueues_nothing
--- PASS: TestSnapshotSharingTriggerSites (0.04s)
    --- PASS: TestSnapshotSharingTriggerSites/new_membership_without_a_union (0.01s)
    --- PASS: TestSnapshotSharingTriggerSites/no_enqueue_for_an_unregistered_row (0.01s)
    --- PASS: TestSnapshotSharingTriggerSites/lazy_completion_notifies_after_a_successful_share (0.01s)
    --- PASS: TestSnapshotSharingTriggerSites/admission_off_enqueues_nothing (0.01s)
=== RUN   TestSnapshotSharingCoalescing
--- PASS: TestSnapshotSharingCoalescing (0.01s)
=== RUN   TestSnapshotSharingNoJoinRefusal
--- PASS: TestSnapshotSharingNoJoinRefusal (0.01s)
=== RUN   TestSnapshotSharingReadinessAndExpiry
=== RUN   TestSnapshotSharingReadinessAndExpiry/a_desired-only_role_is_not_an_applied_role
=== RUN   TestSnapshotSharingReadinessAndExpiry/an_expired_receiver_is_skipped
=== RUN   TestSnapshotSharingReadinessAndExpiry/an_expired_donor_is_skipped
=== RUN   TestSnapshotSharingReadinessAndExpiry/a_native_receiver_is_never_filled
--- PASS: TestSnapshotSharingReadinessAndExpiry (0.04s)
    --- PASS: TestSnapshotSharingReadinessAndExpiry/a_desired-only_role_is_not_an_applied_role (0.01s)
    --- PASS: TestSnapshotSharingReadinessAndExpiry/an_expired_receiver_is_skipped (0.01s)
    --- PASS: TestSnapshotSharingReadinessAndExpiry/an_expired_donor_is_skipped (0.01s)
    --- PASS: TestSnapshotSharingReadinessAndExpiry/a_native_receiver_is_never_filled (0.01s)
=== RUN   TestSnapshotSharingStructuralRequirements
=== RUN   TestSnapshotSharingStructuralRequirements/own
=== RUN   TestSnapshotSharingStructuralRequirements/offer-only
=== RUN   TestSnapshotSharingStructuralRequirements/missing
--- PASS: TestSnapshotSharingStructuralRequirements (0.03s)
    --- PASS: TestSnapshotSharingStructuralRequirements/own (0.01s)
    --- PASS: TestSnapshotSharingStructuralRequirements/offer-only (0.01s)
    --- PASS: TestSnapshotSharingStructuralRequirements/missing (0.01s)
=== RUN   TestSnapshotSharingReleaseThenExternalFinish
--- PASS: TestSnapshotSharingReleaseThenExternalFinish (0.01s)
=== RUN   TestSnapshotSharingPreparationContextGuards
--- PASS: TestSnapshotSharingPreparationContextGuards (0.01s)
=== RUN   TestSnapshotSharingWorkerBaseIsMarked
--- PASS: TestSnapshotSharingWorkerBaseIsMarked (0.01s)
=== RUN   TestSnapshotSharingDecodeWhileFinishPaused
--- PASS: TestSnapshotSharingDecodeWhileFinishPaused (0.01s)
=== RUN   TestSnapshotSharingShutdown
--- PASS: TestSnapshotSharingShutdown (0.11s)
=== RUN   TestSnapshotSharingFailedFinishAndRetry
--- PASS: TestSnapshotSharingFailedFinishAndRetry (0.01s)
=== RUN   TestSnapshotSharingCompletionRegistrationRace
--- PASS: TestSnapshotSharingCompletionRegistrationRace (0.01s)
=== RUN   TestSnapshotSharingTypedServiceReceiverNeedsRegistration
--- PASS: TestSnapshotSharingTypedServiceReceiverNeedsRegistration (0.01s)
=== RUN   TestSnapshotSharingTypedReceiverFillsOnePartPerPass
--- PASS: TestSnapshotSharingTypedReceiverFillsOnePartPerPass (0.01s)
=== RUN   TestSnapshotSharingSelectsRestoredFrame
--- PASS: TestSnapshotSharingSelectsRestoredFrame (0.01s)
=== RUN   TestSnapshotSharingRefusedSlotReselectsJoinedDemand
--- PASS: TestSnapshotSharingRefusedSlotReselectsJoinedDemand (0.01s)
=== RUN   TestSnapshotSharingCancelDuringPreparation
--- PASS: TestSnapshotSharingCancelDuringPreparation (0.21s)
=== RUN   TestSnapshotSharingAbortReportsAfterCleanup
--- PASS: TestSnapshotSharingAbortReportsAfterCleanup (0.21s)
=== RUN   TestSnapshotSharingCancelAfterPublicationDeliversReceipt
--- PASS: TestSnapshotSharingCancelAfterPublicationDeliversReceipt (0.21s)
=== RUN   TestSnapshotSharingFailedFinishLastOwner
--- PASS: TestSnapshotSharingFailedFinishLastOwner (0.01s)
=== RUN   TestSnapshotSharingEncodedInstallRetryAfterDecode
=== RUN   TestSnapshotSharingEncodedInstallRetryAfterDecode/failed_attachment
=== RUN   TestSnapshotSharingEncodedInstallRetryAfterDecode/partial_attachment
--- PASS: TestSnapshotSharingEncodedInstallRetryAfterDecode (0.02s)
    --- PASS: TestSnapshotSharingEncodedInstallRetryAfterDecode/failed_attachment (0.01s)
    --- PASS: TestSnapshotSharingEncodedInstallRetryAfterDecode/partial_attachment (0.01s)
=== RUN   TestSnapshotSharingImportTriggers
=== RUN   TestSnapshotSharingImportTriggers/live_import_queues_the_imported_classes
=== RUN   TestSnapshotSharingImportTriggers/a_failed_identity_plan_queues_nothing
=== RUN   TestSnapshotSharingImportTriggers/a_failed_root_validation_queues_nothing
--- PASS: TestSnapshotSharingImportTriggers (0.03s)
    --- PASS: TestSnapshotSharingImportTriggers/live_import_queues_the_imported_classes (0.01s)
    --- PASS: TestSnapshotSharingImportTriggers/a_failed_identity_plan_queues_nothing (0.01s)
    --- PASS: TestSnapshotSharingImportTriggers/a_failed_root_validation_queues_nothing (0.01s)
=== RUN   TestSnapshotSharingPrefixCarriedOverRefusedAddress
--- PASS: TestSnapshotSharingPrefixCarriedOverRefusedAddress (0.01s)
=== RUN   TestSnapshotSharingTypedIneligibleFirstAddress
--- PASS: TestSnapshotSharingTypedIneligibleFirstAddress (0.01s)
=== RUN   TestSnapshotSharingTypedSuccessorHoldsTheDonor
--- PASS: TestSnapshotSharingTypedSuccessorHoldsTheDonor (0.01s)
=== RUN   TestSnapshotSharingDecodePreflight
--- PASS: TestSnapshotSharingDecodePreflight (0.01s)
=== RUN   TestSnapshotSharingDonorLeaseReconciliationIsBusy
--- PASS: TestSnapshotSharingDonorLeaseReconciliationIsBusy (0.01s)
=== RUN   TestSnapshotSharingPreparationContextIsSetOnce
--- PASS: TestSnapshotSharingPreparationContextIsSetOnce (0.02s)
=== RUN   TestCacheRejectsNilTypeResolver
=== PAUSE TestCacheRejectsNilTypeResolver
=== RUN   TestCacheRejectsEmptySessionIDForOwningEntrypoints
=== PAUSE TestCacheRejectsEmptySessionIDForOwningEntrypoints
=== RUN   TestSharedCallUsesOneClientScopeLeaseForAllWaiters
=== PAUSE TestSharedCallUsesOneClientScopeLeaseForAllWaiters
=== RUN   TestSharedCallReleasesLeaseWhenLastWaiterCancelsAfterCompletion
=== PAUSE TestSharedCallReleasesLeaseWhenLastWaiterCancelsAfterCompletion
=== RUN   TestAttachResultAllowsAlreadyAttachedResultWithoutFrame
=== PAUSE TestAttachResultAllowsAlreadyAttachedResultWithoutFrame
=== RUN   TestCaptureSessionLazySpanContextFirstWriterWinsAndRelease
=== PAUSE TestCaptureSessionLazySpanContextFirstWriterWinsAndRelease
=== RUN   TestSessionResultInstallSpanContextsSorted
=== PAUSE TestSessionResultInstallSpanContextsSorted
=== RUN   TestInstallSpanLookupWalksClosureOwnersUpward
=== PAUSE TestInstallSpanLookupWalksClosureOwnersUpward
=== RUN   TestEvaluateLazyUsesOriginalSpanForLogsAndNestedSpans
=== PAUSE TestEvaluateLazyUsesOriginalSpanForLogsAndNestedSpans
=== RUN   TestEvaluateLazyPrerequisiteFailureMarksResumeBlocked
=== PAUSE TestEvaluateLazyPrerequisiteFailureMarksResumeBlocked
=== RUN   TestEvaluateLazyOwnFailureNotMarkedBlocked
=== PAUSE TestEvaluateLazyOwnFailureNotMarkedBlocked
=== RUN   TestCacheVolatileSessionResourceInvariants
=== PAUSE TestCacheVolatileSessionResourceInvariants
=== RUN   TestCacheVolatileConcurrentSessionsDivergentValues
=== PAUSE TestCacheVolatileConcurrentSessionsDivergentValues
=== RUN   TestCacheVolatileNestedWithNonVolatile
=== PAUSE TestCacheVolatileNestedWithNonVolatile
=== RUN   TestCacheConcurrent
=== PAUSE TestCacheConcurrent
=== RUN   TestCacheEvaluate
=== PAUSE TestCacheEvaluate
=== RUN   TestCacheErrors
=== PAUSE TestCacheErrors
=== RUN   TestCacheRecursiveCall
=== PAUSE TestCacheRecursiveCall
=== RUN   TestCacheContextCancel
=== RUN   TestCacheContextCancel/cancels_after_all_are_canceled
=== PAUSE TestCacheContextCancel/cancels_after_all_are_canceled
=== RUN   TestCacheContextCancel/succeeds_if_others_are_canceled
=== PAUSE TestCacheContextCancel/succeeds_if_others_are_canceled
=== RUN   TestCacheContextCancel/shared_call_keeps_dedicated_lease_across_completion
=== PAUSE TestCacheContextCancel/shared_call_keeps_dedicated_lease_across_completion
=== RUN   TestCacheContextCancel/last_waiter_canceled_fn_returns_value_still_releases
=== PAUSE TestCacheContextCancel/last_waiter_canceled_fn_returns_value_still_releases
=== CONT  TestCacheContextCancel/cancels_after_all_are_canceled
=== CONT  TestCacheContextCancel/last_waiter_canceled_fn_returns_value_still_releases
=== CONT  TestCacheContextCancel/succeeds_if_others_are_canceled
=== NAME  TestCacheContextCancel/last_waiter_canceled_fn_returns_value_still_releases
    cache_test.go:2289: TODO: re-enable after last-waiter canceled cleanup semantics are decided
=== CONT  TestCacheContextCancel/shared_call_keeps_dedicated_lease_across_completion
--- PASS: TestCacheContextCancel (0.00s)
    --- SKIP: TestCacheContextCancel/last_waiter_canceled_fn_returns_value_still_releases (0.00s)
    --- PASS: TestCacheContextCancel/cancels_after_all_are_canceled (0.00s)
    --- PASS: TestCacheContextCancel/succeeds_if_others_are_canceled (0.00s)
    --- PASS: TestCacheContextCancel/shared_call_keeps_dedicated_lease_across_completion (0.01s)
=== RUN   TestSkipDedupe
=== PAUSE TestSkipDedupe
=== RUN   TestCacheNilKeyIDRejected
=== PAUSE TestCacheNilKeyIDRejected
=== RUN   TestCacheDifferentConcurrencyKeysDoNotDedupe
=== PAUSE TestCacheDifferentConcurrencyKeysDoNotDedupe
=== RUN   TestCacheNilResultIsCached
=== PAUSE TestCacheNilResultIsCached
=== RUN   TestEquivalencySetCacheHits
=== PAUSE TestEquivalencySetCacheHits
=== RUN   TestDirectDigestLookupHitsWithoutTermIndex
=== RUN   TestDirectDigestLookupHitsWithoutTermIndex/exact_recipe_digest_hit_without_term_index
=== RUN   TestDirectDigestLookupHitsWithoutTermIndex/extra_digest_hit_without_term_index
--- PASS: TestDirectDigestLookupHitsWithoutTermIndex (0.00s)
    --- PASS: TestDirectDigestLookupHitsWithoutTermIndex/exact_recipe_digest_hit_without_term_index (0.00s)
    --- PASS: TestDirectDigestLookupHitsWithoutTermIndex/extra_digest_hit_without_term_index (0.00s)
=== RUN   TestIndexResultDigestsUsesExplicitRequestAndResponseIDs
=== PAUSE TestIndexResultDigestsUsesExplicitRequestAndResponseIDs
=== RUN   TestStructuralHitCanReuseResultFromSameOutputEqClass
--- PASS: TestStructuralHitCanReuseResultFromSameOutputEqClass (0.00s)
=== RUN   TestTeachCallEquivalentToResult
=== PAUSE TestTeachCallEquivalentToResult
=== RUN   TestPendingResultCallRefRecipeID
=== PAUSE TestPendingResultCallRefRecipeID
=== RUN   TestAttachResultNormalizesPendingResultCallRef
=== PAUSE TestAttachResultNormalizesPendingResultCallRef
=== RUN   TestObjectResultResultCallAndReceiver
=== PAUSE TestObjectResultResultCallAndReceiver
=== RUN   TestCacheHitRewrapsObjectResultForCurrentServer
=== PAUSE TestCacheHitRewrapsObjectResultForCurrentServer
=== RUN   TestClassNewRewrapsObjectResult
=== PAUSE TestClassNewRewrapsObjectResult
=== RUN   TestClassNewRewrapPreservesModuleCacheIsolation
=== PAUSE TestClassNewRewrapPreservesModuleCacheIsolation
=== RUN   TestInputSpecsInputsFromResultCallArgs
=== PAUSE TestInputSpecsInputsFromResultCallArgs
=== RUN   TestResultContentPreferredDigestUsesContentDigest
=== PAUSE TestResultContentPreferredDigestUsesContentDigest
=== RUN   TestLookupCacheForIDExtraDigestFallback
=== PAUSE TestLookupCacheForIDExtraDigestFallback
=== RUN   TestHitTeachesReturnedRequestIDToCache
=== PAUSE TestHitTeachesReturnedRequestIDToCache
=== RUN   TestExtraDigestLabelIsolation
=== PAUSE TestExtraDigestLabelIsolation
=== RUN   TestCacheHitReturnIDGetsContentDigestFromEqClassMetadata
=== PAUSE TestCacheHitReturnIDGetsContentDigestFromEqClassMetadata
=== RUN   TestCacheFreshReturnIDGetsContentDigestFromEqClassMetadata
=== PAUSE TestCacheFreshReturnIDGetsContentDigestFromEqClassMetadata
=== RUN   TestCacheTeachContentDigestPreservesAttachment
=== PAUSE TestCacheTeachContentDigestPreservesAttachment
=== RUN   TestCacheTeachContentDigestWithResultRefs
=== PAUSE TestCacheTeachContentDigestWithResultRefs
=== RUN   TestDerefValueForNullables
=== PAUSE TestDerefValueForNullables
=== RUN   TestCacheDoNotCacheNormalizesNestedHitMetadata
=== PAUSE TestCacheDoNotCacheNormalizesNestedHitMetadata
=== RUN   TestCacheDoNotCachePreservesAttachedReturnedObject
=== PAUSE TestCacheDoNotCachePreservesAttachedReturnedObject
=== RUN   TestCacheSecondaryIndexesCleanedOnRelease
=== PAUSE TestCacheSecondaryIndexesCleanedOnRelease
=== RUN   TestCacheReleaseRemovesRecordedDigestPostingAfterOutputClassMerge
=== PAUSE TestCacheReleaseRemovesRecordedDigestPostingAfterOutputClassMerge
=== RUN   TestCacheArrayResultRoundTrip
=== PAUSE TestCacheArrayResultRoundTrip
=== RUN   TestCacheArrayResultsRetainChildResultsAcrossProducerSessionRelease
=== PAUSE TestCacheArrayResultsRetainChildResultsAcrossProducerSessionRelease
=== RUN   TestCacheArrayResultStressDoesNotReturnHitWithoutCallFrame
=== PAUSE TestCacheArrayResultStressDoesNotReturnHitWithoutCallFrame
=== RUN   TestCacheArrayResultStressDoesNotRaceExplicitDependencyAttachment
=== PAUSE TestCacheArrayResultStressDoesNotRaceExplicitDependencyAttachment
=== RUN   TestCacheMixedSessionWaitersCancelDoNotLeak
=== PAUSE TestCacheMixedSessionWaitersCancelDoNotLeak
=== RUN   TestCacheLoadResultByResultIDDoesNotReturnHitWithoutCallFrame
=== PAUSE TestCacheLoadResultByResultIDDoesNotReturnHitWithoutCallFrame
=== RUN   TestCacheObjectResultRoundTripAndRelease
=== PAUSE TestCacheObjectResultRoundTripAndRelease
=== RUN   TestCacheTTLWithDBUsesStorageAndCallIndexes
=== PAUSE TestCacheTTLWithDBUsesStorageAndCallIndexes
=== RUN   TestCachePersistableRetainedAcrossSessionClose
=== PAUSE TestCachePersistableRetainedAcrossSessionClose
=== RUN   TestCacheLatePersistableJoinCommitsBeforeHandoffRelease
=== RUN   TestCacheLatePersistableJoinCommitsBeforeHandoffRelease/successful_final_waiter
=== RUN   TestCacheLatePersistableJoinCommitsBeforeHandoffRelease/canceled_final_waiter
--- PASS: TestCacheLatePersistableJoinCommitsBeforeHandoffRelease (0.00s)
    --- PASS: TestCacheLatePersistableJoinCommitsBeforeHandoffRelease/successful_final_waiter (0.00s)
    --- PASS: TestCacheLatePersistableJoinCommitsBeforeHandoffRelease/canceled_final_waiter (0.00s)
=== RUN   TestOngoingCallPersistableIntentConcurrentAccess
=== PAUSE TestOngoingCallPersistableIntentConcurrentAccess
=== RUN   TestCacheNonPersistableDropsWhenRefsDrain
=== PAUSE TestCacheNonPersistableDropsWhenRefsDrain
=== RUN   TestCachePersistableHitUpgradesExistingResultToRetained
=== PAUSE TestCachePersistableHitUpgradesExistingResultToRetained
=== RUN   TestCacheMakeResultUnpruneableRetainsAcrossSessionClose
=== PAUSE TestCacheMakeResultUnpruneableRetainsAcrossSessionClose
=== RUN   TestCacheMakeResultUnpruneableSkipsPrune
=== PAUSE TestCacheMakeResultUnpruneableSkipsPrune
=== RUN   TestCacheMakeResultUnpruneableClearsPersistedExpiry
=== PAUSE TestCacheMakeResultUnpruneableClearsPersistedExpiry
=== RUN   TestCacheUsageEntriesAllReportsSessionAndRetainedState
=== PAUSE TestCacheUsageEntriesAllReportsSessionAndRetainedState
=== RUN   TestCacheUsageEntriesAllDedupesByUsageIdentity
=== PAUSE TestCacheUsageEntriesAllDedupesByUsageIdentity
=== RUN   TestCacheUsageEntriesAllSumsOwnedUsageIdentities
=== PAUSE TestCacheUsageEntriesAllSumsOwnedUsageIdentities
=== RUN   TestCacheUsageEntriesAllMutableUsageRemeasuresAfterSizeChange
=== PAUSE TestCacheUsageEntriesAllMutableUsageRemeasuresAfterSizeChange
=== RUN   TestCachePruneKeepDuration
=== PAUSE TestCachePruneKeepDuration
=== RUN   TestCachePruneThresholdTargetSpace
=== PAUSE TestCachePruneThresholdTargetSpace
=== RUN   TestCachePruneMinFreeSpaceUsesCurrentFreeSpace
=== PAUSE TestCachePruneMinFreeSpaceUsesCurrentFreeSpace
=== RUN   TestCachePruneSessionOwnedEntriesAreNeverPruned
=== PAUSE TestCachePruneSessionOwnedEntriesAreNeverPruned
=== RUN   TestCacheDoNotCacheRejectsOnReleaser
=== PAUSE TestCacheDoNotCacheRejectsOnReleaser
=== RUN   TestCachePruneOrderedSimulationKeepsZeroDeltaPrerequisites
=== PAUSE TestCachePruneOrderedSimulationKeepsZeroDeltaPrerequisites
=== RUN   TestCompactEqClassesSkipsWhenBelowThreshold
=== PAUSE TestCompactEqClassesSkipsWhenBelowThreshold
=== RUN   TestCachePruneCompactsEqClassesAndPreservesLookup
=== PAUSE TestCachePruneCompactsEqClassesAndPreservesLookup
=== RUN   TestCachePruneProtectsExactDependencyOfActiveResult
=== PAUSE TestCachePruneProtectsExactDependencyOfActiveResult
=== RUN   TestCachePruneDoesNotProtectTermProvenanceOnlyResultFromActiveResult
=== PAUSE TestCachePruneDoesNotProtectTermProvenanceOnlyResultFromActiveResult
=== RUN   TestCacheAttachDependencyResults
=== PAUSE TestCacheAttachDependencyResults
=== RUN   TestCacheAttachDependencyResultsAlreadyAttachedChild
=== PAUSE TestCacheAttachDependencyResultsAlreadyAttachedChild
=== RUN   TestCacheAddExplicitDependency
=== PAUSE TestCacheAddExplicitDependency
=== RUN   TestCacheResultCallDerivedFromRequestID
=== PAUSE TestCacheResultCallDerivedFromRequestID
=== RUN   TestCacheResultCallFirstWriterWins
=== PAUSE TestCacheResultCallFirstWriterWins
=== RUN   TestCacheArbitraryCallbackUsesOneClientScopeLease
=== PAUSE TestCacheArbitraryCallbackUsesOneClientScopeLease
=== RUN   TestCacheArbitraryCallbackCancelsAfterLastWaiter
=== PAUSE TestCacheArbitraryCallbackCancelsAfterLastWaiter
=== RUN   TestCacheArbitraryRoundTripAndRelease
=== PAUSE TestCacheArbitraryRoundTripAndRelease
=== RUN   TestCacheArbitraryConcurrent
=== PAUSE TestCacheArbitraryConcurrent
=== RUN   TestCacheArbitraryRecursiveCall
=== PAUSE TestCacheArbitraryRecursiveCall
=== RUN   TestResolveSessionResourceCandidatesOrdering
--- PASS: TestResolveSessionResourceCandidatesOrdering (0.00s)
=== RUN   TestCacheAddExplicitDependencyAcceptsSessionResourceDepsAndRecomputesAncestors
=== PAUSE TestCacheAddExplicitDependencyAcceptsSessionResourceDepsAndRecomputesAncestors
=== RUN   TestCacheHitRechecksSessionResourcesAfterAttachBarrier
=== PAUSE TestCacheHitRechecksSessionResourcesAfterAttachBarrier
=== RUN   TestCacheLoadResultByResultIDRechecksAfterAttachBarrier
=== PAUSE TestCacheLoadResultByResultIDRechecksAfterAttachBarrier
=== RUN   TestCacheLoadResultByResultIDIgnoresUncleanCanonicalSiblings
=== PAUSE TestCacheLoadResultByResultIDIgnoresUncleanCanonicalSiblings
=== RUN   TestCacheDigestLookupRechecksSessionResourcesAfterAttachBarrier
=== PAUSE TestCacheDigestLookupRechecksSessionResourcesAfterAttachBarrier
=== RUN   TestCacheHitRechecksSessionResourcesAfterLateExplicitDependency
=== PAUSE TestCacheHitRechecksSessionResourcesAfterLateExplicitDependency
=== RUN   TestCacheLoadResultByResultIDRechecksAfterLateExplicitDependency
=== PAUSE TestCacheLoadResultByResultIDRechecksAfterLateExplicitDependency
=== RUN   TestCacheDigestLookupRechecksSessionResourcesAfterLateExplicitDependency
=== PAUSE TestCacheDigestLookupRechecksSessionResourcesAfterLateExplicitDependency
=== RUN   TestCacheHitConvertsToMissWhenProducerReleaseFailsAttachment
=== PAUSE TestCacheHitConvertsToMissWhenProducerReleaseFailsAttachment
=== RUN   TestCacheDigestLookupConvertsToMissWhenProducerReleaseFailsAttachment
=== PAUSE TestCacheDigestLookupConvertsToMissWhenProducerReleaseFailsAttachment
=== RUN   TestCacheLoadResultByResultIDStillFailsWhenProducerReleaseFailsAttachment
=== PAUSE TestCacheLoadResultByResultIDStillFailsWhenProducerReleaseFailsAttachment
=== RUN   TestCacheHitKeepsGenuineAttachmentFailure
=== PAUSE TestCacheHitKeepsGenuineAttachmentFailure
=== RUN   TestCachePublicationRollsBackWhenStructuralDepMissing
=== PAUSE TestCachePublicationRollsBackWhenStructuralDepMissing
=== RUN   TestCacheAttachmentClaimPinsTargetAgainstForeignRelease
=== PAUSE TestCacheAttachmentClaimPinsTargetAgainstForeignRelease
=== RUN   TestCacheWithSessionResourceHandleRefusesAttachedMutation
=== PAUSE TestCacheWithSessionResourceHandleRefusesAttachedMutation
=== RUN   TestValueTransferFixtureExactRoots
--- PASS: TestValueTransferFixtureExactRoots (0.01s)
=== RUN   TestSchemaModuleSelectionFallback
--- PASS: TestSchemaModuleSelectionFallback (0.01s)
=== RUN   TestSchemaModuleSelectionSkipsInaccessibleInstalled
=== RUN   TestSchemaModuleSelectionSkipsInaccessibleInstalled/operational
=== RUN   TestSchemaModuleSelectionSkipsInaccessibleInstalled/scoped
--- PASS: TestSchemaModuleSelectionSkipsInaccessibleInstalled (0.02s)
    --- PASS: TestSchemaModuleSelectionSkipsInaccessibleInstalled/operational (0.01s)
    --- PASS: TestSchemaModuleSelectionSkipsInaccessibleInstalled/scoped (0.01s)
=== RUN   TestValueTransferPersistence
--- PASS: TestValueTransferPersistence (0.03s)
=== RUN   TestValueTransferCapture
=== RUN   TestValueTransferCapture/concurrent_replacement_and_pruning
=== RUN   TestValueTransferCapture/direct_and_offer_diamond
=== RUN   TestValueTransferCapture/output
=== RUN   TestValueTransferCapture/payload
=== RUN   TestValueTransferCapture/offer
=== RUN   TestValueTransferCapture/ownership
=== RUN   TestValueTransferCapture/requirements
=== RUN   TestValueTransferCapture/frame
=== RUN   TestValueTransferCapture/busy
=== RUN   TestValueTransferCapture/cancellation
--- PASS: TestValueTransferCapture (0.09s)
    --- PASS: TestValueTransferCapture/concurrent_replacement_and_pruning (0.01s)
    --- PASS: TestValueTransferCapture/direct_and_offer_diamond (0.01s)
    --- PASS: TestValueTransferCapture/output (0.01s)
    --- PASS: TestValueTransferCapture/payload (0.01s)
    --- PASS: TestValueTransferCapture/offer (0.01s)
    --- PASS: TestValueTransferCapture/ownership (0.01s)
    --- PASS: TestValueTransferCapture/requirements (0.01s)
    --- PASS: TestValueTransferCapture/frame (0.01s)
    --- PASS: TestValueTransferCapture/busy (0.01s)
    --- PASS: TestValueTransferCapture/cancellation (0.01s)
=== RUN   TestValueTransferReferences
=== RUN   TestValueTransferReferences/dangling
=== RUN   TestValueTransferReferences/cycle
=== RUN   TestValueTransferReferences/root
=== RUN   TestValueTransferReferences/extra
=== RUN   TestValueTransferReferences/body
=== RUN   TestValueTransferReferences/unreachable
--- PASS: TestValueTransferReferences (0.02s)
    --- PASS: TestValueTransferReferences/dangling (0.00s)
    --- PASS: TestValueTransferReferences/cycle (0.00s)
    --- PASS: TestValueTransferReferences/root (0.00s)
    --- PASS: TestValueTransferReferences/extra (0.00s)
    --- PASS: TestValueTransferReferences/body (0.00s)
    --- PASS: TestValueTransferReferences/unreachable (0.00s)
=== RUN   TestValueTransferImportPublication
=== RUN   TestValueTransferImportPublication/lookup_at_commit_boundary
=== RUN   TestValueTransferImportPublication/close_waits_for_admitted_import
=== RUN   TestValueTransferImportPublication/preparation_failure
=== RUN   TestValueTransferImportPublication/before_commit
=== RUN   TestValueTransferImportPublication/after_commit
=== RUN   TestValueTransferImportPublication/finite_root_expiry
--- PASS: TestValueTransferImportPublication (0.09s)
    --- PASS: TestValueTransferImportPublication/lookup_at_commit_boundary (0.02s)
    --- PASS: TestValueTransferImportPublication/close_waits_for_admitted_import (0.03s)
    --- PASS: TestValueTransferImportPublication/preparation_failure (0.01s)
    --- PASS: TestValueTransferImportPublication/before_commit (0.01s)
    --- PASS: TestValueTransferImportPublication/after_commit (0.01s)
    --- PASS: TestValueTransferImportPublication/finite_root_expiry (0.01s)
=== RUN   TestValueTransferReferencesExtras
--- PASS: TestValueTransferReferencesExtras (0.02s)
=== RUN   TestValueTransferPersistenceDecodePublication
--- PASS: TestValueTransferPersistenceDecodePublication (0.02s)
=== RUN   TestRecipeMemoDedupesSharedNode
=== PAUSE TestRecipeMemoDedupesSharedNode
=== RUN   TestRecipeMemoKeepsDistinctNodesDistinct
=== PAUSE TestRecipeMemoKeepsDistinctNodesDistinct
=== RUN   TestRecipeMemoSharesAcrossReceiverChain
=== PAUSE TestRecipeMemoSharesAcrossReceiverChain
=== RUN   TestDetachedReceiverSelectionPreservesReceiverLineage
=== PAUSE TestDetachedReceiverSelectionPreservesReceiverLineage
=== RUN   TestNthValuePreservesAttachmentLineage
=== PAUSE TestNthValuePreservesAttachmentLineage
=== RUN   TestNthValueAttachedObjectResultArrayReturnsCanonicalChild
=== PAUSE TestNthValueAttachedObjectResultArrayReturnsCanonicalChild
=== RUN   TestNthValueAttachedDynamicResultArrayReturnsCanonicalChild
=== PAUSE TestNthValueAttachedDynamicResultArrayReturnsCanonicalChild
=== RUN   TestNullableDerefUsesSameSharedResult
=== PAUSE TestNullableDerefUsesSameSharedResult
=== RUN   TestNullableWrappedUsesSameSharedResult
=== PAUSE TestNullableWrappedUsesSameSharedResult
=== RUN   TestNullableDerefCacheHitsReconstructObjectView
=== PAUSE TestNullableDerefCacheHitsReconstructObjectView
=== RUN   TestFieldsInstallMarksReflectedAccessorsTrivial
--- PASS: TestFieldsInstallMarksReflectedAccessorsTrivial (0.00s)
=== RUN   TestFieldSpecResolveImplicitInputCallArgsResolvesDeterministicImplicitInputs
--- PASS: TestFieldSpecResolveImplicitInputCallArgsResolvesDeterministicImplicitInputs (0.00s)
=== RUN   TestFieldSpecResolveImplicitInputCallArgsPropagatesResolverErrors
--- PASS: TestFieldSpecResolveImplicitInputCallArgsPropagatesResolverErrors (0.00s)
=== RUN   TestFieldSpecResolveImplicitInputCallArgsRejectsNilResolvedInput
--- PASS: TestFieldSpecResolveImplicitInputCallArgsRejectsNilResolvedInput (0.00s)
=== RUN   TestObjectPreselectAppliesFieldModule
--- PASS: TestObjectPreselectAppliesFieldModule (0.00s)
=== RUN   TestOptionalJSONRoundTripSetsValid
=== PAUSE TestOptionalJSONRoundTripSetsValid
=== RUN   TestNullableJSONRoundTripSetsValid
=== PAUSE TestNullableJSONRoundTripSetsValid
=== RUN   TestDynamicOptionalJSONRoundTripSetsValid
=== PAUSE TestDynamicOptionalJSONRoundTripSetsValid
=== RUN   TestDynamicNullableJSONRoundTripSetsValid
=== PAUSE TestDynamicNullableJSONRoundTripSetsValid
=== RUN   TestEmitHooksProduceLoaderShape
--- PASS: TestEmitHooksProduceLoaderShape (0.00s)
=== RUN   TestEmitWaitVisibleToValidationOnMissingTarget
--- PASS: TestEmitWaitVisibleToValidationOnMissingTarget (0.00s)
=== RUN   TestEmitWaitNonRecordingWaiterDrops
--- PASS: TestEmitWaitNonRecordingWaiterDrops (0.00s)
=== RUN   TestLazyTriggeredExecComposesUnderLazyOp
--- PASS: TestLazyTriggeredExecComposesUnderLazyOp (0.00s)
=== RUN   TestLazyEmitRetryDoesNotLeakStaleWaitTarget
=== PAUSE TestLazyEmitRetryDoesNotLeakStaleWaitTarget
=== RUN   TestLazyEmitNestedOverrideNoCrossStamping
--- PASS: TestLazyEmitNestedOverrideNoCrossStamping (0.00s)
=== RUN   TestLazyEmitProducerRepointStampsDirectChildrenOnly
--- PASS: TestLazyEmitProducerRepointStampsDirectChildrenOnly (0.00s)
=== RUN   TestLazyEmitNoProducerNestsUnderHiddenLazyOp
--- PASS: TestLazyEmitNoProducerNestsUnderHiddenLazyOp (0.00s)
=== RUN   TestWcprofLazyParentProcessorStampsAllExports
--- PASS: TestWcprofLazyParentProcessorStampsAllExports (0.00s)
=== RUN   TestRecipeIDMemoDedupesSharedInlineFrame
=== PAUSE TestRecipeIDMemoDedupesSharedInlineFrame
=== RUN   TestRecipeIDMemoKeepsDistinctFramesDistinct
=== PAUSE TestRecipeIDMemoKeepsDistinctFramesDistinct
=== RUN   TestCloneDedupesSharedFrame
=== PAUSE TestCloneDedupesSharedFrame
=== RUN   TestCloneKeepsDistinctFramesDistinct
=== PAUSE TestCloneKeepsDistinctFramesDistinct
=== RUN   TestCloneSharedDAGIsLinearAndIndependent
=== PAUSE TestCloneSharedDAGIsLinearAndIndependent
=== RUN   TestResultCallProfileSkipTravelsThroughCloneAndFork
=== PAUSE TestResultCallProfileSkipTravelsThroughCloneAndFork
=== RUN   TestResultCallProfileSkipExcludedFromDigests
=== PAUSE TestResultCallProfileSkipExcludedFromDigests
=== RUN   TestResultCallProfileSkipRoundTripsThroughJSON
=== PAUSE TestResultCallProfileSkipRoundTripsThroughJSON
=== RUN   TestFrameProfileSkipNilSafe
=== PAUSE TestFrameProfileSkipNilSafe
=== RUN   TestResultCallDigestErrorsDoNotPanic
=== PAUSE TestResultCallDigestErrorsDoNotPanic
=== RUN   TestResultCallSelfDigestAndInputRefsPreserveInputKinds
=== PAUSE TestResultCallSelfDigestAndInputRefsPreserveInputKinds
=== RUN   TestResultCallModuleMetadataDoesNotAffectStructuralIdentity
=== PAUSE TestResultCallModuleMetadataDoesNotAffectStructuralIdentity
=== RUN   TestResultCallModuleIdentityIsStructuralInputOnly
=== PAUSE TestResultCallModuleIdentityIsStructuralInputOnly
=== RUN   TestResultCallSelfDigestUsesRecipeDigestsForResultInputs
=== PAUSE TestResultCallSelfDigestUsesRecipeDigestsForResultInputs
=== RUN   TestResultCallDigestedStringUsesAttachedDigestForStructuralIdentity
=== PAUSE TestResultCallDigestedStringUsesAttachedDigestForStructuralIdentity
=== RUN   TestResultCallBytesPersistAndRebuildRaw
=== PAUSE TestResultCallBytesPersistAndRebuildRaw
=== RUN   TestResultCallForkClonesTopLevelMutableState
=== PAUSE TestResultCallForkClonesTopLevelMutableState
=== RUN   TestCacheRecipeDigestForCallMemoizesOnOriginalFrame
=== PAUSE TestCacheRecipeDigestForCallMemoizesOnOriginalFrame
=== RUN   TestDetachedResultMetadataReuseAndCallMutationFork
=== PAUSE TestDetachedResultMetadataReuseAndCallMutationFork
=== RUN   TestResultCallRefReceiverUsesSharedFastPath
=== PAUSE TestResultCallRefReceiverUsesSharedFastPath
=== RUN   TestResultCallRefContentPreferredDigestUsesLatestSharedFrame
=== PAUSE TestResultCallRefContentPreferredDigestUsesLatestSharedFrame
=== RUN   TestResultCallRefRecipeIDUsesLatestSharedFrame
=== PAUSE TestResultCallRefRecipeIDUsesLatestSharedFrame
=== RUN   TestResultCallRefSharedFastPathDoesNotSurviveRemoval
=== PAUSE TestResultCallRefSharedFastPathDoesNotSurviveRemoval
=== RUN   TestResultCallRefResultIDFallbackStillWorks
=== PAUSE TestResultCallRefResultIDFallbackStillWorks
=== RUN   TestResultCallArgPBRedactsSensitive
=== PAUSE TestResultCallArgPBRedactsSensitive
=== RUN   TestResultCallPBRedactsSensitiveArg
=== PAUSE TestResultCallPBRedactsSensitiveArg
=== RUN   TestShouldEmitCallPayloadIsOncePerStore
--- PASS: TestShouldEmitCallPayloadIsOncePerStore (0.00s)
=== RUN   TestCallPayloadDedupeCannotSuppressSpans
--- PASS: TestCallPayloadDedupeCannotSuppressSpans (0.00s)
=== RUN   TestPerClientCacheScope
=== PAUSE TestPerClientCacheScope
=== RUN   TestPartSessionlessRestoredDirectory
    cache_part_admission_external_test.go:19: real native snapshot transfer requires read-only bind mount privileges: mount source: "/tmp/TestPartSessionlessRestoredDirectory437024054/001", target: "/tmp/snapshot-transfer-mount1890758658", fstype: bind, flags: 20481, data: "", err: operation not permitted
--- SKIP: TestPartSessionlessRestoredDirectory (0.00s)
=== RUN   TestBasic
--- PASS: TestBasic (0.00s)
=== RUN   TestForkedNodeUsesCurrentServerLoader
--- PASS: TestForkedNodeUsesCurrentServerLoader (0.00s)
=== RUN   TestSelectArray
=== RUN   TestSelectArray/select_all_as_array
=== RUN   TestSelectArray/select_all_as_instance_array
=== RUN   TestSelectArray/select_all_individual_instances
=== RUN   TestSelectArray/select_all_array_as_Typed
=== RUN   TestSelectArray/select_all_children
=== RUN   TestSelectArray/select_nth
=== RUN   TestSelectArray/select_nth_caching
=== RUN   TestSelectArray/nth_promotion_creates_cache-backed_receiver_results
=== RUN   TestSelectArray/deref_promotion_creates_cache-backed_receiver_results
--- PASS: TestSelectArray (0.00s)
    --- PASS: TestSelectArray/select_all_as_array (0.00s)
    --- PASS: TestSelectArray/select_all_as_instance_array (0.00s)
    --- PASS: TestSelectArray/select_all_individual_instances (0.00s)
    --- PASS: TestSelectArray/select_all_array_as_Typed (0.00s)
    --- PASS: TestSelectArray/select_all_children (0.00s)
    --- PASS: TestSelectArray/select_nth (0.00s)
    --- PASS: TestSelectArray/select_nth_caching (0.00s)
    --- PASS: TestSelectArray/nth_promotion_creates_cache-backed_receiver_results (0.00s)
    --- PASS: TestSelectArray/deref_promotion_creates_cache-backed_receiver_results (0.00s)
=== RUN   TestNullableResults
=== RUN   TestNullableResults/nullable_scalars
=== RUN   TestNullableResults/nullable_objects
=== RUN   TestNullableResults/nullable_arrays_of_scalars
=== RUN   TestNullableResults/non-null_arrays_with_nullable_scalars
=== RUN   TestNullableResults/nullable_arrays_with_nullable_elements
=== RUN   TestNullableResults/nullable_arrays_with_nullable_elements/from_ID
--- PASS: TestNullableResults (0.01s)
    --- PASS: TestNullableResults/nullable_scalars (0.00s)
    --- PASS: TestNullableResults/nullable_objects (0.00s)
    --- PASS: TestNullableResults/nullable_arrays_of_scalars (0.00s)
    --- PASS: TestNullableResults/non-null_arrays_with_nullable_scalars (0.00s)
    --- PASS: TestNullableResults/nullable_arrays_with_nullable_elements (0.01s)
        --- PASS: TestNullableResults/nullable_arrays_with_nullable_elements/from_ID (0.00s)
=== RUN   TestListResults
--- PASS: TestListResults (0.00s)
=== RUN   TestLoadingFromID
--- PASS: TestLoadingFromID (0.01s)
=== RUN   TestIDsReflectQuery
    dagql_test.go:2358: actual  : point(x: 6, y: 7).shiftLeft: Point!
    dagql_test.go:2358: expected: point(x: 6, y: 7).shiftLeft: Point!
--- PASS: TestIDsReflectQuery (0.00s)
=== RUN   TestIDsDoNotContainSensitiveValues
    dagql_test.go:2358: actual  : point(x: 6, y: 7).loginTag(password: "***"): Point!
    dagql_test.go:2358: expected: point(x: 6, y: 7).loginTag(password: "***"): Point!
    dagql_test.go:2358: actual  : point(x: 6, y: 7).loginChain(password: "***"): Point!
    dagql_test.go:2358: expected: point(x: 6, y: 7).loginChain(password: "***"): Point!
    dagql_test.go:2358: actual  : point(x: 6, y: 7).loginTagFalse(password: "hunter2"): Point!
    dagql_test.go:2358: expected: point(x: 6, y: 7).loginTagFalse(password: "hunter2"): Point!
--- PASS: TestIDsDoNotContainSensitiveValues (0.00s)
=== RUN   TestEmptyID
--- PASS: TestEmptyID (0.00s)
=== RUN   TestPureIDsDoNotReEvaluate
--- PASS: TestPureIDsDoNotReEvaluate (0.00s)
=== RUN   TestPassingObjectsAround
--- PASS: TestPassingObjectsAround (0.00s)
=== RUN   TestEnums
=== RUN   TestEnums/outputs
=== RUN   TestEnums/inputs
=== RUN   TestEnums/invalid_inputs
=== RUN   TestEnums/invalid_defaults
--- PASS: TestEnums (0.00s)
    --- PASS: TestEnums/outputs (0.00s)
    --- PASS: TestEnums/inputs (0.00s)
    --- PASS: TestEnums/invalid_inputs (0.00s)
    --- PASS: TestEnums/invalid_defaults (0.00s)
=== RUN   TestInputObjects
=== RUN   TestInputObjects/inputs_and_defaults
=== RUN   TestInputObjects/inputs_with_embedded_structs_in_IDs
    dagql_test.go:1579: id1: engineResult(4): Defaults!
    dagql_test.go:1580: id2: engineResult(17): Defaults!
=== RUN   TestInputObjects/inputs_with_builtins_and_defaults
=== RUN   TestInputObjects/nullable_inputs
=== RUN   TestInputObjects/arrays_of_inputs
--- PASS: TestInputObjects (0.01s)
    --- PASS: TestInputObjects/inputs_and_defaults (0.00s)
    --- PASS: TestInputObjects/inputs_with_embedded_structs_in_IDs (0.00s)
    --- PASS: TestInputObjects/inputs_with_builtins_and_defaults (0.00s)
    --- PASS: TestInputObjects/nullable_inputs (0.00s)
    --- PASS: TestInputObjects/arrays_of_inputs (0.00s)
=== RUN   TestDefaults
=== RUN   TestDefaults/builtin_scalar_types
=== RUN   TestDefaults/invalid_defaults
    dagql_test.go:1781: error (expected): [{"message":"convert default value \"yessir\" for arg \"boolean\": strconv.ParseBool: parsing \"yessir\": invalid syntax","path":["badBool"]},{"message":"convert default value \"forty-two\" for arg \"int\": strconv.ParseInt: parsing \"forty-two\": invalid syntax","path":["badInt"]},{"message":"convert default value \"float on\" for arg \"float\": strconv.ParseFloat: parsing \"float on\": invalid syntax","path":["badFloat"]}]
--- PASS: TestDefaults (0.00s)
    --- PASS: TestDefaults/builtin_scalar_types (0.00s)
    --- PASS: TestDefaults/invalid_defaults (0.00s)
=== RUN   TestParallelism
=== RUN   TestParallelism/simple_synchronous_case
=== RUN   TestParallelism/parallel_at_each_level
--- PASS: TestParallelism (0.00s)
    --- PASS: TestParallelism/simple_synchronous_case (0.00s)
    --- PASS: TestParallelism/parallel_at_each_level (0.00s)
=== RUN   TestArrayParallelism
--- PASS: TestArrayParallelism (0.00s)
=== RUN   TestBuiltins
=== RUN   TestBuiltins/builtin_scalar_types
=== RUN   TestBuiltins/with_defaults
=== RUN   TestBuiltins/invalid_defaults_for_builtins
    dagql_test.go:2090: error (expected): [{"message":"convert default value \"yessir\" for arg \"boolean\": strconv.ParseBool: parsing \"yessir\": invalid syntax","path":["badBool"]},{"message":"convert default value \"float on\" for arg \"float\": strconv.ParseFloat: parsing \"float on\": invalid syntax","path":["badFloat"]},{"message":"convert default value \"forty-two\" for arg \"int\": strconv.ParseInt: parsing \"forty-two\": invalid syntax","path":["badInt"]},{"message":"convert default value \"pizza\" for arg \"slice\": decode \"pizza\": invalid character 'p' looking for beginning of value","path":["badSlice"]}]
--- PASS: TestBuiltins (0.00s)
    --- PASS: TestBuiltins/builtin_scalar_types (0.00s)
    --- PASS: TestBuiltins/with_defaults (0.00s)
    --- PASS: TestBuiltins/invalid_defaults_for_builtins (0.00s)
=== RUN   TestIntrospection
--- PASS: TestIntrospection (0.02s)
=== RUN   TestIDFormat
--- PASS: TestIDFormat (0.00s)
=== RUN   TestIDAdditionalDigestsMergeOnSameRecipeCallInDAG
--- PASS: TestIDAdditionalDigestsMergeOnSameRecipeCallInDAG (0.00s)
=== RUN   TestIDWithContentDigestAddsKnownDigest
--- PASS: TestIDWithContentDigestAddsKnownDigest (0.00s)
=== RUN   TestViews
=== RUN   TestViews/in_default_view
=== RUN   TestViews/in_unknown_view
=== RUN   TestViews/in_first_view
=== RUN   TestViews/in_second_view
--- PASS: TestViews (0.00s)
    --- PASS: TestViews/in_default_view (0.00s)
    --- PASS: TestViews/in_unknown_view (0.00s)
    --- PASS: TestViews/in_first_view (0.00s)
    --- PASS: TestViews/in_second_view (0.00s)
=== RUN   TestIDRecipeArgIsInternal
--- PASS: TestIDRecipeArgIsInternal (0.00s)
=== RUN   TestIDRecipeDefault
--- PASS: TestIDRecipeDefault (0.00s)
=== RUN   TestViewsCaching
--- PASS: TestViewsCaching (0.00s)
=== RUN   TestViewsIntrospection
=== RUN   TestViewsIntrospection/in_default_view
=== RUN   TestViewsIntrospection/in_unknown_view
=== RUN   TestViewsIntrospection/in_first_view
=== RUN   TestViewsIntrospection/in_second_view
--- PASS: TestViewsIntrospection (0.05s)
    --- PASS: TestViewsIntrospection/in_default_view (0.01s)
    --- PASS: TestViewsIntrospection/in_unknown_view (0.01s)
    --- PASS: TestViewsIntrospection/in_first_view (0.02s)
    --- PASS: TestViewsIntrospection/in_second_view (0.01s)
=== RUN   TestViewsFilterNonObjectTypes
--- PASS: TestViewsFilterNonObjectTypes (0.00s)
=== RUN   TestNodeFuncResultZeroValueTypeInference
--- PASS: TestNodeFuncResultZeroValueTypeInference (0.00s)
=== RUN   TestNullResultCachePathDoesNotPanic
--- PASS: TestNullResultCachePathDoesNotPanic (0.00s)
=== RUN   TestCacheConfigReturnedIDRewritesExecutionArgs
--- PASS: TestCacheConfigReturnedIDRewritesExecutionArgs (0.00s)
=== RUN   TestImplicitInputCachePerClient
--- PASS: TestImplicitInputCachePerClient (0.00s)
=== RUN   TestDefaultConcurrencyKeyUsesSessionID
--- PASS: TestDefaultConcurrencyKeyUsesSessionID (0.00s)
=== RUN   TestImplicitInputCachePerSession
--- PASS: TestImplicitInputCachePerSession (0.00s)
=== RUN   TestImplicitInputCachePerCall
--- PASS: TestImplicitInputCachePerCall (0.00s)
=== RUN   TestRecipeLoadBytesLiteral
--- PASS: TestRecipeLoadBytesLiteral (0.00s)
=== RUN   TestImplicitInputCachePerSchema
--- PASS: TestImplicitInputCachePerSchema (0.00s)
=== RUN   TestImplicitInputCachePerClientSchema
--- PASS: TestImplicitInputCachePerClientSchema (0.00s)
=== RUN   TestImplicitInputCacheAsRequested
--- PASS: TestImplicitInputCacheAsRequested (0.00s)
=== RUN   TestImplicitInputRecomputedAfterCacheConfigIDRewrite
--- PASS: TestImplicitInputRecomputedAfterCacheConfigIDRewrite (0.00s)
=== RUN   TestServerSelect
=== RUN   TestServerSelect/basic_selection
=== RUN   TestServerSelect/chained_selection
=== RUN   TestServerSelect/null_result
=== RUN   TestServerSelect/array_selection
=== RUN   TestServerSelect/array_selection_into_[]int
=== RUN   TestServerSelect/array_selection_into_[]string
=== RUN   TestServerSelect/error_cases
=== RUN   TestServerSelect/null_result_handling
--- PASS: TestServerSelect (0.00s)
    --- PASS: TestServerSelect/basic_selection (0.00s)
    --- PASS: TestServerSelect/chained_selection (0.00s)
    --- PASS: TestServerSelect/null_result (0.00s)
    --- PASS: TestServerSelect/array_selection (0.00s)
    --- PASS: TestServerSelect/array_selection_into_[]int (0.00s)
    --- PASS: TestServerSelect/array_selection_into_[]string (0.00s)
    --- PASS: TestServerSelect/error_cases (0.00s)
    --- PASS: TestServerSelect/null_result_handling (0.00s)
=== RUN   TestInstallHooks
--- PASS: TestInstallHooks (0.00s)
=== RUN   TestInterfaces
=== RUN   TestInterfaces/install_and_introspect
=== RUN   TestInterfaces/recursive_covariant_return_types_are_inferred
=== RUN   TestInterfaces/interface-to-interface_relationships_are_inferred
=== RUN   TestInterfaces/object_must_have_every_field_required_by_the_interface
=== RUN   TestInterfaces/object_method_args_must_match_the_interface_method
=== RUN   TestInterfaces/object_method_cannot_require_an_arg_missing_from_the_interface
=== RUN   TestInterfaces/interface_method_args_must_match_the_interface_it_claims_to_support
=== RUN   TestInterfaces/nullable_list_result_cannot_replace_non-null_list_result
=== RUN   TestInterfaces/method_cannot_require_non-null_list_when_interface_allows_null
=== RUN   TestInterfaces/auto_Node_interface
=== RUN   TestInterfaces/fields_added_after_install_are_inferred
=== RUN   TestInterfaces/inline_fragments
=== RUN   TestInterfaces/fragment_spreads_with_type_condition
=== RUN   TestInterfaces/node_applies_fragment_type_conditions_at_runtime
=== RUN   TestInterfaces/resolve_applies_fragment_type_conditions_using_loaded_object_schema
=== RUN   TestInterfaces/inline_fragment_with_interface_type_condition
=== RUN   TestInterfaces/__typename
=== RUN   TestInterfaces/concurrent_implementation_registration_and_fragment_parsing
=== RUN   TestInterfaces/duplicate_InstallInterface_returns_existing
--- PASS: TestInterfaces (0.04s)
    --- PASS: TestInterfaces/install_and_introspect (0.00s)
    --- PASS: TestInterfaces/recursive_covariant_return_types_are_inferred (0.00s)
    --- PASS: TestInterfaces/interface-to-interface_relationships_are_inferred (0.00s)
    --- PASS: TestInterfaces/object_must_have_every_field_required_by_the_interface (0.00s)
    --- PASS: TestInterfaces/object_method_args_must_match_the_interface_method (0.00s)
    --- PASS: TestInterfaces/object_method_cannot_require_an_arg_missing_from_the_interface (0.00s)
    --- PASS: TestInterfaces/interface_method_args_must_match_the_interface_it_claims_to_support (0.00s)
    --- PASS: TestInterfaces/nullable_list_result_cannot_replace_non-null_list_result (0.00s)
    --- PASS: TestInterfaces/method_cannot_require_non-null_list_when_interface_allows_null (0.00s)
    --- PASS: TestInterfaces/auto_Node_interface (0.00s)
    --- PASS: TestInterfaces/fields_added_after_install_are_inferred (0.00s)
    --- PASS: TestInterfaces/inline_fragments (0.00s)
    --- PASS: TestInterfaces/fragment_spreads_with_type_condition (0.00s)
    --- PASS: TestInterfaces/node_applies_fragment_type_conditions_at_runtime (0.00s)
    --- PASS: TestInterfaces/resolve_applies_fragment_type_conditions_using_loaded_object_schema (0.00s)
    --- PASS: TestInterfaces/inline_fragment_with_interface_type_condition (0.00s)
    --- PASS: TestInterfaces/__typename (0.00s)
    --- PASS: TestInterfaces/concurrent_implementation_registration_and_fragment_parsing (0.02s)
    --- PASS: TestInterfaces/duplicate_InstallInterface_returns_existing (0.00s)
=== RUN   TestObjectTypeForIDUsesModuleProvenance
--- PASS: TestObjectTypeForIDUsesModuleProvenance (0.00s)
=== RUN   TestLoadRecipeUsesModuleProvenance
=== RUN   TestLoadRecipeUsesModuleProvenance/missing_constructor
=== RUN   TestLoadRecipeUsesModuleProvenance/shadowed_constructor
--- PASS: TestLoadRecipeUsesModuleProvenance (0.00s)
    --- PASS: TestLoadRecipeUsesModuleProvenance/missing_constructor (0.00s)
    --- PASS: TestLoadRecipeUsesModuleProvenance/shadowed_constructor (0.00s)
=== RUN   TestLoadRecipeModuleCoreCallsAndLazyRefs
--- PASS: TestLoadRecipeModuleCoreCallsAndLazyRefs (0.00s)
=== RUN   TestLazyRefArgNotEvaluatedOnLoad
--- PASS: TestLazyRefArgNotEvaluatedOnLoad (0.00s)
=== RUN   TestLazyRefArgPreservesCallIdentity
--- PASS: TestLazyRefArgPreservesCallIdentity (0.00s)
=== RUN   TestSelectIntoNullableDestination
=== RUN   TestSelectIntoNullableDestination/non-null
=== RUN   TestSelectIntoNullableDestination/null
--- PASS: TestSelectIntoNullableDestination (0.00s)
    --- PASS: TestSelectIntoNullableDestination/non-null (0.00s)
    --- PASS: TestSelectIntoNullableDestination/null (0.00s)
=== RUN   TestPeekRootFieldsPOSTJSON
=== PAUSE TestPeekRootFieldsPOSTJSON
=== RUN   TestPeekRootFieldsGET
=== PAUSE TestPeekRootFieldsGET
=== RUN   TestPeekRootFieldsAmbiguousOperation
=== PAUSE TestPeekRootFieldsAmbiguousOperation
=== RUN   TestPeekRootFieldsRejectsBatch
=== PAUSE TestPeekRootFieldsRejectsBatch
=== RUN   TestPeekRootFieldsRecoversSingleOperation
=== PAUSE TestPeekRootFieldsRecoversSingleOperation
=== CONT  TestCacheDoNotCachePreservesAttachedReturnedObject
=== CONT  TestCachePersistenceWorkerMirrorsUnpruneablePersistedEdge
=== CONT  TestCachePersistenceDoesNotWriteDuringRuntime
=== CONT  TestPeekRootFieldsAmbiguousOperation
=== CONT  TestResultCallProfileSkipTravelsThroughCloneAndFork
--- PASS: TestResultCallProfileSkipTravelsThroughCloneAndFork (0.00s)
=== CONT  TestPeekRootFieldsGET
=== CONT  TestNullableWrappedUsesSameSharedResult
--- PASS: TestPeekRootFieldsGET (0.00s)
--- PASS: TestPeekRootFieldsAmbiguousOperation (0.00s)
=== CONT  TestPerClientCacheScope
=== CONT  TestPeekRootFieldsRecoversSingleOperation
--- PASS: TestPerClientCacheScope (0.00s)
=== CONT  TestPeekRootFieldsPOSTJSON
--- PASS: TestPeekRootFieldsRecoversSingleOperation (0.00s)
=== CONT  TestCacheDoNotCacheRejectsOnReleaser
=== CONT  TestResultCallArgPBRedactsSensitive
=== CONT  TestNthValueAttachedObjectResultArrayReturnsCanonicalChild
=== CONT  TestResultCallRefResultIDFallbackStillWorks
=== CONT  TestCachePruneSessionOwnedEntriesAreNeverPruned
=== CONT  TestResultCallDigestedStringUsesAttachedDigestForStructuralIdentity
=== CONT  TestCacheDigestLookupConvertsToMissWhenProducerReleaseFailsAttachment
=== CONT  TestRecipeMemoDedupesSharedNode
--- PASS: TestPeekRootFieldsPOSTJSON (0.00s)
--- PASS: TestCacheDoNotCachePreservesAttachedReturnedObject (0.00s)
--- PASS: TestCacheDoNotCacheRejectsOnReleaser (0.00s)
--- PASS: TestResultCallArgPBRedactsSensitive (0.00s)
--- PASS: TestNullableWrappedUsesSameSharedResult (0.00s)
=== CONT  TestResultCallPBRedactsSensitiveArg
--- PASS: TestResultCallRefResultIDFallbackStillWorks (0.00s)
--- PASS: TestResultCallDigestedStringUsesAttachedDigestForStructuralIdentity (0.00s)
--- PASS: TestResultCallPBRedactsSensitiveArg (0.00s)
=== CONT  TestResultCallModuleIdentityIsStructuralInputOnly
--- PASS: TestResultCallModuleIdentityIsStructuralInputOnly (0.00s)
=== CONT  TestResultCallRefReceiverUsesSharedFastPath
=== CONT  TestResultCallSelfDigestUsesRecipeDigestsForResultInputs
--- PASS: TestRecipeMemoDedupesSharedNode (0.00s)
=== CONT  TestResultCallModuleMetadataDoesNotAffectStructuralIdentity
--- PASS: TestResultCallSelfDigestUsesRecipeDigestsForResultInputs (0.00s)
=== CONT  TestDetachedResultMetadataReuseAndCallMutationFork
=== CONT  TestPeekRootFieldsRejectsBatch
--- PASS: TestCachePruneSessionOwnedEntriesAreNeverPruned (0.00s)
--- PASS: TestResultCallModuleMetadataDoesNotAffectStructuralIdentity (0.00s)
=== CONT  TestResultCallSelfDigestAndInputRefsPreserveInputKinds
=== CONT  TestResultCallProfileSkipRoundTripsThroughJSON
=== CONT  TestNthValueAttachedDynamicResultArrayReturnsCanonicalChild
=== CONT  TestResultCallDigestErrorsDoNotPanic
=== CONT  TestResultCallRefRecipeIDUsesLatestSharedFrame
=== CONT  TestNullableDerefUsesSameSharedResult
=== CONT  TestCacheRecipeDigestForCallMemoizesOnOriginalFrame
=== CONT  TestResultCallBytesPersistAndRebuildRaw
=== CONT  TestCacheErrors
=== CONT  TestCacheDoNotCacheNormalizesNestedHitMetadata
=== CONT  TestDerefValueForNullables
=== RUN   TestDerefValueForNullables/dynamic-nullable
=== CONT  TestCacheTeachContentDigestWithResultRefs
=== CONT  TestResultCallForkClonesTopLevelMutableState
=== CONT  TestDetachedReceiverSelectionPreservesReceiverLineage
--- PASS: TestDetachedResultMetadataReuseAndCallMutationFork (0.00s)
=== CONT  TestCacheTeachContentDigestPreservesAttachment
--- PASS: TestCacheDoNotCacheNormalizesNestedHitMetadata (0.00s)
=== CONT  TestCacheFreshReturnIDGetsContentDigestFromEqClassMetadata
=== CONT  TestNthValuePreservesAttachmentLineage
--- PASS: TestNthValueAttachedObjectResultArrayReturnsCanonicalChild (0.00s)
--- PASS: TestPeekRootFieldsRejectsBatch (0.00s)
--- PASS: TestResultCallRefReceiverUsesSharedFastPath (0.00s)
--- PASS: TestResultCallSelfDigestAndInputRefsPreserveInputKinds (0.00s)
--- PASS: TestResultCallProfileSkipRoundTripsThroughJSON (0.00s)
--- PASS: TestResultCallDigestErrorsDoNotPanic (0.00s)
=== CONT  TestCacheHitReturnIDGetsContentDigestFromEqClassMetadata
=== CONT  TestExtraDigestLabelIsolation
--- PASS: TestCacheRecipeDigestForCallMemoizesOnOriginalFrame (0.00s)
--- PASS: TestResultCallBytesPersistAndRebuildRaw (0.00s)
--- PASS: TestNullableDerefUsesSameSharedResult (0.00s)
=== RUN   TestDerefValueForNullables/nullable-generic
=== CONT  TestResultCallProfileSkipExcludedFromDigests
--- PASS: TestDerefValueForNullables (0.00s)
    --- PASS: TestDerefValueForNullables/dynamic-nullable (0.00s)
    --- PASS: TestDerefValueForNullables/nullable-generic (0.00s)
=== CONT  TestHitTeachesReturnedRequestIDToCache
--- PASS: TestCacheFreshReturnIDGetsContentDigestFromEqClassMetadata (0.00s)
--- PASS: TestResultCallRefRecipeIDUsesLatestSharedFrame (0.00s)
--- PASS: TestDetachedReceiverSelectionPreservesReceiverLineage (0.00s)
=== CONT  TestCacheAttachmentClaimPinsTargetAgainstForeignRelease
--- PASS: TestNthValueAttachedDynamicResultArrayReturnsCanonicalChild (0.00s)
=== CONT  TestLookupCacheForIDExtraDigestFallback
=== CONT  TestCacheWithSessionResourceHandleRefusesAttachedMutation
=== CONT  TestResultContentPreferredDigestUsesContentDigest
=== CONT  TestResultCallRefSharedFastPathDoesNotSurviveRemoval
=== RUN   TestLookupCacheForIDExtraDigestFallback/hit_on_exact_output_digest_match
=== CONT  TestCachePersistenceWorkerMirrorsRetainedPersistableResult
=== CONT  TestPersistedSelfCodecRejectsNonPersistedObjectLikeScalar
=== CONT  TestInputSpecsInputsFromResultCallArgs
--- PASS: TestResultCallProfileSkipExcludedFromDigests (0.00s)
--- PASS: TestHitTeachesReturnedRequestIDToCache (0.00s)
--- PASS: TestInputSpecsInputsFromResultCallArgs (0.00s)
=== CONT  TestCacheEvidenceExecutedFreshCall
--- PASS: TestCacheWithSessionResourceHandleRefusesAttachedMutation (0.00s)
=== CONT  TestClassNewRewrapPreservesModuleCacheIsolation
=== CONT  TestPersistedSelfCodecNestedListRoundTrip
=== CONT  TestClassNewRewrapsObjectResult
=== CONT  TestCacheHitRewrapsObjectResultForCurrentServer
=== CONT  TestObjectResultResultCallAndReceiver
=== CONT  TestObjectCacheHitPreservesObjectResultShape
=== CONT  TestFrameProfileSkipNilSafe
=== CONT  TestAttachResultNormalizesPendingResultCallRef
=== CONT  TestPersistedSelfCodecUsesSharedObjectClassification
=== CONT  TestPersistedSelfCodecObjectIDRoundTrip
=== CONT  TestCacheLoadResultByResultIDStillFailsWhenProducerReleaseFailsAttachment
=== CONT  TestPendingResultCallRefRecipeID
=== CONT  TestPersistedSelfCodecScalarRoundTrip
=== CONT  TestCacheLoadResultByResultIDRefusesUnboundSession
=== CONT  TestCachePersistenceImportRecomputesRequiredDepsFirst
=== CONT  TestCachePersistenceImportFailureWipesStore
=== CONT  TestCacheCloseDiscardingPersistenceDoesNotMarkClean
=== CONT  TestCachePersistenceSchemaMismatchWipesStore
=== CONT  TestCachePruneMetadataEstimateCancellationDuringPlanningDoesNotMutate
--- PASS: TestCacheTeachContentDigestPreservesAttachment (0.00s)
--- PASS: TestCacheErrors (0.00s)
--- PASS: TestResultCallForkClonesTopLevelMutableState (0.00s)
--- PASS: TestCacheTeachContentDigestWithResultRefs (0.00s)
--- PASS: TestCacheHitReturnIDGetsContentDigestFromEqClassMetadata (0.00s)
--- PASS: TestExtraDigestLabelIsolation (0.00s)
=== CONT  TestResultCallRefContentPreferredDigestUsesLatestSharedFrame
=== CONT  TestCachePersistenceDecodeInstallPreservesRequiredSessionResources
=== CONT  TestTeachCallEquivalentToResult
=== CONT  TestCachePersistenceUncleanMarkerWipesStore
=== CONT  TestPersistedSelfCodecRawObjectArrayRoundTrip
=== CONT  TestIndexResultDigestsUsesExplicitRequestAndResponseIDs
=== CONT  TestCachePersistenceImportedObjectAliasSupportsChainedSelect
--- PASS: TestNthValuePreservesAttachmentLineage (0.00s)
--- PASS: TestResultContentPreferredDigestUsesContentDigest (0.00s)
=== RUN   TestLookupCacheForIDExtraDigestFallback/miss_without_exact_output_digest_match
--- PASS: TestPersistedSelfCodecRejectsNonPersistedObjectLikeScalar (0.00s)
--- PASS: TestResultCallRefSharedFastPathDoesNotSurviveRemoval (0.00s)
--- PASS: TestCacheEvidenceExecutedFreshCall (0.00s)
--- PASS: TestCacheAttachmentClaimPinsTargetAgainstForeignRelease (0.00s)
--- PASS: TestFrameProfileSkipNilSafe (0.00s)
--- PASS: TestPersistedSelfCodecNestedListRoundTrip (0.00s)
--- PASS: TestObjectResultResultCallAndReceiver (0.00s)
--- PASS: TestAttachResultNormalizesPendingResultCallRef (0.00s)
--- PASS: TestPersistedSelfCodecUsesSharedObjectClassification (0.00s)
--- PASS: TestObjectCacheHitPreservesObjectResultShape (0.00s)
--- PASS: TestPendingResultCallRefRecipeID (0.00s)
--- PASS: TestCacheHitRewrapsObjectResultForCurrentServer (0.00s)
--- PASS: TestClassNewRewrapsObjectResult (0.00s)
--- PASS: TestPersistedSelfCodecScalarRoundTrip (0.00s)
--- PASS: TestPersistedSelfCodecObjectIDRoundTrip (0.00s)
--- PASS: TestLookupCacheForIDExtraDigestFallback (0.00s)
    --- PASS: TestLookupCacheForIDExtraDigestFallback/hit_on_exact_output_digest_match (0.00s)
    --- PASS: TestLookupCacheForIDExtraDigestFallback/miss_without_exact_output_digest_match (0.00s)
=== CONT  TestEquivalencySetCacheHits
=== RUN   TestEquivalencySetCacheHits/basic
--- PASS: TestPersistedSelfCodecRawObjectArrayRoundTrip (0.00s)
--- PASS: TestCacheDigestLookupConvertsToMissWhenProducerReleaseFailsAttachment (0.00s)
--- PASS: TestResultCallRefContentPreferredDigestUsesLatestSharedFrame (0.00s)
--- PASS: TestTeachCallEquivalentToResult (0.00s)
--- PASS: TestIndexResultDigestsUsesExplicitRequestAndResponseIDs (0.00s)
=== CONT  TestCachePersistenceImportedObjectHitWithoutServerErrors
--- PASS: TestCacheLoadResultByResultIDStillFailsWhenProducerReleaseFailsAttachment (0.00s)
=== CONT  TestCacheNilResultIsCached
=== RUN   TestEquivalencySetCacheHits/deep_chain
--- PASS: TestCacheNilResultIsCached (0.00s)
=== CONT  TestCacheDifferentConcurrencyKeysDoNotDedupe
--- PASS: TestClassNewRewrapPreservesModuleCacheIsolation (0.00s)
=== CONT  TestCachePersistenceImportRoundTripObjectResult
=== RUN   TestEquivalencySetCacheHits/late_extra_digests_at_h
--- PASS: TestCacheDifferentConcurrencyKeysDoNotDedupe (0.00s)
=== CONT  TestCachePersistenceImportRoundTripAcrossRestart
=== RUN   TestEquivalencySetCacheHits/multi_input_all_inputs_equivalent_hit
=== RUN   TestEquivalencySetCacheHits/multi_input_partial_equivalence_miss
=== RUN   TestEquivalencySetCacheHits/transitive_extra_digest_merge_bridge_hit
=== RUN   TestEquivalencySetCacheHits/transitive_bridge_no_bridge_no_hit
=== RUN   TestEquivalencySetCacheHits/fanout_fanin_join_hit_after_repair
=== RUN   TestEquivalencySetCacheHits/fanout_fanin_late_merge_enables_downstream_join_input_hit
--- PASS: TestEquivalencySetCacheHits (0.01s)
    --- PASS: TestEquivalencySetCacheHits/basic (0.00s)
    --- PASS: TestEquivalencySetCacheHits/deep_chain (0.00s)
    --- PASS: TestEquivalencySetCacheHits/late_extra_digests_at_h (0.00s)
    --- PASS: TestEquivalencySetCacheHits/multi_input_all_inputs_equivalent_hit (0.00s)
    --- PASS: TestEquivalencySetCacheHits/multi_input_partial_equivalence_miss (0.00s)
    --- PASS: TestEquivalencySetCacheHits/transitive_extra_digest_merge_bridge_hit (0.00s)
    --- PASS: TestEquivalencySetCacheHits/transitive_bridge_no_bridge_no_hit (0.00s)
    --- PASS: TestEquivalencySetCacheHits/fanout_fanin_join_hit_after_repair (0.00s)
    --- PASS: TestEquivalencySetCacheHits/fanout_fanin_late_merge_enables_downstream_join_input_hit (0.00s)
=== CONT  TestEvaluatePartsRecursionRefusedPerGroup
--- PASS: TestEvaluatePartsRecursionRefusedPerGroup (0.00s)
=== CONT  TestCacheNilKeyIDRejected
--- PASS: TestCacheNilKeyIDRejected (0.00s)
=== CONT  TestEvaluateWholeResultOverGroups
--- PASS: TestEvaluateWholeResultOverGroups (0.00s)
=== CONT  TestEvaluatePartsFailureIsolatedPerGroup
--- PASS: TestEvaluatePartsFailureIsolatedPerGroup (0.00s)
=== CONT  TestEvaluatePartsJointGroupFillsAllMembersOnce
--- PASS: TestEvaluatePartsJointGroupFillsAllMembersOnce (0.00s)
=== CONT  TestCloneSharedDAGIsLinearAndIndependent
--- PASS: TestCachePruneMetadataEstimateCancellationDuringPlanningDoesNotMutate (0.01s)
=== CONT  TestEvaluatePartsResumeSpansMarkPartialCompletion
--- PASS: TestEvaluatePartsResumeSpansMarkPartialCompletion (0.00s)
=== CONT  TestSkipDedupe
=== CONT  TestCloneKeepsDistinctFramesDistinct
=== CONT  TestCacheRecursiveCall
--- PASS: TestCloneSharedDAGIsLinearAndIndependent (0.00s)
--- PASS: TestCloneKeepsDistinctFramesDistinct (0.00s)
--- PASS: TestCacheRecursiveCall (0.00s)
=== CONT  TestCloneDedupesSharedFrame
--- PASS: TestCloneDedupesSharedFrame (0.00s)
=== CONT  TestEvaluatePartsMetadataLeavesSiblingGroupPending
--- PASS: TestSkipDedupe (0.00s)
=== CONT  TestRecipeIDMemoKeepsDistinctFramesDistinct
--- PASS: TestEvaluatePartsMetadataLeavesSiblingGroupPending (0.00s)
=== CONT  TestSharedCallReleasesLeaseWhenLastWaiterCancelsAfterCompletion
--- PASS: TestRecipeIDMemoKeepsDistinctFramesDistinct (0.00s)
=== CONT  TestCacheEvidenceNilCarrierIsNoop
--- PASS: TestCacheEvidenceNilCarrierIsNoop (0.00s)
=== CONT  TestRecipeIDMemoDedupesSharedInlineFrame
--- PASS: TestRecipeIDMemoDedupesSharedInlineFrame (0.00s)
=== CONT  TestCacheEvaluate
=== RUN   TestCacheEvaluate/singleflight
=== PAUSE TestCacheEvaluate/singleflight
=== RUN   TestCacheEvaluate/reacquires_dedicated_lease_instead_of_reusing_request_lease
=== PAUSE TestCacheEvaluate/reacquires_dedicated_lease_instead_of_reusing_request_lease
=== RUN   TestCacheEvaluate/lazy_evaluation_without_lease-sensitive_work_does_not_acquire_lease
=== PAUSE TestCacheEvaluate/lazy_evaluation_without_lease-sensitive_work_does_not_acquire_lease
=== RUN   TestCacheEvaluate/declared_dependency
=== PAUSE TestCacheEvaluate/declared_dependency
=== RUN   TestCacheEvaluate/parallel_multi-result
=== PAUSE TestCacheEvaluate/parallel_multi-result
=== RUN   TestCacheEvaluate/non_dependency_allowed_while_attached
=== PAUSE TestCacheEvaluate/non_dependency_allowed_while_attached
=== RUN   TestCacheEvaluate/recursive
=== PAUSE TestCacheEvaluate/recursive
--- PASS: TestSharedCallReleasesLeaseWhenLastWaiterCancelsAfterCompletion (0.00s)
=== RUN   TestCacheEvaluate/rejects_do-not-cache_lazy_result
=== CONT  TestCachePruneMetadataEstimateCancellationDoesNotMutate
=== PAUSE TestCacheEvaluate/rejects_do-not-cache_lazy_result
=== RUN   TestCacheEvaluate/allows_already_attached_lazy_result_from_do-not-cache_field
=== PAUSE TestCacheEvaluate/allows_already_attached_lazy_result_from_do-not-cache_field
=== CONT  TestLazyEmitRetryDoesNotLeakStaleWaitTarget
--- PASS: TestCachePruneMetadataEstimateCancellationDoesNotMutate (0.00s)
=== CONT  TestCacheConcurrent
--- PASS: TestLazyEmitRetryDoesNotLeakStaleWaitTarget (0.00s)
=== CONT  TestDynamicNullableJSONRoundTripSetsValid
--- PASS: TestDynamicNullableJSONRoundTripSetsValid (0.00s)
=== CONT  TestCacheVolatileNestedWithNonVolatile
--- PASS: TestCacheVolatileNestedWithNonVolatile (0.00s)
=== CONT  TestCachePruneMetadataEstimateMarksReleaseAndSnapshotGCContext
--- PASS: TestCachePruneMetadataEstimateMarksReleaseAndSnapshotGCContext (0.00s)
=== CONT  TestCachePruneMetadataEstimateCompactionCanRestoreMaximumWithoutEviction
--- PASS: TestCachePruneMetadataEstimateCompactionCanRestoreMaximumWithoutEviction (0.00s)
=== CONT  TestCacheVolatileConcurrentSessionsDivergentValues
--- PASS: TestCacheVolatileConcurrentSessionsDivergentValues (0.00s)
=== CONT  TestCachePruneMetadataEstimateProtectsActiveAndUnpruneableResults
--- PASS: TestCachePruneMetadataEstimateProtectsActiveAndUnpruneableResults (0.00s)
=== CONT  TestDynamicOptionalJSONRoundTripSetsValid
--- PASS: TestDynamicOptionalJSONRoundTripSetsValid (0.00s)
=== CONT  TestCachePruneMetadataEstimateCreditsCollectedDependencyClosure
--- PASS: TestCachePruneMetadataEstimateCreditsCollectedDependencyClosure (0.00s)
=== CONT  TestCachePruneMetadataEstimateSkipsPhysicalMeasurementAndUsesColdOrder
--- PASS: TestCachePruneMetadataEstimateSkipsPhysicalMeasurementAndUsesColdOrder (0.00s)
=== CONT  TestCacheMetadataPruneDependencySortCancellation
--- PASS: TestCacheMetadataPruneDependencySortCancellation (0.00s)
=== CONT  TestCacheMetadataPruneCandidateSortCancellation
--- PASS: TestCacheMetadataPruneCandidateSortCancellation (0.00s)
=== CONT  TestCacheMetadataPruneCandidateOrder
--- PASS: TestCacheMetadataPruneCandidateOrder (0.00s)
=== CONT  TestCacheMetadataDirectResultBytesUsesCeiling
--- PASS: TestCacheMetadataDirectResultBytesUsesCeiling (0.00s)
=== CONT  TestCacheMetadataEstimateFormula
--- PASS: TestCacheMetadataEstimateFormula (0.00s)
=== CONT  TestCacheHitRegistrationDoesNotRaceLazyCallback
--- PASS: TestCacheHitRegistrationDoesNotRaceLazyCallback (0.00s)
=== CONT  TestInstallSpanLookupWalksClosureOwnersUpward
--- PASS: TestInstallSpanLookupWalksClosureOwnersUpward (0.00s)
=== CONT  TestNullableJSONRoundTripSetsValid
--- PASS: TestNullableJSONRoundTripSetsValid (0.00s)
=== CONT  TestOptionalJSONRoundTripSetsValid
--- PASS: TestOptionalJSONRoundTripSetsValid (0.00s)
=== CONT  TestEvaluateLazyOwnFailureNotMarkedBlocked
--- PASS: TestEvaluateLazyOwnFailureNotMarkedBlocked (0.00s)
=== CONT  TestNullableDerefCacheHitsReconstructObjectView
--- PASS: TestNullableDerefCacheHitsReconstructObjectView (0.00s)
=== CONT  TestCacheVolatileSessionResourceInvariants
--- PASS: TestCacheVolatileSessionResourceInvariants (0.00s)
=== CONT  TestEvaluateLazyPrerequisiteFailureMarksResumeBlocked
--- PASS: TestEvaluateLazyPrerequisiteFailureMarksResumeBlocked (0.00s)
=== CONT  TestSessionResultInstallSpanContextsSorted
--- PASS: TestSessionResultInstallSpanContextsSorted (0.00s)
=== CONT  TestCaptureSessionLazySpanContextFirstWriterWinsAndRelease
--- PASS: TestCaptureSessionLazySpanContextFirstWriterWinsAndRelease (0.00s)
=== CONT  TestEvaluateLazyUsesOriginalSpanForLogsAndNestedSpans
--- PASS: TestEvaluateLazyUsesOriginalSpanForLogsAndNestedSpans (0.00s)
=== CONT  TestAttachResultAllowsAlreadyAttachedResultWithoutFrame
--- PASS: TestAttachResultAllowsAlreadyAttachedResultWithoutFrame (0.00s)
=== CONT  TestCachePersistenceImportedSnapshotLinksContributeUsageBeforeDecode
--- PASS: TestCacheConcurrent (0.02s)
=== CONT  TestCacheEvidenceJoinedAndExecutedCarriers
--- PASS: TestCachePersistenceWorkerMirrorsUnpruneablePersistedEdge (0.03s)
=== CONT  TestCacheEvidenceCloneDropsCarrier
--- PASS: TestCacheEvidenceCloneDropsCarrier (0.00s)
=== CONT  TestSharedCallUsesOneClientScopeLeaseForAllWaiters
--- PASS: TestSharedCallUsesOneClientScopeLeaseForAllWaiters (0.00s)
=== CONT  TestCacheEvidencePairingDigestExcludesImplicitInputs
--- PASS: TestCacheEvidencePairingDigestExcludesImplicitInputs (0.00s)
=== CONT  TestCacheRejectsEmptySessionIDForOwningEntrypoints
--- PASS: TestCacheRejectsEmptySessionIDForOwningEntrypoints (0.00s)
=== CONT  TestCacheEvidenceUnknownInputIndex
--- PASS: TestCacheCloseDiscardingPersistenceDoesNotMarkClean (0.03s)
=== CONT  TestCachePruneThresholdUsesImportedSnapshotLinkUsage
--- PASS: TestCacheEvidenceUnknownInputIndex (0.00s)
--- PASS: TestCacheEvidenceJoinedAndExecutedCarriers (0.00s)
=== CONT  TestCacheRejectsNilTypeResolver
--- PASS: TestCacheRejectsNilTypeResolver (0.00s)
=== CONT  TestCacheEvidenceMissSawExpired
--- PASS: TestCacheEvidenceMissSawExpired (0.00s)
=== CONT  TestCacheEvidenceMissIncompatibleCandidates
--- PASS: TestCacheEvidenceMissIncompatibleCandidates (0.00s)
=== CONT  TestCacheEvidenceSawExpiredThroughEqClassExpansion
=== CONT  TestCachePersistenceWorkerUsesEncodedSnapshotLinks
--- PASS: TestCacheEvidenceSawExpiredThroughEqClassExpansion (0.00s)
=== CONT  TestCachePersistenceCleanShutdownToggleOnClose
--- PASS: TestCachePersistenceWorkerMirrorsRetainedPersistableResult (0.04s)
=== CONT  TestCacheEvidencePendingLazyHitIsHit
--- PASS: TestCacheEvidencePendingLazyHitIsHit (0.00s)
=== CONT  TestCacheEvidenceDoNotCacheUncached
--- PASS: TestCacheEvidenceDoNotCacheUncached (0.00s)
=== CONT  TestCachePersistenceImportHydratesSnapshotMetadataAndSyncsOwnerLeases
--- PASS: TestCachePersistenceImportRecomputesRequiredDepsFirst (0.05s)
=== CONT  TestCachePersistenceWorkerMirrorsSnapshotManagerMetadataRows
--- PASS: TestCachePersistenceDoesNotWriteDuringRuntime (0.06s)
=== CONT  TestCacheArbitraryCallbackCancelsAfterLastWaiter
=== RUN   TestCachePersistenceImportedObjectHitWithoutServerErrors/request_lookup
=== RUN   TestCachePersistenceImportedObjectHitWithoutServerErrors/digest_lookup
=== RUN   TestCachePersistenceImportedObjectHitWithoutServerErrors/result_ID_lookup
--- PASS: TestCacheArbitraryCallbackCancelsAfterLastWaiter (0.00s)
=== CONT  TestCacheAttachDependencyResults
--- PASS: TestCacheAttachDependencyResults (0.00s)
=== CONT  TestCacheHitConvertsToMissWhenProducerReleaseFailsAttachment
--- PASS: TestCacheHitConvertsToMissWhenProducerReleaseFailsAttachment (0.00s)
=== CONT  TestCacheDigestLookupRechecksSessionResourcesAfterLateExplicitDependency
--- PASS: TestCacheDigestLookupRechecksSessionResourcesAfterLateExplicitDependency (0.00s)
=== CONT  TestCacheArbitraryCallbackUsesOneClientScopeLease
--- PASS: TestCachePersistenceImportedObjectAliasSupportsChainedSelect (0.06s)
=== CONT  TestCacheLoadResultByResultIDRechecksAfterLateExplicitDependency
--- PASS: TestCacheLoadResultByResultIDRechecksAfterLateExplicitDependency (0.00s)
=== CONT  TestCacheResultCallFirstWriterWins
--- PASS: TestCacheResultCallFirstWriterWins (0.00s)
=== CONT  TestCacheResultCallDerivedFromRequestID
--- PASS: TestCacheResultCallDerivedFromRequestID (0.00s)
=== CONT  TestCacheHitRechecksSessionResourcesAfterLateExplicitDependency
--- PASS: TestCacheHitRechecksSessionResourcesAfterLateExplicitDependency (0.00s)
=== CONT  TestCacheAddExplicitDependency
--- PASS: TestCacheAddExplicitDependency (0.00s)
=== CONT  TestCacheDigestLookupRechecksSessionResourcesAfterAttachBarrier
--- PASS: TestCacheArbitraryCallbackUsesOneClientScopeLease (0.00s)
=== CONT  TestCacheAttachDependencyResultsAlreadyAttachedChild
--- PASS: TestCacheAttachDependencyResultsAlreadyAttachedChild (0.00s)
=== CONT  TestCacheLoadResultByResultIDIgnoresUncleanCanonicalSiblings
--- PASS: TestCacheLoadResultByResultIDIgnoresUncleanCanonicalSiblings (0.00s)
=== CONT  TestCacheAddExplicitDependencyAcceptsSessionResourceDepsAndRecomputesAncestors
--- PASS: TestCacheAddExplicitDependencyAcceptsSessionResourceDepsAndRecomputesAncestors (0.00s)
=== CONT  TestCacheLoadResultByResultIDRechecksAfterAttachBarrier
--- PASS: TestCacheDigestLookupRechecksSessionResourcesAfterAttachBarrier (0.00s)
=== CONT  TestCacheHitRechecksSessionResourcesAfterAttachBarrier
--- PASS: TestCachePersistenceImportedObjectHitWithoutServerErrors (0.06s)
    --- PASS: TestCachePersistenceImportedObjectHitWithoutServerErrors/request_lookup (0.00s)
    --- PASS: TestCachePersistenceImportedObjectHitWithoutServerErrors/digest_lookup (0.00s)
    --- PASS: TestCachePersistenceImportedObjectHitWithoutServerErrors/result_ID_lookup (0.00s)
=== CONT  TestCacheArbitraryRecursiveCall
--- PASS: TestCacheArbitraryRecursiveCall (0.00s)
=== CONT  TestCachePruneCompactsEqClassesAndPreservesLookup
--- PASS: TestCachePruneCompactsEqClassesAndPreservesLookup (0.00s)
=== CONT  TestCachePruneDoesNotProtectTermProvenanceOnlyResultFromActiveResult
--- PASS: TestCachePruneDoesNotProtectTermProvenanceOnlyResultFromActiveResult (0.00s)
=== CONT  TestCachePruneProtectsExactDependencyOfActiveResult
--- PASS: TestCachePruneProtectsExactDependencyOfActiveResult (0.00s)
=== CONT  TestOngoingCallPersistableIntentConcurrentAccess
--- PASS: TestOngoingCallPersistableIntentConcurrentAccess (0.00s)
=== CONT  TestCachePruneMinFreeSpaceUsesCurrentFreeSpace
--- PASS: TestCachePruneMinFreeSpaceUsesCurrentFreeSpace (0.00s)
=== CONT  TestCachePruneThresholdTargetSpace
--- PASS: TestCachePruneThresholdTargetSpace (0.00s)
=== CONT  TestCompactEqClassesSkipsWhenBelowThreshold
--- PASS: TestCompactEqClassesSkipsWhenBelowThreshold (0.00s)
=== CONT  TestCachePruneKeepDuration
--- PASS: TestCacheLoadResultByResultIDRechecksAfterAttachBarrier (0.00s)
=== CONT  TestCacheUsageEntriesAllMutableUsageRemeasuresAfterSizeChange
--- PASS: TestCachePruneKeepDuration (0.00s)
=== CONT  TestCachePruneOrderedSimulationKeepsZeroDeltaPrerequisites
--- PASS: TestCacheUsageEntriesAllMutableUsageRemeasuresAfterSizeChange (0.00s)
=== CONT  TestCacheArbitraryConcurrent
--- PASS: TestCacheHitRechecksSessionResourcesAfterAttachBarrier (0.00s)
=== CONT  TestCacheUsageEntriesAllSumsOwnedUsageIdentities
--- PASS: TestCachePruneOrderedSimulationKeepsZeroDeltaPrerequisites (0.00s)
=== CONT  TestCacheArbitraryRoundTripAndRelease
--- PASS: TestCacheArbitraryRoundTripAndRelease (0.00s)
=== CONT  TestCacheEvidenceDigestRouteHit
--- PASS: TestCacheUsageEntriesAllSumsOwnedUsageIdentities (0.00s)
=== CONT  TestCacheUsageEntriesAllDedupesByUsageIdentity
--- PASS: TestCacheEvidenceDigestRouteHit (0.00s)
=== CONT  TestCacheEvidenceStructuralRouteHit
--- PASS: TestCacheUsageEntriesAllDedupesByUsageIdentity (0.00s)
=== CONT  TestCacheUsageEntriesAllReportsSessionAndRetainedState
--- PASS: TestCacheEvidenceStructuralRouteHit (0.00s)
=== CONT  TestCacheArrayResultStressDoesNotRaceExplicitDependencyAttachment
--- PASS: TestCacheUsageEntriesAllReportsSessionAndRetainedState (0.00s)
=== CONT  TestCacheMakeResultUnpruneableClearsPersistedExpiry
--- PASS: TestCachePersistenceImportRoundTripObjectResult (0.06s)
=== CONT  TestCachePersistableRetainedAcrossSessionClose
--- PASS: TestCacheMakeResultUnpruneableClearsPersistedExpiry (0.00s)
=== CONT  TestCacheMakeResultUnpruneableSkipsPrune
--- PASS: TestCacheMakeResultUnpruneableSkipsPrune (0.00s)
=== CONT  TestCachePublicationRollsBackWhenStructuralDepMissing
--- PASS: TestCachePersistableRetainedAcrossSessionClose (0.00s)
=== CONT  TestCacheEvidenceRecipeHit
--- PASS: TestCacheEvidenceRecipeHit (0.00s)
=== CONT  TestCacheHitKeepsGenuineAttachmentFailure
--- PASS: TestCachePublicationRollsBackWhenStructuralDepMissing (0.00s)
=== CONT  TestRecipeMemoSharesAcrossReceiverChain
--- PASS: TestCacheHitKeepsGenuineAttachmentFailure (0.00s)
=== CONT  TestCacheArrayResultRoundTrip
--- PASS: TestCacheArrayResultRoundTrip (0.00s)
=== CONT  TestRecipeMemoKeepsDistinctNodesDistinct
--- PASS: TestRecipeMemoKeepsDistinctNodesDistinct (0.00s)
=== CONT  TestCacheMakeResultUnpruneableRetainsAcrossSessionClose
--- PASS: TestCacheMakeResultUnpruneableRetainsAcrossSessionClose (0.00s)
=== CONT  TestCachePersistableHitUpgradesExistingResultToRetained
--- PASS: TestCachePersistableHitUpgradesExistingResultToRetained (0.00s)
=== CONT  TestCacheNonPersistableDropsWhenRefsDrain
--- PASS: TestCacheNonPersistableDropsWhenRefsDrain (0.00s)
=== CONT  TestCacheTTLWithDBUsesStorageAndCallIndexes
--- PASS: TestCacheLoadResultByResultIDRefusesUnboundSession (0.06s)
=== CONT  TestCacheObjectResultRoundTripAndRelease
--- PASS: TestCacheObjectResultRoundTripAndRelease (0.00s)
=== CONT  TestCacheSecondaryIndexesCleanedOnRelease
--- PASS: TestCacheSecondaryIndexesCleanedOnRelease (0.00s)
=== CONT  TestCacheMixedSessionWaitersCancelDoNotLeak
--- PASS: TestRecipeMemoSharesAcrossReceiverChain (0.00s)
=== CONT  TestCacheLoadResultByResultIDDoesNotReturnHitWithoutCallFrame
--- PASS: TestCachePersistenceDecodeInstallPreservesRequiredSessionResources (0.06s)
=== CONT  TestCacheReleaseRemovesRecordedDigestPostingAfterOutputClassMerge
--- PASS: TestCacheReleaseRemovesRecordedDigestPostingAfterOutputClassMerge (0.00s)
=== CONT  TestCachePersistenceWorkerMirrorsAuthoritativeEgraphState
--- PASS: TestCachePersistenceImportRoundTripAcrossRestart (0.07s)
=== CONT  TestCacheArrayResultsRetainChildResultsAcrossProducerSessionRelease
=== RUN   TestCacheArrayResultsRetainChildResultsAcrossProducerSessionRelease/ObjectResultArray
=== RUN   TestCacheArrayResultsRetainChildResultsAcrossProducerSessionRelease/DynamicResultArrayOutput
--- PASS: TestCacheArrayResultsRetainChildResultsAcrossProducerSessionRelease (0.00s)
    --- PASS: TestCacheArrayResultsRetainChildResultsAcrossProducerSessionRelease/ObjectResultArray (0.00s)
    --- PASS: TestCacheArrayResultsRetainChildResultsAcrossProducerSessionRelease/DynamicResultArrayOutput (0.00s)
=== CONT  TestCachePersistenceSnapshotOmitsSessionOnlyResult
--- PASS: TestCachePersistenceWorkerUsesEncodedSnapshotLinks (0.04s)
=== CONT  TestCachePersistenceWorkerMirrorsPrunedStateAfterRelease
--- PASS: TestCachePersistenceCleanShutdownToggleOnClose (0.04s)
=== CONT  TestCacheArrayResultStressDoesNotReturnHitWithoutCallFrame
--- PASS: TestCachePersistenceWorkerMirrorsSnapshotManagerMetadataRows (0.03s)
=== CONT  TestCacheEvaluate/singleflight
=== CONT  TestCacheEvaluate/non_dependency_allowed_while_attached
=== CONT  TestCacheEvaluate/allows_already_attached_lazy_result_from_do-not-cache_field
=== CONT  TestCacheEvaluate/rejects_do-not-cache_lazy_result
--- PASS: TestCachePersistenceImportedSnapshotLinksContributeUsageBeforeDecode (0.06s)
=== CONT  TestCacheEvaluate/declared_dependency
=== CONT  TestCacheEvaluate/recursive
--- PASS: TestCachePersistenceSchemaMismatchWipesStore (0.08s)
=== CONT  TestCacheEvaluate/parallel_multi-result
=== CONT  TestCacheEvaluate/lazy_evaluation_without_lease-sensitive_work_does_not_acquire_lease
=== CONT  TestCacheEvaluate/reacquires_dedicated_lease_instead_of_reusing_request_lease
--- PASS: TestCacheTTLWithDBUsesStorageAndCallIndexes (0.02s)
--- PASS: TestCacheArbitraryConcurrent (0.02s)
--- PASS: TestCacheEvaluate (0.00s)
    --- PASS: TestCacheEvaluate/singleflight (0.00s)
    --- PASS: TestCacheEvaluate/non_dependency_allowed_while_attached (0.00s)
    --- PASS: TestCacheEvaluate/allows_already_attached_lazy_result_from_do-not-cache_field (0.00s)
    --- PASS: TestCacheEvaluate/rejects_do-not-cache_lazy_result (0.00s)
    --- PASS: TestCacheEvaluate/parallel_multi-result (0.00s)
    --- PASS: TestCacheEvaluate/lazy_evaluation_without_lease-sensitive_work_does_not_acquire_lease (0.00s)
    --- PASS: TestCacheEvaluate/reacquires_dedicated_lease_instead_of_reusing_request_lease (0.00s)
    --- PASS: TestCacheEvaluate/recursive (0.00s)
    --- PASS: TestCacheEvaluate/declared_dependency (0.00s)
--- PASS: TestCachePruneThresholdUsesImportedSnapshotLinkUsage (0.05s)
--- PASS: TestCachePersistenceImportHydratesSnapshotMetadataAndSyncsOwnerLeases (0.04s)
--- PASS: TestCachePersistenceUncleanMarkerWipesStore (0.10s)
--- PASS: TestCachePersistenceSnapshotOmitsSessionOnlyResult (0.03s)
--- PASS: TestCachePersistenceImportFailureWipesStore (0.10s)
--- PASS: TestCachePersistenceWorkerMirrorsAuthoritativeEgraphState (0.04s)
--- PASS: TestCachePersistenceWorkerMirrorsPrunedStateAfterRelease (0.03s)
=== NAME  TestCacheArrayResultStressDoesNotRaceExplicitDependencyAttachment
    cache_test.go:5201: completed 9600 attempts and 9565 cache hits without reproducing the explicit dependency attachment race
--- PASS: TestCacheArrayResultStressDoesNotRaceExplicitDependencyAttachment (0.08s)
=== NAME  TestCacheLoadResultByResultIDDoesNotReturnHitWithoutCallFrame
    cache_test.go:5664: completed 24000 attempts and 24000 successful loads without reproducing the LoadResultByResultID call-frame race
--- PASS: TestCacheLoadResultByResultIDDoesNotReturnHitWithoutCallFrame (0.22s)
=== NAME  TestCacheArrayResultStressDoesNotReturnHitWithoutCallFrame
    cache_test.go:5082: completed 24000 attempts and 24000 cache hits without reproducing the array hit call-frame race
--- PASS: TestCacheArrayResultStressDoesNotReturnHitWithoutCallFrame (0.21s)
--- PASS: TestCacheMixedSessionWaitersCancelDoNotLeak (0.68s)
PASS
ok  	github.com/dagger/dagger/dagql	6.076s
exit=0 wall=44s
