=== RUN   TestBuiltinLazyOperationEvaluate
2026/09/16 21:54:11 INFO start lazy evaluation field=Query._builtinContainer
2026/09/16 21:54:12 INFO end lazy evaluation field=Query._builtinContainer duration=67.55117ms
2026/09/16 21:54:12 INFO start lazy evaluation field=Query._builtinContainer
2026/09/16 21:54:12 INFO end lazy evaluation field=Query._builtinContainer duration=34.163855ms
2026/09/16 21:54:12 INFO start lazy evaluation field=Query._builtinContainer
2026/09/16 21:54:12 INFO end lazy evaluation field=Query._builtinContainer duration=192.88µs err="lookup builtin image manifest sha256:90c48b875b1caba8ee7f40a7cc62d7934555e6366aac5f07e5d542b1d0fc32c9: content sha256:90c48b875b1caba8ee7f40a7cc62d7934555e6366aac5f07e5d542b1d0fc32c9: not found"
=== RUN   TestBuiltinLazyOperationEvaluate/empty_patch_without_operation
=== RUN   TestBuiltinLazyOperationEvaluate/saved_schema_bytes
2026/09/16 21:54:12 INFO start lazy evaluation field=File.blob
2026/09/16 21:54:12 INFO end lazy evaluation field=File.blob duration=22.244397ms
2026/09/16 21:54:12 INFO discarding dagql cache without persistence hasSQLDB=false hasPersistDB=false
--- PASS: TestBuiltinLazyOperationEvaluate (0.44s)
    --- PASS: TestBuiltinLazyOperationEvaluate/empty_patch_without_operation (0.13s)
    --- PASS: TestBuiltinLazyOperationEvaluate/saved_schema_bytes (0.13s)
=== RUN   TestCapturePersistedContainerDirectEvaluation
=== RUN   TestCapturePersistedContainerDirectEvaluation/metadata
2026/09/16 21:54:12 INFO start lazy group evaluation field=capture-test group=metadata
2026/09/16 21:54:12 INFO end lazy group evaluation field=capture-test group=metadata duration=85.13µs
2026/09/16 21:54:12 INFO discarding dagql cache without persistence hasSQLDB=false hasPersistDB=false
=== RUN   TestCapturePersistedContainerDirectEvaluation/snapshot
2026/09/16 21:54:12 INFO start lazy group evaluation field=capture-test group=metadata
2026/09/16 21:54:12 INFO end lazy group evaluation field=capture-test group=metadata duration=31.16µs
2026/09/16 21:54:12 INFO start lazy group evaluation field=capture-test group=fs
2026/09/16 21:54:12 INFO start lazy group evaluation field=capture-test group=execMeta
2026/09/16 21:54:12 INFO end lazy group evaluation field=capture-test group=execMeta duration=22.95µs
2026/09/16 21:54:12 INFO end lazy group evaluation field=capture-test group=fs duration=269.909µs
2026/09/16 21:54:12 INFO discarding dagql cache without persistence hasSQLDB=false hasPersistDB=false
=== RUN   TestCapturePersistedContainerDirectEvaluation/whole
2026/09/16 21:54:12 INFO start lazy group evaluation field=capture-test group=metadata
2026/09/16 21:54:12 INFO end lazy group evaluation field=capture-test group=metadata duration=63.8µs
2026/09/16 21:54:12 INFO start lazy group evaluation field=capture-test group=fs
2026/09/16 21:54:12 INFO end lazy group evaluation field=capture-test group=fs duration=39.85µs
2026/09/16 21:54:12 INFO start lazy group evaluation field=capture-test group=execMeta
2026/09/16 21:54:12 INFO end lazy group evaluation field=capture-test group=execMeta duration=23.74µs
2026/09/16 21:54:12 INFO discarding dagql cache without persistence hasSQLDB=false hasPersistDB=false
--- PASS: TestCapturePersistedContainerDirectEvaluation (0.01s)
    --- PASS: TestCapturePersistedContainerDirectEvaluation/metadata (0.01s)
    --- PASS: TestCapturePersistedContainerDirectEvaluation/snapshot (0.00s)
    --- PASS: TestCapturePersistedContainerDirectEvaluation/whole (0.00s)
=== RUN   TestCapturePersistedContainerExcludesNewDirectGroups
2026/09/16 21:54:12 INFO start lazy group evaluation field=capture-test group=metadata
2026/09/16 21:54:12 INFO end lazy group evaluation field=capture-test group=metadata duration=33.16µs
2026/09/16 21:54:12 INFO discarding dagql cache without persistence hasSQLDB=false hasPersistDB=false
--- PASS: TestCapturePersistedContainerExcludesNewDirectGroups (0.00s)
=== RUN   TestCapturePersistedContainerUnrefinedBody
=== RUN   TestCapturePersistedContainerUnrefinedBody/active
2026/09/16 21:54:12 INFO start lazy evaluation field=capture-whole-test
2026/09/16 21:54:12 INFO end lazy evaluation field=capture-whole-test duration=66.98µs
2026/09/16 21:54:12 INFO discarding dagql cache without persistence hasSQLDB=false hasPersistDB=false
=== RUN   TestCapturePersistedContainerUnrefinedBody/outputs-set-before-return
2026/09/16 21:54:12 INFO start lazy evaluation field=capture-whole-test
2026/09/16 21:54:12 INFO end lazy evaluation field=capture-whole-test duration=63.23µs
2026/09/16 21:54:12 INFO discarding dagql cache without persistence hasSQLDB=false hasPersistDB=false
--- PASS: TestCapturePersistedContainerUnrefinedBody (0.00s)
    --- PASS: TestCapturePersistedContainerUnrefinedBody/active (0.00s)
    --- PASS: TestCapturePersistedContainerUnrefinedBody/outputs-set-before-return (0.00s)
=== RUN   TestCapturePersistedContainerReleasesLocksOnCodecError
2026/09/16 21:54:12 INFO start lazy group evaluation field=capture-test group=metadata
2026/09/16 21:54:12 INFO end lazy group evaluation field=capture-test group=metadata duration=37.66µs
2026/09/16 21:54:12 INFO start lazy group evaluation field=capture-test group=execMeta
2026/09/16 21:54:12 INFO end lazy group evaluation field=capture-test group=execMeta duration=31.789µs
2026/09/16 21:54:12 INFO start lazy group evaluation field=capture-test group=fs
2026/09/16 21:54:12 INFO end lazy group evaluation field=capture-test group=fs duration=97.8µs
2026/09/16 21:54:12 INFO discarding dagql cache without persistence hasSQLDB=false hasPersistDB=false
--- PASS: TestCapturePersistedContainerReleasesLocksOnCodecError (0.00s)
=== RUN   TestContainerExecSuccessConsumesFinalReadOnlyMount
2026/09/16 21:54:12 INFO start lazy group evaluation field=Container.withExec group=metadata
2026/09/16 21:54:12 INFO start lazy group evaluation field=test.base group=metadata
2026/09/16 21:54:12 INFO end lazy group evaluation field=test.base group=metadata duration=28.25µs
2026/09/16 21:54:12 INFO end lazy group evaluation field=Container.withExec group=metadata duration=265.15µs
2026/09/16 21:54:12 INFO start lazy group evaluation field=test.containerExec group=execOutputs
2026/09/16 21:54:12 INFO start lazy group evaluation field=test.base group=fs
2026/09/16 21:54:12 INFO end lazy group evaluation field=test.base group=fs duration=43.25µs
2026/09/16 21:54:12 INFO start lazy group evaluation field=test.base group=mount:/ro
2026/09/16 21:54:12 INFO end lazy group evaluation field=test.base group=mount:/ro duration=83.98µs
2026/09/16 21:54:12 INFO end lazy group evaluation field=test.containerExec group=execOutputs duration=523.519µs
2026/09/16 21:54:12 INFO start lazy group evaluation field=Container.withExec group=mount:/ro
2026/09/16 21:54:12 INFO end lazy group evaluation field=Container.withExec group=mount:/ro duration=116.66µs
2026/09/16 21:54:12 INFO discarding dagql cache without persistence hasSQLDB=false hasPersistDB=false
--- PASS: TestContainerExecSuccessConsumesFinalReadOnlyMount (0.00s)
=== RUN   TestContainerExecMetadataReadRunsNothing
=== PAUSE TestContainerExecMetadataReadRunsNothing
=== RUN   TestContainerExecReadOnlyMountStaysPending
=== PAUSE TestContainerExecReadOnlyMountStaysPending
=== RUN   TestContainerExecEvaluatesParentMountsConcurrently
=== PAUSE TestContainerExecEvaluatesParentMountsConcurrently
=== RUN   TestContainerExecMetadataKeepsVolatileNamesAndExpandErrors
=== PAUSE TestContainerExecMetadataKeepsVolatileNamesAndExpandErrors
=== RUN   TestContainerExecPersistsInputMetadata
=== RUN   TestContainerExecPersistsInputMetadata/nil
2026/09/16 21:54:12 INFO discarding dagql cache without persistence hasSQLDB=true hasPersistDB=true
=== RUN   TestContainerExecPersistsInputMetadata/supplied
2026/09/16 21:54:12 INFO discarding dagql cache without persistence hasSQLDB=true hasPersistDB=true
--- PASS: TestContainerExecPersistsInputMetadata (0.07s)
    --- PASS: TestContainerExecPersistsInputMetadata/nil (0.03s)
    --- PASS: TestContainerExecPersistsInputMetadata/supplied (0.03s)
=== RUN   TestContainerEvaluatedLazyOperationAttachesParentAtPublication
2026/09/16 21:54:12 INFO start lazy group evaluation field=Container.withLabel group=metadata
2026/09/16 21:54:12 INFO end lazy group evaluation field=Container.withLabel group=metadata duration=55.3µs
2026/09/16 21:54:12 INFO start lazy group evaluation field=Container.withLabel group=fs
2026/09/16 21:54:12 INFO end lazy group evaluation field=Container.withLabel group=fs duration=19µs
2026/09/16 21:54:12 INFO start lazy group evaluation field=Container.withLabel group=execMeta
2026/09/16 21:54:12 INFO end lazy group evaluation field=Container.withLabel group=execMeta duration=15.07µs
2026/09/16 21:54:12 INFO discarding dagql cache without persistence hasSQLDB=true hasPersistDB=true
--- PASS: TestContainerEvaluatedLazyOperationAttachesParentAtPublication (0.03s)
=== RUN   TestContainerEvaluatedLazyOperationPersistsWithoutLoadingParents
2026/09/16 21:54:12 INFO start lazy group evaluation field=Container.withLabel group=metadata
2026/09/16 21:54:12 INFO end lazy group evaluation field=Container.withLabel group=metadata duration=95.86µs
2026/09/16 21:54:12 INFO start lazy group evaluation field=Container.withLabel group=fs
2026/09/16 21:54:12 INFO end lazy group evaluation field=Container.withLabel group=fs duration=32.39µs
2026/09/16 21:54:12 INFO start lazy group evaluation field=Container.withLabel group=execMeta
2026/09/16 21:54:12 INFO end lazy group evaluation field=Container.withLabel group=execMeta duration=24.49µs
2026/09/16 21:54:12 INFO starting dagql cache close hasSQLDB=true hasPersistDB=true
2026/09/16 21:54:12 INFO marking dagql cache clean shutdown
2026/09/16 21:54:12 WARN successfully marked clean shutdown in persistence metadata
2026/09/16 21:54:12 INFO completed dagql cache close successfully
2026/09/16 21:54:12 INFO start lazy group evaluation field="Container stored part" group=open:fs
2026/09/16 21:54:12 INFO end lazy group evaluation field="Container stored part" group=open:fs duration=66.73µs err="open stored container part \"fs\": local snapshot unavailable"
2026/09/16 21:54:12 INFO start lazy group evaluation field="Container stored part" group=open:execMeta
2026/09/16 21:54:12 INFO end lazy group evaluation field="Container stored part" group=open:execMeta duration=31.08µs
2026/09/16 21:54:12 INFO start lazy group evaluation field="Container stored part" group=open:fs
2026/09/16 21:54:12 INFO end lazy group evaluation field="Container stored part" group=open:fs duration=31.71µs
=== RUN   TestContainerEvaluatedLazyOperationPersistsWithoutLoadingParents/completed_operation_references_relocate_without_loading
=== RUN   TestContainerEvaluatedLazyOperationPersistsWithoutLoadingParents/old_complete_rows_without_operation_bytes
2026/09/16 21:54:12 INFO discarding dagql cache without persistence hasSQLDB=true hasPersistDB=true
--- PASS: TestContainerEvaluatedLazyOperationPersistsWithoutLoadingParents (0.08s)
    --- PASS: TestContainerEvaluatedLazyOperationPersistsWithoutLoadingParents/completed_operation_references_relocate_without_loading (0.00s)
    --- PASS: TestContainerEvaluatedLazyOperationPersistsWithoutLoadingParents/old_complete_rows_without_operation_bytes (0.00s)
=== RUN   TestContainerFinalDelegationSweepDoesNotStartParentWork
=== PAUSE TestContainerFinalDelegationSweepDoesNotStartParentWork
=== RUN   TestContainerMetadataOnlyMountMutationParts
=== RUN   TestContainerMetadataOnlyMountMutationParts/mounted_cache
=== PAUSE TestContainerMetadataOnlyMountMutationParts/mounted_cache
=== RUN   TestContainerMetadataOnlyMountMutationParts/mounted_temp
=== PAUSE TestContainerMetadataOnlyMountMutationParts/mounted_temp
=== RUN   TestContainerMetadataOnlyMountMutationParts/mounted_volume
=== PAUSE TestContainerMetadataOnlyMountMutationParts/mounted_volume
=== RUN   TestContainerMetadataOnlyMountMutationParts/mounted_secret
=== PAUSE TestContainerMetadataOnlyMountMutationParts/mounted_secret
=== RUN   TestContainerMetadataOnlyMountMutationParts/mounted_cache_shadows_snapshot_mount
=== PAUSE TestContainerMetadataOnlyMountMutationParts/mounted_cache_shadows_snapshot_mount
=== RUN   TestContainerMetadataOnlyMountMutationParts/without_mount
=== PAUSE TestContainerMetadataOnlyMountMutationParts/without_mount
=== RUN   TestContainerMetadataOnlyMountMutationParts/with_unix_socket
=== PAUSE TestContainerMetadataOnlyMountMutationParts/with_unix_socket
=== RUN   TestContainerMetadataOnlyMountMutationParts/without_unix_socket
=== PAUSE TestContainerMetadataOnlyMountMutationParts/without_unix_socket
=== CONT  TestContainerMetadataOnlyMountMutationParts/mounted_cache
=== CONT  TestContainerMetadataOnlyMountMutationParts/mounted_temp
=== CONT  TestContainerMetadataOnlyMountMutationParts/mounted_cache_shadows_snapshot_mount
=== CONT  TestContainerMetadataOnlyMountMutationParts/without_unix_socket
=== CONT  TestContainerMetadataOnlyMountMutationParts/without_mount
=== CONT  TestContainerMetadataOnlyMountMutationParts/mounted_volume
=== CONT  TestContainerMetadataOnlyMountMutationParts/mounted_secret
=== CONT  TestContainerMetadataOnlyMountMutationParts/with_unix_socket
2026/09/16 21:54:12 INFO start lazy group evaluation field=Container.withMountedTemp group=metadata
2026/09/16 21:54:12 INFO start lazy group evaluation field=Container.withMountedCache group=metadata
2026/09/16 21:54:12 INFO start lazy group evaluation field=Container.withoutUnixSocket group=metadata
2026/09/16 21:54:12 INFO start lazy group evaluation field=test.base group=metadata
2026/09/16 21:54:12 INFO end lazy group evaluation field=test.base group=metadata duration=58.33µs
2026/09/16 21:54:12 INFO end lazy group evaluation field=Container.withMountedTemp group=metadata duration=604.57µs
2026/09/16 21:54:12 INFO start lazy group evaluation field=test.base group=metadata
2026/09/16 21:54:12 INFO start lazy group evaluation field=test.base group=metadata
2026/09/16 21:54:12 INFO discarding dagql cache without persistence hasSQLDB=false hasPersistDB=false
2026/09/16 21:54:12 INFO end lazy group evaluation field=test.base group=metadata duration=91.39µs
2026/09/16 21:54:12 INFO end lazy group evaluation field=test.base group=metadata duration=167.859µs
2026/09/16 21:54:12 INFO start lazy group evaluation field=Container.withUnixSocket group=metadata
2026/09/16 21:54:12 INFO end lazy group evaluation field=Container.withMountedCache group=metadata duration=710.909µs
2026/09/16 21:54:12 INFO start lazy group evaluation field=Container.withMountedSecret group=metadata
2026/09/16 21:54:12 INFO start lazy group evaluation field=test.base group=metadata
2026/09/16 21:54:12 INFO end lazy group evaluation field=Container.withoutUnixSocket group=metadata duration=747.339µs
2026/09/16 21:54:12 INFO start lazy group evaluation field=Container.withoutMount group=metadata
2026/09/16 21:54:12 INFO end lazy group evaluation field=test.base group=metadata duration=90.32µs
2026/09/16 21:54:12 INFO start lazy group evaluation field=test.base group=metadata
2026/09/16 21:54:12 INFO start lazy group evaluation field=test.base group=metadata
2026/09/16 21:54:12 INFO end lazy group evaluation field=test.base group=metadata duration=36.57µs
2026/09/16 21:54:12 INFO discarding dagql cache without persistence hasSQLDB=false hasPersistDB=false
2026/09/16 21:54:12 INFO end lazy group evaluation field=test.base group=metadata duration=92.59µs
2026/09/16 21:54:12 INFO end lazy group evaluation field=Container.withUnixSocket group=metadata duration=595.13µs
2026/09/16 21:54:12 INFO end lazy group evaluation field=Container.withoutMount group=metadata duration=306.87µs
2026/09/16 21:54:12 INFO start lazy group evaluation field=Container.withMountedCache group=metadata
2026/09/16 21:54:12 INFO discarding dagql cache without persistence hasSQLDB=false hasPersistDB=false
2026/09/16 21:54:12 INFO end lazy group evaluation field=Container.withMountedSecret group=metadata duration=628.63µs
2026/09/16 21:54:12 INFO start lazy group evaluation field=Container.withMountedVolume group=metadata
2026/09/16 21:54:12 INFO start lazy group evaluation field=test.base group=metadata
2026/09/16 21:54:12 INFO discarding dagql cache without persistence hasSQLDB=false hasPersistDB=false
2026/09/16 21:54:12 INFO end lazy group evaluation field=test.base group=metadata duration=28.88µs
2026/09/16 21:54:12 INFO discarding dagql cache without persistence hasSQLDB=false hasPersistDB=false
2026/09/16 21:54:12 INFO end lazy group evaluation field=Container.withMountedCache group=metadata duration=516.339µs
2026/09/16 21:54:12 INFO start lazy group evaluation field=test.base group=metadata
2026/09/16 21:54:12 INFO discarding dagql cache without persistence hasSQLDB=false hasPersistDB=false
2026/09/16 21:54:12 INFO end lazy group evaluation field=test.base group=metadata duration=68.84µs
2026/09/16 21:54:12 INFO start lazy group evaluation field=Container.withMountedCache group=fs
2026/09/16 21:54:12 INFO start lazy group evaluation field=test.base group=fs
2026/09/16 21:54:12 INFO start lazy group evaluation field=Container.withMountedCache group=execMeta
2026/09/16 21:54:12 INFO end lazy group evaluation field=test.base group=fs duration=27.03µs
2026/09/16 21:54:12 INFO end lazy group evaluation field=Container.withMountedVolume group=metadata duration=643.3µs
2026/09/16 21:54:12 INFO start lazy group evaluation field=test.base group=execMeta
2026/09/16 21:54:12 INFO discarding dagql cache without persistence hasSQLDB=false hasPersistDB=false
2026/09/16 21:54:12 INFO end lazy group evaluation field=Container.withMountedCache group=fs duration=379.719µs
2026/09/16 21:54:12 INFO end lazy group evaluation field=test.base group=execMeta duration=47.599µs
2026/09/16 21:54:12 INFO end lazy group evaluation field=Container.withMountedCache group=execMeta duration=489.339µs
2026/09/16 21:54:12 INFO discarding dagql cache without persistence hasSQLDB=false hasPersistDB=false
--- PASS: TestContainerMetadataOnlyMountMutationParts (0.00s)
    --- PASS: TestContainerMetadataOnlyMountMutationParts/mounted_temp (0.00s)
    --- PASS: TestContainerMetadataOnlyMountMutationParts/mounted_cache (0.00s)
    --- PASS: TestContainerMetadataOnlyMountMutationParts/without_mount (0.00s)
    --- PASS: TestContainerMetadataOnlyMountMutationParts/with_unix_socket (0.00s)
    --- PASS: TestContainerMetadataOnlyMountMutationParts/without_unix_socket (0.00s)
    --- PASS: TestContainerMetadataOnlyMountMutationParts/mounted_secret (0.00s)
    --- PASS: TestContainerMetadataOnlyMountMutationParts/mounted_volume (0.00s)
    --- PASS: TestContainerMetadataOnlyMountMutationParts/mounted_cache_shadows_snapshot_mount (0.01s)
=== RUN   TestContainerMetadataMountNamedOwnerReadsParentRootFS
=== RUN   TestContainerMetadataMountNamedOwnerReadsParentRootFS/mounted_secret
=== PAUSE TestContainerMetadataMountNamedOwnerReadsParentRootFS/mounted_secret
=== RUN   TestContainerMetadataMountNamedOwnerReadsParentRootFS/unix_socket
=== PAUSE TestContainerMetadataMountNamedOwnerReadsParentRootFS/unix_socket
=== CONT  TestContainerMetadataMountNamedOwnerReadsParentRootFS/unix_socket
=== CONT  TestContainerMetadataMountNamedOwnerReadsParentRootFS/mounted_secret
2026/09/16 21:54:12 INFO start lazy group evaluation field=Container.withUnixSocket group=metadata
2026/09/16 21:54:12 INFO start lazy group evaluation field=test.base group=metadata
2026/09/16 21:54:12 INFO end lazy group evaluation field=test.base group=metadata duration=22.4µs
2026/09/16 21:54:12 INFO end lazy group evaluation field=Container.withUnixSocket group=metadata duration=197.28µs err="open /etc/passwd: failed to get server: current query: no query in context"
2026/09/16 21:54:12 INFO discarding dagql cache without persistence hasSQLDB=false hasPersistDB=false
2026/09/16 21:54:12 INFO start lazy group evaluation field=Container.withMountedSecret group=metadata
2026/09/16 21:54:12 INFO start lazy group evaluation field=test.base group=metadata
2026/09/16 21:54:12 INFO end lazy group evaluation field=test.base group=metadata duration=24.18µs
2026/09/16 21:54:12 INFO end lazy group evaluation field=Container.withMountedSecret group=metadata duration=280.13µs err="open /etc/passwd: failed to get server: current query: no query in context"
2026/09/16 21:54:12 INFO discarding dagql cache without persistence hasSQLDB=false hasPersistDB=false
--- PASS: TestContainerMetadataMountNamedOwnerReadsParentRootFS (0.00s)
    --- PASS: TestContainerMetadataMountNamedOwnerReadsParentRootFS/unix_socket (0.00s)
    --- PASS: TestContainerMetadataMountNamedOwnerReadsParentRootFS/mounted_secret (0.00s)
=== RUN   TestContainerMountedSourceWriterParts
=== RUN   TestContainerMountedSourceWriterParts/directory
=== PAUSE TestContainerMountedSourceWriterParts/directory
=== RUN   TestContainerMountedSourceWriterParts/file
=== PAUSE TestContainerMountedSourceWriterParts/file
=== RUN   TestContainerMountedSourceWriterParts/dockerfile_compatible_directory
=== PAUSE TestContainerMountedSourceWriterParts/dockerfile_compatible_directory
=== CONT  TestContainerMountedSourceWriterParts/directory
=== CONT  TestContainerMountedSourceWriterParts/dockerfile_compatible_directory
=== CONT  TestContainerMountedSourceWriterParts/file
2026/09/16 21:54:12 INFO start lazy group evaluation field=Container.withMountedFile group=metadata
2026/09/16 21:54:12 INFO start lazy group evaluation field=test.base group=metadata
2026/09/16 21:54:12 INFO end lazy group evaluation field=test.base group=metadata duration=23.31µs
2026/09/16 21:54:12 INFO end lazy group evaluation field=Container.withMountedFile group=metadata duration=215.18µs
2026/09/16 21:54:12 INFO start lazy group evaluation field=Container.withMountedFile group=write
2026/09/16 21:54:12 INFO start lazy evaluation field=test.fileSource
2026/09/16 21:54:12 INFO end lazy evaluation field=test.fileSource duration=24.54µs
2026/09/16 21:54:12 INFO end lazy group evaluation field=Container.withMountedFile group=write duration=186.28µs
2026/09/16 21:54:12 INFO start lazy group evaluation field=Container.withMountedPathDockerfileCompat group=metadata
2026/09/16 21:54:12 INFO start lazy group evaluation field=Container.withMountedFile group=mount:/existing
2026/09/16 21:54:12 INFO start lazy group evaluation field=test.base group=mount:/existing
2026/09/16 21:54:12 INFO start lazy group evaluation field=Container.withMountedDirectory group=metadata
2026/09/16 21:54:12 INFO end lazy group evaluation field=test.base group=mount:/existing duration=24.2µs
2026/09/16 21:54:12 INFO start lazy group evaluation field=test.base group=metadata
2026/09/16 21:54:12 INFO end lazy group evaluation field=Container.withMountedFile group=mount:/existing duration=192.85µs
2026/09/16 21:54:12 INFO end lazy group evaluation field=test.base group=metadata duration=44.11µs
2026/09/16 21:54:12 INFO start lazy group evaluation field=test.base group=metadata
2026/09/16 21:54:12 INFO end lazy group evaluation field=Container.withMountedPathDockerfileCompat group=metadata duration=442.56µs
2026/09/16 21:54:12 INFO start lazy group evaluation field=Container.withMountedFile group=execMeta
2026/09/16 21:54:12 INFO end lazy group evaluation field=test.base group=metadata duration=55.79µs
2026/09/16 21:54:12 INFO start lazy group evaluation field=test.base group=execMeta
2026/09/16 21:54:12 INFO end lazy group evaluation field=test.base group=execMeta duration=19.07µs
2026/09/16 21:54:12 INFO end lazy group evaluation field=Container.withMountedDirectory group=metadata duration=517.509µs
2026/09/16 21:54:12 INFO start lazy group evaluation field=Container.withMountedFile group=fs
2026/09/16 21:54:12 INFO start lazy group evaluation field=Container.withMountedPathDockerfileCompat group=write
2026/09/16 21:54:12 INFO start lazy group evaluation field=Container.withMountedDirectory group=write
2026/09/16 21:54:12 INFO start lazy group evaluation field=test.base group=fs
2026/09/16 21:54:12 INFO start lazy evaluation field=test.directorySource
2026/09/16 21:54:12 INFO end lazy group evaluation field=test.base group=fs duration=66.17µs
2026/09/16 21:54:12 INFO end lazy evaluation field=test.directorySource duration=189.26µs
2026/09/16 21:54:12 INFO start lazy evaluation field=test.directorySource
2026/09/16 21:54:12 INFO end lazy evaluation field=test.directorySource duration=72.08µs
2026/09/16 21:54:12 INFO end lazy group evaluation field=Container.withMountedPathDockerfileCompat group=write duration=670.699µs
2026/09/16 21:54:12 INFO end lazy group evaluation field=Container.withMountedDirectory group=write duration=472.579µs
2026/09/16 21:54:12 INFO end lazy group evaluation field=Container.withMountedFile group=fs duration=890.589µs
2026/09/16 21:54:12 INFO start lazy group evaluation field=Container.withMountedPathDockerfileCompat group=mount:/existing
2026/09/16 21:54:12 INFO end lazy group evaluation field=Container.withMountedFile group=execMeta duration=1.223999ms
2026/09/16 21:54:12 INFO start lazy group evaluation field=Container.withMountedDirectory group=mount:/existing
2026/09/16 21:54:12 INFO start lazy group evaluation field=test.base group=mount:/existing
2026/09/16 21:54:12 INFO start lazy group evaluation field=test.base group=mount:/existing
2026/09/16 21:54:12 INFO end lazy group evaluation field=test.base group=mount:/existing duration=205.39µs
2026/09/16 21:54:12 INFO discarding dagql cache without persistence hasSQLDB=false hasPersistDB=false
2026/09/16 21:54:12 INFO end lazy group evaluation field=test.base group=mount:/existing duration=72.18µs
2026/09/16 21:54:12 INFO end lazy group evaluation field=Container.withMountedPathDockerfileCompat group=mount:/existing duration=613.019µs
2026/09/16 21:54:12 INFO end lazy group evaluation field=Container.withMountedDirectory group=mount:/existing duration=671.429µs
2026/09/16 21:54:12 INFO start lazy group evaluation field=Container.withMountedPathDockerfileCompat group=execMeta
2026/09/16 21:54:12 INFO start lazy group evaluation field=Container.withMountedPathDockerfileCompat group=fs
2026/09/16 21:54:12 INFO start lazy group evaluation field=test.base group=fs
2026/09/16 21:54:12 INFO start lazy group evaluation field=Container.withMountedDirectory group=fs
2026/09/16 21:54:12 INFO start lazy group evaluation field=Container.withMountedDirectory group=execMeta
2026/09/16 21:54:12 INFO end lazy group evaluation field=test.base group=fs duration=60.13µs
2026/09/16 21:54:12 INFO start lazy group evaluation field=test.base group=execMeta
2026/09/16 21:54:12 INFO start lazy group evaluation field=test.base group=fs
2026/09/16 21:54:12 INFO start lazy group evaluation field=test.base group=execMeta
2026/09/16 21:54:12 INFO end lazy group evaluation field=test.base group=execMeta duration=27.59µs
2026/09/16 21:54:12 INFO end lazy group evaluation field=test.base group=execMeta duration=67.77µs
2026/09/16 21:54:12 INFO end lazy group evaluation field=test.base group=fs duration=56.5µs
2026/09/16 21:54:12 INFO end lazy group evaluation field=Container.withMountedDirectory group=execMeta duration=411.399µs
2026/09/16 21:54:12 INFO end lazy group evaluation field=Container.withMountedPathDockerfileCompat group=fs duration=950.459µs
2026/09/16 21:54:12 INFO end lazy group evaluation field=Container.withMountedDirectory group=fs duration=634.909µs
2026/09/16 21:54:12 INFO end lazy group evaluation field=Container.withMountedPathDockerfileCompat group=execMeta duration=1.108199ms
2026/09/16 21:54:12 INFO discarding dagql cache without persistence hasSQLDB=false hasPersistDB=false
2026/09/16 21:54:12 INFO discarding dagql cache without persistence hasSQLDB=false hasPersistDB=false
--- PASS: TestContainerMountedSourceWriterParts (0.00s)
    --- PASS: TestContainerMountedSourceWriterParts/file (0.00s)
    --- PASS: TestContainerMountedSourceWriterParts/directory (0.01s)
    --- PASS: TestContainerMountedSourceWriterParts/dockerfile_compatible_directory (0.01s)
=== RUN   TestContainerMountedSourceWriterNamedOwner
=== RUN   TestContainerMountedSourceWriterNamedOwner/directory
=== PAUSE TestContainerMountedSourceWriterNamedOwner/directory
=== RUN   TestContainerMountedSourceWriterNamedOwner/file
=== PAUSE TestContainerMountedSourceWriterNamedOwner/file
=== CONT  TestContainerMountedSourceWriterNamedOwner/file
=== CONT  TestContainerMountedSourceWriterNamedOwner/directory
2026/09/16 21:54:12 INFO start lazy group evaluation field=Container.withMountedFile group=metadata
2026/09/16 21:54:12 INFO start lazy group evaluation field=Container.withMountedDirectory group=metadata
2026/09/16 21:54:12 INFO start lazy group evaluation field=test.base group=metadata
2026/09/16 21:54:12 INFO end lazy group evaluation field=test.base group=metadata duration=85.67µs
2026/09/16 21:54:12 INFO start lazy group evaluation field=test.base group=metadata
2026/09/16 21:54:12 INFO end lazy group evaluation field=test.base group=metadata duration=70.8µs
2026/09/16 21:54:12 INFO end lazy group evaluation field=Container.withMountedFile group=metadata duration=592.14µs
2026/09/16 21:54:12 INFO end lazy group evaluation field=Container.withMountedDirectory group=metadata duration=601.2µs
2026/09/16 21:54:12 INFO start lazy group evaluation field=Container.withMountedFile group=write
2026/09/16 21:54:12 INFO start lazy group evaluation field=Container.withMountedDirectory group=write
2026/09/16 21:54:12 INFO end lazy group evaluation field=Container.withMountedFile group=write duration=148.22µs err="open /etc/passwd: failed to get server: current query: no query in context"
2026/09/16 21:54:12 INFO end lazy group evaluation field=Container.withMountedDirectory group=write duration=152.71µs err="open /etc/passwd: failed to get server: current query: no query in context"
2026/09/16 21:54:12 INFO discarding dagql cache without persistence hasSQLDB=false hasPersistDB=false
2026/09/16 21:54:12 INFO discarding dagql cache without persistence hasSQLDB=false hasPersistDB=false
--- PASS: TestContainerMountedSourceWriterNamedOwner (0.00s)
    --- PASS: TestContainerMountedSourceWriterNamedOwner/file (0.00s)
    --- PASS: TestContainerMountedSourceWriterNamedOwner/directory (0.00s)
=== RUN   TestContainerMountedSourceWriterShadowsNestedMount
2026/09/16 21:54:12 INFO start lazy group evaluation field=Container.withMountedDirectory group=metadata
2026/09/16 21:54:12 INFO start lazy group evaluation field=test.base group=metadata
2026/09/16 21:54:12 INFO end lazy group evaluation field=test.base group=metadata duration=58.08µs
2026/09/16 21:54:12 INFO end lazy group evaluation field=Container.withMountedDirectory group=metadata duration=467.87µs
2026/09/16 21:54:12 INFO start lazy group evaluation field=Container.withMountedDirectory group=fs
2026/09/16 21:54:12 INFO start lazy group evaluation field=Container.withMountedDirectory group=write
2026/09/16 21:54:12 INFO start lazy group evaluation field=test.base group=fs
2026/09/16 21:54:12 INFO start lazy evaluation field=test.directorySource
2026/09/16 21:54:12 INFO end lazy group evaluation field=test.base group=fs duration=67.6µs
2026/09/16 21:54:12 INFO end lazy evaluation field=test.directorySource duration=67.61µs
2026/09/16 21:54:12 INFO end lazy group evaluation field=Container.withMountedDirectory group=write duration=539.969µs
2026/09/16 21:54:12 INFO end lazy group evaluation field=Container.withMountedDirectory group=fs duration=586.279µs
2026/09/16 21:54:12 INFO start lazy group evaluation field=Container.withMountedDirectory group=execMeta
2026/09/16 21:54:12 INFO start lazy group evaluation field=test.base group=execMeta
2026/09/16 21:54:12 INFO end lazy group evaluation field=test.base group=execMeta duration=83.06µs
2026/09/16 21:54:12 INFO end lazy group evaluation field=Container.withMountedDirectory group=execMeta duration=638.45µs
2026/09/16 21:54:12 INFO discarding dagql cache without persistence hasSQLDB=false hasPersistDB=false
--- PASS: TestContainerMountedSourceWriterShadowsNestedMount (0.00s)
=== RUN   TestDockerfileCompatMountSourceIsFile
=== RUN   TestDockerfileCompatMountSourceIsFile/empty_root
=== RUN   TestDockerfileCompatMountSourceIsFile/absolute_dot_root
=== RUN   TestDockerfileCompatMountSourceIsFile/relative_dot_root
=== RUN   TestDockerfileCompatMountSourceIsFile/relative_directory
=== RUN   TestDockerfileCompatMountSourceIsFile/directory_with_trailing_slash
=== RUN   TestDockerfileCompatMountSourceIsFile/file_with_trailing_slash
--- PASS: TestDockerfileCompatMountSourceIsFile (0.00s)
    --- PASS: TestDockerfileCompatMountSourceIsFile/empty_root (0.00s)
    --- PASS: TestDockerfileCompatMountSourceIsFile/absolute_dot_root (0.00s)
    --- PASS: TestDockerfileCompatMountSourceIsFile/relative_dot_root (0.00s)
    --- PASS: TestDockerfileCompatMountSourceIsFile/relative_directory (0.00s)
    --- PASS: TestDockerfileCompatMountSourceIsFile/directory_with_trailing_slash (0.00s)
    --- PASS: TestDockerfileCompatMountSourceIsFile/file_with_trailing_slash (0.00s)
=== RUN   TestContainerPathWriterRouting
=== RUN   TestContainerPathWriterRouting/rootfs
=== PAUSE TestContainerPathWriterRouting/rootfs
=== RUN   TestContainerPathWriterRouting/mount
=== PAUSE TestContainerPathWriterRouting/mount
=== CONT  TestContainerPathWriterRouting/rootfs
=== CONT  TestContainerPathWriterRouting/mount
2026/09/16 21:54:12 INFO start lazy group evaluation field=Container.withDirectory group=metadata
2026/09/16 21:54:12 INFO start lazy group evaluation field=Container.withDirectory group=metadata
2026/09/16 21:54:12 INFO start lazy group evaluation field=test.base group=metadata
2026/09/16 21:54:12 INFO end lazy group evaluation field=test.base group=metadata duration=62.59µs
2026/09/16 21:54:12 INFO start lazy group evaluation field=test.base group=metadata
2026/09/16 21:54:12 INFO end lazy group evaluation field=test.base group=metadata duration=61.98µs
2026/09/16 21:54:12 INFO end lazy group evaluation field=Container.withDirectory group=metadata duration=577.689µs
2026/09/16 21:54:12 INFO end lazy group evaluation field=Container.withDirectory group=metadata duration=706.229µs
2026/09/16 21:54:12 INFO start lazy group evaluation field=Container.withDirectory group=write
2026/09/16 21:54:12 INFO start lazy group evaluation field=Container.withDirectory group=write
2026/09/16 21:54:12 INFO start lazy evaluation field=test.directorySource
2026/09/16 21:54:12 INFO start lazy group evaluation field=test.base group=mount:/m
2026/09/16 21:54:12 INFO start lazy group evaluation field=test.base group=fs
2026/09/16 21:54:12 INFO end lazy evaluation field=test.directorySource duration=87.49µs
2026/09/16 21:54:12 INFO start lazy evaluation field=test.directorySource
2026/09/16 21:54:12 INFO end lazy group evaluation field=test.base group=mount:/m duration=88.52µs
2026/09/16 21:54:12 INFO end lazy group evaluation field=test.base group=fs duration=95.2µs
2026/09/16 21:54:12 INFO end lazy evaluation field=test.directorySource duration=215.46µs
2026/09/16 21:54:12 INFO end lazy group evaluation field=Container.withDirectory group=write duration=876.589µs err="failed to get dagql server: current query: no query in context"
2026/09/16 21:54:12 INFO end lazy group evaluation field=Container.withDirectory group=write duration=973.189µs err="failed to get dagql server: current query: no query in context"
2026/09/16 21:54:12 INFO discarding dagql cache without persistence hasSQLDB=false hasPersistDB=false
2026/09/16 21:54:12 INFO discarding dagql cache without persistence hasSQLDB=false hasPersistDB=false
--- PASS: TestContainerPathWriterRouting (0.00s)
    --- PASS: TestContainerPathWriterRouting/rootfs (0.00s)
    --- PASS: TestContainerPathWriterRouting/mount (0.00s)
=== RUN   TestContainerPathWriterExactMountRemoval
=== RUN   TestContainerPathWriterExactMountRemoval/with_directory_removes_file_mount
2026/09/16 21:54:12 INFO start lazy group evaluation field=Container.withDirectory group=metadata
2026/09/16 21:54:12 INFO start lazy group evaluation field=test.base group=metadata
2026/09/16 21:54:12 INFO end lazy group evaluation field=test.base group=metadata duration=45.12µs
2026/09/16 21:54:12 INFO end lazy group evaluation field=Container.withDirectory group=metadata duration=380.43µs
2026/09/16 21:54:12 INFO discarding dagql cache without persistence hasSQLDB=false hasPersistDB=false
=== RUN   TestContainerPathWriterExactMountRemoval/with_file_removes_directory_mount
2026/09/16 21:54:12 INFO start lazy group evaluation field=Container.withFile group=metadata
2026/09/16 21:54:12 INFO start lazy group evaluation field=test.base group=metadata
2026/09/16 21:54:12 INFO end lazy group evaluation field=test.base group=metadata duration=46.91µs
2026/09/16 21:54:12 INFO end lazy group evaluation field=Container.withFile group=metadata duration=493.55µs
2026/09/16 21:54:12 INFO discarding dagql cache without persistence hasSQLDB=false hasPersistDB=false
--- PASS: TestContainerPathWriterExactMountRemoval (0.01s)
    --- PASS: TestContainerPathWriterExactMountRemoval/with_directory_removes_file_mount (0.00s)
    --- PASS: TestContainerPathWriterExactMountRemoval/with_file_removes_directory_mount (0.00s)
=== RUN   TestContainerWithoutPathFullEvaluationWithEmptyRootFS
2026/09/16 21:54:12 INFO start lazy group evaluation field=Container.withoutPath group=metadata
2026/09/16 21:54:12 INFO end lazy group evaluation field=Container.withoutPath group=metadata duration=118.02µs
2026/09/16 21:54:12 INFO start lazy group evaluation field=Container.withoutPath group=execMeta
2026/09/16 21:54:12 INFO end lazy group evaluation field=Container.withoutPath group=execMeta duration=52.3µs
2026/09/16 21:54:12 INFO start lazy group evaluation field=Container.withoutPath group=write
2026/09/16 21:54:12 INFO end lazy group evaluation field=Container.withoutPath group=write duration=159.43µs
2026/09/16 21:54:12 INFO discarding dagql cache without persistence hasSQLDB=false hasPersistDB=false
--- PASS: TestContainerWithoutPathFullEvaluationWithEmptyRootFS (0.00s)
=== RUN   TestContainerWithoutPathsJointWriteGroup
--- PASS: TestContainerWithoutPathsJointWriteGroup (0.00s)
=== RUN   TestContainerGetVariantRefsEvaluatesImageParts
2026/09/16 21:54:12 INFO start lazy group evaluation field=test.base group=metadata
2026/09/16 21:54:12 INFO end lazy group evaluation field=test.base group=metadata duration=69.629µs
2026/09/16 21:54:12 INFO start lazy group evaluation field=test.base group=fs
2026/09/16 21:54:12 INFO end lazy group evaluation field=test.base group=fs duration=51.74µs
2026/09/16 21:54:12 INFO discarding dagql cache without persistence hasSQLDB=false hasPersistDB=false
--- PASS: TestContainerGetVariantRefsEvaluatesImageParts (0.00s)
=== RUN   TestContainerMetadataChainLeavesSnapshotGroupsPending
=== PAUSE TestContainerMetadataChainLeavesSnapshotGroupsPending
=== RUN   TestContainerDirectEvaluateRunsRefinedGroups
=== PAUSE TestContainerDirectEvaluateRunsRefinedGroups
=== RUN   TestContainerDelegationOverwritesStalePreCopiedAccessor
=== PAUSE TestContainerDelegationOverwritesStalePreCopiedAccessor
=== RUN   TestContainerConcurrentGroupCompletionRetainsLazy
=== PAUSE TestContainerConcurrentGroupCompletionRetainsLazy
=== RUN   TestContainerRoutingReadsRaceRefinedCompletion
=== PAUSE TestContainerRoutingReadsRaceRefinedCompletion
=== RUN   TestContainerRoutingReadsRaceUnrefinedCompletion
=== PAUSE TestContainerRoutingReadsRaceUnrefinedCompletion
=== RUN   TestContainerHasPendingFallbackRacesDirectCompletion
=== PAUSE TestContainerHasPendingFallbackRacesDirectCompletion
=== RUN   TestContainerRestoreIndependentParts
2026/09/16 21:54:12 INFO start lazy group evaluation field="Container stored part" group=open:fs
2026/09/16 21:54:12 INFO end lazy group evaluation field="Container stored part" group=open:fs duration=114.78µs
2026/09/16 21:54:12 INFO start lazy group evaluation field="Container stored part" group=open:execMeta
2026/09/16 21:54:12 INFO end lazy group evaluation field="Container stored part" group=open:execMeta duration=144.339µs
2026/09/16 21:54:12 INFO discarding dagql cache without persistence hasSQLDB=false hasPersistDB=false
--- PASS: TestContainerRestoreIndependentParts (0.00s)
=== RUN   TestContainerRestoreAttachedMetadataLeavesFSUntouched
2026/09/16 21:54:12 INFO start lazy group evaluation field="Container stored part" group=open:fs
2026/09/16 21:54:12 INFO end lazy group evaluation field="Container stored part" group=open:fs duration=92.749µs
2026/09/16 21:54:12 INFO start lazy group evaluation field=Container.withLabel group=fs
2026/09/16 21:54:12 INFO end lazy group evaluation field=Container.withLabel group=fs duration=115.52µs
2026/09/16 21:54:12 INFO start lazy group evaluation field=Container.withLabel group=execMeta
2026/09/16 21:54:12 INFO end lazy group evaluation field=Container.withLabel group=execMeta duration=71.01µs
2026/09/16 21:54:12 INFO discarding dagql cache without persistence hasSQLDB=false hasPersistDB=false
--- PASS: TestContainerRestoreAttachedMetadataLeavesFSUntouched (0.00s)
=== RUN   TestContainerRestoreConcurrentParts
2026/09/16 21:54:12 INFO start lazy group evaluation field="Container stored part" group=open:fs
2026/09/16 21:54:12 INFO start lazy group evaluation field="Container stored part" group=open:execMeta
2026/09/16 21:54:12 INFO end lazy group evaluation field="Container stored part" group=open:execMeta duration=79.31µs
2026/09/16 21:54:12 INFO end lazy group evaluation field="Container stored part" group=open:fs duration=563.26µs
2026/09/16 21:54:12 INFO discarding dagql cache without persistence hasSQLDB=false hasPersistDB=false
--- PASS: TestContainerRestoreConcurrentParts (0.00s)
=== RUN   TestContainerRestoreOpenFailureKeepsRecipeConsumed
2026/09/16 21:54:12 INFO start lazy group evaluation field="Container stored part" group=open:fs
2026/09/16 21:54:12 INFO end lazy group evaluation field="Container stored part" group=open:fs duration=114.67µs err="open stored container part \"fs\": stored snapshot temporarily unavailable"
2026/09/16 21:54:12 INFO start lazy group evaluation field="Container stored part" group=open:fs
2026/09/16 21:54:12 INFO end lazy group evaluation field="Container stored part" group=open:fs duration=79.68µs
2026/09/16 21:54:12 INFO start lazy group evaluation field=test.base group=execMeta
2026/09/16 21:54:12 INFO end lazy group evaluation field=test.base group=execMeta duration=47.22µs
2026/09/16 21:54:12 INFO discarding dagql cache without persistence hasSQLDB=false hasPersistDB=false
--- PASS: TestContainerRestoreOpenFailureKeepsRecipeConsumed (0.00s)
=== RUN   TestContainerRestoreReportingAndBookkeepingRetry
=== RUN   TestContainerRestoreReportingAndBookkeepingRetry/stored_only
2026/09/16 21:54:12 INFO start lazy group evaluation field="Container stored part" group=open:fs
2026/09/16 21:54:12 INFO end lazy group evaluation field="Container stored part" group=open:fs duration=165.53µs
2026/09/16 21:54:12 INFO discarding dagql cache without persistence hasSQLDB=false hasPersistDB=false
=== RUN   TestContainerRestoreReportingAndBookkeepingRetry/pending_sibling
2026/09/16 21:54:12 INFO start lazy group evaluation field="Container stored part" group=open:fs
2026/09/16 21:54:12 INFO end lazy group evaluation field="Container stored part" group=open:fs duration=115.31µs
2026/09/16 21:54:12 INFO start lazy group evaluation field=test.base group=execMeta
2026/09/16 21:54:12 INFO end lazy group evaluation field=test.base group=execMeta duration=63.75µs
2026/09/16 21:54:12 INFO discarding dagql cache without persistence hasSQLDB=false hasPersistDB=false
--- PASS: TestContainerRestoreReportingAndBookkeepingRetry (0.01s)
    --- PASS: TestContainerRestoreReportingAndBookkeepingRetry/stored_only (0.00s)
    --- PASS: TestContainerRestoreReportingAndBookkeepingRetry/pending_sibling (0.00s)
=== RUN   TestContainerRestoreSnapshotOwnershipAndRelease
2000/01/01 00:00:00 INFO start lazy group evaluation field="Container stored part" group=open:fs
2000/01/01 00:00:00 INFO end lazy group evaluation field="Container stored part" group=open:fs duration=0s
2000/01/01 00:00:00 INFO start lazy group evaluation field="Container stored part" group=open:fs
2000/01/01 00:00:00 INFO end lazy group evaluation field="Container stored part" group=open:fs duration=0s
2000/01/01 00:00:00 INFO discarding dagql cache without persistence hasSQLDB=false hasPersistDB=false
--- PASS: TestContainerRestoreSnapshotOwnershipAndRelease (0.00s)
=== RUN   TestContainerRestoreAttemptLifetime
=== RUN   TestContainerRestoreAttemptLifetime/cancel_leader_with_healthy_waiter
2000/01/01 00:00:00 INFO start lazy group evaluation field="Container stored part" group=open:fs
2000/01/01 00:00:00 INFO end lazy group evaluation field="Container stored part" group=open:fs duration=0s
2000/01/01 00:00:00 INFO discarding dagql cache without persistence hasSQLDB=false hasPersistDB=false
=== RUN   TestContainerRestoreAttemptLifetime/release_during_open
2000/01/01 00:00:00 INFO start lazy group evaluation field="Container stored part" group=open:fs
2000/01/01 00:00:00 INFO end lazy group evaluation field="Container stored part" group=open:fs duration=0s
2000/01/01 00:00:00 INFO discarding dagql cache without persistence hasSQLDB=false hasPersistDB=false
--- PASS: TestContainerRestoreAttemptLifetime (0.01s)
    --- PASS: TestContainerRestoreAttemptLifetime/cancel_leader_with_healthy_waiter (0.00s)
    --- PASS: TestContainerRestoreAttemptLifetime/release_during_open (0.00s)
=== RUN   TestContainerDirectorySelectorReturnsRootFSErrorBeforeSelection
=== PAUSE TestContainerDirectorySelectorReturnsRootFSErrorBeforeSelection
=== RUN   TestContainerDirectorySelectorLeavesSiblingMountsPending
=== PAUSE TestContainerDirectorySelectorLeavesSiblingMountsPending
=== RUN   TestContainerShutdownPersistenceWaitsForReader
=== RUN   TestContainerShutdownPersistenceWaitsForReader/pending
2026/09/16 21:54:12 INFO start lazy group evaluation field=Container.withLabel group=metadata
2026/09/16 21:54:12 INFO end lazy group evaluation field=Container.withLabel group=metadata duration=130.55µs
2026/09/16 21:54:12 INFO starting dagql cache close hasSQLDB=true hasPersistDB=true
    container_shutdown_persistence_test.go:106: observed shutdown waiting for the read-only latch:
        goroutine 737 [sync.Mutex.Lock]:
        internal/sync.runtime_SemacquireMutex(0x0?, 0x30?, 0x0?)
        	/home/exedev/go/pkg/mod/golang.org/toolchain@v0.0.1-go1.26.6.linux-amd64/src/runtime/sema.go:95 +0x25
        internal/sync.(*Mutex).lockSlow(0xc0005205a8)
        	/home/exedev/go/pkg/mod/golang.org/toolchain@v0.0.1-go1.26.6.linux-amd64/src/internal/sync/mutex.go:149 +0x1f3
        internal/sync.(*Mutex).Lock(0xc0005205a8)
        	/home/exedev/go/pkg/mod/golang.org/toolchain@v0.0.1-go1.26.6.linux-amd64/src/internal/sync/mutex.go:70 +0x45
        sync.(*Mutex).Lock(0x89eae60?)
        	/home/exedev/go/pkg/mod/golang.org/toolchain@v0.0.1-go1.26.6.linux-amd64/src/sync/mutex.go:46 +0x15
        github.com/dagger/dagger/core.(*Container).lockForPersistence(0xc000dd8908, 0x1)
        	/home/exedev/.tailcall/worktrees/dagger-a7378ed8352b/remote-cache-b4-acquisition-implementer-a22b8169-585bbf9d/core/container_persistence.go:116 +0x133
        github.com/dagger/dagger/core.(*Container).EncodePersistedObject(0xc000dd8908, {0x60517e8, 0xc000770090}, 0xc00046e080)
        	/home/exedev/.tailcall/worktrees/dagger-a7378ed8352b/remote-cache-b4-acquisition-implementer-a22b8169-585bbf9d/core/container_persistence.go:51 +0x185
        github.com/dagger/dagger/dagql.encodePersistedResultEnvelope({0x60517e8, 0xc000770090}, 0xc00046e080, {0x6087310, _}, _)
        	/home/exedev/.tailcall/worktrees/dagger-a7378ed8352b/remote-cache-b4-acquisition-implementer-a22b8169-585bbf9d/dagql/cache_persistence_self.go:227 +0x90c
        github.com/dagger/dagger/dagql.defaultPersistedSelfCodec.EncodeResult({}, {0x60517e8, 0xc000770090}, {0x6014a40, 0xc000dd8308}, {_, _})
        	/home/exedev/.tailcall/worktrees/dagger-a7378ed8352b/remote-cache-b4-acquisition-implementer-a22b8169-585bbf9d/dagql/cache_persistence_self.go:123 +0x309
        github.com/dagger/dagger/dagql.(*Cache).persistResultEnvelope(0xc000dd8308, {0x60517e8, 0xc000ddc1e0}, 0xc00032ba28)
        	/home/exedev/.tailcall/worktrees/dagger-a7378ed8352b/remote-cache-b4-acquisition-implementer-a22b8169-585bbf9d/dagql/cache_persistence_worker.go:538 +0x87f
        github.com/dagger/dagger/dagql.(*Cache).snapshotPersistState(_, {_, _})
        	/home/exedev/.tailcall/worktrees/dagger-a7378ed8352b/remote-cache-b4-acquisition-implementer-a22b8169-585bbf9d/dagql/cache_persistence_worker.go:258 +0x3d89
        github.com/dagger/dagger/dagql.(*Cache).persistCurrentState(0xc000dd8308, {0x60517e8, 0xc000ddc1e0})
        	/home/exedev/.tailcall/worktrees/dagger-a7378ed8352b/remote-cache-b4-acquisition-implementer-a22b8169-585bbf9d/dagql/cache_persistence_worker.go:19 +0xe7
        github.com/dagger/dagger/core.TestContainerShutdownPersistenceWaitsForReader.func1.4.(*Cache).Close.1()
        	/home/exedev/.tailcall/worktrees/dagger-a7378ed8352b/remote-cache-b4-acquisition-implementer-a22b8169-585bbf9d/dagql/cache.go:4556 +0x6ad
        sync.(*Once).doSlow(0xc000dd85c8, 0xc0005d57a0)
        	/home/exedev/go/pkg/mod/golang.org/toolchain@v0.0.1-go1.26.6.linux-amd64/src/sync/once.go:78 +0xa2
        sync.(*Once).Do(0xc000dd85c8, 0xc0005d57a0)
        	/home/exedev/go/pkg/mod/golang.org/toolchain@v0.0.1-go1.26.6.linux-amd64/src/sync/once.go:69 +0x33
        github.com/dagger/dagger/dagql.(*Cache).Close(...)
        	/home/exedev/.tailcall/worktrees/dagger-a7378ed8352b/remote-cache-b4-acquisition-implementer-a22b8169-585bbf9d/dagql/cache.go:4541
        github.com/dagger/dagger/core.TestContainerShutdownPersistenceWaitsForReader.func1.4()
        	/home/exedev/.tailcall/worktrees/dagger-a7378ed8352b/remote-cache-b4-acquisition-implementer-a22b8169-585bbf9d/core/container_shutdown_persistence_test.go:105 +0xdd
        created by github.com/dagger/dagger/core.TestContainerShutdownPersistenceWaitsForReader.func1 in goroutine 653
        	/home/exedev/.tailcall/worktrees/dagger-a7378ed8352b/remote-cache-b4-acquisition-implementer-a22b8169-585bbf9d/core/container_shutdown_persistence_test.go:105 +0x156b
2026/09/16 21:54:12 INFO marking dagql cache clean shutdown
2026/09/16 21:54:12 WARN successfully marked clean shutdown in persistence metadata
2026/09/16 21:54:12 INFO completed dagql cache close successfully
2026/09/16 21:54:12 INFO discarding dagql cache without persistence hasSQLDB=true hasPersistDB=true
=== RUN   TestContainerShutdownPersistenceWaitsForReader/completed
2026/09/16 21:54:12 INFO start lazy group evaluation field=Container.withLabel group=metadata
2026/09/16 21:54:12 INFO end lazy group evaluation field=Container.withLabel group=metadata duration=70.34µs
2026/09/16 21:54:12 INFO start lazy group evaluation field=Container.withLabel group=fs
2026/09/16 21:54:12 INFO end lazy group evaluation field=Container.withLabel group=fs duration=19.33µs
2026/09/16 21:54:12 INFO start lazy group evaluation field=Container.withLabel group=execMeta
2026/09/16 21:54:12 INFO end lazy group evaluation field=Container.withLabel group=execMeta duration=21.289µs
2026/09/16 21:54:12 INFO starting dagql cache close hasSQLDB=true hasPersistDB=true
    container_shutdown_persistence_test.go:106: observed shutdown waiting for the read-only latch:
        goroutine 841 [sync.Mutex.Lock]:
        internal/sync.runtime_SemacquireMutex(0x0?, 0x30?, 0x0?)
        	/home/exedev/go/pkg/mod/golang.org/toolchain@v0.0.1-go1.26.6.linux-amd64/src/runtime/sema.go:95 +0x25
        internal/sync.(*Mutex).lockSlow(0xc0003ffda8)
        	/home/exedev/go/pkg/mod/golang.org/toolchain@v0.0.1-go1.26.6.linux-amd64/src/internal/sync/mutex.go:149 +0x1f3
        internal/sync.(*Mutex).Lock(0xc0003ffda8)
        	/home/exedev/go/pkg/mod/golang.org/toolchain@v0.0.1-go1.26.6.linux-amd64/src/internal/sync/mutex.go:70 +0x45
        sync.(*Mutex).Lock(0x89eae60?)
        	/home/exedev/go/pkg/mod/golang.org/toolchain@v0.0.1-go1.26.6.linux-amd64/src/sync/mutex.go:46 +0x15
        github.com/dagger/dagger/core.(*Container).lockForPersistence(0xc000780008, 0x1)
        	/home/exedev/.tailcall/worktrees/dagger-a7378ed8352b/remote-cache-b4-acquisition-implementer-a22b8169-585bbf9d/core/container_persistence.go:116 +0x133
        github.com/dagger/dagger/core.(*Container).EncodePersistedObject(0xc000780008, {0x60517e8, 0xc0007f43c0}, 0xc000118180)
        	/home/exedev/.tailcall/worktrees/dagger-a7378ed8352b/remote-cache-b4-acquisition-implementer-a22b8169-585bbf9d/core/container_persistence.go:51 +0x185
        github.com/dagger/dagger/dagql.encodePersistedResultEnvelope({0x60517e8, 0xc0007f43c0}, 0xc000118180, {0x6087310, _}, _)
        	/home/exedev/.tailcall/worktrees/dagger-a7378ed8352b/remote-cache-b4-acquisition-implementer-a22b8169-585bbf9d/dagql/cache_persistence_self.go:227 +0x90c
        github.com/dagger/dagger/dagql.defaultPersistedSelfCodec.EncodeResult({}, {0x60517e8, 0xc0007f43c0}, {0x6014a40, 0xc000625508}, {_, _})
        	/home/exedev/.tailcall/worktrees/dagger-a7378ed8352b/remote-cache-b4-acquisition-implementer-a22b8169-585bbf9d/dagql/cache_persistence_self.go:123 +0x309
        github.com/dagger/dagger/dagql.(*Cache).persistResultEnvelope(0xc000625508, {0x60517e8, 0xc000ecf860}, 0xc00081a128)
        	/home/exedev/.tailcall/worktrees/dagger-a7378ed8352b/remote-cache-b4-acquisition-implementer-a22b8169-585bbf9d/dagql/cache_persistence_worker.go:538 +0x87f
        github.com/dagger/dagger/dagql.(*Cache).snapshotPersistState(_, {_, _})
        	/home/exedev/.tailcall/worktrees/dagger-a7378ed8352b/remote-cache-b4-acquisition-implementer-a22b8169-585bbf9d/dagql/cache_persistence_worker.go:258 +0x3d89
        github.com/dagger/dagger/dagql.(*Cache).persistCurrentState(0xc000625508, {0x60517e8, 0xc000ecf860})
        	/home/exedev/.tailcall/worktrees/dagger-a7378ed8352b/remote-cache-b4-acquisition-implementer-a22b8169-585bbf9d/dagql/cache_persistence_worker.go:19 +0xe7
        github.com/dagger/dagger/core.TestContainerShutdownPersistenceWaitsForReader.func1.4.(*Cache).Close.1()
        	/home/exedev/.tailcall/worktrees/dagger-a7378ed8352b/remote-cache-b4-acquisition-implementer-a22b8169-585bbf9d/dagql/cache.go:4556 +0x6ad
        sync.(*Once).doSlow(0xc0006257c8, 0xc000775fa0)
        	/home/exedev/go/pkg/mod/golang.org/toolchain@v0.0.1-go1.26.6.linux-amd64/src/sync/once.go:78 +0xa2
        sync.(*Once).Do(0xc0006257c8, 0xc000775fa0)
        	/home/exedev/go/pkg/mod/golang.org/toolchain@v0.0.1-go1.26.6.linux-amd64/src/sync/once.go:69 +0x33
        github.com/dagger/dagger/dagql.(*Cache).Close(...)
        	/home/exedev/.tailcall/worktrees/dagger-a7378ed8352b/remote-cache-b4-acquisition-implementer-a22b8169-585bbf9d/dagql/cache.go:4541
        github.com/dagger/dagger/core.TestContainerShutdownPersistenceWaitsForReader.func1.4()
        	/home/exedev/.tailcall/worktrees/dagger-a7378ed8352b/remote-cache-b4-acquisition-implementer-a22b8169-585bbf9d/core/container_shutdown_persistence_test.go:105 +0xdd
        created by github.com/dagger/dagger/core.TestContainerShutdownPersistenceWaitsForReader.func1 in goroutine 806
        	/home/exedev/.tailcall/worktrees/dagger-a7378ed8352b/remote-cache-b4-acquisition-implementer-a22b8169-585bbf9d/core/container_shutdown_persistence_test.go:105 +0x156b
2026/09/16 21:54:12 INFO marking dagql cache clean shutdown
2026/09/16 21:54:12 WARN successfully marked clean shutdown in persistence metadata
2026/09/16 21:54:12 INFO completed dagql cache close successfully
2026/09/16 21:54:12 INFO discarding dagql cache without persistence hasSQLDB=true hasPersistDB=true
--- PASS: TestContainerShutdownPersistenceWaitsForReader (0.17s)
    --- PASS: TestContainerShutdownPersistenceWaitsForReader/pending (0.10s)
    --- PASS: TestContainerShutdownPersistenceWaitsForReader/completed (0.07s)
=== RUN   TestCapturePersistedFilesystemDirectEvaluation
=== RUN   TestCapturePersistedFilesystemDirectEvaluation/File
2026/09/16 21:54:12 INFO start lazy evaluation field=File
2026/09/16 21:54:12 INFO end lazy evaluation field=File duration=227.48µs
    filesystem_capture_test.go:45: capture while File operation body latch held: err=capture persisted record 2: persist state not ready: filesystem body in use payload=
2026/09/16 21:54:12 INFO discarding dagql cache without persistence hasSQLDB=true hasPersistDB=true
=== RUN   TestCapturePersistedFilesystemDirectEvaluation/Directory
2026/09/16 21:54:12 INFO start lazy evaluation field=Directory
2026/09/16 21:54:12 INFO end lazy evaluation field=Directory duration=99.74µs
    filesystem_capture_test.go:45: capture while Directory operation body latch held: err=capture persisted record 2: persist state not ready: filesystem body in use payload=
2026/09/16 21:54:12 INFO discarding dagql cache without persistence hasSQLDB=true hasPersistDB=true
--- PASS: TestCapturePersistedFilesystemDirectEvaluation (0.10s)
    --- PASS: TestCapturePersistedFilesystemDirectEvaluation/File (0.04s)
    --- PASS: TestCapturePersistedFilesystemDirectEvaluation/Directory (0.06s)
=== RUN   TestFilesystemOutputRevision
=== RUN   TestFilesystemOutputRevision/File
=== RUN   TestFilesystemOutputRevision/Directory
--- PASS: TestFilesystemOutputRevision (0.00s)
    --- PASS: TestFilesystemOutputRevision/File (0.00s)
    --- PASS: TestFilesystemOutputRevision/Directory (0.00s)
=== RUN   TestFilesystemPersistenceRetainsBodyLatch
=== RUN   TestFilesystemPersistenceRetainsBodyLatch/File
=== RUN   TestFilesystemPersistenceRetainsBodyLatch/Directory
--- PASS: TestFilesystemPersistenceRetainsBodyLatch (0.00s)
    --- PASS: TestFilesystemPersistenceRetainsBodyLatch/File (0.00s)
    --- PASS: TestFilesystemPersistenceRetainsBodyLatch/Directory (0.00s)
=== RUN   TestFilesystemEvaluatedLazyOperationPersistence
=== RUN   TestFilesystemEvaluatedLazyOperationPersistence/Directory
2026/09/16 21:54:12 INFO start lazy evaluation field=Directory.directory
2026/09/16 21:54:12 INFO end lazy evaluation field=Directory.directory duration=166.409µs
2026/09/16 21:54:12 INFO starting dagql cache close hasSQLDB=true hasPersistDB=true
2026/09/16 21:54:12 INFO marking dagql cache clean shutdown
2026/09/16 21:54:12 WARN successfully marked clean shutdown in persistence metadata
2026/09/16 21:54:12 INFO completed dagql cache close successfully
2026/09/16 21:54:12 INFO start lazy evaluation field=Directory.restore
2026/09/16 21:54:12 INFO end lazy evaluation field=Directory.restore duration=94.56µs err="local snapshot unavailable"
2026/09/16 21:54:12 INFO start lazy evaluation field=Directory.restore
2026/09/16 21:54:12 INFO end lazy evaluation field=Directory.restore duration=55.62µs
2026/09/16 21:54:12 INFO discarding dagql cache without persistence hasSQLDB=true hasPersistDB=true
=== RUN   TestFilesystemEvaluatedLazyOperationPersistence/File
2026/09/16 21:54:12 INFO start lazy evaluation field=File.file
2026/09/16 21:54:12 INFO end lazy evaluation field=File.file duration=349.019µs
2026/09/16 21:54:12 INFO starting dagql cache close hasSQLDB=true hasPersistDB=true
2026/09/16 21:54:13 INFO marking dagql cache clean shutdown
2026/09/16 21:54:13 WARN successfully marked clean shutdown in persistence metadata
2026/09/16 21:54:13 INFO completed dagql cache close successfully
2026/09/16 21:54:13 INFO start lazy evaluation field=File.restore
2026/09/16 21:54:13 INFO end lazy evaluation field=File.restore duration=108.17µs err="local snapshot unavailable"
2026/09/16 21:54:13 INFO start lazy evaluation field=File.restore
2026/09/16 21:54:13 INFO end lazy evaluation field=File.restore duration=57.01µs
2026/09/16 21:54:13 INFO discarding dagql cache without persistence hasSQLDB=true hasPersistDB=true
=== RUN   TestFilesystemEvaluatedLazyOperationPersistence/Container.rootfs
2026/09/16 21:54:13 INFO start lazy evaluation field=Container.rootfs
2026/09/16 21:54:13 INFO end lazy evaluation field=Container.rootfs duration=64.13µs
2026/09/16 21:54:13 INFO starting dagql cache close hasSQLDB=true hasPersistDB=true
2026/09/16 21:54:13 INFO marking dagql cache clean shutdown
2026/09/16 21:54:13 WARN successfully marked clean shutdown in persistence metadata
2026/09/16 21:54:13 INFO completed dagql cache close successfully
2026/09/16 21:54:13 INFO start lazy evaluation field=Directory.restore
2026/09/16 21:54:13 INFO end lazy evaluation field=Directory.restore duration=40.62µs err="local snapshot unavailable"
2026/09/16 21:54:13 INFO start lazy evaluation field=Directory.restore
2026/09/16 21:54:13 INFO end lazy evaluation field=Directory.restore duration=23.51µs
2026/09/16 21:54:13 INFO discarding dagql cache without persistence hasSQLDB=true hasPersistDB=true
--- PASS: TestFilesystemEvaluatedLazyOperationPersistence (0.25s)
    --- PASS: TestFilesystemEvaluatedLazyOperationPersistence/Directory (0.07s)
    --- PASS: TestFilesystemEvaluatedLazyOperationPersistence/File (0.10s)
    --- PASS: TestFilesystemEvaluatedLazyOperationPersistence/Container.rootfs (0.07s)
=== RUN   TestGitLazyOperationsEvaluate
2026/09/16 21:54:13 INFO start lazy evaluation field=GitRepository.__cleaned
2026/09/16 21:54:13 INFO end lazy evaluation field=GitRepository.__cleaned duration=30.710829ms
=== RUN   TestGitLazyOperationsEvaluate/false-false-false
2026/09/16 21:54:13 INFO start lazy evaluation field=GitRef.tree
2026/09/16 21:54:13 INFO end lazy evaluation field=GitRef.tree duration=92.475805ms
=== RUN   TestGitLazyOperationsEvaluate/false-false-true
2026/09/16 21:54:13 INFO start lazy evaluation field=GitCommit.tree
2026/09/16 21:54:13 INFO end lazy evaluation field=GitCommit.tree duration=127.769258ms
=== RUN   TestGitLazyOperationsEvaluate/false-true-false
2026/09/16 21:54:14 INFO start lazy evaluation field=GitRef.tree
2026/09/16 21:54:14 INFO end lazy evaluation field=GitRef.tree duration=112.714175ms
=== RUN   TestGitLazyOperationsEvaluate/false-true-true
2026/09/16 21:54:14 INFO start lazy evaluation field=GitCommit.tree
2026/09/16 21:54:14 INFO end lazy evaluation field=GitCommit.tree duration=131.514135ms
=== RUN   TestGitLazyOperationsEvaluate/true-false-false
2026/09/16 21:54:14 INFO start lazy evaluation field=GitRef.tree
2026/09/16 21:54:14 INFO end lazy evaluation field=GitRef.tree duration=103.157605ms
=== RUN   TestGitLazyOperationsEvaluate/true-false-true
2026/09/16 21:54:15 INFO start lazy evaluation field=GitCommit.tree
2026/09/16 21:54:15 INFO end lazy evaluation field=GitCommit.tree duration=118.773228ms
=== RUN   TestGitLazyOperationsEvaluate/true-true-false
2026/09/16 21:54:15 INFO start lazy evaluation field=GitRef.tree
2026/09/16 21:54:15 INFO end lazy evaluation field=GitRef.tree duration=117.504829ms
=== RUN   TestGitLazyOperationsEvaluate/true-true-true
2026/09/16 21:54:15 INFO start lazy evaluation field=GitCommit.tree
2026/09/16 21:54:15 INFO end lazy evaluation field=GitCommit.tree duration=125.365902ms
2026/09/16 21:54:15 INFO start lazy evaluation field=GitRepository.__cleaned
2026/09/16 21:54:15 INFO end lazy evaluation field=GitRepository.__cleaned duration=16.011984ms err="git cleaned input has no worktree"
2026/09/16 21:54:15 INFO start lazy evaluation field=GitRepository.__cleaned
2026/09/16 21:54:15 INFO end lazy evaluation field=GitRepository.__cleaned duration=15.388724ms err="git cleaned input has no worktree"
2026/09/16 21:54:15 INFO discarding dagql cache without persistence hasSQLDB=false hasPersistDB=false
--- PASS: TestGitLazyOperationsEvaluate (2.81s)
    --- PASS: TestGitLazyOperationsEvaluate/false-false-false (0.28s)
    --- PASS: TestGitLazyOperationsEvaluate/false-false-true (0.31s)
    --- PASS: TestGitLazyOperationsEvaluate/false-true-false (0.30s)
    --- PASS: TestGitLazyOperationsEvaluate/false-true-true (0.32s)
    --- PASS: TestGitLazyOperationsEvaluate/true-false-false (0.28s)
    --- PASS: TestGitLazyOperationsEvaluate/true-false-true (0.30s)
    --- PASS: TestGitLazyOperationsEvaluate/true-true-false (0.30s)
    --- PASS: TestGitLazyOperationsEvaluate/true-true-true (0.32s)
=== RUN   TestGitLazyOperationsRemoteEvaluate
2026/09/16 21:54:16 INFO start lazy evaluation field=GitRef.tree
2026/09/16 21:54:16 INFO end lazy evaluation field=GitRef.tree duration=526.536181ms
2026/09/16 21:54:16 INFO start lazy evaluation field=GitCommit.tree
2026/09/16 21:54:17 INFO end lazy evaluation field=GitCommit.tree duration=234.5427ms
2026/09/16 21:54:17 INFO discarding dagql cache without persistence hasSQLDB=false hasPersistDB=false
--- PASS: TestGitLazyOperationsRemoteEvaluate (1.29s)
=== RUN   TestGitBundleLazyOperationEvaluate
=== RUN   TestGitBundleLazyOperationEvaluate/false
2026/09/16 21:54:17 INFO start lazy evaluation field=GitRepository.__withBundleDirectory
2026/09/16 21:54:17 INFO end lazy evaluation field=GitRepository.__withBundleDirectory duration=95.510483ms
2026/09/16 21:54:17 INFO start lazy evaluation field=GitRepository.__withBundleDirectory
2026/09/16 21:54:17 INFO end lazy evaluation field=GitRepository.__withBundleDirectory duration=40.289009ms err="git bundle header changed after parsing"
=== RUN   TestGitBundleLazyOperationEvaluate/false/ref_order
2026/09/16 21:54:17 INFO start lazy evaluation field=GitRepository.__withBundleDirectory
2026/09/16 21:54:17 INFO end lazy evaluation field=GitRepository.__withBundleDirectory duration=26.449023ms err="git bundle header changed after parsing"
=== RUN   TestGitBundleLazyOperationEvaluate/false/object_format
2026/09/16 21:54:17 INFO start lazy evaluation field=GitRepository.__withBundleDirectory
2026/09/16 21:54:17 INFO end lazy evaluation field=GitRepository.__withBundleDirectory duration=48.48015ms err="import git bundle prerequisites : git bundle object format is sha1, repository object format is sha256"
=== RUN   TestGitBundleLazyOperationEvaluate/false/malformed
2026/09/16 21:54:17 INFO start lazy evaluation field=GitRepository.__withBundleDirectory
2026/09/16 21:54:17 INFO end lazy evaluation field=GitRepository.__withBundleDirectory duration=45.052294ms err="invalid git bundle signature \"invalid bundle\""
=== RUN   TestGitBundleLazyOperationEvaluate/false/oversize
2026/09/16 21:54:17 INFO start lazy evaluation field=GitRepository.__withBundleDirectory
2026/09/16 21:54:17 INFO end lazy evaluation field=GitRepository.__withBundleDirectory duration=12.149828ms err="git bundle size 134217729 exceeds limit 134217728"
=== RUN   TestGitBundleLazyOperationEvaluate/true
2026/09/16 21:54:18 INFO start lazy evaluation field=GitRepository.__withBundleDirectory
2026/09/16 21:54:18 INFO end lazy evaluation field=GitRepository.__withBundleDirectory duration=133.746813ms
=== RUN   TestGitBundleLazyOperationEvaluate/true/advanced_prerequisite_hint_on_decoded_repository
2026/09/16 21:54:18 INFO start lazy evaluation field=GitRepository.__withBundleDirectory
2026/09/16 21:54:18 INFO end lazy evaluation field=GitRepository.__withBundleDirectory duration=219.019846ms
2026/09/16 21:54:18 INFO start lazy evaluation field=GitRepository.__withBundleDirectory
2026/09/16 21:54:18 INFO end lazy evaluation field=GitRepository.__withBundleDirectory duration=60.881558ms err="import git bundle prerequisites 0f5cc468e87f0d18180620770a15fcf58a879cbf: git bundle prerequisite 0f5cc468e87f0d18180620770a15fcf58a879cbf is not available from the repository"
2026/09/16 21:54:18 INFO start lazy evaluation field=GitRepository.__withBundleDirectory
2026/09/16 21:54:18 INFO end lazy evaluation field=GitRepository.__withBundleDirectory duration=39.05977ms err="git bundle header changed after parsing"
2026/09/16 21:54:18 INFO discarding dagql cache without persistence hasSQLDB=false hasPersistDB=false
--- PASS: TestGitBundleLazyOperationEvaluate (1.64s)
    --- PASS: TestGitBundleLazyOperationEvaluate/false (0.67s)
        --- PASS: TestGitBundleLazyOperationEvaluate/false/ref_order (0.05s)
        --- PASS: TestGitBundleLazyOperationEvaluate/false/object_format (0.12s)
        --- PASS: TestGitBundleLazyOperationEvaluate/false/malformed (0.09s)
        --- PASS: TestGitBundleLazyOperationEvaluate/false/oversize (0.04s)
    --- PASS: TestGitBundleLazyOperationEvaluate/true (0.87s)
        --- PASS: TestGitBundleLazyOperationEvaluate/true/advanced_prerequisite_hint_on_decoded_repository (0.36s)
=== RUN   TestLazyFilesystemCompletion
=== RUN   TestLazyFilesystemCompletion/Directory
2026/09/16 21:54:18 INFO start lazy evaluation field=test.directory
2026/09/16 21:54:18 INFO end lazy evaluation field=test.directory duration=122.31µs
=== RUN   TestLazyFilesystemCompletion/File
2026/09/16 21:54:18 INFO start lazy evaluation field=test.file
2026/09/16 21:54:18 INFO end lazy evaluation field=test.file duration=73.55µs
--- PASS: TestLazyFilesystemCompletion (0.00s)
    --- PASS: TestLazyFilesystemCompletion/Directory (0.00s)
    --- PASS: TestLazyFilesystemCompletion/File (0.00s)
=== RUN   TestLazyFilesystemRequiresInstalledOutput
2026/09/16 21:54:18 INFO start lazy evaluation field=empty
2026/09/16 21:54:18 INFO end lazy evaluation field=empty duration=73.63µs err="evaluate empty: Directory path is unset"
2026/09/16 21:54:18 INFO start lazy evaluation field=empty
2026/09/16 21:54:18 INFO end lazy evaluation field=empty duration=46µs err="evaluate empty: Directory snapshot is unset"
2026/09/16 21:54:18 INFO start lazy evaluation field=empty
2026/09/16 21:54:18 INFO end lazy evaluation field=empty duration=33.14µs
2026/09/16 21:54:18 INFO start lazy evaluation field=empty
2026/09/16 21:54:18 INFO end lazy evaluation field=empty duration=32.29µs err="evaluate empty: File path is unset"
2026/09/16 21:54:18 INFO start lazy evaluation field=empty
2026/09/16 21:54:18 INFO end lazy evaluation field=empty duration=29.9µs err="evaluate empty: File snapshot is unset"
2026/09/16 21:54:18 INFO start lazy evaluation field=empty
2026/09/16 21:54:18 INFO end lazy evaluation field=empty duration=28.18µs
--- PASS: TestLazyFilesystemRequiresInstalledOutput (0.00s)
=== RUN   TestLazyWholeContainerRetainsOperation
2026/09/16 21:54:18 INFO start lazy evaluation field=capture-whole-test
2026/09/16 21:54:18 INFO end lazy evaluation field=capture-whole-test duration=87.86µs
--- PASS: TestLazyWholeContainerRetainsOperation (0.00s)
=== RUN   TestLazyEvaluatedFilesystemClones
2026/09/16 21:54:18 INFO start lazy evaluation field=Directory.directory
2026/09/16 21:54:18 INFO end lazy evaluation field=Directory.directory duration=21.363098ms
2026/09/16 21:54:18 INFO start lazy evaluation field=File.file
2026/09/16 21:54:18 INFO end lazy evaluation field=File.file duration=16.845842ms
2026/09/16 21:54:18 INFO discarding dagql cache without persistence hasSQLDB=false hasPersistDB=false
--- PASS: TestLazyEvaluatedFilesystemClones (0.08s)
=== RUN   TestEvaluatedLazyOperationConcurrentDemand
2026/09/16 21:54:18 INFO start lazy evaluation field=Query.__httpFile
2026/09/16 21:54:18 INFO end lazy evaluation field=Query.__httpFile duration=28.286421ms
2026/09/16 21:54:18 INFO start lazy evaluation field=Query.__httpFile
2026/09/16 21:54:19 INFO end lazy evaluation field=Query.__httpFile duration=15.021774ms
2026/09/16 21:54:19 INFO start lazy evaluation field=Query.__httpFile
2026/09/16 21:54:19 INFO end lazy evaluation field=Query.__httpFile duration=14.262525ms
2026/09/16 21:54:19 INFO discarding dagql cache without persistence hasSQLDB=false hasPersistDB=false
--- PASS: TestEvaluatedLazyOperationConcurrentDemand (0.07s)
=== RUN   TestLazyOperationCodecs
=== RUN   TestLazyOperationCodecs/*core.DirectoryGitCleanedLazy
2026/09/16 21:54:19 INFO start lazy evaluation field="codec fixture"
2026/09/16 21:54:19 INFO end lazy evaluation field="codec fixture" duration=93.57µs
=== RUN   TestLazyOperationCodecs/*core.DirectoryGitBundleImportLazy
2026/09/16 21:54:19 INFO start lazy evaluation field="codec fixture"
2026/09/16 21:54:19 INFO end lazy evaluation field="codec fixture" duration=141.439µs
=== RUN   TestLazyOperationCodecs/*core.DirectoryGitTreeLazy
2026/09/16 21:54:19 INFO start lazy evaluation field="codec fixture"
2026/09/16 21:54:19 INFO end lazy evaluation field="codec fixture" duration=49.37µs
=== RUN   TestLazyOperationCodecs/*core.DirectoryGitCommitTreeLazy
2026/09/16 21:54:19 INFO start lazy evaluation field="codec fixture"
2026/09/16 21:54:19 INFO end lazy evaluation field="codec fixture" duration=39.1µs
=== RUN   TestLazyOperationCodecs/*core.DirectoryScratchLazy
2026/09/16 21:54:19 INFO start lazy evaluation field="codec fixture"
2026/09/16 21:54:19 INFO end lazy evaluation field="codec fixture" duration=59.39µs
=== RUN   TestLazyOperationCodecs/HTTP_scalars
2026/09/16 21:54:19 INFO start lazy evaluation field="codec fixture"
2026/09/16 21:54:19 INFO end lazy evaluation field="codec fixture" duration=45.89µs
2026/09/16 21:54:19 INFO start lazy evaluation field="codec fixture"
2026/09/16 21:54:19 INFO end lazy evaluation field="codec fixture" duration=39.969µs
2026/09/16 21:54:19 INFO start lazy evaluation field="codec fixture"
2026/09/16 21:54:19 INFO end lazy evaluation field="codec fixture" duration=38.99µs
=== RUN   TestLazyOperationCodecs/builtin_field_pairing
2026/09/16 21:54:19 INFO start lazy evaluation field="codec fixture"
2026/09/16 21:54:19 INFO end lazy evaluation field="codec fixture" duration=102.01µs
2026/09/16 21:54:19 INFO discarding dagql cache without persistence hasSQLDB=true hasPersistDB=true
2026/09/16 21:54:19 INFO discarding dagql cache without persistence hasSQLDB=true hasPersistDB=true
=== RUN   TestLazyOperationCodecs/exact_equivalent_input
=== RUN   TestLazyOperationCodecs/snapshot_without_operation
2026/09/16 21:54:19 INFO discarding dagql cache without persistence hasSQLDB=true hasPersistDB=true
--- PASS: TestLazyOperationCodecs (0.24s)
    --- PASS: TestLazyOperationCodecs/*core.DirectoryGitCleanedLazy (0.00s)
    --- PASS: TestLazyOperationCodecs/*core.DirectoryGitBundleImportLazy (0.00s)
    --- PASS: TestLazyOperationCodecs/*core.DirectoryGitTreeLazy (0.00s)
    --- PASS: TestLazyOperationCodecs/*core.DirectoryGitCommitTreeLazy (0.00s)
    --- PASS: TestLazyOperationCodecs/*core.DirectoryScratchLazy (0.00s)
    --- PASS: TestLazyOperationCodecs/HTTP_scalars (0.00s)
    --- PASS: TestLazyOperationCodecs/builtin_field_pairing (0.16s)
    --- PASS: TestLazyOperationCodecs/exact_equivalent_input (0.00s)
    --- PASS: TestLazyOperationCodecs/snapshot_without_operation (0.00s)
=== RUN   TestLazyOperationRelocation
2026/09/16 21:54:19 INFO start lazy evaluation field="codec fixture"
2026/09/16 21:54:19 INFO end lazy evaluation field="codec fixture" duration=61.98µs
2026/09/16 21:54:19 INFO start lazy evaluation field="codec fixture"
2026/09/16 21:54:19 INFO end lazy evaluation field="codec fixture" duration=24.54µs
2026/09/16 21:54:19 INFO start lazy evaluation field="codec fixture"
2026/09/16 21:54:19 INFO end lazy evaluation field="codec fixture" duration=35.57µs
2026/09/16 21:54:19 INFO start lazy evaluation field="codec fixture"
2026/09/16 21:54:19 INFO end lazy evaluation field="codec fixture" duration=29.65µs
2026/09/16 21:54:19 INFO start lazy evaluation field="codec fixture"
2026/09/16 21:54:19 INFO end lazy evaluation field="codec fixture" duration=27.76µs
2026/09/16 21:54:19 INFO start lazy evaluation field="codec fixture"
2026/09/16 21:54:19 INFO end lazy evaluation field="codec fixture" duration=26.17µs
2026/09/16 21:54:19 INFO discarding dagql cache without persistence hasSQLDB=true hasPersistDB=true
--- PASS: TestLazyOperationRelocation (0.04s)
=== RUN   TestLazyOperationSaveReopen
2026/09/16 21:54:19 INFO start lazy evaluation field="codec fixture"
2026/09/16 21:54:19 INFO end lazy evaluation field="codec fixture" duration=65.25µs
2026/09/16 21:54:19 INFO start lazy evaluation field="codec fixture"
2026/09/16 21:54:19 INFO end lazy evaluation field="codec fixture" duration=40.359µs
2026/09/16 21:54:19 INFO start lazy evaluation field="codec fixture"
2026/09/16 21:54:19 INFO end lazy evaluation field="codec fixture" duration=27.25µs
2026/09/16 21:54:19 INFO start lazy evaluation field="codec fixture"
2026/09/16 21:54:19 INFO end lazy evaluation field="codec fixture" duration=26.29µs
2026/09/16 21:54:19 INFO start lazy evaluation field="codec fixture"
2026/09/16 21:54:19 INFO end lazy evaluation field="codec fixture" duration=21.13µs
2026/09/16 21:54:19 INFO start lazy evaluation field="codec fixture"
2026/09/16 21:54:19 INFO end lazy evaluation field="codec fixture" duration=30.49µs
2026/09/16 21:54:19 INFO start lazy evaluation field="codec fixture"
2026/09/16 21:54:19 INFO end lazy evaluation field="codec fixture" duration=24.27µs
2026/09/16 21:54:19 INFO start lazy evaluation field="codec fixture"
2026/09/16 21:54:19 INFO end lazy evaluation field="codec fixture" duration=23.54µs
2026/09/16 21:54:19 INFO starting dagql cache close hasSQLDB=true hasPersistDB=true
2026/09/16 21:54:19 INFO marking dagql cache clean shutdown
2026/09/16 21:54:19 WARN successfully marked clean shutdown in persistence metadata
2026/09/16 21:54:19 INFO completed dagql cache close successfully
2026/09/16 21:54:19 INFO starting dagql cache close hasSQLDB=true hasPersistDB=true
2026/09/16 21:54:19 INFO marking dagql cache clean shutdown
2026/09/16 21:54:19 WARN successfully marked clean shutdown in persistence metadata
2026/09/16 21:54:19 INFO completed dagql cache close successfully
2026/09/16 21:54:19 WARN failed to determine cache usage size resultID=3 usageIdentity=bundle-snapshot err="context canceled"
2026/09/16 21:54:19 WARN failed to determine cache usage size resultID=7 usageIdentity=saved-0 err="context canceled"
2026/09/16 21:54:19 WARN failed to determine cache usage size resultID=8 usageIdentity=saved-1 err="context canceled"
2026/09/16 21:54:19 WARN failed to determine cache usage size resultID=9 usageIdentity=saved-2 err="context canceled"
2026/09/16 21:54:19 WARN failed to determine cache usage size resultID=10 usageIdentity=saved-3 err="context canceled"
2026/09/16 21:54:19 WARN failed to determine cache usage size resultID=11 usageIdentity=saved-4 err="context canceled"
2026/09/16 21:54:19 WARN failed to determine cache usage size resultID=15 usageIdentity=saved-builtin err="context canceled"
2026/09/16 21:54:19 WARN failed to determine cache usage size resultID=13 usageIdentity=saved-http err="context canceled"
2026/09/16 21:54:19 WARN failed to determine cache usage size resultID=14 usageIdentity=saved-schema err="context canceled"
2026/09/16 21:54:19 WARN failed to determine cache usage size resultID=1 usageIdentity=source-snapshot err="context canceled"
2026/09/16 21:54:19 INFO dagql pruned result resultID=1 call=Query.source digest=xxh3:3c2e226aa6c269bf args=[] description=source measuredSizeBytes=0 reclaimedBytes=0
2026/09/16 21:54:19 INFO dagql pruned result resultID=3 call=Query.bundle-file digest=xxh3:1b1051a7f010896c args=[] description=bundle-file measuredSizeBytes=0 reclaimedBytes=0
2026/09/16 21:54:19 INFO dagql pruned result resultID=7 call=GitRepository.__cleaned digest=xxh3:b7e1bbcd4c596cf6 args=[] description=__cleaned measuredSizeBytes=0 reclaimedBytes=0
2026/09/16 21:54:19 INFO dagql pruned result resultID=2 call=Query.repo digest=xxh3:16dc6903e3f06350 args=[] description=repo measuredSizeBytes=0 reclaimedBytes=0
2026/09/16 21:54:19 INFO dagql pruned result resultID=4 call=Query.bundle digest=xxh3:3b4c0ba878b9d6c5 args=[] description=bundle measuredSizeBytes=0 reclaimedBytes=0
2026/09/16 21:54:19 INFO dagql pruned result resultID=8 call=GitRepository.__withBundleDirectory digest="" args="[bundle=result:4]" description=__withBundleDirectory measuredSizeBytes=0 reclaimedBytes=0
2026/09/16 21:54:19 INFO dagql pruned result resultID=5 call=Query.ref digest=xxh3:06409b9402fa5e16 args=[] description=ref measuredSizeBytes=0 reclaimedBytes=0
2026/09/16 21:54:19 INFO dagql pruned result resultID=9 call=GitRef.tree digest="" args=[] description=tree measuredSizeBytes=0 reclaimedBytes=0
2026/09/16 21:54:19 INFO dagql pruned result resultID=6 call=Query.commit digest=xxh3:87af3ded0e7b27f5 args=[] description=commit measuredSizeBytes=0 reclaimedBytes=0
2026/09/16 21:54:19 INFO dagql pruned result resultID=10 call=GitCommit.tree digest="" args=[] description=tree measuredSizeBytes=0 reclaimedBytes=0
2026/09/16 21:54:19 INFO dagql pruned result resultID=11 call=Query.directory digest=xxh3:d12c52a4ee1e4198 args=[] description=directory measuredSizeBytes=0 reclaimedBytes=0
2026/09/16 21:54:19 INFO dagql pruned result resultID=12 call=Query.saved-state digest=xxh3:13241ec1fd5393af args=[] description=saved-state measuredSizeBytes=0 reclaimedBytes=0
2026/09/16 21:54:19 INFO dagql pruned result resultID=13 call=HTTPState._resolve digest="" args=[] description=_resolve measuredSizeBytes=0 reclaimedBytes=0
2026/09/16 21:54:19 INFO dagql pruned result resultID=14 call=Query.saved-schema digest=xxh3:efe5f42da6ab32d9 args=[] description=saved-schema measuredSizeBytes=0 reclaimedBytes=0
2026/09/16 21:54:19 INFO dagql pruned result resultID=15 call=Query._builtinContainer digest=xxh3:60f5e1aac6746f44 args=[] description=_builtinContainer measuredSizeBytes=0 reclaimedBytes=0
2026/09/16 21:54:19 INFO discarding dagql cache without persistence hasSQLDB=true hasPersistDB=true
--- PASS: TestLazyOperationSaveReopen (0.16s)
=== RUN   TestLazyInputAttachment
=== RUN   TestLazyInputAttachment/existing_completed_kinds_attach
2026/09/16 21:54:19 INFO start lazy evaluation field="codec fixture"
2026/09/16 21:54:19 INFO end lazy evaluation field="codec fixture" duration=112.1µs
2026/09/16 21:54:19 INFO start lazy evaluation field="codec fixture"
2026/09/16 21:54:19 INFO end lazy evaluation field="codec fixture" duration=33.24µs
2026/09/16 21:54:19 INFO discarding dagql cache without persistence hasSQLDB=true hasPersistDB=true
--- PASS: TestLazyInputAttachment (0.07s)
    --- PASS: TestLazyInputAttachment/existing_completed_kinds_attach (0.07s)
=== RUN   TestEvaluatedLazyOperationAttachmentBeforePublication
2026/09/16 21:54:19 INFO start lazy evaluation field=Directory.directory
2026/09/16 21:54:19 INFO end lazy evaluation field=Directory.directory duration=124.69µs
2026/09/16 21:54:19 INFO start lazy evaluation field=File.file
2026/09/16 21:54:19 INFO end lazy evaluation field=File.file duration=65.27µs
2026/09/16 21:54:19 INFO discarding dagql cache without persistence hasSQLDB=true hasPersistDB=true
--- PASS: TestEvaluatedLazyOperationAttachmentBeforePublication (0.05s)
=== RUN   TestMoveProducedOutputs
--- PASS: TestMoveProducedOutputs (0.00s)
=== RUN   TestLazyOperationPathCleanup
=== RUN   TestLazyOperationPathCleanup/blob/mount
2026/09/16 21:54:19 INFO start lazy evaluation field=File.blob
2026/09/16 21:54:19 INFO end lazy evaluation field=File.blob duration=65.49µs err="injected path failure"
=== RUN   TestLazyOperationPathCleanup/blob/write
2026/09/16 21:54:19 INFO start lazy evaluation field=File.blob
2026/09/16 21:54:19 INFO end lazy evaluation field=File.blob duration=72.86µs err="open /tmp/TestLazyOperationPathCleanupblobwrite99183955/001/data: is a directory"
=== RUN   TestLazyOperationPathCleanup/blob/commit
2026/09/16 21:54:19 INFO start lazy evaluation field=File.blob
2026/09/16 21:54:19 INFO end lazy evaluation field=File.blob duration=101.09µs err="commit blob snapshot: injected path failure"
=== RUN   TestLazyOperationPathCleanup/blob/success
2026/09/16 21:54:19 INFO start lazy evaluation field=File.blob
2026/09/16 21:54:19 INFO end lazy evaluation field=File.blob duration=105.12µs
=== RUN   TestLazyOperationPathCleanup/http/mount
=== RUN   TestLazyOperationPathCleanup/http/write
=== RUN   TestLazyOperationPathCleanup/http/commit
=== RUN   TestLazyOperationPathCleanup/http/success
=== RUN   TestLazyOperationPathCleanup/cleaned_bare_alias
2026/09/16 21:54:19 INFO start lazy evaluation field="codec fixture"
2026/09/16 21:54:19 INFO end lazy evaluation field="codec fixture" duration=45.2µs
2026/09/16 21:54:19 INFO discarding dagql cache without persistence hasSQLDB=false hasPersistDB=false
--- PASS: TestLazyOperationPathCleanup (0.01s)
    --- PASS: TestLazyOperationPathCleanup/blob/mount (0.00s)
    --- PASS: TestLazyOperationPathCleanup/blob/write (0.00s)
    --- PASS: TestLazyOperationPathCleanup/blob/commit (0.00s)
    --- PASS: TestLazyOperationPathCleanup/blob/success (0.00s)
    --- PASS: TestLazyOperationPathCleanup/http/mount (0.00s)
    --- PASS: TestLazyOperationPathCleanup/http/write (0.00s)
    --- PASS: TestLazyOperationPathCleanup/http/commit (0.00s)
    --- PASS: TestLazyOperationPathCleanup/http/success (0.00s)
    --- PASS: TestLazyOperationPathCleanup/cleaned_bare_alias (0.01s)
=== RUN   TestLazyOperationTemporaryIndexCleanup
=== RUN   TestLazyOperationTemporaryIndexCleanup/copy
=== RUN   TestLazyOperationTemporaryIndexCleanup/close
=== RUN   TestLazyOperationTemporaryIndexCleanup/command
=== RUN   TestLazyOperationTemporaryIndexCleanup/success
--- PASS: TestLazyOperationTemporaryIndexCleanup (0.00s)
    --- PASS: TestLazyOperationTemporaryIndexCleanup/copy (0.00s)
    --- PASS: TestLazyOperationTemporaryIndexCleanup/close (0.00s)
    --- PASS: TestLazyOperationTemporaryIndexCleanup/command (0.00s)
    --- PASS: TestLazyOperationTemporaryIndexCleanup/success (0.00s)
=== RUN   TestLazyStorageLayout
    lazy_storage_cost_test.go:9: bytes LazyState=32 Directory=248 File=248 Container=720 scratch operation=32 mount Directory operation=248 mount File operation=248 builtin operation=136
--- PASS: TestLazyStorageLayout (0.00s)
=== RUN   TestRestoredSnapshotLazyChildrenKeepParentClosed
=== RUN   TestRestoredSnapshotLazyChildrenKeepParentClosed/Directory
2026/09/16 21:54:19 INFO starting dagql cache close hasSQLDB=true hasPersistDB=true
2026/09/16 21:54:19 INFO marking dagql cache clean shutdown
2026/09/16 21:54:19 WARN successfully marked clean shutdown in persistence metadata
2026/09/16 21:54:19 INFO completed dagql cache close successfully
2026/09/16 21:54:19 INFO start lazy evaluation field=Directory.without
2026/09/16 21:54:19 INFO start lazy evaluation field=Directory.restore
2026/09/16 21:54:19 INFO end lazy evaluation field=Directory.restore duration=24.69µs
2026/09/16 21:54:19 INFO end lazy evaluation field=Directory.without duration=302.59µs err="context canceled"
2026/09/16 21:54:19 INFO discarding dagql cache without persistence hasSQLDB=true hasPersistDB=true
=== RUN   TestRestoredSnapshotLazyChildrenKeepParentClosed/File
2026/09/16 21:54:19 INFO starting dagql cache close hasSQLDB=true hasPersistDB=true
2026/09/16 21:54:19 INFO marking dagql cache clean shutdown
2026/09/16 21:54:19 WARN successfully marked clean shutdown in persistence metadata
2026/09/16 21:54:19 INFO completed dagql cache close successfully
2026/09/16 21:54:19 INFO start lazy evaluation field=File.withName
2026/09/16 21:54:19 INFO start lazy evaluation field=File.restore
2026/09/16 21:54:19 INFO end lazy evaluation field=File.restore duration=22.69µs
2026/09/16 21:54:19 INFO end lazy evaluation field=File.withName duration=279.63µs err="context canceled"
2026/09/16 21:54:19 INFO discarding dagql cache without persistence hasSQLDB=true hasPersistDB=true
--- PASS: TestRestoredSnapshotLazyChildrenKeepParentClosed (0.12s)
    --- PASS: TestRestoredSnapshotLazyChildrenKeepParentClosed/Directory (0.06s)
    --- PASS: TestRestoredSnapshotLazyChildrenKeepParentClosed/File (0.06s)
=== RUN   TestRestoredSnapshotContainerRecipeInput
2026/09/16 21:54:19 INFO starting dagql cache close hasSQLDB=true hasPersistDB=true
2026/09/16 21:54:19 INFO marking dagql cache clean shutdown
2026/09/16 21:54:19 WARN successfully marked clean shutdown in persistence metadata
2026/09/16 21:54:19 INFO completed dagql cache close successfully
2026/09/16 21:54:19 INFO start lazy group evaluation field=Container.withDirectory group=metadata
2026/09/16 21:54:19 INFO end lazy group evaluation field=Container.withDirectory group=metadata duration=63.229µs
2026/09/16 21:54:19 INFO start lazy group evaluation field=Container.withDirectory group=execMeta
2026/09/16 21:54:19 INFO end lazy group evaluation field=Container.withDirectory group=execMeta duration=31.03µs
2026/09/16 21:54:19 INFO start lazy group evaluation field=Container.withDirectory group=write
2026/09/16 21:54:19 INFO start lazy evaluation field=Directory.restore
2026/09/16 21:54:19 INFO start lazy group evaluation field="Container stored part" group=open:fs
2026/09/16 21:54:19 INFO end lazy group evaluation field="Container stored part" group=open:fs duration=57.66µs
2026/09/16 21:54:19 INFO end lazy evaluation field=Directory.restore duration=140.87µs
2026/09/16 21:54:19 INFO start lazy evaluation field=Container.rootfs
2026/09/16 21:54:19 INFO end lazy evaluation field=Container.rootfs duration=263.929µs
2026/09/16 21:54:19 INFO end lazy group evaluation field=Container.withDirectory group=write duration=3.059897ms err="snapshotmanager.New failed: context canceled"
2026/09/16 21:54:19 INFO discarding dagql cache without persistence hasSQLDB=true hasPersistDB=true
--- PASS: TestRestoredSnapshotContainerRecipeInput (0.06s)
=== RUN   TestRestoredSnapshotRoundTrip
=== RUN   TestRestoredSnapshotRoundTrip/Directory
2026/09/16 21:54:19 INFO starting dagql cache close hasSQLDB=true hasPersistDB=true
2026/09/16 21:54:19 INFO marking dagql cache clean shutdown
2026/09/16 21:54:19 WARN successfully marked clean shutdown in persistence metadata
2026/09/16 21:54:19 INFO completed dagql cache close successfully
2026/09/16 21:54:19 INFO starting dagql cache close hasSQLDB=true hasPersistDB=true
2026/09/16 21:54:19 INFO marking dagql cache clean shutdown
2026/09/16 21:54:19 WARN successfully marked clean shutdown in persistence metadata
2026/09/16 21:54:19 INFO completed dagql cache close successfully
2026/09/16 21:54:19 INFO start lazy evaluation field=Directory.restore
2026/09/16 21:54:19 INFO end lazy evaluation field=Directory.restore duration=43.13µs
2026/09/16 21:54:19 INFO starting dagql cache close hasSQLDB=true hasPersistDB=true
2026/09/16 21:54:19 INFO marking dagql cache clean shutdown
2026/09/16 21:54:19 WARN successfully marked clean shutdown in persistence metadata
2026/09/16 21:54:19 INFO completed dagql cache close successfully
=== RUN   TestRestoredSnapshotRoundTrip/Directory/
2026/09/16 21:54:19 INFO starting dagql cache close hasSQLDB=true hasPersistDB=true
2026/09/16 21:54:19 INFO marking dagql cache clean shutdown
2026/09/16 21:54:19 WARN successfully marked clean shutdown in persistence metadata
2026/09/16 21:54:19 INFO completed dagql cache close successfully
2026/09/16 21:54:19 INFO starting dagql cache close hasSQLDB=true hasPersistDB=true
2026/09/16 21:54:19 INFO marking dagql cache clean shutdown
2026/09/16 21:54:19 WARN successfully marked clean shutdown in persistence metadata
2026/09/16 21:54:19 INFO completed dagql cache close successfully
2026/09/16 21:54:19 INFO start lazy evaluation field=Directory.restore
2026/09/16 21:54:19 INFO end lazy evaluation field=Directory.restore duration=44.66µs
2026/09/16 21:54:19 INFO starting dagql cache close hasSQLDB=true hasPersistDB=true
2026/09/16 21:54:20 INFO marking dagql cache clean shutdown
2026/09/16 21:54:20 WARN successfully marked clean shutdown in persistence metadata
2026/09/16 21:54:20 INFO completed dagql cache close successfully
=== RUN   TestRestoredSnapshotRoundTrip/Directory/nested/name
2026/09/16 21:54:20 INFO starting dagql cache close hasSQLDB=true hasPersistDB=true
2026/09/16 21:54:20 INFO marking dagql cache clean shutdown
2026/09/16 21:54:20 WARN successfully marked clean shutdown in persistence metadata
2026/09/16 21:54:20 INFO completed dagql cache close successfully
2026/09/16 21:54:20 INFO starting dagql cache close hasSQLDB=true hasPersistDB=true
2026/09/16 21:54:20 INFO marking dagql cache clean shutdown
2026/09/16 21:54:20 WARN successfully marked clean shutdown in persistence metadata
2026/09/16 21:54:20 INFO completed dagql cache close successfully
2026/09/16 21:54:20 INFO start lazy evaluation field=Directory.restore
2026/09/16 21:54:20 INFO end lazy evaluation field=Directory.restore duration=145.38µs
2026/09/16 21:54:20 INFO starting dagql cache close hasSQLDB=true hasPersistDB=true
2026/09/16 21:54:20 INFO marking dagql cache clean shutdown
2026/09/16 21:54:20 WARN successfully marked clean shutdown in persistence metadata
2026/09/16 21:54:20 INFO completed dagql cache close successfully
=== RUN   TestRestoredSnapshotRoundTrip/File
2026/09/16 21:54:20 INFO starting dagql cache close hasSQLDB=true hasPersistDB=true
2026/09/16 21:54:20 INFO marking dagql cache clean shutdown
2026/09/16 21:54:20 WARN successfully marked clean shutdown in persistence metadata
2026/09/16 21:54:20 INFO completed dagql cache close successfully
2026/09/16 21:54:20 INFO starting dagql cache close hasSQLDB=true hasPersistDB=true
2026/09/16 21:54:20 INFO marking dagql cache clean shutdown
2026/09/16 21:54:20 WARN successfully marked clean shutdown in persistence metadata
2026/09/16 21:54:20 INFO completed dagql cache close successfully
2026/09/16 21:54:20 INFO start lazy evaluation field=File.restore
2026/09/16 21:54:20 INFO end lazy evaluation field=File.restore duration=76.67µs
2026/09/16 21:54:20 INFO starting dagql cache close hasSQLDB=true hasPersistDB=true
2026/09/16 21:54:20 INFO marking dagql cache clean shutdown
2026/09/16 21:54:20 WARN successfully marked clean shutdown in persistence metadata
2026/09/16 21:54:20 INFO completed dagql cache close successfully
=== RUN   TestRestoredSnapshotRoundTrip/File/
2026/09/16 21:54:20 INFO starting dagql cache close hasSQLDB=true hasPersistDB=true
2026/09/16 21:54:20 INFO marking dagql cache clean shutdown
2026/09/16 21:54:20 WARN successfully marked clean shutdown in persistence metadata
2026/09/16 21:54:20 INFO completed dagql cache close successfully
2026/09/16 21:54:20 INFO starting dagql cache close hasSQLDB=true hasPersistDB=true
2026/09/16 21:54:20 INFO marking dagql cache clean shutdown
2026/09/16 21:54:20 WARN successfully marked clean shutdown in persistence metadata
2026/09/16 21:54:20 INFO completed dagql cache close successfully
2026/09/16 21:54:20 INFO start lazy evaluation field=File.restore
2026/09/16 21:54:20 INFO end lazy evaluation field=File.restore duration=39.58µs
2026/09/16 21:54:20 INFO starting dagql cache close hasSQLDB=true hasPersistDB=true
2026/09/16 21:54:20 INFO marking dagql cache clean shutdown
2026/09/16 21:54:20 WARN successfully marked clean shutdown in persistence metadata
2026/09/16 21:54:20 INFO completed dagql cache close successfully
=== RUN   TestRestoredSnapshotRoundTrip/File/nested/name
2026/09/16 21:54:20 INFO starting dagql cache close hasSQLDB=true hasPersistDB=true
2026/09/16 21:54:20 INFO marking dagql cache clean shutdown
2026/09/16 21:54:20 WARN successfully marked clean shutdown in persistence metadata
2026/09/16 21:54:20 INFO completed dagql cache close successfully
2026/09/16 21:54:20 INFO starting dagql cache close hasSQLDB=true hasPersistDB=true
2026/09/16 21:54:20 INFO marking dagql cache clean shutdown
2026/09/16 21:54:20 WARN successfully marked clean shutdown in persistence metadata
2026/09/16 21:54:20 INFO completed dagql cache close successfully
2026/09/16 21:54:20 INFO start lazy evaluation field=File.restore
2026/09/16 21:54:20 INFO end lazy evaluation field=File.restore duration=50.29µs
2026/09/16 21:54:20 INFO starting dagql cache close hasSQLDB=true hasPersistDB=true
2026/09/16 21:54:20 INFO marking dagql cache clean shutdown
2026/09/16 21:54:20 WARN successfully marked clean shutdown in persistence metadata
2026/09/16 21:54:20 INFO completed dagql cache close successfully
--- PASS: TestRestoredSnapshotRoundTrip (0.54s)
    --- PASS: TestRestoredSnapshotRoundTrip/Directory (0.10s)
    --- PASS: TestRestoredSnapshotRoundTrip/Directory/ (0.10s)
    --- PASS: TestRestoredSnapshotRoundTrip/Directory/nested/name (0.10s)
    --- PASS: TestRestoredSnapshotRoundTrip/File (0.08s)
    --- PASS: TestRestoredSnapshotRoundTrip/File/ (0.08s)
    --- PASS: TestRestoredSnapshotRoundTrip/File/nested/name (0.07s)
=== RUN   TestRestoredSnapshotFailureAndConcurrentDemand
=== RUN   TestRestoredSnapshotFailureAndConcurrentDemand/Directory
2000/01/01 00:00:00 INFO start lazy evaluation field=Directory.restore
2000/01/01 00:00:00 INFO end lazy evaluation field=Directory.restore duration=0s err="snapshot unavailable"
2000/01/01 00:00:00 INFO start lazy evaluation field=Directory.restore
2000/01/01 00:00:00 INFO end lazy evaluation field=Directory.restore duration=0s err="snapshot unavailable"
2000/01/01 00:00:00 INFO start lazy evaluation field=Directory.restore
2000/01/01 00:00:00 INFO end lazy evaluation field=Directory.restore duration=0s
2000/01/01 00:00:00 INFO discarding dagql cache without persistence hasSQLDB=false hasPersistDB=false
=== RUN   TestRestoredSnapshotFailureAndConcurrentDemand/File
2000/01/01 00:00:00 INFO start lazy evaluation field=File.restore
2000/01/01 00:00:00 INFO end lazy evaluation field=File.restore duration=0s err="snapshot unavailable"
2000/01/01 00:00:00 INFO start lazy evaluation field=File.restore
2000/01/01 00:00:00 INFO end lazy evaluation field=File.restore duration=0s err="snapshot unavailable"
2000/01/01 00:00:00 INFO start lazy evaluation field=File.restore
2000/01/01 00:00:00 INFO end lazy evaluation field=File.restore duration=0s
2000/01/01 00:00:00 INFO discarding dagql cache without persistence hasSQLDB=false hasPersistDB=false
--- PASS: TestRestoredSnapshotFailureAndConcurrentDemand (0.01s)
    --- PASS: TestRestoredSnapshotFailureAndConcurrentDemand/Directory (0.00s)
    --- PASS: TestRestoredSnapshotFailureAndConcurrentDemand/File (0.00s)
=== RUN   TestRestoredSnapshotUsageAndRelease
=== RUN   TestRestoredSnapshotUsageAndRelease/Directory/open=false
2000/01/01 00:00:00 INFO discarding dagql cache without persistence hasSQLDB=false hasPersistDB=false
=== RUN   TestRestoredSnapshotUsageAndRelease/Directory/open=true
2000/01/01 00:00:00 INFO start lazy evaluation field=Directory.restore
2000/01/01 00:00:00 INFO end lazy evaluation field=Directory.restore duration=0s
2000/01/01 00:00:00 INFO discarding dagql cache without persistence hasSQLDB=false hasPersistDB=false
=== RUN   TestRestoredSnapshotUsageAndRelease/File/open=false
2000/01/01 00:00:00 INFO discarding dagql cache without persistence hasSQLDB=false hasPersistDB=false
=== RUN   TestRestoredSnapshotUsageAndRelease/File/open=true
2000/01/01 00:00:00 INFO start lazy evaluation field=File.restore
2000/01/01 00:00:00 INFO end lazy evaluation field=File.restore duration=0s
2000/01/01 00:00:00 INFO discarding dagql cache without persistence hasSQLDB=false hasPersistDB=false
--- PASS: TestRestoredSnapshotUsageAndRelease (0.01s)
    --- PASS: TestRestoredSnapshotUsageAndRelease/Directory/open=false (0.00s)
    --- PASS: TestRestoredSnapshotUsageAndRelease/Directory/open=true (0.00s)
    --- PASS: TestRestoredSnapshotUsageAndRelease/File/open=false (0.00s)
    --- PASS: TestRestoredSnapshotUsageAndRelease/File/open=true (0.00s)
=== RUN   TestRestoredSnapshotReportingAndBookkeepingRetry
=== RUN   TestRestoredSnapshotReportingAndBookkeepingRetry/Directory
2026/09/16 21:54:20 INFO start lazy evaluation field=Directory.restore
2026/09/16 21:54:20 INFO end lazy evaluation field=Directory.restore duration=96.36µs
2026/09/16 21:54:20 INFO discarding dagql cache without persistence hasSQLDB=false hasPersistDB=false
=== RUN   TestRestoredSnapshotReportingAndBookkeepingRetry/File
2026/09/16 21:54:20 INFO start lazy evaluation field=File.restore
2026/09/16 21:54:20 INFO end lazy evaluation field=File.restore duration=52.41µs
2026/09/16 21:54:20 INFO discarding dagql cache without persistence hasSQLDB=false hasPersistDB=false
--- PASS: TestRestoredSnapshotReportingAndBookkeepingRetry (0.01s)
    --- PASS: TestRestoredSnapshotReportingAndBookkeepingRetry/Directory (0.00s)
    --- PASS: TestRestoredSnapshotReportingAndBookkeepingRetry/File (0.00s)
=== RUN   TestRestoredSnapshotPathOrEvalFreshPaths
2026/09/16 21:54:20 INFO start lazy evaluation field=test
2026/09/16 21:54:20 INFO end lazy evaluation field=test duration=40.35µs
2026/09/16 21:54:20 INFO start lazy evaluation field=test
2026/09/16 21:54:20 INFO end lazy evaluation field=test duration=32.9µs
2026/09/16 21:54:20 INFO discarding dagql cache without persistence hasSQLDB=false hasPersistDB=false
--- PASS: TestRestoredSnapshotPathOrEvalFreshPaths (0.00s)
=== RUN   TestSourceFilePathsMixedStoredAndFresh
2026/09/16 21:54:20 INFO start lazy evaluation field=test
2026/09/16 21:54:20 INFO end lazy evaluation field=test duration=55.75µs
2026/09/16 21:54:20 INFO discarding dagql cache without persistence hasSQLDB=false hasPersistDB=false
--- PASS: TestSourceFilePathsMixedStoredAndFresh (0.00s)
=== RUN   TestRestoredSnapshotAttemptLifetime
=== RUN   TestRestoredSnapshotAttemptLifetime/Directory/release=false
2000/01/01 00:00:00 INFO start lazy evaluation field=Directory.restore
2000/01/01 00:00:00 INFO end lazy evaluation field=Directory.restore duration=0s
2000/01/01 00:00:00 INFO discarding dagql cache without persistence hasSQLDB=false hasPersistDB=false
=== RUN   TestRestoredSnapshotAttemptLifetime/Directory/release=true
2000/01/01 00:00:00 INFO start lazy evaluation field=Directory.restore
2000/01/01 00:00:00 INFO end lazy evaluation field=Directory.restore duration=0s
2000/01/01 00:00:00 INFO discarding dagql cache without persistence hasSQLDB=false hasPersistDB=false
=== RUN   TestRestoredSnapshotAttemptLifetime/File/release=false
2000/01/01 00:00:00 INFO start lazy evaluation field=File.restore
2000/01/01 00:00:00 INFO end lazy evaluation field=File.restore duration=0s
2000/01/01 00:00:00 INFO discarding dagql cache without persistence hasSQLDB=false hasPersistDB=false
=== RUN   TestRestoredSnapshotAttemptLifetime/File/release=true
2000/01/01 00:00:00 INFO start lazy evaluation field=File.restore
2000/01/01 00:00:00 INFO end lazy evaluation field=File.restore duration=0s
2000/01/01 00:00:00 INFO discarding dagql cache without persistence hasSQLDB=false hasPersistDB=false
--- PASS: TestRestoredSnapshotAttemptLifetime (0.01s)
    --- PASS: TestRestoredSnapshotAttemptLifetime/Directory/release=false (0.00s)
    --- PASS: TestRestoredSnapshotAttemptLifetime/Directory/release=true (0.00s)
    --- PASS: TestRestoredSnapshotAttemptLifetime/File/release=false (0.00s)
    --- PASS: TestRestoredSnapshotAttemptLifetime/File/release=true (0.00s)
=== RUN   TestRestoredSnapshotUntouchedEnvelope
=== RUN   TestRestoredSnapshotUntouchedEnvelope/Directory
2026/09/16 21:54:20 INFO starting dagql cache close hasSQLDB=true hasPersistDB=true
2026/09/16 21:54:20 INFO marking dagql cache clean shutdown
2026/09/16 21:54:20 WARN successfully marked clean shutdown in persistence metadata
2026/09/16 21:54:20 INFO completed dagql cache close successfully
2026/09/16 21:54:20 INFO starting dagql cache close hasSQLDB=true hasPersistDB=true
2026/09/16 21:54:20 INFO marking dagql cache clean shutdown
2026/09/16 21:54:20 WARN successfully marked clean shutdown in persistence metadata
2026/09/16 21:54:20 INFO completed dagql cache close successfully
2026/09/16 21:54:20 INFO start lazy evaluation field=Directory.restore
2026/09/16 21:54:20 INFO end lazy evaluation field=Directory.restore duration=69.25µs
2026/09/16 21:54:20 INFO discarding dagql cache without persistence hasSQLDB=true hasPersistDB=true
=== RUN   TestRestoredSnapshotUntouchedEnvelope/File
2026/09/16 21:54:20 INFO starting dagql cache close hasSQLDB=true hasPersistDB=true
2026/09/16 21:54:20 INFO marking dagql cache clean shutdown
2026/09/16 21:54:20 WARN successfully marked clean shutdown in persistence metadata
2026/09/16 21:54:20 INFO completed dagql cache close successfully
2026/09/16 21:54:20 INFO starting dagql cache close hasSQLDB=true hasPersistDB=true
2026/09/16 21:54:20 INFO marking dagql cache clean shutdown
2026/09/16 21:54:20 WARN successfully marked clean shutdown in persistence metadata
2026/09/16 21:54:20 INFO completed dagql cache close successfully
2026/09/16 21:54:20 INFO start lazy evaluation field=File.restore
2026/09/16 21:54:20 INFO end lazy evaluation field=File.restore duration=91.95µs
2026/09/16 21:54:20 INFO discarding dagql cache without persistence hasSQLDB=true hasPersistDB=true
--- PASS: TestRestoredSnapshotUntouchedEnvelope (0.22s)
    --- PASS: TestRestoredSnapshotUntouchedEnvelope/Directory (0.11s)
    --- PASS: TestRestoredSnapshotUntouchedEnvelope/File (0.11s)
=== RUN   TestSourceFilePathsPreservesFreshErrors
2026/09/16 21:54:20 INFO start lazy evaluation field=test
2026/09/16 21:54:20 INFO end lazy evaluation field=test duration=68.3µs err="fresh source failed"
2026/09/16 21:54:20 INFO discarding dagql cache without persistence hasSQLDB=false hasPersistDB=false
--- PASS: TestSourceFilePathsPreservesFreshErrors (0.00s)
=== RUN   TestRestoredSnapshotDiagnostics
2026/09/16 21:54:20 INFO starting dagql cache close hasSQLDB=true hasPersistDB=true
2026/09/16 21:54:20 INFO marking dagql cache clean shutdown
2026/09/16 21:54:20 WARN successfully marked clean shutdown in persistence metadata
2026/09/16 21:54:20 INFO completed dagql cache close successfully
2026/09/16 21:54:20 INFO start lazy evaluation field=Directory.restore
2026/09/16 21:54:20 INFO end lazy evaluation field=Directory.restore duration=62.22µs
2026/09/16 21:54:20 INFO starting dagql cache close hasSQLDB=true hasPersistDB=true
2026/09/16 21:54:20 INFO marking dagql cache clean shutdown
2026/09/16 21:54:20 WARN successfully marked clean shutdown in persistence metadata
2026/09/16 21:54:20 INFO completed dagql cache close successfully
2026/09/16 21:54:20 INFO start lazy evaluation field=File.restore
2026/09/16 21:54:20 INFO end lazy evaluation field=File.restore duration=47µs
2026/09/16 21:54:20 INFO discarding dagql cache without persistence hasSQLDB=true hasPersistDB=true
2026/09/16 21:54:20 INFO discarding dagql cache without persistence hasSQLDB=true hasPersistDB=true
--- PASS: TestRestoredSnapshotDiagnostics (0.11s)
=== RUN   TestLazyOperationTransferState
=== RUN   TestLazyOperationTransferState/lazy
=== RUN   TestLazyOperationTransferState/snapshot
--- PASS: TestLazyOperationTransferState (0.00s)
    --- PASS: TestLazyOperationTransferState/lazy (0.00s)
    --- PASS: TestLazyOperationTransferState/snapshot (0.00s)
=== CONT  TestContainerExecMetadataReadRunsNothing
=== CONT  TestContainerDirectEvaluateRunsRefinedGroups
=== CONT  TestContainerDelegationOverwritesStalePreCopiedAccessor
=== CONT  TestContainerFinalDelegationSweepDoesNotStartParentWork
=== CONT  TestContainerExecReadOnlyMountStaysPending
=== CONT  TestContainerHasPendingFallbackRacesDirectCompletion
=== CONT  TestContainerDirectorySelectorLeavesSiblingMountsPending
=== CONT  TestContainerDirectorySelectorReturnsRootFSErrorBeforeSelection
2026/09/16 21:54:20 INFO start lazy group evaluation field=Container.withExec group=metadata
2026/09/16 21:54:20 INFO start lazy group evaluation field=test.base group=metadata
2026/09/16 21:54:20 INFO start lazy group evaluation field=Container.withEnvVariable group=metadata
2026/09/16 21:54:20 INFO start lazy group evaluation field=test.base group=metadata
2026/09/16 21:54:20 INFO start lazy group evaluation field=test.base group=metadata
2026/09/16 21:54:20 INFO end lazy group evaluation field=test.base group=metadata duration=58.14µs
2026/09/16 21:54:20 INFO end lazy group evaluation field=test.base group=metadata duration=34.15µs
2026/09/16 21:54:20 INFO end lazy group evaluation field=test.base group=metadata duration=30.469µs
=== CONT  TestContainerMetadataChainLeavesSnapshotGroupsPending
=== CONT  TestContainerConcurrentGroupCompletionRetainsLazy
=== CONT  TestContainerRoutingReadsRaceRefinedCompletion
2026/09/16 21:54:20 INFO start lazy group evaluation field=test.base group=execMeta
=== CONT  TestContainerRoutingReadsRaceUnrefinedCompletion
=== CONT  TestContainerExecMetadataKeepsVolatileNamesAndExpandErrors
2026/09/16 21:54:20 INFO end lazy group evaluation field=Container.withEnvVariable group=metadata duration=2.308747ms
=== CONT  TestContainerExecEvaluatesParentMountsConcurrently
2026/09/16 21:54:20 INFO end lazy group evaluation field=test.base group=execMeta duration=118.24µs
2026/09/16 21:54:20 INFO discarding dagql cache without persistence hasSQLDB=false hasPersistDB=false
--- PASS: TestContainerFinalDelegationSweepDoesNotStartParentWork (0.00s)
2026/09/16 21:54:20 INFO end lazy group evaluation field=Container.withExec group=metadata duration=2.682137ms
2026/09/16 21:54:20 INFO start lazy evaluation field=Container.directory
2026/09/16 21:54:20 INFO start lazy group evaluation field=test.base group=fs
2026/09/16 21:54:20 INFO start lazy group evaluation field=test.base group=metadata
2026/09/16 21:54:20 INFO end lazy group evaluation field=test.base group=metadata duration=58.62µs
2026/09/16 21:54:20 INFO start lazy evaluation field=Container.directory
2026/09/16 21:54:20 INFO start lazy group evaluation field=test.base group=mount:/a
2026/09/16 21:54:20 INFO end lazy group evaluation field=test.base group=mount:/a duration=233.9µs
2026/09/16 21:54:20 INFO end lazy group evaluation field=test.base group=fs duration=3.869066ms
2026/09/16 21:54:20 INFO end lazy evaluation field=Container.directory duration=4.568924ms
2026/09/16 21:54:20 INFO discarding dagql cache without persistence hasSQLDB=false hasPersistDB=false
--- PASS: TestContainerDirectorySelectorLeavesSiblingMountsPending (0.01s)
2026/09/16 21:54:20 INFO start lazy group evaluation field=Container.withUser group=metadata
2026/09/16 21:54:20 INFO start lazy group evaluation field=test.base group=metadata
2026/09/16 21:54:20 INFO end lazy group evaluation field=test.base group=metadata duration=36.36µs
2026/09/16 21:54:20 INFO start lazy group evaluation field=test.base group=metadata
2026/09/16 21:54:20 INFO discarding dagql cache without persistence hasSQLDB=false hasPersistDB=false
2026/09/16 21:54:20 INFO end lazy group evaluation field=Container.withUser group=metadata duration=319.29µs
2026/09/16 21:54:20 INFO end lazy group evaluation field=test.base group=metadata duration=141.46µs
--- PASS: TestContainerHasPendingFallbackRacesDirectCompletion (0.01s)
2026/09/16 21:54:20 INFO start lazy group evaluation field=test.base group=metadata
2026/09/16 21:54:20 INFO start lazy group evaluation field=Container.withExec group=metadata
2026/09/16 21:54:20 INFO start lazy group evaluation field=test.base group=metadata
2026/09/16 21:54:20 INFO end lazy group evaluation field=test.base group=metadata duration=284.2µs
2026/09/16 21:54:20 INFO start lazy group evaluation field=test.base group=metadata
2026/09/16 21:54:20 INFO start lazy group evaluation field=Container.withUser group=execMeta
2026/09/16 21:54:20 INFO end lazy group evaluation field=test.base group=metadata duration=46.28µs
2026/09/16 21:54:20 INFO end lazy group evaluation field=test.base group=metadata duration=76.06µs
2026/09/16 21:54:20 INFO end lazy group evaluation field=Container.withExec group=metadata duration=244.87µs
2026/09/16 21:54:20 INFO start lazy group evaluation field=Container.withWorkdir group=metadata
2026/09/16 21:54:20 INFO start lazy group evaluation field=test.base group=execMeta
2026/09/16 21:54:20 INFO start lazy group evaluation field=Container.withEnvVariable group=metadata
2026/09/16 21:54:20 INFO discarding dagql cache without persistence hasSQLDB=false hasPersistDB=false
--- PASS: TestContainerExecMetadataKeepsVolatileNamesAndExpandErrors (0.01s)
2026/09/16 21:54:20 INFO end lazy group evaluation field=test.base group=execMeta duration=128.49µs
2026/09/16 21:54:20 INFO start lazy group evaluation field=test.base group=fs
2026/09/16 21:54:20 INFO start lazy evaluation field=test.unrefinedWriter
2026/09/16 21:54:20 INFO start lazy group evaluation field=test.base group=metadata
2026/09/16 21:54:20 INFO start lazy group evaluation field=test.base group=fs
2026/09/16 21:54:20 INFO start lazy group evaluation field=Container.withUser group=fs
2026/09/16 21:54:20 INFO end lazy group evaluation field=Container.withUser group=execMeta duration=432.639µs
2026/09/16 21:54:20 INFO start lazy group evaluation field=Container.withExec group=execOutputs
2026/09/16 21:54:20 INFO end lazy group evaluation field=test.base group=metadata duration=133.319µs
2026/09/16 21:54:20 INFO end lazy group evaluation field=test.base group=fs duration=69.6µs err="injected rootfs failure"
2026/09/16 21:54:20 INFO end lazy evaluation field=test.unrefinedWriter duration=41.91µs
2026/09/16 21:54:20 INFO start lazy group evaluation field=Container.withExec group=metadata
2026/09/16 21:54:20 INFO end lazy evaluation field=Container.directory duration=5.394625ms err="injected rootfs failure"
2026/09/16 21:54:20 INFO end lazy group evaluation field=Container.withWorkdir group=metadata duration=636.499µs
2026/09/16 21:54:20 INFO end lazy group evaluation field=test.base group=fs duration=118.559µs
2026/09/16 21:54:20 INFO discarding dagql cache without persistence hasSQLDB=false hasPersistDB=false
2026/09/16 21:54:20 INFO end lazy group evaluation field=Container.withEnvVariable group=metadata duration=580.649µs
2026/09/16 21:54:20 INFO start lazy group evaluation field=test.base group=fs
--- PASS: TestContainerDirectorySelectorReturnsRootFSErrorBeforeSelection (0.01s)
2026/09/16 21:54:20 INFO start lazy group evaluation field=test.base group=fs
2026/09/16 21:54:20 INFO start lazy group evaluation field=Container.withEnvVariable group=fs
2026/09/16 21:54:20 INFO end lazy group evaluation field=test.base group=fs duration=149.22µs
2026/09/16 21:54:20 INFO end lazy group evaluation field=Container.withEnvVariable group=fs duration=82.63µs
2026/09/16 21:54:20 INFO start lazy group evaluation field=test.base group=execMeta
2026/09/16 21:54:20 INFO start lazy group evaluation field=Container.withEnvVariable group=execMeta
2026/09/16 21:54:20 INFO end lazy group evaluation field=test.base group=execMeta duration=29.84µs
2026/09/16 21:54:20 INFO start lazy group evaluation field=test.base group=metadata
2026/09/16 21:54:20 INFO start lazy group evaluation field=Container.withExec group=metadata
2026/09/16 21:54:20 INFO end lazy group evaluation field=Container.withEnvVariable group=execMeta duration=58.35µs
2026/09/16 21:54:20 INFO end lazy group evaluation field=test.base group=fs duration=413.1µs
2026/09/16 21:54:20 INFO end lazy group evaluation field=test.base group=metadata duration=88.08µs
2026/09/16 21:54:20 INFO start lazy group evaluation field=test.base group=metadata
2026/09/16 21:54:20 INFO end lazy group evaluation field=Container.withExec group=execOutputs duration=805.66µs err="get current query: no query in context"
2026/09/16 21:54:20 INFO end lazy group evaluation field=test.base group=metadata duration=31.92µs
2026/09/16 21:54:20 INFO start lazy group evaluation field=test.base group=mount:/b
2026/09/16 21:54:20 INFO start lazy group evaluation field=Container.withWorkdir group=fs
2026/09/16 21:54:20 INFO discarding dagql cache without persistence hasSQLDB=false hasPersistDB=false
2026/09/16 21:54:20 INFO end lazy group evaluation field=Container.withExec group=metadata duration=245.41µs
2026/09/16 21:54:20 INFO start lazy group evaluation field=test.base group=execMeta
2026/09/16 21:54:20 INFO end lazy group evaluation field=test.base group=execMeta duration=1.156718ms
--- PASS: TestContainerDelegationOverwritesStalePreCopiedAccessor (0.01s)
2026/09/16 21:54:20 INFO end lazy group evaluation field=Container.withExec group=metadata duration=973.45µs
2026/09/16 21:54:20 INFO start lazy group evaluation field=test.base group=mount:/a
2026/09/16 21:54:20 INFO end lazy group evaluation field=Container.withUser group=fs duration=1.423658ms
2026/09/16 21:54:20 INFO end lazy group evaluation field=test.base group=mount:/a duration=239.769µs
2026/09/16 21:54:20 INFO start lazy group evaluation field=test.base group=fs
2026/09/16 21:54:20 INFO start lazy group evaluation field=Container.withExec group=execOutputs
2026/09/16 21:54:20 INFO end lazy group evaluation field=test.base group=mount:/b duration=279.999µs
2026/09/16 21:54:20 INFO start lazy group evaluation field=test.base group=fs
2026/09/16 21:54:20 INFO end lazy group evaluation field=test.base group=fs duration=82.24µs
2026/09/16 21:54:20 INFO discarding dagql cache without persistence hasSQLDB=false hasPersistDB=false
--- PASS: TestContainerConcurrentGroupCompletionRetainsLazy (0.01s)
2026/09/16 21:54:20 INFO discarding dagql cache without persistence hasSQLDB=false hasPersistDB=false
2026/09/16 21:54:20 INFO start lazy group evaluation field=Container.withExec group=execOutputs
--- PASS: TestContainerDirectEvaluateRunsRefinedGroups (0.01s)
2026/09/16 21:54:20 INFO end lazy group evaluation field=Container.withWorkdir group=fs duration=621.119µs
2026/09/16 21:54:20 INFO end lazy group evaluation field=Container.withExec group=execOutputs duration=210.87µs err="get current query: no query in context"
2026/09/16 21:54:20 INFO start lazy group evaluation field=Container.withExec group=mount:/ro
2026/09/16 21:54:20 INFO start lazy group evaluation field=test.base group=mount:/one
2026/09/16 21:54:20 INFO start lazy group evaluation field=test.base group=fs
2026/09/16 21:54:20 INFO end lazy group evaluation field=test.base group=fs duration=40.25µs
2026/09/16 21:54:20 INFO end lazy group evaluation field=test.base group=fs duration=426.04µs
2026/09/16 21:54:20 INFO start lazy group evaluation field=Container.withExec group=execOutputs
2026/09/16 21:54:20 INFO start lazy group evaluation field=test.base group=mount:/ro
2026/09/16 21:54:20 INFO start lazy evaluation field=test.unrefinedWriter
2026/09/16 21:54:20 INFO start lazy group evaluation field=Container.withWorkdir group=execMeta
2026/09/16 21:54:20 INFO end lazy group evaluation field=Container.withExec group=execOutputs duration=150.62µs err="get current query: no query in context"
2026/09/16 21:54:20 INFO discarding dagql cache without persistence hasSQLDB=false hasPersistDB=false
2026/09/16 21:54:20 INFO end lazy group evaluation field=test.base group=mount:/ro duration=119.43µs
2026/09/16 21:54:20 INFO discarding dagql cache without persistence hasSQLDB=false hasPersistDB=false
--- PASS: TestContainerRoutingReadsRaceRefinedCompletion (0.01s)
2026/09/16 21:54:20 INFO start lazy group evaluation field=test.base group=execMeta
--- PASS: TestContainerExecMetadataReadRunsNothing (0.02s)
2026/09/16 21:54:20 INFO start lazy group evaluation field=test.base group=mount:/two
2026/09/16 21:54:20 INFO end lazy group evaluation field=test.base group=execMeta duration=82.96µs
2026/09/16 21:54:20 INFO end lazy group evaluation field=Container.withExec group=mount:/ro duration=781.889µs
2026/09/16 21:54:20 INFO end lazy group evaluation field=test.base group=mount:/one duration=750.999µs
2026/09/16 21:54:20 INFO end lazy group evaluation field=test.base group=mount:/two duration=558.419µs
2026/09/16 21:54:20 INFO end lazy group evaluation field=Container.withWorkdir group=execMeta duration=568.189µs
2026/09/16 21:54:20 INFO end lazy evaluation field=test.unrefinedWriter duration=536.149µs
2026/09/16 21:54:20 INFO discarding dagql cache without persistence hasSQLDB=false hasPersistDB=false
--- PASS: TestContainerExecReadOnlyMountStaysPending (0.02s)
2026/09/16 21:54:20 INFO discarding dagql cache without persistence hasSQLDB=false hasPersistDB=false
2026/09/16 21:54:20 INFO end lazy group evaluation field=Container.withExec group=execOutputs duration=1.435319ms err="get current query: no query in context"
--- PASS: TestContainerMetadataChainLeavesSnapshotGroupsPending (0.01s)
2026/09/16 21:54:20 INFO discarding dagql cache without persistence hasSQLDB=false hasPersistDB=false
--- PASS: TestContainerExecEvaluatesParentMountsConcurrently (0.01s)
2026/09/16 21:54:20 INFO discarding dagql cache without persistence hasSQLDB=false hasPersistDB=false
--- PASS: TestContainerRoutingReadsRaceUnrefinedCompletion (0.01s)
PASS
ok  	github.com/dagger/dagger/core	10.261s
