=== RUN   TestCacheArbitraryLateCleanupBlocksClose
=== RUN   TestCacheArbitraryLateCleanupBlocksClose/success
=== RUN   TestCacheArbitraryLateCleanupBlocksClose/release_error
--- PASS: TestCacheArbitraryLateCleanupBlocksClose (0.00s)
    --- PASS: TestCacheArbitraryLateCleanupBlocksClose/success (0.00s)
    --- PASS: TestCacheArbitraryLateCleanupBlocksClose/release_error (0.00s)
=== RUN   TestCacheArbitraryCancellationKeepsOtherWaiter
--- PASS: TestCacheArbitraryCancellationKeepsOtherWaiter (0.00s)
=== RUN   TestCacheArbitraryLateCleanupKeepsReplacement
--- PASS: TestCacheArbitraryLateCleanupKeepsReplacement (0.00s)
=== RUN   TestCacheArbitraryCanceledWaiterTakesPublishedCleanup
--- PASS: TestCacheArbitraryCanceledWaiterTakesPublishedCleanup (0.00s)
=== RUN   TestCacheCanonicalEquivalentSwapRacesSessionRelease
    cache_canonical_race_test.go:51: attempt 0: call C adopted result A (id=1): payloadReleased=false reRegistered=true ownership=1
    cache_canonical_race_test.go:51: attempt 1: call C adopted result A (id=1): payloadReleased=false reRegistered=true ownership=1
    cache_canonical_race_test.go:51: attempt 2: call C adopted result A (id=1): payloadReleased=false reRegistered=true ownership=1
    cache_canonical_race_test.go:51: attempt 3: call C adopted result A (id=1): payloadReleased=false reRegistered=true ownership=1
    cache_canonical_race_test.go:51: attempt 4: call C adopted result A (id=1): payloadReleased=false reRegistered=true ownership=1
    cache_canonical_race_test.go:51: attempt 5: call C adopted result A (id=1): payloadReleased=false reRegistered=true ownership=1
    cache_canonical_race_test.go:51: attempt 6: call C adopted result A (id=1): payloadReleased=false reRegistered=true ownership=1
    cache_canonical_race_test.go:51: attempt 7: call C adopted result A (id=1): payloadReleased=false reRegistered=true ownership=1
    cache_canonical_race_test.go:51: attempt 8: call C adopted result A (id=1): payloadReleased=false reRegistered=true ownership=1
    cache_canonical_race_test.go:51: attempt 9: call C adopted result A (id=1): payloadReleased=false reRegistered=true ownership=1
    cache_canonical_race_test.go:51: attempt 10: call C adopted result A (id=1): payloadReleased=false reRegistered=true ownership=1
    cache_canonical_race_test.go:51: attempt 11: call C adopted result A (id=1): payloadReleased=false reRegistered=true ownership=1
    cache_canonical_race_test.go:51: attempt 12: call C adopted result A (id=1): payloadReleased=false reRegistered=true ownership=1
    cache_canonical_race_test.go:51: attempt 13: call C adopted result A (id=1): payloadReleased=false reRegistered=true ownership=1
    cache_canonical_race_test.go:51: attempt 14: call C adopted result A (id=1): payloadReleased=false reRegistered=true ownership=1
    cache_canonical_race_test.go:51: attempt 15: call C adopted result A (id=1): payloadReleased=false reRegistered=true ownership=1
    cache_canonical_race_test.go:51: attempt 16: call C adopted result A (id=1): payloadReleased=false reRegistered=true ownership=1
    cache_canonical_race_test.go:51: attempt 17: call C adopted result A (id=1): payloadReleased=false reRegistered=true ownership=1
    cache_canonical_race_test.go:51: attempt 18: call C adopted result A (id=1): payloadReleased=false reRegistered=true ownership=1
    cache_canonical_race_test.go:51: attempt 19: call C adopted result A (id=1): payloadReleased=false reRegistered=true ownership=1
    cache_canonical_race_test.go:51: attempt 20: call C adopted result A (id=1): payloadReleased=false reRegistered=true ownership=1
    cache_canonical_race_test.go:51: attempt 21: call C adopted result A (id=1): payloadReleased=false reRegistered=true ownership=1
    cache_canonical_race_test.go:51: attempt 22: call C adopted result A (id=1): payloadReleased=false reRegistered=true ownership=1
    cache_canonical_race_test.go:51: attempt 23: call C adopted result A (id=1): payloadReleased=false reRegistered=true ownership=1
    cache_canonical_race_test.go:51: attempt 24: call C adopted result A (id=1): payloadReleased=false reRegistered=true ownership=1
    cache_canonical_race_test.go:51: attempt 25: call C adopted result A (id=1): payloadReleased=false reRegistered=true ownership=1
    cache_canonical_race_test.go:51: attempt 26: call C adopted result A (id=1): payloadReleased=false reRegistered=true ownership=1
    cache_canonical_race_test.go:51: attempt 27: call C adopted result A (id=1): payloadReleased=false reRegistered=true ownership=1
    cache_canonical_race_test.go:51: attempt 28: call C adopted result A (id=1): payloadReleased=false reRegistered=true ownership=1
    cache_canonical_race_test.go:51: attempt 29: call C adopted result A (id=1): payloadReleased=false reRegistered=true ownership=1
    cache_canonical_race_test.go:51: attempt 30: call C adopted result A (id=1): payloadReleased=false reRegistered=true ownership=1
    cache_canonical_race_test.go:51: attempt 31: call C adopted result A (id=1): payloadReleased=false reRegistered=true ownership=1
    cache_canonical_race_test.go:51: attempt 32: call C adopted result A (id=1): payloadReleased=false reRegistered=true ownership=1
    cache_canonical_race_test.go:51: attempt 33: call C adopted result A (id=1): payloadReleased=false reRegistered=true ownership=1
    cache_canonical_race_test.go:51: attempt 34: call C adopted result A (id=1): payloadReleased=false reRegistered=true ownership=1
    cache_canonical_race_test.go:51: attempt 35: call C adopted result A (id=1): payloadReleased=false reRegistered=true ownership=1
    cache_canonical_race_test.go:51: attempt 36: call C adopted result A (id=1): payloadReleased=false reRegistered=true ownership=1
    cache_canonical_race_test.go:51: attempt 37: call C adopted result A (id=1): payloadReleased=false reRegistered=true ownership=1
    cache_canonical_race_test.go:51: attempt 38: call C adopted result A (id=1): payloadReleased=false reRegistered=true ownership=1
    cache_canonical_race_test.go:51: attempt 39: call C adopted result A (id=1): payloadReleased=false reRegistered=true ownership=1
    cache_canonical_race_test.go:51: attempt 40: call C adopted result A (id=1): payloadReleased=false reRegistered=true ownership=1
    cache_canonical_race_test.go:51: attempt 41: call C adopted result A (id=1): payloadReleased=false reRegistered=true ownership=1
    cache_canonical_race_test.go:51: attempt 42: call C adopted result A (id=1): payloadReleased=false reRegistered=true ownership=1
    cache_canonical_race_test.go:51: attempt 43: call C adopted result A (id=1): payloadReleased=false reRegistered=true ownership=1
    cache_canonical_race_test.go:51: attempt 44: call C adopted result A (id=1): payloadReleased=false reRegistered=true ownership=1
    cache_canonical_race_test.go:51: attempt 45: call C adopted result A (id=1): payloadReleased=false reRegistered=true ownership=1
    cache_canonical_race_test.go:51: attempt 46: call C adopted result A (id=1): payloadReleased=false reRegistered=true ownership=1
    cache_canonical_race_test.go:51: attempt 47: call C adopted result A (id=1): payloadReleased=false reRegistered=true ownership=1
    cache_canonical_race_test.go:51: attempt 48: call C adopted result A (id=1): payloadReleased=false reRegistered=true ownership=1
    cache_canonical_race_test.go:51: attempt 49: call C adopted result A (id=1): payloadReleased=false reRegistered=true ownership=1
    cache_canonical_race_test.go:67: no reproduction in 50 attempts (0 benign release-first orderings, 50 adopted-alive orderings)
--- PASS: TestCacheCanonicalEquivalentSwapRacesSessionRelease (0.84s)
=== RUN   TestDebugCacheSnapshotWithQueuedWriter
=== RUN   TestDebugCacheSnapshotWithQueuedWriter/without-writer
=== RUN   TestDebugCacheSnapshotWithQueuedWriter/with-writer
--- PASS: TestDebugCacheSnapshotWithQueuedWriter (0.01s)
    --- PASS: TestDebugCacheSnapshotWithQueuedWriter/without-writer (0.01s)
    --- PASS: TestDebugCacheSnapshotWithQueuedWriter/with-writer (0.00s)
=== RUN   TestDebugCacheSnapshotIncludesResultMetadata
--- PASS: TestDebugCacheSnapshotIncludesResultMetadata (0.00s)
=== RUN   TestDebugCacheSnapshotIncludesCompletedArbitraryCalls
--- PASS: TestDebugCacheSnapshotIncludesCompletedArbitraryCalls (0.00s)
=== RUN   TestCacheOutputEqClassInverseMixedSurvivor
--- PASS: TestCacheOutputEqClassInverseMixedSurvivor (0.00s)
=== RUN   TestCacheOutputEqClassInverseExpiredOnlyDoesNotSurvive
--- PASS: TestCacheOutputEqClassInverseExpiredOnlyDoesNotSurvive (0.00s)
=== RUN   TestCacheOutputEqClassInverseMergeThenRemoval
--- PASS: TestCacheOutputEqClassInverseMergeThenRemoval (0.00s)
=== RUN   TestCacheOutputEqClassInverseForcedCompactionAndReset
--- PASS: TestCacheOutputEqClassInverseForcedCompactionAndReset (0.00s)
=== RUN   TestCacheReleaseCascadePreservesCallbacksAndCleansDerivedIndexes
--- PASS: TestCacheReleaseCascadePreservesCallbacksAndCleansDerivedIndexes (0.00s)
=== RUN   TestCacheExactDigestPostingRemoval
--- PASS: TestCacheExactDigestPostingRemoval (0.00s)
=== RUN   TestCacheBroadImportedPostingRemoval
--- PASS: TestCacheBroadImportedPostingRemoval (0.02s)
=== RUN   TestCachePersistedFreshPruneCleansDerivedIndexes
--- PASS: TestCachePersistedFreshPruneCleansDerivedIndexes (0.00s)
=== RUN   TestCacheEvidenceExecutedFreshCall
=== PAUSE TestCacheEvidenceExecutedFreshCall
=== RUN   TestCacheEvidenceRecipeHit
=== PAUSE TestCacheEvidenceRecipeHit
=== RUN   TestCacheEvidenceDigestRouteHit
=== PAUSE TestCacheEvidenceDigestRouteHit
=== RUN   TestCacheEvidenceStructuralRouteHit
=== PAUSE TestCacheEvidenceStructuralRouteHit
=== RUN   TestCacheEvidenceMissSawExpired
=== PAUSE TestCacheEvidenceMissSawExpired
=== RUN   TestCacheEvidenceSawExpiredThroughEqClassExpansion
=== PAUSE TestCacheEvidenceSawExpiredThroughEqClassExpansion
=== RUN   TestCacheEvidenceMissIncompatibleCandidates
=== PAUSE TestCacheEvidenceMissIncompatibleCandidates
=== RUN   TestCacheEvidenceJoinedAndExecutedCarriers
=== PAUSE TestCacheEvidenceJoinedAndExecutedCarriers
=== RUN   TestCacheEvidenceDoNotCacheUncached
=== PAUSE TestCacheEvidenceDoNotCacheUncached
=== RUN   TestCacheEvidencePendingLazyHitIsHit
=== PAUSE TestCacheEvidencePendingLazyHitIsHit
=== RUN   TestCacheEvidenceUnknownInputIndex
=== PAUSE TestCacheEvidenceUnknownInputIndex
=== RUN   TestCacheEvidencePairingDigestExcludesImplicitInputs
=== PAUSE TestCacheEvidencePairingDigestExcludesImplicitInputs
=== RUN   TestCacheEvidenceCloneDropsCarrier
=== PAUSE TestCacheEvidenceCloneDropsCarrier
=== RUN   TestCacheEvidenceNilCarrierIsNoop
=== PAUSE TestCacheEvidenceNilCarrierIsNoop
=== RUN   TestRemoteCacheExtraDigestMetadata
=== RUN   TestRemoteCacheExtraDigestMetadata/unmarked
=== RUN   TestRemoteCacheExtraDigestMetadata/detached
=== RUN   TestRemoteCacheExtraDigestMetadata/attached
--- PASS: TestRemoteCacheExtraDigestMetadata (0.04s)
    --- PASS: TestRemoteCacheExtraDigestMetadata/unmarked (0.01s)
    --- PASS: TestRemoteCacheExtraDigestMetadata/detached (0.01s)
    --- PASS: TestRemoteCacheExtraDigestMetadata/attached (0.02s)
=== RUN   TestLazyOperationCompatibilityCut
--- PASS: TestLazyOperationCompatibilityCut (0.00s)
=== RUN   TestCacheEvaluateRetriesForeignCancellation
--- PASS: TestCacheEvaluateRetriesForeignCancellation (0.00s)
=== RUN   TestCacheEvaluateRetiresFinishedAttemptBeforeWaitersDrain
--- PASS: TestCacheEvaluateRetiresFinishedAttemptBeforeWaitersDrain (0.00s)
=== RUN   TestCacheLazyAttemptDefersSessionCleanupUntilCallbackExit
--- PASS: TestCacheLazyAttemptDefersSessionCleanupUntilCallbackExit (0.00s)
=== RUN   TestCacheEvaluateOwnCancellationOnlyCancelsOwnWait
--- PASS: TestCacheEvaluateOwnCancellationOnlyCancelsOwnWait (0.00s)
=== RUN   TestCacheEvaluatePropagatesCallbackFailure
--- PASS: TestCacheEvaluatePropagatesCallbackFailure (0.00s)
=== RUN   TestCacheEvaluateSettlesBookkeepingBeforeReportingComplete
--- PASS: TestCacheEvaluateSettlesBookkeepingBeforeReportingComplete (0.00s)
=== RUN   TestCacheEvaluatePendingBookkeepingSkipsUnclearedCallback
--- PASS: TestCacheEvaluatePendingBookkeepingSkipsUnclearedCallback (0.00s)
=== RUN   TestCacheHitRegistrationDoesNotRaceLazyCallback
=== PAUSE TestCacheHitRegistrationDoesNotRaceLazyCallback
=== RUN   TestCacheMetadataEstimateFormula
=== PAUSE TestCacheMetadataEstimateFormula
=== RUN   TestCacheMetadataDirectResultBytesUsesCeiling
=== PAUSE TestCacheMetadataDirectResultBytesUsesCeiling
=== RUN   TestCachePruneMetadataEstimateLogsOnlyAfterTrigger
--- PASS: TestCachePruneMetadataEstimateLogsOnlyAfterTrigger (0.00s)
=== RUN   TestCacheMetadataPruneCandidateOrder
=== PAUSE TestCacheMetadataPruneCandidateOrder
=== RUN   TestCacheMetadataPruneCandidateSortCancellation
=== PAUSE TestCacheMetadataPruneCandidateSortCancellation
=== RUN   TestCacheMetadataPruneDependencySortCancellation
=== PAUSE TestCacheMetadataPruneDependencySortCancellation
=== RUN   TestCachePruneMetadataEstimateSkipsPhysicalMeasurementAndUsesColdOrder
=== PAUSE TestCachePruneMetadataEstimateSkipsPhysicalMeasurementAndUsesColdOrder
=== RUN   TestCachePruneMetadataEstimateCreditsCollectedDependencyClosure
=== PAUSE TestCachePruneMetadataEstimateCreditsCollectedDependencyClosure
=== RUN   TestCachePruneMetadataEstimateProtectsActiveAndUnpruneableResults
=== PAUSE TestCachePruneMetadataEstimateProtectsActiveAndUnpruneableResults
=== RUN   TestCachePruneMetadataEstimateCompactionCanRestoreMaximumWithoutEviction
=== PAUSE TestCachePruneMetadataEstimateCompactionCanRestoreMaximumWithoutEviction
=== RUN   TestCachePruneMetadataEstimateMarksReleaseAndSnapshotGCContext
=== PAUSE TestCachePruneMetadataEstimateMarksReleaseAndSnapshotGCContext
=== RUN   TestRemovePersistedEdgeRechecksUnpruneableAfterPlanning
=== RUN   TestRemovePersistedEdgeRechecksUnpruneableAfterPlanning/mode-0
=== RUN   TestRemovePersistedEdgeRechecksUnpruneableAfterPlanning/mode-1
--- PASS: TestRemovePersistedEdgeRechecksUnpruneableAfterPlanning (0.00s)
    --- PASS: TestRemovePersistedEdgeRechecksUnpruneableAfterPlanning/mode-0 (0.00s)
    --- PASS: TestRemovePersistedEdgeRechecksUnpruneableAfterPlanning/mode-1 (0.00s)
=== RUN   TestCachePruneMetadataEstimateCancellationDoesNotMutate
=== PAUSE TestCachePruneMetadataEstimateCancellationDoesNotMutate
=== RUN   TestCachePruneMetadataEstimateCancellationDuringPlanningDoesNotMutate
=== PAUSE TestCachePruneMetadataEstimateCancellationDuringPlanningDoesNotMutate
=== RUN   TestOfferPartsPreparationWindow
=== RUN   TestOfferPartsPreparationWindow/preparation_holds_references_across_collection
=== RUN   TestOfferPartsPreparationWindow/new_offer_refused_after_preparation
=== RUN   TestOfferPartsPreparationWindow/same-owner_refresh_refused_after_preparation
=== RUN   TestOfferPartsPreparationWindow/different-owner_replacement_refused_after_preparation
--- PASS: TestOfferPartsPreparationWindow (5.01s)
    --- PASS: TestOfferPartsPreparationWindow/preparation_holds_references_across_collection (0.02s)
    --- PASS: TestOfferPartsPreparationWindow/new_offer_refused_after_preparation (0.49s)
    --- PASS: TestOfferPartsPreparationWindow/same-owner_refresh_refused_after_preparation (4.05s)
    --- PASS: TestOfferPartsPreparationWindow/different-owner_replacement_refused_after_preparation (0.45s)
=== RUN   TestOfferSettlementReplacement
=== RUN   TestOfferSettlementReplacement/replacement_during_the_winning_acquisition_is_retired
    cache_offer_matrix_test.go:239: real native snapshot transfer requires read-only bind mount privileges: mount source: "/tmp/TestOfferSettlementReplacementreplacement_during_the_winning_ac1010373313/001", target: "/tmp/snapshot-transfer-mount3991214824", fstype: bind, flags: 20481, data: "", err: operation not permitted
=== RUN   TestOfferSettlementReplacement/acceptance_after_commit_is_already_complete
    cache_offer_matrix_test.go:262: real native snapshot transfer requires read-only bind mount privileges: mount source: "/tmp/TestOfferSettlementReplacementacceptance_after_commit_is_alread3585603547/001", target: "/tmp/snapshot-transfer-mount3319020034", fstype: bind, flags: 20481, data: "", err: operation not permitted
=== RUN   TestOfferSettlementReplacement/failed_sync_keeps_the_output,_not_the_acquisition_hold
    cache_offer_matrix_test.go:286: real native snapshot transfer requires read-only bind mount privileges: mount source: "/tmp/TestOfferSettlementReplacementfailed_sync_keeps_the_output,_not71478374/001", target: "/tmp/snapshot-transfer-mount2326638475", fstype: bind, flags: 20481, data: "", err: operation not permitted
=== RUN   TestOfferSettlementReplacement/failed_sync_keeps_the_output,_not_the_acquisition_hold,_with_a_back-reference_to_the_receiver
    cache_offer_matrix_test.go:286: real native snapshot transfer requires read-only bind mount privileges: mount source: "/tmp/TestOfferSettlementReplacementfailed_sync_keeps_the_output,_not1997091025/001", target: "/tmp/snapshot-transfer-mount533875109", fstype: bind, flags: 20481, data: "", err: operation not permitted
--- PASS: TestOfferSettlementReplacement (0.00s)
    --- SKIP: TestOfferSettlementReplacement/replacement_during_the_winning_acquisition_is_retired (0.00s)
    --- SKIP: TestOfferSettlementReplacement/acceptance_after_commit_is_already_complete (0.00s)
    --- SKIP: TestOfferSettlementReplacement/failed_sync_keeps_the_output,_not_the_acquisition_hold (0.00s)
    --- SKIP: TestOfferSettlementReplacement/failed_sync_keeps_the_output,_not_the_acquisition_hold,_with_a_back-reference_to_the_receiver (0.00s)
=== RUN   TestOfferResourcesDoNotGateLookup
    cache_offer_matrix_test.go:331: real native snapshot transfer requires read-only bind mount privileges: mount source: "/tmp/TestOfferResourcesDoNotGateLookup3068520216/001", target: "/tmp/snapshot-transfer-mount3899800534", fstype: bind, flags: 20481, data: "", err: operation not permitted
--- SKIP: TestOfferResourcesDoNotGateLookup (0.00s)
=== RUN   TestCacheCloseWithShutdownError
=== RUN   TestCacheCloseWithShutdownError/seeded_cause_keeps_the_checkpoint_dirty
=== RUN   TestCacheCloseWithShutdownError/nil_cause_closes_cleanly
=== RUN   TestCacheCloseWithShutdownError/discarded_cache_ignores_a_later_cause
--- PASS: TestCacheCloseWithShutdownError (0.15s)
    --- PASS: TestCacheCloseWithShutdownError/seeded_cause_keeps_the_checkpoint_dirty (0.05s)
    --- PASS: TestCacheCloseWithShutdownError/nil_cause_closes_cleanly (0.07s)
    --- PASS: TestCacheCloseWithShutdownError/discarded_cache_ignores_a_later_cause (0.03s)
=== RUN   TestRenewalShutdownDrainsOwnership
    cache_offer_matrix_test.go:434: real native snapshot transfer requires read-only bind mount privileges: mount source: "/tmp/TestRenewalShutdownDrainsOwnership4013210407/001", target: "/tmp/snapshot-transfer-mount333286205", fstype: bind, flags: 20481, data: "", err: operation not permitted
--- SKIP: TestRenewalShutdownDrainsOwnership (0.00s)
=== RUN   TestValueTransferOfferCopyFailure
--- PASS: TestValueTransferOfferCopyFailure (0.01s)
=== RUN   TestValueTransferOfferOwners
--- PASS: TestValueTransferOfferOwners (0.00s)
=== RUN   TestValueTransferOwnerPersistence
--- PASS: TestValueTransferOwnerPersistence (0.01s)
=== RUN   TestOfferPendingRestartAndForward
    cache_offer_restart_test.go:57: real native snapshot transfer requires read-only bind mount privileges: mount source: "/tmp/TestOfferPendingRestartAndForward3203395453/001", target: "/tmp/snapshot-transfer-mount248692832", fstype: bind, flags: 20481, data: "", err: operation not permitted
--- SKIP: TestOfferPendingRestartAndForward (0.00s)
=== RUN   TestRemoteCacheUnusedCost
    cache_offer_restart_test.go:145: real native snapshot transfer requires read-only bind mount privileges: mount source: "/tmp/TestRemoteCacheUnusedCost3883946683/001", target: "/tmp/snapshot-transfer-mount2673950274", fstype: bind, flags: 20481, data: "", err: operation not permitted
--- SKIP: TestRemoteCacheUnusedCost (0.00s)
=== RUN   TestOfferPartsBeforeStart
=== RUN   TestOfferPartsBeforeStart/open
=== RUN   TestOfferPartsBeforeStart/preparing
=== RUN   TestOfferPartsBeforeStart/running
=== RUN   TestOfferPartsBeforeStart/evaluated
--- PASS: TestOfferPartsBeforeStart (0.08s)
    --- PASS: TestOfferPartsBeforeStart/open (0.01s)
    --- PASS: TestOfferPartsBeforeStart/preparing (0.01s)
    --- PASS: TestOfferPartsBeforeStart/running (0.02s)
    --- PASS: TestOfferPartsBeforeStart/evaluated (0.01s)
=== RUN   TestOfferPartsInvalidatesSourceCheck
--- PASS: TestOfferPartsInvalidatesSourceCheck (0.01s)
=== RUN   TestOfferPartsOwnership
--- PASS: TestOfferPartsOwnership (0.01s)
=== RUN   TestOfferPartsResourcesAndSettlement
--- PASS: TestOfferPartsResourcesAndSettlement (0.01s)
=== RUN   TestOfferPartsInlineAndReferencedRows
--- PASS: TestOfferPartsInlineAndReferencedRows (0.02s)
=== RUN   TestOfferPartsClosesNativeAdmission
--- PASS: TestOfferPartsClosesNativeAdmission (0.01s)
=== RUN   TestOfferPartsAcceptedCleanupFailure
--- PASS: TestOfferPartsAcceptedCleanupFailure (0.01s)
=== RUN   TestPartSourceSelectionLaterRoute
--- PASS: TestPartSourceSelectionLaterRoute (0.02s)
=== RUN   TestPartSessionlessOwnSubset
=== RUN   TestPartSessionlessOwnSubset/offer-only
=== RUN   TestPartSessionlessOwnSubset/own
=== RUN   TestPartSessionlessOwnSubset/revoked-before-commit
=== RUN   TestPartSessionlessOwnSubset/native-receiver
--- PASS: TestPartSessionlessOwnSubset (0.06s)
    --- PASS: TestPartSessionlessOwnSubset/offer-only (0.01s)
    --- PASS: TestPartSessionlessOwnSubset/own (0.01s)
    --- PASS: TestPartSessionlessOwnSubset/revoked-before-commit (0.01s)
    --- PASS: TestPartSessionlessOwnSubset/native-receiver (0.02s)
=== RUN   TestPartReadyRevalidationAndCanceledFinish
=== RUN   TestPartReadyRevalidationAndCanceledFinish/stale-donor
=== RUN   TestPartReadyRevalidationAndCanceledFinish/cancel-commit
=== RUN   TestPartReadyRevalidationAndCanceledFinish/cancel-finish
--- PASS: TestPartReadyRevalidationAndCanceledFinish (0.05s)
    --- PASS: TestPartReadyRevalidationAndCanceledFinish/stale-donor (0.02s)
    --- PASS: TestPartReadyRevalidationAndCanceledFinish/cancel-commit (0.02s)
    --- PASS: TestPartReadyRevalidationAndCanceledFinish/cancel-finish (0.02s)
=== RUN   TestPartLazyOperationMissingOutputStopsOnce
--- PASS: TestPartLazyOperationMissingOutputStopsOnce (0.01s)
=== RUN   TestPartReadyPreparationBoundaries
=== RUN   TestPartReadyPreparationBoundaries/cancel-during-pin
    cache_part_boundary_test.go:85: real native snapshot transfer requires read-only bind mount privileges: mount source: "/tmp/TestPartReadyPreparationBoundariescancel-during-pin90900872/001", target: "/tmp/snapshot-transfer-mount1182039788", fstype: bind, flags: 20481, data: "", err: operation not permitted
=== RUN   TestPartReadyPreparationBoundaries/missing-local-descriptor
    cache_part_boundary_test.go:85: real native snapshot transfer requires read-only bind mount privileges: mount source: "/tmp/TestPartReadyPreparationBoundariesmissing-local-descriptor1287587464/001", target: "/tmp/snapshot-transfer-mount3709781502", fstype: bind, flags: 20481, data: "", err: operation not permitted
--- PASS: TestPartReadyPreparationBoundaries (0.00s)
    --- SKIP: TestPartReadyPreparationBoundaries/cancel-during-pin (0.00s)
    --- SKIP: TestPartReadyPreparationBoundaries/missing-local-descriptor (0.00s)
=== RUN   TestPartDecisionPreparationArrival
=== RUN   TestPartDecisionPreparationArrival/ready
    cache_part_boundary_test.go:144: real native snapshot transfer requires read-only bind mount privileges: mount source: "/tmp/TestPartDecisionPreparationArrivalready1870487662/001", target: "/tmp/snapshot-transfer-mount2501411222", fstype: bind, flags: 20481, data: "", err: operation not permitted
=== RUN   TestPartDecisionPreparationArrival/chain
    cache_part_boundary_test.go:144: real native snapshot transfer requires read-only bind mount privileges: mount source: "/tmp/TestPartDecisionPreparationArrivalchain2416793059/001", target: "/tmp/snapshot-transfer-mount1235955306", fstype: bind, flags: 20481, data: "", err: operation not permitted
=== RUN   TestPartDecisionPreparationArrival/second-refusal
    cache_part_boundary_test.go:144: real native snapshot transfer requires read-only bind mount privileges: mount source: "/tmp/TestPartDecisionPreparationArrivalsecond-refusal2472637686/001", target: "/tmp/snapshot-transfer-mount112105049", fstype: bind, flags: 20481, data: "", err: operation not permitted
--- PASS: TestPartDecisionPreparationArrival (0.00s)
    --- SKIP: TestPartDecisionPreparationArrival/ready (0.00s)
    --- SKIP: TestPartDecisionPreparationArrival/chain (0.00s)
    --- SKIP: TestPartDecisionPreparationArrival/second-refusal (0.00s)
=== RUN   TestPartDecisionInlineAdmissionAndPendingSync
--- PASS: TestPartDecisionInlineAdmissionAndPendingSync (0.01s)
=== RUN   TestPartDecisionOfferAfterRunning
--- PASS: TestPartDecisionOfferAfterRunning (0.01s)
=== RUN   TestPartAdmittedChainLifetime
=== RUN   TestPartAdmittedChainLifetime/donor-collected
    cache_part_chain_lifetime_test.go:46: real native snapshot transfer requires read-only bind mount privileges: mount source: "/tmp/TestPartAdmittedChainLifetimedonor-collected2777441503/001", target: "/tmp/snapshot-transfer-mount3933153014", fstype: bind, flags: 20481, data: "", err: operation not permitted
=== RUN   TestPartAdmittedChainLifetime/slot-replaced
    cache_part_chain_lifetime_test.go:46: real native snapshot transfer requires read-only bind mount privileges: mount source: "/tmp/TestPartAdmittedChainLifetimeslot-replaced1504270983/001", target: "/tmp/snapshot-transfer-mount3392847218", fstype: bind, flags: 20481, data: "", err: operation not permitted
=== RUN   TestPartAdmittedChainLifetime/owner-backref-sync-failure
    cache_part_chain_lifetime_test.go:46: real native snapshot transfer requires read-only bind mount privileges: mount source: "/tmp/TestPartAdmittedChainLifetimeowner-backref-sync-failure660538113/001", target: "/tmp/snapshot-transfer-mount1597958504", fstype: bind, flags: 20481, data: "", err: operation not permitted
=== RUN   TestPartAdmittedChainLifetime/output-backref-rejected
    cache_part_chain_lifetime_test.go:46: real native snapshot transfer requires read-only bind mount privileges: mount source: "/tmp/TestPartAdmittedChainLifetimeoutput-backref-rejected2851350142/001", target: "/tmp/snapshot-transfer-mount311401193", fstype: bind, flags: 20481, data: "", err: operation not permitted
--- PASS: TestPartAdmittedChainLifetime (0.00s)
    --- SKIP: TestPartAdmittedChainLifetime/donor-collected (0.00s)
    --- SKIP: TestPartAdmittedChainLifetime/slot-replaced (0.00s)
    --- SKIP: TestPartAdmittedChainLifetime/owner-backref-sync-failure (0.00s)
    --- SKIP: TestPartAdmittedChainLifetime/output-backref-rejected (0.00s)
=== RUN   TestPartImportChainRefCleanupHandoff
=== RUN   TestPartImportChainRefCleanupHandoff/retry
    cache_part_chain_lifetime_test.go:225: real native snapshot transfer requires read-only bind mount privileges: mount source: "/tmp/TestPartImportChainRefCleanupHandoffretry624840365/001", target: "/tmp/snapshot-transfer-mount3444043932", fstype: bind, flags: 20481, data: "", err: operation not permitted
=== RUN   TestPartImportChainRefCleanupHandoff/collect
    cache_part_chain_lifetime_test.go:225: real native snapshot transfer requires read-only bind mount privileges: mount source: "/tmp/TestPartImportChainRefCleanupHandoffcollect899061849/001", target: "/tmp/snapshot-transfer-mount1873826610", fstype: bind, flags: 20481, data: "", err: operation not permitted
--- PASS: TestPartImportChainRefCleanupHandoff (0.00s)
    --- SKIP: TestPartImportChainRefCleanupHandoff/retry (0.00s)
    --- SKIP: TestPartImportChainRefCleanupHandoff/collect (0.00s)
=== RUN   TestPartContentSourceAvailability
=== RUN   TestPartContentSourceAvailability/empty_chain_is_scratch
=== RUN   TestPartContentSourceAvailability/fixed_address
=== RUN   TestPartContentSourceAvailability/unexpired_address
=== RUN   TestPartContentSourceAvailability/expired_address
=== RUN   TestPartContentSourceAvailability/missing_address
=== RUN   TestPartContentSourceAvailability/non-HTTP_address
=== RUN   TestPartContentSourceAvailability/relative_address
=== RUN   TestPartContentSourceAvailability/renewal_key_needs_a_bridge
=== RUN   TestPartContentSourceAvailability/renewal_key_with_non-HTTP_address
--- PASS: TestPartContentSourceAvailability (0.01s)
    --- PASS: TestPartContentSourceAvailability/empty_chain_is_scratch (0.00s)
    --- PASS: TestPartContentSourceAvailability/fixed_address (0.00s)
    --- PASS: TestPartContentSourceAvailability/unexpired_address (0.00s)
    --- PASS: TestPartContentSourceAvailability/expired_address (0.00s)
    --- PASS: TestPartContentSourceAvailability/missing_address (0.00s)
    --- PASS: TestPartContentSourceAvailability/non-HTTP_address (0.00s)
    --- PASS: TestPartContentSourceAvailability/relative_address (0.00s)
    --- PASS: TestPartContentSourceAvailability/renewal_key_needs_a_bridge (0.00s)
    --- PASS: TestPartContentSourceAvailability/renewal_key_with_non-HTTP_address (0.00s)
=== RUN   TestPartContentIdleReader
=== RUN   TestPartContentIdleReader/header_stall
=== RUN   TestPartContentIdleReader/blocked_read_and_progress
=== RUN   TestPartContentIdleReader/close_unblocks_read
=== RUN   TestPartContentIdleReader/caller_cancellation
=== RUN   TestPartContentIdleReader/descriptor_checks
=== RUN   TestPartContentIdleReader/ranges
--- PASS: TestPartContentIdleReader (0.00s)
    --- PASS: TestPartContentIdleReader/header_stall (0.00s)
    --- PASS: TestPartContentIdleReader/blocked_read_and_progress (0.00s)
    --- PASS: TestPartContentIdleReader/close_unblocks_read (0.00s)
    --- PASS: TestPartContentIdleReader/caller_cancellation (0.00s)
    --- PASS: TestPartContentIdleReader/descriptor_checks (0.00s)
    --- PASS: TestPartContentIdleReader/ranges (0.00s)
=== RUN   TestRenewalChainControls
    cache_part_content_test.go:603: real native snapshot transfer requires read-only bind mount privileges: mount source: "/tmp/TestRenewalChainControls4085827073/001", target: "/tmp/snapshot-transfer-mount1520377286", fstype: bind, flags: 20481, data: "", err: operation not permitted
--- SKIP: TestRenewalChainControls (0.00s)
=== RUN   TestRenewalExhaustion
    cache_part_content_test.go:865: real native snapshot transfer requires read-only bind mount privileges: mount source: "/tmp/TestRenewalExhaustion835520468/001", target: "/tmp/snapshot-transfer-mount73515924", fstype: bind, flags: 20481, data: "", err: operation not permitted
--- SKIP: TestRenewalExhaustion (0.00s)
=== RUN   TestPartDecodeBeforeExternalFinish
    cache_part_decode_test.go:15: real native snapshot transfer requires read-only bind mount privileges: mount source: "/tmp/TestPartDecodeBeforeExternalFinish760022351/001", target: "/tmp/snapshot-transfer-mount1205350437", fstype: bind, flags: 20481, data: "", err: operation not permitted
--- SKIP: TestPartDecodeBeforeExternalFinish (0.00s)
=== RUN   TestReadyPartDonorBackreferenceReleasedBeforeSync
--- PASS: TestReadyPartDonorBackreferenceReleasedBeforeSync (0.01s)
=== RUN   TestPartDecodeLosesToInstalledRevision
    cache_part_decode_test.go:156: real native snapshot transfer requires read-only bind mount privileges: mount source: "/tmp/TestPartDecodeLosesToInstalledRevision2215757035/001", target: "/tmp/snapshot-transfer-mount1780067312", fstype: bind, flags: 20481, data: "", err: operation not permitted
--- SKIP: TestPartDecodeLosesToInstalledRevision (0.00s)
=== RUN   TestPartDelegationPath
--- PASS: TestPartDelegationPath (0.00s)
=== RUN   TestPartDelegationProofAdmission
--- PASS: TestPartDelegationProofAdmission (0.01s)
=== RUN   TestPartUnusedHostAllocatesNoGate
--- PASS: TestPartUnusedHostAllocatesNoGate (0.00s)
=== RUN   TestPartFixedProviderAndContentExhaustion
--- PASS: TestPartFixedProviderAndContentExhaustion (0.01s)
=== RUN   TestPartOfferReplacementNotExhausted
--- PASS: TestPartOfferReplacementNotExhausted (0.02s)
=== RUN   TestPartFixedProviderMultiBuffer
=== RUN   TestPartFixedProviderMultiBuffer/ranges
    cache_part_provider_test.go:163: bytes=320000 buffer=16384 reads=20 requests=3 initial-path-requests=1
=== RUN   TestPartFixedProviderMultiBuffer/full-body
    cache_part_provider_test.go:163: bytes=320000 buffer=16384 reads=20 requests=3 initial-path-requests=1
--- PASS: TestPartFixedProviderMultiBuffer (0.01s)
    --- PASS: TestPartFixedProviderMultiBuffer/ranges (0.01s)
    --- PASS: TestPartFixedProviderMultiBuffer/full-body (0.00s)
=== RUN   TestPartFixedProviderCancellationClosesStream
--- PASS: TestPartFixedProviderCancellationClosesStream (0.00s)
=== RUN   TestRenewalMailbox
=== RUN   TestRenewalMailbox/capacity_and_deadline
=== RUN   TestRenewalMailbox/cancellation
=== RUN   TestRenewalMailbox/replies
=== RUN   TestRenewalMailbox/detach
--- PASS: TestRenewalMailbox (0.00s)
    --- PASS: TestRenewalMailbox/capacity_and_deadline (0.00s)
    --- PASS: TestRenewalMailbox/cancellation (0.00s)
    --- PASS: TestRenewalMailbox/replies (0.00s)
    --- PASS: TestRenewalMailbox/detach (0.00s)
=== RUN   TestRenewalEpisodeSet
--- PASS: TestRenewalEpisodeSet (0.00s)
=== RUN   TestRenewalClaimKeepsSourceCheck
--- PASS: TestRenewalClaimKeepsSourceCheck (0.02s)
=== RUN   TestRemoteCacheBridgeAttachment
--- PASS: TestRemoteCacheBridgeAttachment (0.01s)
=== RUN   TestPartSourceSelection
--- PASS: TestPartSourceSelection (0.01s)
=== RUN   TestPartOfferSessionAdmission
--- PASS: TestPartOfferSessionAdmission (0.01s)
=== RUN   TestReadyPartReceipt
--- PASS: TestReadyPartReceipt (0.01s)
=== RUN   TestPartSettlementRetiresReplacement
--- PASS: TestPartSettlementRetiresReplacement (0.02s)
=== RUN   TestPartDecisionFinalSource
--- PASS: TestPartDecisionFinalSource (0.01s)
=== RUN   TestPartSourceScanFailureReleasesWinner
=== RUN   TestPartSourceScanFailureReleasesWinner/ready
=== RUN   TestPartSourceScanFailureReleasesWinner/chain
--- PASS: TestPartSourceScanFailureReleasesWinner (0.02s)
    --- PASS: TestPartSourceScanFailureReleasesWinner/ready (0.01s)
    --- PASS: TestPartSourceScanFailureReleasesWinner/chain (0.01s)
=== RUN   TestPartNativeCompletionRetiresOffer
--- PASS: TestPartNativeCompletionRetiresOffer (0.00s)
=== RUN   TestPartTaskBodyIsolation
--- PASS: TestPartTaskBodyIsolation (0.00s)
=== RUN   TestPartTaskContinuation
--- PASS: TestPartTaskContinuation (0.00s)
=== RUN   TestPartTaskNoJoinBarrier
--- PASS: TestPartTaskNoJoinBarrier (0.00s)
=== RUN   TestPartGateFiniteDrain
--- PASS: TestPartGateFiniteDrain (0.00s)
=== RUN   TestEvaluatePartsMetadataLeavesSiblingGroupPending
=== PAUSE TestEvaluatePartsMetadataLeavesSiblingGroupPending
=== RUN   TestEvaluatePartsResumeSpansMarkPartialCompletion
=== PAUSE TestEvaluatePartsResumeSpansMarkPartialCompletion
=== RUN   TestEvaluatePartsJointGroupFillsAllMembersOnce
=== PAUSE TestEvaluatePartsJointGroupFillsAllMembersOnce
=== RUN   TestEvaluatePartsSiblingGroupsRunConcurrently
--- PASS: TestEvaluatePartsSiblingGroupsRunConcurrently (0.00s)
=== RUN   TestEvaluatePartsOneCallRunsGroupsConcurrently
--- PASS: TestEvaluatePartsOneCallRunsGroupsConcurrently (0.00s)
=== RUN   TestEvaluatePartsAbandonedSiblingMarksResumeBlocked
--- PASS: TestEvaluatePartsAbandonedSiblingMarksResumeBlocked (0.00s)
=== RUN   TestEvaluatePartsFailureIsolatedPerGroup
=== PAUSE TestEvaluatePartsFailureIsolatedPerGroup
=== RUN   TestEvaluateWholeResultOverGroups
=== PAUSE TestEvaluateWholeResultOverGroups
=== RUN   TestEvaluatePartsRecursionRefusedPerGroup
=== PAUSE TestEvaluatePartsRecursionRefusedPerGroup
=== RUN   TestEvaluatePartsSyncFailureRetriesOnlyBookkeepingPerGroup
--- PASS: TestEvaluatePartsSyncFailureRetriesOnlyBookkeepingPerGroup (0.00s)
=== RUN   TestEvaluatePartsForeignCancellationRetriesPerGroup
--- PASS: TestEvaluatePartsForeignCancellationRetriesPerGroup (0.00s)
=== RUN   TestEvaluatePartsEmptyResolutionRetriesPendingBookkeeping
--- PASS: TestEvaluatePartsEmptyResolutionRetriesPendingBookkeeping (0.00s)
=== RUN   TestPendingLazyComputationWholeGroupStoredOpen
=== RUN   TestPendingLazyComputationWholeGroupStoredOpen/bookkeeping
=== RUN   TestPendingLazyComputationWholeGroupStoredOpen/armed
=== RUN   TestPendingLazyComputationWholeGroupStoredOpen/in_flight
--- PASS: TestPendingLazyComputationWholeGroupStoredOpen (0.00s)
    --- PASS: TestPendingLazyComputationWholeGroupStoredOpen/bookkeeping (0.00s)
    --- PASS: TestPendingLazyComputationWholeGroupStoredOpen/armed (0.00s)
    --- PASS: TestPendingLazyComputationWholeGroupStoredOpen/in_flight (0.00s)
=== RUN   TestCapturePersistedRecordValuesAndColdCopies
--- PASS: TestCapturePersistedRecordValuesAndColdCopies (0.01s)
=== RUN   TestCapturePersistedRecordLazyReadiness
=== RUN   TestCapturePersistedRecordLazyReadiness/whole
=== RUN   TestCapturePersistedRecordLazyReadiness/parts
--- PASS: TestCapturePersistedRecordLazyReadiness (0.00s)
    --- PASS: TestCapturePersistedRecordLazyReadiness/whole (0.00s)
    --- PASS: TestCapturePersistedRecordLazyReadiness/parts (0.00s)
=== RUN   TestCapturePersistedRecordPendingBookkeeping
--- PASS: TestCapturePersistedRecordPendingBookkeeping (0.00s)
=== RUN   TestCapturePersistedRecordBlocksOnlyItsUnstartedEvaluation
--- PASS: TestCapturePersistedRecordBlocksOnlyItsUnstartedEvaluation (0.00s)
=== RUN   TestCapturePersistedRecordOwnershipAndCancellation
=== RUN   TestCapturePersistedRecordOwnershipAndCancellation/success
=== RUN   TestCapturePersistedRecordOwnershipAndCancellation/cancellation
--- PASS: TestCapturePersistedRecordOwnershipAndCancellation (0.00s)
    --- PASS: TestCapturePersistedRecordOwnershipAndCancellation/success (0.00s)
    --- PASS: TestCapturePersistedRecordOwnershipAndCancellation/cancellation (0.00s)
=== RUN   TestCapturePersistedRecordErrorsAndClose
--- PASS: TestCapturePersistedRecordErrorsAndClose (0.00s)
=== RUN   TestCapturePersistedRecordInitialAttachment
=== RUN   TestCapturePersistedRecordInitialAttachment/clean
=== RUN   TestCapturePersistedRecordInitialAttachment/failed
--- PASS: TestCapturePersistedRecordInitialAttachment (0.00s)
    --- PASS: TestCapturePersistedRecordInitialAttachment/clean (0.00s)
    --- PASS: TestCapturePersistedRecordInitialAttachment/failed (0.00s)
=== RUN   TestPersistDecodeChildLoadBorrowsAdmittedOperation
=== RUN   TestPersistDecodeChildLoadBorrowsAdmittedOperation/decode_context_child_load_completes
=== RUN   TestPersistDecodeChildLoadBorrowsAdmittedOperation/public_loader_child_load_is_rejected_(control)
--- PASS: TestPersistDecodeChildLoadBorrowsAdmittedOperation (0.13s)
    --- PASS: TestPersistDecodeChildLoadBorrowsAdmittedOperation/decode_context_child_load_completes (0.06s)
    --- PASS: TestPersistDecodeChildLoadBorrowsAdmittedOperation/public_loader_child_load_is_rejected_(control) (0.07s)
=== RUN   TestVisitPersistedCallIDPreservesRecursiveWrapper
=== RUN   TestVisitPersistedCallIDPreservesRecursiveWrapper/[[String!]!]!
=== RUN   TestVisitPersistedCallIDPreservesRecursiveWrapper/[[PersistCodecObj]]
=== RUN   TestVisitPersistedCallIDPreservesRecursiveWrapper/[Int!]
--- PASS: TestVisitPersistedCallIDPreservesRecursiveWrapper (0.00s)
    --- PASS: TestVisitPersistedCallIDPreservesRecursiveWrapper/[[String!]!]! (0.00s)
    --- PASS: TestVisitPersistedCallIDPreservesRecursiveWrapper/[[PersistCodecObj]] (0.00s)
    --- PASS: TestVisitPersistedCallIDPreservesRecursiveWrapper/[Int!] (0.00s)
=== RUN   TestPersistedInterfaceListUsesInstalledInterface
=== RUN   TestPersistedInterfaceListUsesInstalledInterface/without_the_installed_interface_the_declared_type_cannot_be_read_by_the_concrete_class
--- PASS: TestPersistedInterfaceListUsesInstalledInterface (0.02s)
    --- PASS: TestPersistedInterfaceListUsesInstalledInterface/without_the_installed_interface_the_declared_type_cannot_be_read_by_the_concrete_class (0.00s)
=== RUN   TestPersistedAttachedNullKeepsOwnedDependencyAndResource
--- PASS: TestPersistedAttachedNullKeepsOwnedDependencyAndResource (0.02s)
=== RUN   TestPersistedAttachedNullKeepsRowIdentity
=== RUN   TestPersistedAttachedNullKeepsRowIdentity/scalar_null_encoding_fails_to_decode
=== RUN   TestPersistedAttachedNullKeepsRowIdentity/absence_without_a_row_ID_decodes_to_nothing
=== RUN   TestPersistedAttachedNullKeepsRowIdentity/absence_declared_non-null_is_rejected
--- PASS: TestPersistedAttachedNullKeepsRowIdentity (0.01s)
    --- PASS: TestPersistedAttachedNullKeepsRowIdentity/scalar_null_encoding_fails_to_decode (0.00s)
    --- PASS: TestPersistedAttachedNullKeepsRowIdentity/absence_without_a_row_ID_decodes_to_nothing (0.00s)
    --- PASS: TestPersistedAttachedNullKeepsRowIdentity/absence_declared_non-null_is_rejected (0.00s)
=== RUN   TestPersistedScalarNumbersAreExact
=== RUN   TestPersistedScalarNumbersAreExact/above_float_mantissa
=== RUN   TestPersistedScalarNumbersAreExact/max_int64
=== RUN   TestPersistedScalarNumbersAreExact/min_int64
=== RUN   TestPersistedScalarNumbersAreExact/ordinary_float
=== RUN   TestPersistedScalarNumbersAreExact/large_float
=== RUN   TestPersistedScalarNumbersAreExact/string
=== RUN   TestPersistedScalarNumbersAreExact/untyped_float_decoding_loses_the_large_integer
=== RUN   TestPersistedScalarNumbersAreExact/trailing_data_is_an_error
=== RUN   TestPersistedScalarNumbersAreExact/out_of_range_stays_an_error
--- PASS: TestPersistedScalarNumbersAreExact (0.00s)
    --- PASS: TestPersistedScalarNumbersAreExact/above_float_mantissa (0.00s)
    --- PASS: TestPersistedScalarNumbersAreExact/max_int64 (0.00s)
    --- PASS: TestPersistedScalarNumbersAreExact/min_int64 (0.00s)
    --- PASS: TestPersistedScalarNumbersAreExact/ordinary_float (0.00s)
    --- PASS: TestPersistedScalarNumbersAreExact/large_float (0.00s)
    --- PASS: TestPersistedScalarNumbersAreExact/string (0.00s)
    --- PASS: TestPersistedScalarNumbersAreExact/untyped_float_decoding_loses_the_large_integer (0.00s)
    --- PASS: TestPersistedScalarNumbersAreExact/trailing_data_is_an_error (0.00s)
    --- PASS: TestPersistedScalarNumbersAreExact/out_of_range_stays_an_error (0.00s)
=== RUN   TestPersistedListsRebuildDeclaredTypes
=== RUN   TestPersistedListsRebuildDeclaredTypes/empty_nested_non-null
=== RUN   TestPersistedListsRebuildDeclaredTypes/all-null_nested
=== RUN   TestPersistedListsRebuildDeclaredTypes/optional_elements
=== RUN   TestPersistedListsRebuildDeclaredTypes/interface_elements
=== RUN   TestPersistedListsRebuildDeclaredTypes/raw_nested_arrays
=== RUN   TestPersistedListsRebuildDeclaredTypes/custom_scalar_elements
=== RUN   TestPersistedListsRebuildDeclaredTypes/nullable_declaration_is_presented_like_a_fresh_nullable_result
=== RUN   TestPersistedListsRebuildDeclaredTypes/a_call_without_a_declared_list_type_is_rejected
--- PASS: TestPersistedListsRebuildDeclaredTypes (0.00s)
    --- PASS: TestPersistedListsRebuildDeclaredTypes/empty_nested_non-null (0.00s)
    --- PASS: TestPersistedListsRebuildDeclaredTypes/all-null_nested (0.00s)
    --- PASS: TestPersistedListsRebuildDeclaredTypes/optional_elements (0.00s)
    --- PASS: TestPersistedListsRebuildDeclaredTypes/interface_elements (0.00s)
    --- PASS: TestPersistedListsRebuildDeclaredTypes/raw_nested_arrays (0.00s)
    --- PASS: TestPersistedListsRebuildDeclaredTypes/custom_scalar_elements (0.00s)
    --- PASS: TestPersistedListsRebuildDeclaredTypes/nullable_declaration_is_presented_like_a_fresh_nullable_result (0.00s)
    --- PASS: TestPersistedListsRebuildDeclaredTypes/a_call_without_a_declared_list_type_is_rejected (0.00s)
=== RUN   TestPersistedScalarDecodeResolvesDefiningServer
--- PASS: TestPersistedScalarDecodeResolvesDefiningServer (0.01s)
=== RUN   TestPersistedObjectFamilyDispatch
=== RUN   TestPersistedObjectFamilyDispatch/unregistered_codec_cannot_encode
=== RUN   TestPersistedObjectFamilyDispatch/unknown_family_is_rejected
=== RUN   TestPersistedObjectFamilyDispatch/family_must_match_the_decoding_type
=== RUN   TestPersistedObjectFamilyDispatch/old_envelope_versions_are_rejected
=== RUN   TestPersistedObjectFamilyDispatch/every_registered_family_names_a_distinct_Go_type
--- PASS: TestPersistedObjectFamilyDispatch (0.00s)
    --- PASS: TestPersistedObjectFamilyDispatch/unregistered_codec_cannot_encode (0.00s)
    --- PASS: TestPersistedObjectFamilyDispatch/unknown_family_is_rejected (0.00s)
    --- PASS: TestPersistedObjectFamilyDispatch/family_must_match_the_decoding_type (0.00s)
    --- PASS: TestPersistedObjectFamilyDispatch/old_envelope_versions_are_rejected (0.00s)
    --- PASS: TestPersistedObjectFamilyDispatch/every_registered_family_names_a_distinct_Go_type (0.00s)
=== RUN   TestVisitEncodedReferencesRelocatesDeclaredPositions
=== RUN   TestVisitEncodedReferencesRelocatesDeclaredPositions/a_missing_mapping_fails_without_partial_writes
=== RUN   TestVisitEncodedReferencesRelocatesDeclaredPositions/a_mismatched_envelope_identity_is_rejected
=== RUN   TestVisitEncodedReferencesRelocatesDeclaredPositions/a_root_reference_envelope_is_rejected
--- PASS: TestVisitEncodedReferencesRelocatesDeclaredPositions (0.00s)
    --- PASS: TestVisitEncodedReferencesRelocatesDeclaredPositions/a_missing_mapping_fails_without_partial_writes (0.00s)
    --- PASS: TestVisitEncodedReferencesRelocatesDeclaredPositions/a_mismatched_envelope_identity_is_rejected (0.00s)
    --- PASS: TestVisitEncodedReferencesRelocatesDeclaredPositions/a_root_reference_envelope_is_rejected (0.00s)
=== RUN   TestVisitEncodedReferencesClassifiesStorageRoles
=== RUN   TestVisitEncodedReferencesClassifiesStorageRoles/a_family_declaring_no_references_rejects_storage_links
--- PASS: TestVisitEncodedReferencesClassifiesStorageRoles (0.00s)
    --- PASS: TestVisitEncodedReferencesClassifiesStorageRoles/a_family_declaring_no_references_rejects_storage_links (0.00s)
=== RUN   TestVisitPersistedCallIDTranslatesHandlesOnly
--- PASS: TestVisitPersistedCallIDTranslatesHandlesOnly (0.00s)
=== RUN   TestPersistedSecondSaveThroughRestart
--- PASS: TestPersistedSecondSaveThroughRestart (0.02s)
=== RUN   TestVisitEncodedReferencesRequiresEveryRoleOnce
=== RUN   TestVisitEncodedReferencesRequiresEveryRoleOnce/a_null_root_cannot_declare_storage_roles
=== RUN   TestVisitEncodedReferencesRequiresEveryRoleOnce/a_scalar_json_root_cannot_declare_storage_roles
=== RUN   TestVisitEncodedReferencesRequiresEveryRoleOnce/a_list_root_cannot_declare_storage_roles
--- PASS: TestVisitEncodedReferencesRequiresEveryRoleOnce (0.00s)
    --- PASS: TestVisitEncodedReferencesRequiresEveryRoleOnce/a_null_root_cannot_declare_storage_roles (0.00s)
    --- PASS: TestVisitEncodedReferencesRequiresEveryRoleOnce/a_scalar_json_root_cannot_declare_storage_roles (0.00s)
    --- PASS: TestVisitEncodedReferencesRequiresEveryRoleOnce/a_list_root_cannot_declare_storage_roles (0.00s)
=== RUN   TestPersistAbsentRowValidatedAtCapture
--- PASS: TestPersistAbsentRowValidatedAtCapture (0.00s)
=== RUN   TestPersistInputProvenanceValidateResult
--- PASS: TestPersistInputProvenanceValidateResult (0.00s)
=== RUN   TestPersistInputProvenanceRejectsMissingPayload
--- PASS: TestPersistInputProvenanceRejectsMissingPayload (0.00s)
=== RUN   TestPersistInputProvenanceRejectsUnknownKind
--- PASS: TestPersistInputProvenanceRejectsUnknownKind (0.00s)
=== RUN   TestCachePersistenceImportRoundTripAcrossRestart
=== PAUSE TestCachePersistenceImportRoundTripAcrossRestart
=== RUN   TestCachePersistenceImportRoundTripObjectResult
=== PAUSE TestCachePersistenceImportRoundTripObjectResult
=== RUN   TestCachePersistenceImportedObjectHitWithoutServerErrors
=== PAUSE TestCachePersistenceImportedObjectHitWithoutServerErrors
=== RUN   TestCachePersistenceImportedObjectAliasSupportsChainedSelect
=== PAUSE TestCachePersistenceImportedObjectAliasSupportsChainedSelect
=== RUN   TestCachePersistenceImportedObjectLoadSerializesPersistedDecode
--- PASS: TestCachePersistenceImportedObjectLoadSerializesPersistedDecode (0.06s)
=== RUN   TestCachePersistenceUncleanMarkerWipesStore
=== PAUSE TestCachePersistenceUncleanMarkerWipesStore
=== RUN   TestCachePersistenceSchemaMismatchWipesStore
=== PAUSE TestCachePersistenceSchemaMismatchWipesStore
=== RUN   TestCacheCloseDiscardingPersistenceDoesNotMarkClean
=== PAUSE TestCacheCloseDiscardingPersistenceDoesNotMarkClean
=== RUN   TestCachePersistenceImportFailureWipesStore
=== PAUSE TestCachePersistenceImportFailureWipesStore
=== RUN   TestCachePersistenceImportedDecodeLeaderCancelRetriesJoiner
--- PASS: TestCachePersistenceImportedDecodeLeaderCancelRetriesJoiner (0.01s)
=== RUN   TestCachePersistenceImportedDecodeLeaseSyncCancelRetriesSync
--- PASS: TestCachePersistenceImportedDecodeLeaseSyncCancelRetriesSync (0.01s)
=== RUN   TestCachePersistenceImportedDecodeJoinerOwnCancelReturnsOwnCause
--- PASS: TestCachePersistenceImportedDecodeJoinerOwnCancelReturnsOwnCause (0.02s)
=== RUN   TestCachePersistenceImportedDecodeFailurePropagatesToJoiners
--- PASS: TestCachePersistenceImportedDecodeFailurePropagatesToJoiners (0.02s)
=== RUN   TestCachePersistenceImportedDecodeStaleReaderDoesNotLeadAfterSuccess
--- PASS: TestCachePersistenceImportedDecodeStaleReaderDoesNotLeadAfterSuccess (0.01s)
=== RUN   TestCachePersistenceImportRecomputesRequiredDepsFirst
=== PAUSE TestCachePersistenceImportRecomputesRequiredDepsFirst
=== RUN   TestCachePersistenceDecodeInstallPreservesRequiredSessionResources
=== PAUSE TestCachePersistenceDecodeInstallPreservesRequiredSessionResources
=== RUN   TestCacheLoadResultByResultIDRefusesUnboundSession
=== PAUSE TestCacheLoadResultByResultIDRefusesUnboundSession
=== RUN   TestPersistedScalarListSurvivesRepeatedRestore
--- PASS: TestPersistedScalarListSurvivesRepeatedRestore (0.01s)
=== RUN   TestPersistedNestedListSurvivesRepeatedRestore
--- PASS: TestPersistedNestedListSurvivesRepeatedRestore (0.01s)
=== RUN   TestPersistedListDefersReferencedChildrenWithoutServer
--- PASS: TestPersistedListDefersReferencedChildrenWithoutServer (0.00s)
=== RUN   TestPersistedListPrepassUsesChildCall
--- PASS: TestPersistedListPrepassUsesChildCall (0.01s)
=== RUN   TestPersistedSelfCodecInlineListForms
=== RUN   TestPersistedSelfCodecInlineListForms/[Int!]!
=== RUN   TestPersistedSelfCodecInlineListForms/[String!]!
=== RUN   TestPersistedSelfCodecInlineListForms/[Int!]!#01
=== RUN   TestPersistedSelfCodecInlineListForms/[[Int!]!]!
--- PASS: TestPersistedSelfCodecInlineListForms (0.00s)
    --- PASS: TestPersistedSelfCodecInlineListForms/[Int!]! (0.00s)
    --- PASS: TestPersistedSelfCodecInlineListForms/[String!]! (0.00s)
    --- PASS: TestPersistedSelfCodecInlineListForms/[Int!]!#01 (0.00s)
    --- PASS: TestPersistedSelfCodecInlineListForms/[[Int!]!]! (0.00s)
=== RUN   TestPersistedEncodingQuiescenceReachesInlineObjects
=== RUN   TestPersistedEncodingQuiescenceReachesInlineObjects/object
=== RUN   TestPersistedEncodingQuiescenceReachesInlineObjects/nested-inline-list
--- PASS: TestPersistedEncodingQuiescenceReachesInlineObjects (0.00s)
    --- PASS: TestPersistedEncodingQuiescenceReachesInlineObjects/object (0.00s)
    --- PASS: TestPersistedEncodingQuiescenceReachesInlineObjects/nested-inline-list (0.00s)
=== RUN   TestPersistedSelfCodecScalarRoundTrip
=== PAUSE TestPersistedSelfCodecScalarRoundTrip
=== RUN   TestPersistedSelfCodecObjectIDRoundTrip
=== PAUSE TestPersistedSelfCodecObjectIDRoundTrip
=== RUN   TestPersistedSelfCodecUsesSharedObjectClassification
=== PAUSE TestPersistedSelfCodecUsesSharedObjectClassification
=== RUN   TestObjectCacheHitPreservesObjectResultShape
=== PAUSE TestObjectCacheHitPreservesObjectResultShape
=== RUN   TestPersistedSelfCodecNestedListRoundTrip
=== PAUSE TestPersistedSelfCodecNestedListRoundTrip
=== RUN   TestPersistedSelfCodecRawObjectArrayRoundTrip
=== PAUSE TestPersistedSelfCodecRawObjectArrayRoundTrip
=== RUN   TestPersistedSelfCodecRejectsNonPersistedObjectLikeScalar
=== PAUSE TestPersistedSelfCodecRejectsNonPersistedObjectLikeScalar
=== RUN   TestCachePersistenceWorkerMirrorsRetainedPersistableResult
=== PAUSE TestCachePersistenceWorkerMirrorsRetainedPersistableResult
=== RUN   TestCachePersistenceWorkerMirrorsUnpruneablePersistedEdge
=== PAUSE TestCachePersistenceWorkerMirrorsUnpruneablePersistedEdge
=== RUN   TestCachePersistenceDoesNotWriteDuringRuntime
=== PAUSE TestCachePersistenceDoesNotWriteDuringRuntime
=== RUN   TestCachePersistenceWorkerMirrorsPrunedStateAfterRelease
=== PAUSE TestCachePersistenceWorkerMirrorsPrunedStateAfterRelease
=== RUN   TestCachePersistenceWorkerMirrorsAuthoritativeEgraphState
=== PAUSE TestCachePersistenceWorkerMirrorsAuthoritativeEgraphState
=== RUN   TestCachePersistenceSnapshotOmitsSessionOnlyResult
=== PAUSE TestCachePersistenceSnapshotOmitsSessionOnlyResult
=== RUN   TestCachePersistenceSnapshotKeepsOnlyCompletePersistedRootClosures
--- PASS: TestCachePersistenceSnapshotKeepsOnlyCompletePersistedRootClosures (0.01s)
=== RUN   TestCachePersistenceCleanShutdownToggleOnClose
=== PAUSE TestCachePersistenceCleanShutdownToggleOnClose
=== RUN   TestProfileSkipControlsSingleflightEmit
--- PASS: TestProfileSkipControlsSingleflightEmit (0.00s)
=== RUN   TestProfileSkipStaticCutSingleflightJoiner
--- PASS: TestProfileSkipStaticCutSingleflightJoiner (0.00s)
=== RUN   TestProfileSkipControlsLazyEmit
=== RUN   TestProfileSkipControlsLazyEmit/skipped_producer_emits_no_lazy_OTel_span
=== RUN   TestProfileSkipControlsLazyEmit/kept_producer_emits_a_lazy_OTel_span
--- PASS: TestProfileSkipControlsLazyEmit (0.00s)
    --- PASS: TestProfileSkipControlsLazyEmit/skipped_producer_emits_no_lazy_OTel_span (0.00s)
    --- PASS: TestProfileSkipControlsLazyEmit/kept_producer_emits_a_lazy_OTel_span (0.00s)
=== RUN   TestProfileSkipLazyCrossRecipeForcerStaysClean
--- PASS: TestProfileSkipLazyCrossRecipeForcerStaysClean (0.00s)
=== RUN   TestProfileSkipDoesNotBlindInvalidTargetDetector
--- PASS: TestProfileSkipDoesNotBlindInvalidTargetDetector (0.00s)
=== RUN   TestCachePrunePolicyMatchesLegacyRecordTypeListFilter
--- PASS: TestCachePrunePolicyMatchesLegacyRecordTypeListFilter (0.00s)
=== RUN   TestCachePrunePolicyMatchesExistingScalarFilters
--- PASS: TestCachePrunePolicyMatchesExistingScalarFilters (0.00s)
=== RUN   TestPruneLogLiteralValueRendersBytesOpaque
--- PASS: TestPruneLogLiteralValueRendersBytesOpaque (0.00s)
=== RUN   TestCachePersistableAttachmentFailureDoesNotRetain
--- PASS: TestCachePersistableAttachmentFailureDoesNotRetain (0.00s)
=== RUN   TestCachePersistableHitWaitsForCleanAttachmentBeforePersisting
--- PASS: TestCachePersistableHitWaitsForCleanAttachmentBeforePersisting (0.00s)
=== RUN   TestCacheErroredAttachmentIsSkippedAndReexecuted
--- PASS: TestCacheErroredAttachmentIsSkippedAndReexecuted (0.00s)
=== RUN   TestCacheAdoptionSkipsOpenAttachmentSibling
--- PASS: TestCacheAdoptionSkipsOpenAttachmentSibling (0.00s)
=== RUN   TestCachePersistedEdgeInstallRejectsCollectedResult
--- PASS: TestCachePersistedEdgeInstallRejectsCollectedResult (0.00s)
=== RUN   TestCacheOperationLeaseFailureCancelsSharedContext
--- PASS: TestCacheOperationLeaseFailureCancelsSharedContext (0.00s)
=== RUN   TestCacheSessionResultClaimAndReleaseAreAtomic
=== RUN   TestCacheSessionResultClaimAndReleaseAreAtomic/claim_wins
=== RUN   TestCacheSessionResultClaimAndReleaseAreAtomic/release_wins
--- PASS: TestCacheSessionResultClaimAndReleaseAreAtomic (0.00s)
    --- PASS: TestCacheSessionResultClaimAndReleaseAreAtomic/claim_wins (0.00s)
    --- PASS: TestCacheSessionResultClaimAndReleaseAreAtomic/release_wins (0.00s)
=== RUN   TestCacheRefusedFinalWaiterCommitsPersistenceBeforeHandoffRelease
--- PASS: TestCacheRefusedFinalWaiterCommitsPersistenceBeforeHandoffRelease (0.00s)
=== RUN   TestCacheArbitrarySessionClaimAndReleaseAreAtomic
=== RUN   TestCacheArbitrarySessionClaimAndReleaseAreAtomic/claim_wins
=== RUN   TestCacheArbitrarySessionClaimAndReleaseAreAtomic/release_wins
--- PASS: TestCacheArbitrarySessionClaimAndReleaseAreAtomic (0.00s)
    --- PASS: TestCacheArbitrarySessionClaimAndReleaseAreAtomic/claim_wins (0.00s)
    --- PASS: TestCacheArbitrarySessionClaimAndReleaseAreAtomic/release_wins (0.00s)
=== RUN   TestCacheArbitraryReleasedSessionDoesNotInitializeValue
--- PASS: TestCacheArbitraryReleasedSessionDoesNotInitializeValue (0.00s)
=== RUN   TestCacheReleasedSessionErrorIncludesSessionID
--- PASS: TestCacheReleasedSessionErrorIncludesSessionID (0.00s)
=== RUN   TestCacheSessionReleaseRefusesClaimedResultAtOperationExit
--- PASS: TestCacheSessionReleaseRefusesClaimedResultAtOperationExit (0.00s)
=== RUN   TestCacheArbitraryReleaseRefusesValueAtOperationExit
--- PASS: TestCacheArbitraryReleaseRefusesValueAtOperationExit (0.00s)
=== RUN   TestCacheWaitSessionReleaseWaitsForDeferredCleanup
--- PASS: TestCacheWaitSessionReleaseWaitsForDeferredCleanup (0.00s)
=== RUN   TestCacheWaitSessionReleaseCancellation
--- PASS: TestCacheWaitSessionReleaseCancellation (0.00s)
=== RUN   TestCacheWaitSessionReleaseRequiresRelease
--- PASS: TestCacheWaitSessionReleaseRequiresRelease (0.00s)
=== RUN   TestCacheDeferredReleaseErrorSurfacesFromClose
--- PASS: TestCacheDeferredReleaseErrorSurfacesFromClose (0.00s)
=== RUN   TestCacheSynchronousReleaseErrorFailsCloseDirty
--- PASS: TestCacheSynchronousReleaseErrorFailsCloseDirty (0.00s)
=== RUN   TestCacheCloseCancellationFailsDirtyWhileOperationActive
--- PASS: TestCacheCloseCancellationFailsDirtyWhileOperationActive (0.02s)
=== RUN   TestCacheReleasedSessionDoesNotRecreateSpanMaps
--- PASS: TestCacheReleasedSessionDoesNotRecreateSpanMaps (0.00s)
=== RUN   TestSnapshotOwnerSyncReadSelection
--- PASS: TestSnapshotOwnerSyncReadSelection (0.00s)
=== RUN   TestSnapshotOwnerSyncInlineRead
--- PASS: TestSnapshotOwnerSyncInlineRead (0.00s)
=== RUN   TestCacheSnapshotOwnerLeaseSyncDefersSessionCleanup
--- PASS: TestCacheSnapshotOwnerLeaseSyncDefersSessionCleanup (0.00s)
=== RUN   TestCachePersistenceWorkerMirrorsSnapshotManagerMetadataRows
=== PAUSE TestCachePersistenceWorkerMirrorsSnapshotManagerMetadataRows
=== RUN   TestCachePersistenceImportHydratesSnapshotMetadataAndSyncsOwnerLeases
=== PAUSE TestCachePersistenceImportHydratesSnapshotMetadataAndSyncsOwnerLeases
=== RUN   TestCachePersistenceImportedSnapshotLinksContributeUsageBeforeDecode
=== PAUSE TestCachePersistenceImportedSnapshotLinksContributeUsageBeforeDecode
=== RUN   TestCachePruneThresholdUsesImportedSnapshotLinkUsage
=== PAUSE TestCachePruneThresholdUsesImportedSnapshotLinkUsage
=== RUN   TestCachePersistenceWorkerUsesEncodedSnapshotLinks
=== PAUSE TestCachePersistenceWorkerUsesEncodedSnapshotLinks
=== RUN   TestScopedCollectorConcurrentPublicationCost
=== RUN   TestScopedCollectorConcurrentPublicationCost/width128_depth1
    cache_snapshot_scope_bench_test.go:120: typed_collector outputs=128 depth=1 publications=8192 attempts=131 retries=3 accepted=128 elapsed=27.258344ms
=== RUN   TestScopedCollectorConcurrentPublicationCost/width8_depth3
    cache_snapshot_scope_bench_test.go:120: typed_collector outputs=512 depth=3 publications=8192 attempts=176 retries=48 accepted=128 elapsed=165.536392ms
--- PASS: TestScopedCollectorConcurrentPublicationCost (0.19s)
    --- PASS: TestScopedCollectorConcurrentPublicationCost/width128_depth1 (0.03s)
    --- PASS: TestScopedCollectorConcurrentPublicationCost/width8_depth3 (0.17s)
=== RUN   TestScopedSnapshotVisitor
--- PASS: TestScopedSnapshotVisitor (0.00s)
=== RUN   TestScopedSnapshotDecodeCarrier
--- PASS: TestScopedSnapshotDecodeCarrier (0.00s)
=== RUN   TestScopedSnapshotCanonicalKeys
--- PASS: TestScopedSnapshotCanonicalKeys (0.00s)
=== RUN   TestScopedSnapshotSQLConflict
--- PASS: TestScopedSnapshotSQLConflict (0.01s)
=== RUN   TestScopedDecodeRejectsMismatchedCarrierBeforeCodec
--- PASS: TestScopedDecodeRejectsMismatchedCarrierBeforeCodec (0.00s)
=== RUN   TestCacheRejectsNilTypeResolver
=== PAUSE TestCacheRejectsNilTypeResolver
=== RUN   TestCacheRejectsEmptySessionIDForOwningEntrypoints
=== PAUSE TestCacheRejectsEmptySessionIDForOwningEntrypoints
=== RUN   TestSharedCallUsesOneClientScopeLeaseForAllWaiters
=== PAUSE TestSharedCallUsesOneClientScopeLeaseForAllWaiters
=== RUN   TestSharedCallReleasesLeaseWhenLastWaiterCancelsAfterCompletion
=== PAUSE TestSharedCallReleasesLeaseWhenLastWaiterCancelsAfterCompletion
=== RUN   TestAttachResultAllowsAlreadyAttachedResultWithoutFrame
=== PAUSE TestAttachResultAllowsAlreadyAttachedResultWithoutFrame
=== RUN   TestCaptureSessionLazySpanContextFirstWriterWinsAndRelease
=== PAUSE TestCaptureSessionLazySpanContextFirstWriterWinsAndRelease
=== RUN   TestSessionResultInstallSpanContextsSorted
=== PAUSE TestSessionResultInstallSpanContextsSorted
=== RUN   TestInstallSpanLookupWalksClosureOwnersUpward
=== PAUSE TestInstallSpanLookupWalksClosureOwnersUpward
=== RUN   TestEvaluateLazyUsesOriginalSpanForLogsAndNestedSpans
=== PAUSE TestEvaluateLazyUsesOriginalSpanForLogsAndNestedSpans
=== RUN   TestEvaluateLazyPrerequisiteFailureMarksResumeBlocked
=== PAUSE TestEvaluateLazyPrerequisiteFailureMarksResumeBlocked
=== RUN   TestEvaluateLazyOwnFailureNotMarkedBlocked
=== PAUSE TestEvaluateLazyOwnFailureNotMarkedBlocked
=== RUN   TestCacheVolatileSessionResourceInvariants
=== PAUSE TestCacheVolatileSessionResourceInvariants
=== RUN   TestCacheVolatileConcurrentSessionsDivergentValues
=== PAUSE TestCacheVolatileConcurrentSessionsDivergentValues
=== RUN   TestCacheVolatileNestedWithNonVolatile
=== PAUSE TestCacheVolatileNestedWithNonVolatile
=== RUN   TestCacheConcurrent
=== PAUSE TestCacheConcurrent
=== RUN   TestCacheEvaluate
=== PAUSE TestCacheEvaluate
=== RUN   TestCacheErrors
=== PAUSE TestCacheErrors
=== RUN   TestCacheRecursiveCall
=== PAUSE TestCacheRecursiveCall
=== RUN   TestCacheContextCancel
=== RUN   TestCacheContextCancel/cancels_after_all_are_canceled
=== PAUSE TestCacheContextCancel/cancels_after_all_are_canceled
=== RUN   TestCacheContextCancel/succeeds_if_others_are_canceled
=== PAUSE TestCacheContextCancel/succeeds_if_others_are_canceled
=== RUN   TestCacheContextCancel/shared_call_keeps_dedicated_lease_across_completion
=== PAUSE TestCacheContextCancel/shared_call_keeps_dedicated_lease_across_completion
=== RUN   TestCacheContextCancel/last_waiter_canceled_fn_returns_value_still_releases
=== PAUSE TestCacheContextCancel/last_waiter_canceled_fn_returns_value_still_releases
=== CONT  TestCacheContextCancel/cancels_after_all_are_canceled
=== CONT  TestCacheContextCancel/shared_call_keeps_dedicated_lease_across_completion
=== CONT  TestCacheContextCancel/succeeds_if_others_are_canceled
=== CONT  TestCacheContextCancel/last_waiter_canceled_fn_returns_value_still_releases
    cache_test.go:2289: TODO: re-enable after last-waiter canceled cleanup semantics are decided
--- PASS: TestCacheContextCancel (0.00s)
    --- SKIP: TestCacheContextCancel/last_waiter_canceled_fn_returns_value_still_releases (0.00s)
    --- PASS: TestCacheContextCancel/cancels_after_all_are_canceled (0.00s)
    --- PASS: TestCacheContextCancel/succeeds_if_others_are_canceled (0.00s)
    --- PASS: TestCacheContextCancel/shared_call_keeps_dedicated_lease_across_completion (0.01s)
=== RUN   TestSkipDedupe
=== PAUSE TestSkipDedupe
=== RUN   TestCacheNilKeyIDRejected
=== PAUSE TestCacheNilKeyIDRejected
=== RUN   TestCacheDifferentConcurrencyKeysDoNotDedupe
=== PAUSE TestCacheDifferentConcurrencyKeysDoNotDedupe
=== RUN   TestCacheNilResultIsCached
=== PAUSE TestCacheNilResultIsCached
=== RUN   TestEquivalencySetCacheHits
=== PAUSE TestEquivalencySetCacheHits
=== RUN   TestDirectDigestLookupHitsWithoutTermIndex
=== RUN   TestDirectDigestLookupHitsWithoutTermIndex/exact_recipe_digest_hit_without_term_index
=== RUN   TestDirectDigestLookupHitsWithoutTermIndex/extra_digest_hit_without_term_index
--- PASS: TestDirectDigestLookupHitsWithoutTermIndex (0.00s)
    --- PASS: TestDirectDigestLookupHitsWithoutTermIndex/exact_recipe_digest_hit_without_term_index (0.00s)
    --- PASS: TestDirectDigestLookupHitsWithoutTermIndex/extra_digest_hit_without_term_index (0.00s)
=== RUN   TestIndexResultDigestsUsesExplicitRequestAndResponseIDs
=== PAUSE TestIndexResultDigestsUsesExplicitRequestAndResponseIDs
=== RUN   TestStructuralHitCanReuseResultFromSameOutputEqClass
--- PASS: TestStructuralHitCanReuseResultFromSameOutputEqClass (0.00s)
=== RUN   TestTeachCallEquivalentToResult
=== PAUSE TestTeachCallEquivalentToResult
=== RUN   TestPendingResultCallRefRecipeID
=== PAUSE TestPendingResultCallRefRecipeID
=== RUN   TestAttachResultNormalizesPendingResultCallRef
=== PAUSE TestAttachResultNormalizesPendingResultCallRef
=== RUN   TestObjectResultResultCallAndReceiver
=== PAUSE TestObjectResultResultCallAndReceiver
=== RUN   TestCacheHitRewrapsObjectResultForCurrentServer
=== PAUSE TestCacheHitRewrapsObjectResultForCurrentServer
=== RUN   TestClassNewRewrapsObjectResult
=== PAUSE TestClassNewRewrapsObjectResult
=== RUN   TestClassNewRewrapPreservesModuleCacheIsolation
=== PAUSE TestClassNewRewrapPreservesModuleCacheIsolation
=== RUN   TestInputSpecsInputsFromResultCallArgs
=== PAUSE TestInputSpecsInputsFromResultCallArgs
=== RUN   TestResultContentPreferredDigestUsesContentDigest
=== PAUSE TestResultContentPreferredDigestUsesContentDigest
=== RUN   TestLookupCacheForIDExtraDigestFallback
=== PAUSE TestLookupCacheForIDExtraDigestFallback
=== RUN   TestHitTeachesReturnedRequestIDToCache
=== PAUSE TestHitTeachesReturnedRequestIDToCache
=== RUN   TestExtraDigestLabelIsolation
=== PAUSE TestExtraDigestLabelIsolation
=== RUN   TestCacheHitReturnIDGetsContentDigestFromEqClassMetadata
=== PAUSE TestCacheHitReturnIDGetsContentDigestFromEqClassMetadata
=== RUN   TestCacheFreshReturnIDGetsContentDigestFromEqClassMetadata
=== PAUSE TestCacheFreshReturnIDGetsContentDigestFromEqClassMetadata
=== RUN   TestCacheTeachContentDigestPreservesAttachment
=== PAUSE TestCacheTeachContentDigestPreservesAttachment
=== RUN   TestCacheTeachContentDigestWithResultRefs
=== PAUSE TestCacheTeachContentDigestWithResultRefs
=== RUN   TestDerefValueForNullables
=== PAUSE TestDerefValueForNullables
=== RUN   TestCacheDoNotCacheNormalizesNestedHitMetadata
=== PAUSE TestCacheDoNotCacheNormalizesNestedHitMetadata
=== RUN   TestCacheDoNotCachePreservesAttachedReturnedObject
=== PAUSE TestCacheDoNotCachePreservesAttachedReturnedObject
=== RUN   TestCacheSecondaryIndexesCleanedOnRelease
=== PAUSE TestCacheSecondaryIndexesCleanedOnRelease
=== RUN   TestCacheReleaseRemovesRecordedDigestPostingAfterOutputClassMerge
=== PAUSE TestCacheReleaseRemovesRecordedDigestPostingAfterOutputClassMerge
=== RUN   TestCacheArrayResultRoundTrip
=== PAUSE TestCacheArrayResultRoundTrip
=== RUN   TestCacheArrayResultsRetainChildResultsAcrossProducerSessionRelease
=== PAUSE TestCacheArrayResultsRetainChildResultsAcrossProducerSessionRelease
=== RUN   TestCacheArrayResultStressDoesNotReturnHitWithoutCallFrame
=== PAUSE TestCacheArrayResultStressDoesNotReturnHitWithoutCallFrame
=== RUN   TestCacheArrayResultStressDoesNotRaceExplicitDependencyAttachment
=== PAUSE TestCacheArrayResultStressDoesNotRaceExplicitDependencyAttachment
=== RUN   TestCacheMixedSessionWaitersCancelDoNotLeak
=== PAUSE TestCacheMixedSessionWaitersCancelDoNotLeak
=== RUN   TestCacheLoadResultByResultIDDoesNotReturnHitWithoutCallFrame
=== PAUSE TestCacheLoadResultByResultIDDoesNotReturnHitWithoutCallFrame
=== RUN   TestCacheObjectResultRoundTripAndRelease
=== PAUSE TestCacheObjectResultRoundTripAndRelease
=== RUN   TestCacheTTLWithDBUsesStorageAndCallIndexes
=== PAUSE TestCacheTTLWithDBUsesStorageAndCallIndexes
=== RUN   TestCachePersistableRetainedAcrossSessionClose
=== PAUSE TestCachePersistableRetainedAcrossSessionClose
=== RUN   TestCacheLatePersistableJoinCommitsBeforeHandoffRelease
=== RUN   TestCacheLatePersistableJoinCommitsBeforeHandoffRelease/successful_final_waiter
=== RUN   TestCacheLatePersistableJoinCommitsBeforeHandoffRelease/canceled_final_waiter
--- PASS: TestCacheLatePersistableJoinCommitsBeforeHandoffRelease (0.00s)
    --- PASS: TestCacheLatePersistableJoinCommitsBeforeHandoffRelease/successful_final_waiter (0.00s)
    --- PASS: TestCacheLatePersistableJoinCommitsBeforeHandoffRelease/canceled_final_waiter (0.00s)
=== RUN   TestOngoingCallPersistableIntentConcurrentAccess
=== PAUSE TestOngoingCallPersistableIntentConcurrentAccess
=== RUN   TestCacheNonPersistableDropsWhenRefsDrain
=== PAUSE TestCacheNonPersistableDropsWhenRefsDrain
=== RUN   TestCachePersistableHitUpgradesExistingResultToRetained
=== PAUSE TestCachePersistableHitUpgradesExistingResultToRetained
=== RUN   TestCacheMakeResultUnpruneableRetainsAcrossSessionClose
=== PAUSE TestCacheMakeResultUnpruneableRetainsAcrossSessionClose
=== RUN   TestCacheMakeResultUnpruneableSkipsPrune
=== PAUSE TestCacheMakeResultUnpruneableSkipsPrune
=== RUN   TestCacheMakeResultUnpruneableClearsPersistedExpiry
=== PAUSE TestCacheMakeResultUnpruneableClearsPersistedExpiry
=== RUN   TestCacheUsageEntriesAllReportsSessionAndRetainedState
=== PAUSE TestCacheUsageEntriesAllReportsSessionAndRetainedState
=== RUN   TestCacheUsageEntriesAllDedupesByUsageIdentity
=== PAUSE TestCacheUsageEntriesAllDedupesByUsageIdentity
=== RUN   TestCacheUsageEntriesAllSumsOwnedUsageIdentities
=== PAUSE TestCacheUsageEntriesAllSumsOwnedUsageIdentities
=== RUN   TestCacheUsageEntriesAllMutableUsageRemeasuresAfterSizeChange
=== PAUSE TestCacheUsageEntriesAllMutableUsageRemeasuresAfterSizeChange
=== RUN   TestCachePruneKeepDuration
=== PAUSE TestCachePruneKeepDuration
=== RUN   TestCachePruneThresholdTargetSpace
=== PAUSE TestCachePruneThresholdTargetSpace
=== RUN   TestCachePruneMinFreeSpaceUsesCurrentFreeSpace
=== PAUSE TestCachePruneMinFreeSpaceUsesCurrentFreeSpace
=== RUN   TestCachePruneSessionOwnedEntriesAreNeverPruned
=== PAUSE TestCachePruneSessionOwnedEntriesAreNeverPruned
=== RUN   TestCacheDoNotCacheRejectsOnReleaser
=== PAUSE TestCacheDoNotCacheRejectsOnReleaser
=== RUN   TestCachePruneOrderedSimulationKeepsZeroDeltaPrerequisites
=== PAUSE TestCachePruneOrderedSimulationKeepsZeroDeltaPrerequisites
=== RUN   TestCompactEqClassesSkipsWhenBelowThreshold
=== PAUSE TestCompactEqClassesSkipsWhenBelowThreshold
=== RUN   TestCachePruneCompactsEqClassesAndPreservesLookup
=== PAUSE TestCachePruneCompactsEqClassesAndPreservesLookup
=== RUN   TestCachePruneProtectsExactDependencyOfActiveResult
=== PAUSE TestCachePruneProtectsExactDependencyOfActiveResult
=== RUN   TestCachePruneDoesNotProtectTermProvenanceOnlyResultFromActiveResult
=== PAUSE TestCachePruneDoesNotProtectTermProvenanceOnlyResultFromActiveResult
=== RUN   TestCacheAttachDependencyResults
=== PAUSE TestCacheAttachDependencyResults
=== RUN   TestCacheAttachDependencyResultsAlreadyAttachedChild
=== PAUSE TestCacheAttachDependencyResultsAlreadyAttachedChild
=== RUN   TestCacheAddExplicitDependency
=== PAUSE TestCacheAddExplicitDependency
=== RUN   TestCacheResultCallDerivedFromRequestID
=== PAUSE TestCacheResultCallDerivedFromRequestID
=== RUN   TestCacheResultCallFirstWriterWins
=== PAUSE TestCacheResultCallFirstWriterWins
=== RUN   TestCacheArbitraryCallbackUsesOneClientScopeLease
=== PAUSE TestCacheArbitraryCallbackUsesOneClientScopeLease
=== RUN   TestCacheArbitraryCallbackCancelsAfterLastWaiter
=== PAUSE TestCacheArbitraryCallbackCancelsAfterLastWaiter
=== RUN   TestCacheArbitraryRoundTripAndRelease
=== PAUSE TestCacheArbitraryRoundTripAndRelease
=== RUN   TestCacheArbitraryConcurrent
=== PAUSE TestCacheArbitraryConcurrent
=== RUN   TestCacheArbitraryRecursiveCall
=== PAUSE TestCacheArbitraryRecursiveCall
=== RUN   TestResolveSessionResourceCandidatesOrdering
--- PASS: TestResolveSessionResourceCandidatesOrdering (0.00s)
=== RUN   TestCacheAddExplicitDependencyAcceptsSessionResourceDepsAndRecomputesAncestors
=== PAUSE TestCacheAddExplicitDependencyAcceptsSessionResourceDepsAndRecomputesAncestors
=== RUN   TestCacheHitRechecksSessionResourcesAfterAttachBarrier
=== PAUSE TestCacheHitRechecksSessionResourcesAfterAttachBarrier
=== RUN   TestCacheLoadResultByResultIDRechecksAfterAttachBarrier
=== PAUSE TestCacheLoadResultByResultIDRechecksAfterAttachBarrier
=== RUN   TestCacheLoadResultByResultIDIgnoresUncleanCanonicalSiblings
=== PAUSE TestCacheLoadResultByResultIDIgnoresUncleanCanonicalSiblings
=== RUN   TestCacheDigestLookupRechecksSessionResourcesAfterAttachBarrier
=== PAUSE TestCacheDigestLookupRechecksSessionResourcesAfterAttachBarrier
=== RUN   TestCacheHitRechecksSessionResourcesAfterLateExplicitDependency
=== PAUSE TestCacheHitRechecksSessionResourcesAfterLateExplicitDependency
=== RUN   TestCacheLoadResultByResultIDRechecksAfterLateExplicitDependency
=== PAUSE TestCacheLoadResultByResultIDRechecksAfterLateExplicitDependency
=== RUN   TestCacheDigestLookupRechecksSessionResourcesAfterLateExplicitDependency
=== PAUSE TestCacheDigestLookupRechecksSessionResourcesAfterLateExplicitDependency
=== RUN   TestCacheHitConvertsToMissWhenProducerReleaseFailsAttachment
=== PAUSE TestCacheHitConvertsToMissWhenProducerReleaseFailsAttachment
=== RUN   TestCacheDigestLookupConvertsToMissWhenProducerReleaseFailsAttachment
=== PAUSE TestCacheDigestLookupConvertsToMissWhenProducerReleaseFailsAttachment
=== RUN   TestCacheLoadResultByResultIDStillFailsWhenProducerReleaseFailsAttachment
=== PAUSE TestCacheLoadResultByResultIDStillFailsWhenProducerReleaseFailsAttachment
=== RUN   TestCacheHitKeepsGenuineAttachmentFailure
=== PAUSE TestCacheHitKeepsGenuineAttachmentFailure
=== RUN   TestCachePublicationRollsBackWhenStructuralDepMissing
=== PAUSE TestCachePublicationRollsBackWhenStructuralDepMissing
=== RUN   TestCacheAttachmentClaimPinsTargetAgainstForeignRelease
=== PAUSE TestCacheAttachmentClaimPinsTargetAgainstForeignRelease
=== RUN   TestCacheWithSessionResourceHandleRefusesAttachedMutation
=== PAUSE TestCacheWithSessionResourceHandleRefusesAttachedMutation
=== RUN   TestValueTransferFixtureExactRoots
--- PASS: TestValueTransferFixtureExactRoots (0.01s)
=== RUN   TestSchemaModuleSelectionFallback
--- PASS: TestSchemaModuleSelectionFallback (0.01s)
=== RUN   TestSchemaModuleSelectionSkipsInaccessibleInstalled
=== RUN   TestSchemaModuleSelectionSkipsInaccessibleInstalled/operational
=== RUN   TestSchemaModuleSelectionSkipsInaccessibleInstalled/scoped
--- PASS: TestSchemaModuleSelectionSkipsInaccessibleInstalled (0.01s)
    --- PASS: TestSchemaModuleSelectionSkipsInaccessibleInstalled/operational (0.00s)
    --- PASS: TestSchemaModuleSelectionSkipsInaccessibleInstalled/scoped (0.00s)
=== RUN   TestValueTransferPersistence
--- PASS: TestValueTransferPersistence (0.02s)
=== RUN   TestValueTransferCapture
=== RUN   TestValueTransferCapture/concurrent_replacement_and_pruning
=== RUN   TestValueTransferCapture/direct_and_offer_diamond
=== RUN   TestValueTransferCapture/output
=== RUN   TestValueTransferCapture/payload
=== RUN   TestValueTransferCapture/offer
=== RUN   TestValueTransferCapture/ownership
=== RUN   TestValueTransferCapture/requirements
=== RUN   TestValueTransferCapture/frame
=== RUN   TestValueTransferCapture/busy
=== RUN   TestValueTransferCapture/cancellation
--- PASS: TestValueTransferCapture (0.06s)
    --- PASS: TestValueTransferCapture/concurrent_replacement_and_pruning (0.01s)
    --- PASS: TestValueTransferCapture/direct_and_offer_diamond (0.01s)
    --- PASS: TestValueTransferCapture/output (0.01s)
    --- PASS: TestValueTransferCapture/payload (0.00s)
    --- PASS: TestValueTransferCapture/offer (0.01s)
    --- PASS: TestValueTransferCapture/ownership (0.01s)
    --- PASS: TestValueTransferCapture/requirements (0.00s)
    --- PASS: TestValueTransferCapture/frame (0.00s)
    --- PASS: TestValueTransferCapture/busy (0.01s)
    --- PASS: TestValueTransferCapture/cancellation (0.00s)
=== RUN   TestValueTransferReferences
=== RUN   TestValueTransferReferences/dangling
=== RUN   TestValueTransferReferences/cycle
=== RUN   TestValueTransferReferences/root
=== RUN   TestValueTransferReferences/extra
=== RUN   TestValueTransferReferences/body
=== RUN   TestValueTransferReferences/unreachable
--- PASS: TestValueTransferReferences (0.01s)
    --- PASS: TestValueTransferReferences/dangling (0.00s)
    --- PASS: TestValueTransferReferences/cycle (0.00s)
    --- PASS: TestValueTransferReferences/root (0.00s)
    --- PASS: TestValueTransferReferences/extra (0.00s)
    --- PASS: TestValueTransferReferences/body (0.00s)
    --- PASS: TestValueTransferReferences/unreachable (0.00s)
=== RUN   TestValueTransferImportPublication
=== RUN   TestValueTransferImportPublication/lookup_at_commit_boundary
=== RUN   TestValueTransferImportPublication/close_waits_for_admitted_import
=== RUN   TestValueTransferImportPublication/preparation_failure
=== RUN   TestValueTransferImportPublication/before_commit
=== RUN   TestValueTransferImportPublication/after_commit
=== RUN   TestValueTransferImportPublication/finite_root_expiry
--- PASS: TestValueTransferImportPublication (0.08s)
    --- PASS: TestValueTransferImportPublication/lookup_at_commit_boundary (0.02s)
    --- PASS: TestValueTransferImportPublication/close_waits_for_admitted_import (0.03s)
    --- PASS: TestValueTransferImportPublication/preparation_failure (0.01s)
    --- PASS: TestValueTransferImportPublication/before_commit (0.01s)
    --- PASS: TestValueTransferImportPublication/after_commit (0.00s)
    --- PASS: TestValueTransferImportPublication/finite_root_expiry (0.01s)
=== RUN   TestValueTransferReferencesExtras
--- PASS: TestValueTransferReferencesExtras (0.02s)
=== RUN   TestValueTransferPersistenceDecodePublication
--- PASS: TestValueTransferPersistenceDecodePublication (0.01s)
=== RUN   TestRecipeMemoDedupesSharedNode
=== PAUSE TestRecipeMemoDedupesSharedNode
=== RUN   TestRecipeMemoKeepsDistinctNodesDistinct
=== PAUSE TestRecipeMemoKeepsDistinctNodesDistinct
=== RUN   TestRecipeMemoSharesAcrossReceiverChain
=== PAUSE TestRecipeMemoSharesAcrossReceiverChain
=== RUN   TestDetachedReceiverSelectionPreservesReceiverLineage
=== PAUSE TestDetachedReceiverSelectionPreservesReceiverLineage
=== RUN   TestNthValuePreservesAttachmentLineage
=== PAUSE TestNthValuePreservesAttachmentLineage
=== RUN   TestNthValueAttachedObjectResultArrayReturnsCanonicalChild
=== PAUSE TestNthValueAttachedObjectResultArrayReturnsCanonicalChild
=== RUN   TestNthValueAttachedDynamicResultArrayReturnsCanonicalChild
=== PAUSE TestNthValueAttachedDynamicResultArrayReturnsCanonicalChild
=== RUN   TestNullableDerefUsesSameSharedResult
=== PAUSE TestNullableDerefUsesSameSharedResult
=== RUN   TestNullableWrappedUsesSameSharedResult
=== PAUSE TestNullableWrappedUsesSameSharedResult
=== RUN   TestNullableDerefCacheHitsReconstructObjectView
=== PAUSE TestNullableDerefCacheHitsReconstructObjectView
=== RUN   TestFieldsInstallMarksReflectedAccessorsTrivial
--- PASS: TestFieldsInstallMarksReflectedAccessorsTrivial (0.00s)
=== RUN   TestFieldSpecResolveImplicitInputCallArgsResolvesDeterministicImplicitInputs
--- PASS: TestFieldSpecResolveImplicitInputCallArgsResolvesDeterministicImplicitInputs (0.00s)
=== RUN   TestFieldSpecResolveImplicitInputCallArgsPropagatesResolverErrors
--- PASS: TestFieldSpecResolveImplicitInputCallArgsPropagatesResolverErrors (0.00s)
=== RUN   TestFieldSpecResolveImplicitInputCallArgsRejectsNilResolvedInput
--- PASS: TestFieldSpecResolveImplicitInputCallArgsRejectsNilResolvedInput (0.00s)
=== RUN   TestObjectPreselectAppliesFieldModule
--- PASS: TestObjectPreselectAppliesFieldModule (0.00s)
=== RUN   TestOptionalJSONRoundTripSetsValid
=== PAUSE TestOptionalJSONRoundTripSetsValid
=== RUN   TestNullableJSONRoundTripSetsValid
=== PAUSE TestNullableJSONRoundTripSetsValid
=== RUN   TestDynamicOptionalJSONRoundTripSetsValid
=== PAUSE TestDynamicOptionalJSONRoundTripSetsValid
=== RUN   TestDynamicNullableJSONRoundTripSetsValid
=== PAUSE TestDynamicNullableJSONRoundTripSetsValid
=== RUN   TestEmitHooksProduceLoaderShape
--- PASS: TestEmitHooksProduceLoaderShape (0.00s)
=== RUN   TestEmitWaitVisibleToValidationOnMissingTarget
--- PASS: TestEmitWaitVisibleToValidationOnMissingTarget (0.00s)
=== RUN   TestEmitWaitNonRecordingWaiterDrops
--- PASS: TestEmitWaitNonRecordingWaiterDrops (0.00s)
=== RUN   TestLazyTriggeredExecComposesUnderLazyOp
--- PASS: TestLazyTriggeredExecComposesUnderLazyOp (0.00s)
=== RUN   TestLazyEmitRetryDoesNotLeakStaleWaitTarget
=== PAUSE TestLazyEmitRetryDoesNotLeakStaleWaitTarget
=== RUN   TestLazyEmitNestedOverrideNoCrossStamping
--- PASS: TestLazyEmitNestedOverrideNoCrossStamping (0.00s)
=== RUN   TestLazyEmitProducerRepointStampsDirectChildrenOnly
--- PASS: TestLazyEmitProducerRepointStampsDirectChildrenOnly (0.00s)
=== RUN   TestLazyEmitNoProducerNestsUnderHiddenLazyOp
--- PASS: TestLazyEmitNoProducerNestsUnderHiddenLazyOp (0.00s)
=== RUN   TestWcprofLazyParentProcessorStampsAllExports
--- PASS: TestWcprofLazyParentProcessorStampsAllExports (0.00s)
=== RUN   TestRecipeIDMemoDedupesSharedInlineFrame
=== PAUSE TestRecipeIDMemoDedupesSharedInlineFrame
=== RUN   TestRecipeIDMemoKeepsDistinctFramesDistinct
=== PAUSE TestRecipeIDMemoKeepsDistinctFramesDistinct
=== RUN   TestCloneDedupesSharedFrame
=== PAUSE TestCloneDedupesSharedFrame
=== RUN   TestCloneKeepsDistinctFramesDistinct
=== PAUSE TestCloneKeepsDistinctFramesDistinct
=== RUN   TestCloneSharedDAGIsLinearAndIndependent
=== PAUSE TestCloneSharedDAGIsLinearAndIndependent
=== RUN   TestResultCallProfileSkipTravelsThroughCloneAndFork
=== PAUSE TestResultCallProfileSkipTravelsThroughCloneAndFork
=== RUN   TestResultCallProfileSkipExcludedFromDigests
=== PAUSE TestResultCallProfileSkipExcludedFromDigests
=== RUN   TestResultCallProfileSkipRoundTripsThroughJSON
=== PAUSE TestResultCallProfileSkipRoundTripsThroughJSON
=== RUN   TestFrameProfileSkipNilSafe
=== PAUSE TestFrameProfileSkipNilSafe
=== RUN   TestResultCallDigestErrorsDoNotPanic
=== PAUSE TestResultCallDigestErrorsDoNotPanic
=== RUN   TestResultCallSelfDigestAndInputRefsPreserveInputKinds
=== PAUSE TestResultCallSelfDigestAndInputRefsPreserveInputKinds
=== RUN   TestResultCallModuleMetadataDoesNotAffectStructuralIdentity
=== PAUSE TestResultCallModuleMetadataDoesNotAffectStructuralIdentity
=== RUN   TestResultCallModuleIdentityIsStructuralInputOnly
=== PAUSE TestResultCallModuleIdentityIsStructuralInputOnly
=== RUN   TestResultCallSelfDigestUsesRecipeDigestsForResultInputs
=== PAUSE TestResultCallSelfDigestUsesRecipeDigestsForResultInputs
=== RUN   TestResultCallDigestedStringUsesAttachedDigestForStructuralIdentity
=== PAUSE TestResultCallDigestedStringUsesAttachedDigestForStructuralIdentity
=== RUN   TestResultCallBytesPersistAndRebuildRaw
=== PAUSE TestResultCallBytesPersistAndRebuildRaw
=== RUN   TestResultCallForkClonesTopLevelMutableState
=== PAUSE TestResultCallForkClonesTopLevelMutableState
=== RUN   TestCacheRecipeDigestForCallMemoizesOnOriginalFrame
=== PAUSE TestCacheRecipeDigestForCallMemoizesOnOriginalFrame
=== RUN   TestDetachedResultMetadataReuseAndCallMutationFork
=== PAUSE TestDetachedResultMetadataReuseAndCallMutationFork
=== RUN   TestResultCallRefReceiverUsesSharedFastPath
=== PAUSE TestResultCallRefReceiverUsesSharedFastPath
=== RUN   TestResultCallRefContentPreferredDigestUsesLatestSharedFrame
=== PAUSE TestResultCallRefContentPreferredDigestUsesLatestSharedFrame
=== RUN   TestResultCallRefRecipeIDUsesLatestSharedFrame
=== PAUSE TestResultCallRefRecipeIDUsesLatestSharedFrame
=== RUN   TestResultCallRefSharedFastPathDoesNotSurviveRemoval
=== PAUSE TestResultCallRefSharedFastPathDoesNotSurviveRemoval
=== RUN   TestResultCallRefResultIDFallbackStillWorks
=== PAUSE TestResultCallRefResultIDFallbackStillWorks
=== RUN   TestResultCallArgPBRedactsSensitive
=== PAUSE TestResultCallArgPBRedactsSensitive
=== RUN   TestResultCallPBRedactsSensitiveArg
=== PAUSE TestResultCallPBRedactsSensitiveArg
=== RUN   TestShouldEmitCallPayloadIsOncePerStore
--- PASS: TestShouldEmitCallPayloadIsOncePerStore (0.00s)
=== RUN   TestCallPayloadDedupeCannotSuppressSpans
--- PASS: TestCallPayloadDedupeCannotSuppressSpans (0.00s)
=== RUN   TestPerClientCacheScope
=== PAUSE TestPerClientCacheScope
=== RUN   TestPartSessionlessRestoredDirectory
    cache_part_admission_external_test.go:19: real native snapshot transfer requires read-only bind mount privileges: mount source: "/tmp/TestPartSessionlessRestoredDirectory351434502/001", target: "/tmp/snapshot-transfer-mount1507080697", fstype: bind, flags: 20481, data: "", err: operation not permitted
--- SKIP: TestPartSessionlessRestoredDirectory (0.00s)
=== RUN   TestBasic
--- PASS: TestBasic (0.00s)
=== RUN   TestForkedNodeUsesCurrentServerLoader
--- PASS: TestForkedNodeUsesCurrentServerLoader (0.00s)
=== RUN   TestSelectArray
=== RUN   TestSelectArray/select_all_as_array
=== RUN   TestSelectArray/select_all_as_instance_array
=== RUN   TestSelectArray/select_all_individual_instances
=== RUN   TestSelectArray/select_all_array_as_Typed
=== RUN   TestSelectArray/select_all_children
=== RUN   TestSelectArray/select_nth
=== RUN   TestSelectArray/select_nth_caching
=== RUN   TestSelectArray/nth_promotion_creates_cache-backed_receiver_results
=== RUN   TestSelectArray/deref_promotion_creates_cache-backed_receiver_results
--- PASS: TestSelectArray (0.00s)
    --- PASS: TestSelectArray/select_all_as_array (0.00s)
    --- PASS: TestSelectArray/select_all_as_instance_array (0.00s)
    --- PASS: TestSelectArray/select_all_individual_instances (0.00s)
    --- PASS: TestSelectArray/select_all_array_as_Typed (0.00s)
    --- PASS: TestSelectArray/select_all_children (0.00s)
    --- PASS: TestSelectArray/select_nth (0.00s)
    --- PASS: TestSelectArray/select_nth_caching (0.00s)
    --- PASS: TestSelectArray/nth_promotion_creates_cache-backed_receiver_results (0.00s)
    --- PASS: TestSelectArray/deref_promotion_creates_cache-backed_receiver_results (0.00s)
=== RUN   TestNullableResults
=== RUN   TestNullableResults/nullable_scalars
=== RUN   TestNullableResults/nullable_objects
=== RUN   TestNullableResults/nullable_arrays_of_scalars
=== RUN   TestNullableResults/non-null_arrays_with_nullable_scalars
=== RUN   TestNullableResults/nullable_arrays_with_nullable_elements
=== RUN   TestNullableResults/nullable_arrays_with_nullable_elements/from_ID
--- PASS: TestNullableResults (0.01s)
    --- PASS: TestNullableResults/nullable_scalars (0.00s)
    --- PASS: TestNullableResults/nullable_objects (0.00s)
    --- PASS: TestNullableResults/nullable_arrays_of_scalars (0.00s)
    --- PASS: TestNullableResults/non-null_arrays_with_nullable_scalars (0.00s)
    --- PASS: TestNullableResults/nullable_arrays_with_nullable_elements (0.00s)
        --- PASS: TestNullableResults/nullable_arrays_with_nullable_elements/from_ID (0.00s)
=== RUN   TestListResults
--- PASS: TestListResults (0.00s)
=== RUN   TestLoadingFromID
--- PASS: TestLoadingFromID (0.02s)
=== RUN   TestIDsReflectQuery
    dagql_test.go:2358: actual  : point(x: 6, y: 7).shiftLeft: Point!
    dagql_test.go:2358: expected: point(x: 6, y: 7).shiftLeft: Point!
--- PASS: TestIDsReflectQuery (0.00s)
=== RUN   TestIDsDoNotContainSensitiveValues
    dagql_test.go:2358: actual  : point(x: 6, y: 7).loginTag(password: "***"): Point!
    dagql_test.go:2358: expected: point(x: 6, y: 7).loginTag(password: "***"): Point!
    dagql_test.go:2358: actual  : point(x: 6, y: 7).loginChain(password: "***"): Point!
    dagql_test.go:2358: expected: point(x: 6, y: 7).loginChain(password: "***"): Point!
    dagql_test.go:2358: actual  : point(x: 6, y: 7).loginTagFalse(password: "hunter2"): Point!
    dagql_test.go:2358: expected: point(x: 6, y: 7).loginTagFalse(password: "hunter2"): Point!
--- PASS: TestIDsDoNotContainSensitiveValues (0.00s)
=== RUN   TestEmptyID
--- PASS: TestEmptyID (0.00s)
=== RUN   TestPureIDsDoNotReEvaluate
--- PASS: TestPureIDsDoNotReEvaluate (0.00s)
=== RUN   TestPassingObjectsAround
--- PASS: TestPassingObjectsAround (0.00s)
=== RUN   TestEnums
=== RUN   TestEnums/outputs
=== RUN   TestEnums/inputs
=== RUN   TestEnums/invalid_inputs
=== RUN   TestEnums/invalid_defaults
--- PASS: TestEnums (0.00s)
    --- PASS: TestEnums/outputs (0.00s)
    --- PASS: TestEnums/inputs (0.00s)
    --- PASS: TestEnums/invalid_inputs (0.00s)
    --- PASS: TestEnums/invalid_defaults (0.00s)
=== RUN   TestInputObjects
=== RUN   TestInputObjects/inputs_and_defaults
=== RUN   TestInputObjects/inputs_with_embedded_structs_in_IDs
    dagql_test.go:1579: id1: engineResult(8): Defaults!
    dagql_test.go:1580: id2: engineResult(17): Defaults!
=== RUN   TestInputObjects/inputs_with_builtins_and_defaults
=== RUN   TestInputObjects/nullable_inputs
=== RUN   TestInputObjects/arrays_of_inputs
--- PASS: TestInputObjects (0.01s)
    --- PASS: TestInputObjects/inputs_and_defaults (0.00s)
    --- PASS: TestInputObjects/inputs_with_embedded_structs_in_IDs (0.00s)
    --- PASS: TestInputObjects/inputs_with_builtins_and_defaults (0.00s)
    --- PASS: TestInputObjects/nullable_inputs (0.00s)
    --- PASS: TestInputObjects/arrays_of_inputs (0.00s)
=== RUN   TestDefaults
=== RUN   TestDefaults/builtin_scalar_types
=== RUN   TestDefaults/invalid_defaults
    dagql_test.go:1781: error (expected): [{"message":"convert default value \"yessir\" for arg \"boolean\": strconv.ParseBool: parsing \"yessir\": invalid syntax","path":["badBool"]},{"message":"convert default value \"float on\" for arg \"float\": strconv.ParseFloat: parsing \"float on\": invalid syntax","path":["badFloat"]},{"message":"convert default value \"forty-two\" for arg \"int\": strconv.ParseInt: parsing \"forty-two\": invalid syntax","path":["badInt"]}]
--- PASS: TestDefaults (0.00s)
    --- PASS: TestDefaults/builtin_scalar_types (0.00s)
    --- PASS: TestDefaults/invalid_defaults (0.00s)
=== RUN   TestParallelism
=== RUN   TestParallelism/simple_synchronous_case
=== RUN   TestParallelism/parallel_at_each_level
--- PASS: TestParallelism (0.00s)
    --- PASS: TestParallelism/simple_synchronous_case (0.00s)
    --- PASS: TestParallelism/parallel_at_each_level (0.00s)
=== RUN   TestArrayParallelism
--- PASS: TestArrayParallelism (0.00s)
=== RUN   TestBuiltins
=== RUN   TestBuiltins/builtin_scalar_types
=== RUN   TestBuiltins/with_defaults
=== RUN   TestBuiltins/invalid_defaults_for_builtins
    dagql_test.go:2090: error (expected): [{"message":"convert default value \"yessir\" for arg \"boolean\": strconv.ParseBool: parsing \"yessir\": invalid syntax","path":["badBool"]},{"message":"convert default value \"float on\" for arg \"float\": strconv.ParseFloat: parsing \"float on\": invalid syntax","path":["badFloat"]},{"message":"convert default value \"forty-two\" for arg \"int\": strconv.ParseInt: parsing \"forty-two\": invalid syntax","path":["badInt"]},{"message":"convert default value \"pizza\" for arg \"slice\": decode \"pizza\": invalid character 'p' looking for beginning of value","path":["badSlice"]}]
--- PASS: TestBuiltins (0.01s)
    --- PASS: TestBuiltins/builtin_scalar_types (0.00s)
    --- PASS: TestBuiltins/with_defaults (0.00s)
    --- PASS: TestBuiltins/invalid_defaults_for_builtins (0.00s)
=== RUN   TestIntrospection
--- PASS: TestIntrospection (0.06s)
=== RUN   TestIDFormat
--- PASS: TestIDFormat (0.00s)
=== RUN   TestIDAdditionalDigestsMergeOnSameRecipeCallInDAG
--- PASS: TestIDAdditionalDigestsMergeOnSameRecipeCallInDAG (0.00s)
=== RUN   TestIDWithContentDigestAddsKnownDigest
--- PASS: TestIDWithContentDigestAddsKnownDigest (0.00s)
=== RUN   TestViews
=== RUN   TestViews/in_default_view
=== RUN   TestViews/in_unknown_view
=== RUN   TestViews/in_first_view
=== RUN   TestViews/in_second_view
--- PASS: TestViews (0.01s)
    --- PASS: TestViews/in_default_view (0.00s)
    --- PASS: TestViews/in_unknown_view (0.00s)
    --- PASS: TestViews/in_first_view (0.00s)
    --- PASS: TestViews/in_second_view (0.00s)
=== RUN   TestIDRecipeArgIsInternal
--- PASS: TestIDRecipeArgIsInternal (0.00s)
=== RUN   TestIDRecipeDefault
--- PASS: TestIDRecipeDefault (0.00s)
=== RUN   TestViewsCaching
--- PASS: TestViewsCaching (0.00s)
=== RUN   TestViewsIntrospection
=== RUN   TestViewsIntrospection/in_default_view
=== RUN   TestViewsIntrospection/in_unknown_view
=== RUN   TestViewsIntrospection/in_first_view
=== RUN   TestViewsIntrospection/in_second_view
--- PASS: TestViewsIntrospection (0.15s)
    --- PASS: TestViewsIntrospection/in_default_view (0.03s)
    --- PASS: TestViewsIntrospection/in_unknown_view (0.02s)
    --- PASS: TestViewsIntrospection/in_first_view (0.05s)
    --- PASS: TestViewsIntrospection/in_second_view (0.05s)
=== RUN   TestViewsFilterNonObjectTypes
--- PASS: TestViewsFilterNonObjectTypes (0.00s)
=== RUN   TestNodeFuncResultZeroValueTypeInference
--- PASS: TestNodeFuncResultZeroValueTypeInference (0.00s)
=== RUN   TestNullResultCachePathDoesNotPanic
--- PASS: TestNullResultCachePathDoesNotPanic (0.00s)
=== RUN   TestCacheConfigReturnedIDRewritesExecutionArgs
--- PASS: TestCacheConfigReturnedIDRewritesExecutionArgs (0.00s)
=== RUN   TestImplicitInputCachePerClient
--- PASS: TestImplicitInputCachePerClient (0.00s)
=== RUN   TestDefaultConcurrencyKeyUsesSessionID
--- PASS: TestDefaultConcurrencyKeyUsesSessionID (0.00s)
=== RUN   TestImplicitInputCachePerSession
--- PASS: TestImplicitInputCachePerSession (0.00s)
=== RUN   TestImplicitInputCachePerCall
--- PASS: TestImplicitInputCachePerCall (0.00s)
=== RUN   TestRecipeLoadBytesLiteral
--- PASS: TestRecipeLoadBytesLiteral (0.00s)
=== RUN   TestImplicitInputCachePerSchema
--- PASS: TestImplicitInputCachePerSchema (0.00s)
=== RUN   TestImplicitInputCachePerClientSchema
--- PASS: TestImplicitInputCachePerClientSchema (0.00s)
=== RUN   TestImplicitInputCacheAsRequested
--- PASS: TestImplicitInputCacheAsRequested (0.00s)
=== RUN   TestImplicitInputRecomputedAfterCacheConfigIDRewrite
--- PASS: TestImplicitInputRecomputedAfterCacheConfigIDRewrite (0.00s)
=== RUN   TestServerSelect
=== RUN   TestServerSelect/basic_selection
=== RUN   TestServerSelect/chained_selection
=== RUN   TestServerSelect/null_result
=== RUN   TestServerSelect/array_selection
=== RUN   TestServerSelect/array_selection_into_[]int
=== RUN   TestServerSelect/array_selection_into_[]string
=== RUN   TestServerSelect/error_cases
=== RUN   TestServerSelect/null_result_handling
--- PASS: TestServerSelect (0.00s)
    --- PASS: TestServerSelect/basic_selection (0.00s)
    --- PASS: TestServerSelect/chained_selection (0.00s)
    --- PASS: TestServerSelect/null_result (0.00s)
    --- PASS: TestServerSelect/array_selection (0.00s)
    --- PASS: TestServerSelect/array_selection_into_[]int (0.00s)
    --- PASS: TestServerSelect/array_selection_into_[]string (0.00s)
    --- PASS: TestServerSelect/error_cases (0.00s)
    --- PASS: TestServerSelect/null_result_handling (0.00s)
=== RUN   TestInstallHooks
--- PASS: TestInstallHooks (0.00s)
=== RUN   TestInterfaces
=== RUN   TestInterfaces/install_and_introspect
=== RUN   TestInterfaces/recursive_covariant_return_types_are_inferred
=== RUN   TestInterfaces/interface-to-interface_relationships_are_inferred
=== RUN   TestInterfaces/object_must_have_every_field_required_by_the_interface
=== RUN   TestInterfaces/object_method_args_must_match_the_interface_method
=== RUN   TestInterfaces/object_method_cannot_require_an_arg_missing_from_the_interface
=== RUN   TestInterfaces/interface_method_args_must_match_the_interface_it_claims_to_support
=== RUN   TestInterfaces/nullable_list_result_cannot_replace_non-null_list_result
=== RUN   TestInterfaces/method_cannot_require_non-null_list_when_interface_allows_null
=== RUN   TestInterfaces/auto_Node_interface
=== RUN   TestInterfaces/fields_added_after_install_are_inferred
=== RUN   TestInterfaces/inline_fragments
=== RUN   TestInterfaces/fragment_spreads_with_type_condition
=== RUN   TestInterfaces/node_applies_fragment_type_conditions_at_runtime
=== RUN   TestInterfaces/resolve_applies_fragment_type_conditions_using_loaded_object_schema
=== RUN   TestInterfaces/inline_fragment_with_interface_type_condition
=== RUN   TestInterfaces/__typename
=== RUN   TestInterfaces/concurrent_implementation_registration_and_fragment_parsing
=== RUN   TestInterfaces/duplicate_InstallInterface_returns_existing
--- PASS: TestInterfaces (0.01s)
    --- PASS: TestInterfaces/install_and_introspect (0.00s)
    --- PASS: TestInterfaces/recursive_covariant_return_types_are_inferred (0.00s)
    --- PASS: TestInterfaces/interface-to-interface_relationships_are_inferred (0.00s)
    --- PASS: TestInterfaces/object_must_have_every_field_required_by_the_interface (0.00s)
    --- PASS: TestInterfaces/object_method_args_must_match_the_interface_method (0.00s)
    --- PASS: TestInterfaces/object_method_cannot_require_an_arg_missing_from_the_interface (0.00s)
    --- PASS: TestInterfaces/interface_method_args_must_match_the_interface_it_claims_to_support (0.00s)
    --- PASS: TestInterfaces/nullable_list_result_cannot_replace_non-null_list_result (0.00s)
    --- PASS: TestInterfaces/method_cannot_require_non-null_list_when_interface_allows_null (0.00s)
    --- PASS: TestInterfaces/auto_Node_interface (0.00s)
    --- PASS: TestInterfaces/fields_added_after_install_are_inferred (0.00s)
    --- PASS: TestInterfaces/inline_fragments (0.00s)
    --- PASS: TestInterfaces/fragment_spreads_with_type_condition (0.00s)
    --- PASS: TestInterfaces/node_applies_fragment_type_conditions_at_runtime (0.00s)
    --- PASS: TestInterfaces/resolve_applies_fragment_type_conditions_using_loaded_object_schema (0.00s)
    --- PASS: TestInterfaces/inline_fragment_with_interface_type_condition (0.00s)
    --- PASS: TestInterfaces/__typename (0.00s)
    --- PASS: TestInterfaces/concurrent_implementation_registration_and_fragment_parsing (0.00s)
    --- PASS: TestInterfaces/duplicate_InstallInterface_returns_existing (0.00s)
=== RUN   TestObjectTypeForIDUsesModuleProvenance
--- PASS: TestObjectTypeForIDUsesModuleProvenance (0.00s)
=== RUN   TestLoadRecipeUsesModuleProvenance
=== RUN   TestLoadRecipeUsesModuleProvenance/missing_constructor
=== RUN   TestLoadRecipeUsesModuleProvenance/shadowed_constructor
--- PASS: TestLoadRecipeUsesModuleProvenance (0.00s)
    --- PASS: TestLoadRecipeUsesModuleProvenance/missing_constructor (0.00s)
    --- PASS: TestLoadRecipeUsesModuleProvenance/shadowed_constructor (0.00s)
=== RUN   TestLoadRecipeModuleCoreCallsAndLazyRefs
--- PASS: TestLoadRecipeModuleCoreCallsAndLazyRefs (0.00s)
=== RUN   TestLazyRefArgNotEvaluatedOnLoad
--- PASS: TestLazyRefArgNotEvaluatedOnLoad (0.00s)
=== RUN   TestLazyRefArgPreservesCallIdentity
--- PASS: TestLazyRefArgPreservesCallIdentity (0.00s)
=== RUN   TestSelectIntoNullableDestination
=== RUN   TestSelectIntoNullableDestination/non-null
=== RUN   TestSelectIntoNullableDestination/null
--- PASS: TestSelectIntoNullableDestination (0.00s)
    --- PASS: TestSelectIntoNullableDestination/non-null (0.00s)
    --- PASS: TestSelectIntoNullableDestination/null (0.00s)
=== RUN   TestPeekRootFieldsPOSTJSON
=== PAUSE TestPeekRootFieldsPOSTJSON
=== RUN   TestPeekRootFieldsGET
=== PAUSE TestPeekRootFieldsGET
=== RUN   TestPeekRootFieldsAmbiguousOperation
=== PAUSE TestPeekRootFieldsAmbiguousOperation
=== RUN   TestPeekRootFieldsRejectsBatch
=== PAUSE TestPeekRootFieldsRejectsBatch
=== RUN   TestPeekRootFieldsRecoversSingleOperation
=== PAUSE TestPeekRootFieldsRecoversSingleOperation
=== CONT  TestResultCallProfileSkipExcludedFromDigests
=== CONT  TestClassNewRewrapsObjectResult
=== CONT  TestCacheEvidenceExecutedFreshCall
=== CONT  TestPeekRootFieldsRejectsBatch
=== CONT  TestCacheAttachDependencyResultsAlreadyAttachedChild
=== CONT  TestCacheRecipeDigestForCallMemoizesOnOriginalFrame
=== CONT  TestDetachedResultMetadataReuseAndCallMutationFork
=== CONT  TestResultCallDigestErrorsDoNotPanic
=== CONT  TestCacheWithSessionResourceHandleRefusesAttachedMutation
=== CONT  TestResultCallProfileSkipRoundTripsThroughJSON
=== CONT  TestCacheHitRewrapsObjectResultForCurrentServer
=== CONT  TestResultCallForkClonesTopLevelMutableState
=== CONT  TestResultCallBytesPersistAndRebuildRaw
=== CONT  TestResultCallArgPBRedactsSensitive
=== CONT  TestPeekRootFieldsAmbiguousOperation
=== CONT  TestPeekRootFieldsGET
=== CONT  TestPeekRootFieldsPOSTJSON
=== CONT  TestResultCallDigestedStringUsesAttachedDigestForStructuralIdentity
=== CONT  TestResultCallSelfDigestUsesRecipeDigestsForResultInputs
=== CONT  TestPerClientCacheScope
=== CONT  TestResultCallModuleIdentityIsStructuralInputOnly
=== CONT  TestResultCallPBRedactsSensitiveArg
=== CONT  TestCacheAttachmentClaimPinsTargetAgainstForeignRelease
=== CONT  TestCacheLoadResultByResultIDRechecksAfterAttachBarrier
=== CONT  TestResultCallModuleMetadataDoesNotAffectStructuralIdentity
=== CONT  TestResultCallSelfDigestAndInputRefsPreserveInputKinds
=== CONT  TestObjectResultResultCallAndReceiver
=== CONT  TestResultCallRefRecipeIDUsesLatestSharedFrame
=== CONT  TestResultCallProfileSkipTravelsThroughCloneAndFork
=== CONT  TestCloneSharedDAGIsLinearAndIndependent
=== CONT  TestCachePublicationRollsBackWhenStructuralDepMissing
=== CONT  TestCacheAttachDependencyResults
=== CONT  TestResultCallRefResultIDFallbackStillWorks
=== CONT  TestCacheAddExplicitDependencyAcceptsSessionResourceDepsAndRecomputesAncestors
=== CONT  TestResultCallRefReceiverUsesSharedFastPath
=== CONT  TestAttachResultNormalizesPendingResultCallRef
=== CONT  TestResultCallRefContentPreferredDigestUsesLatestSharedFrame
=== CONT  TestCacheHitKeepsGenuineAttachmentFailure
=== CONT  TestCachePruneDoesNotProtectTermProvenanceOnlyResultFromActiveResult
=== CONT  TestCacheHitRechecksSessionResourcesAfterAttachBarrier
=== CONT  TestPendingResultCallRefRecipeID
=== CONT  TestTeachCallEquivalentToResult
=== CONT  TestCacheLoadResultByResultIDStillFailsWhenProducerReleaseFailsAttachment
=== CONT  TestCachePruneProtectsExactDependencyOfActiveResult
=== CONT  TestCacheDigestLookupConvertsToMissWhenProducerReleaseFailsAttachment
=== CONT  TestCacheLoadResultByResultIDRechecksAfterLateExplicitDependency
=== CONT  TestIndexResultDigestsUsesExplicitRequestAndResponseIDs
=== CONT  TestCacheHitRechecksSessionResourcesAfterLateExplicitDependency
=== CONT  TestEquivalencySetCacheHits
=== CONT  TestCachePruneCompactsEqClassesAndPreservesLookup
=== CONT  TestCacheNilResultIsCached
=== CONT  TestCacheArbitraryRecursiveCall
=== CONT  TestCacheArbitraryConcurrent
=== CONT  TestCacheDifferentConcurrencyKeysDoNotDedupe
=== CONT  TestCacheHitConvertsToMissWhenProducerReleaseFailsAttachment
=== CONT  TestCacheNilKeyIDRejected
=== CONT  TestCacheDigestLookupRechecksSessionResourcesAfterAttachBarrier
=== CONT  TestCacheRecursiveCall
=== CONT  TestCacheErrors
=== CONT  TestSkipDedupe
=== CONT  TestPeekRootFieldsRecoversSingleOperation
=== CONT  TestCacheEvaluate
=== RUN   TestCacheEvaluate/singleflight
=== PAUSE TestCacheEvaluate/singleflight
=== CONT  TestCacheConcurrent
=== CONT  TestCacheVolatileNestedWithNonVolatile
=== CONT  TestCacheVolatileConcurrentSessionsDivergentValues
=== CONT  TestResultCallRefSharedFastPathDoesNotSurviveRemoval
--- PASS: TestResultCallProfileSkipExcludedFromDigests (0.00s)
--- PASS: TestPeekRootFieldsRejectsBatch (0.00s)
--- PASS: TestCacheRecipeDigestForCallMemoizesOnOriginalFrame (0.00s)
--- PASS: TestResultCallDigestErrorsDoNotPanic (0.00s)
--- PASS: TestCacheEvidenceExecutedFreshCall (0.00s)
--- PASS: TestResultCallRefSharedFastPathDoesNotSurviveRemoval (0.00s)
=== CONT  TestCacheVolatileSessionResourceInvariants
--- PASS: TestCacheDifferentConcurrencyKeysDoNotDedupe (0.00s)
=== CONT  TestFrameProfileSkipNilSafe
=== CONT  TestEvaluateLazyOwnFailureNotMarkedBlocked
--- PASS: TestFrameProfileSkipNilSafe (0.00s)
=== CONT  TestEvaluateLazyPrerequisiteFailureMarksResumeBlocked
--- PASS: TestCacheVolatileConcurrentSessionsDivergentValues (0.00s)
=== CONT  TestEvaluateLazyUsesOriginalSpanForLogsAndNestedSpans
--- PASS: TestCacheVolatileNestedWithNonVolatile (0.00s)
=== CONT  TestInstallSpanLookupWalksClosureOwnersUpward
--- PASS: TestCacheVolatileSessionResourceInvariants (0.00s)
=== CONT  TestCacheDigestLookupRechecksSessionResourcesAfterLateExplicitDependency
--- PASS: TestEvaluateLazyUsesOriginalSpanForLogsAndNestedSpans (0.00s)
=== CONT  TestSessionResultInstallSpanContextsSorted
--- PASS: TestEvaluateLazyOwnFailureNotMarkedBlocked (0.00s)
=== CONT  TestCachePersistenceImportRoundTripAcrossRestart
--- PASS: TestEvaluateLazyPrerequisiteFailureMarksResumeBlocked (0.00s)
=== CONT  TestEvaluatePartsRecursionRefusedPerGroup
=== RUN   TestEquivalencySetCacheHits/basic
--- PASS: TestDetachedResultMetadataReuseAndCallMutationFork (0.00s)
--- PASS: TestResultCallForkClonesTopLevelMutableState (0.00s)
--- PASS: TestResultCallProfileSkipRoundTripsThroughJSON (0.00s)
--- PASS: TestResultCallArgPBRedactsSensitive (0.00s)
--- PASS: TestPeekRootFieldsAmbiguousOperation (0.00s)
--- PASS: TestPeekRootFieldsGET (0.00s)
--- PASS: TestResultCallBytesPersistAndRebuildRaw (0.00s)
--- PASS: TestResultCallDigestedStringUsesAttachedDigestForStructuralIdentity (0.00s)
--- PASS: TestPeekRootFieldsPOSTJSON (0.00s)
--- PASS: TestResultCallSelfDigestUsesRecipeDigestsForResultInputs (0.00s)
--- PASS: TestPerClientCacheScope (0.00s)
--- PASS: TestCacheAttachDependencyResultsAlreadyAttachedChild (0.00s)
--- PASS: TestResultCallPBRedactsSensitiveArg (0.00s)
--- PASS: TestResultCallModuleIdentityIsStructuralInputOnly (0.00s)
--- PASS: TestResultCallModuleMetadataDoesNotAffectStructuralIdentity (0.00s)
--- PASS: TestCacheHitRewrapsObjectResultForCurrentServer (0.00s)
--- PASS: TestResultCallSelfDigestAndInputRefsPreserveInputKinds (0.00s)
--- PASS: TestCacheWithSessionResourceHandleRefusesAttachedMutation (0.00s)
--- PASS: TestResultCallProfileSkipTravelsThroughCloneAndFork (0.00s)
--- PASS: TestClassNewRewrapsObjectResult (0.00s)
--- PASS: TestObjectResultResultCallAndReceiver (0.00s)
--- PASS: TestCacheAttachmentClaimPinsTargetAgainstForeignRelease (0.00s)
--- PASS: TestResultCallRefRecipeIDUsesLatestSharedFrame (0.00s)
--- PASS: TestResultCallRefResultIDFallbackStillWorks (0.00s)
--- PASS: TestResultCallRefReceiverUsesSharedFastPath (0.00s)
=== CONT  TestCaptureSessionLazySpanContextFirstWriterWinsAndRelease
--- PASS: TestCachePublicationRollsBackWhenStructuralDepMissing (0.00s)
--- PASS: TestCacheAttachDependencyResults (0.00s)
--- PASS: TestResultCallRefContentPreferredDigestUsesLatestSharedFrame (0.00s)
--- PASS: TestAttachResultNormalizesPendingResultCallRef (0.00s)
--- PASS: TestPendingResultCallRefRecipeID (0.00s)
--- PASS: TestInstallSpanLookupWalksClosureOwnersUpward (0.00s)
=== CONT  TestAttachResultAllowsAlreadyAttachedResultWithoutFrame
=== CONT  TestEvaluateWholeResultOverGroups
--- PASS: TestCachePruneDoesNotProtectTermProvenanceOnlyResultFromActiveResult (0.00s)
--- PASS: TestTeachCallEquivalentToResult (0.00s)
--- PASS: TestIndexResultDigestsUsesExplicitRequestAndResponseIDs (0.00s)
--- PASS: TestCachePruneProtectsExactDependencyOfActiveResult (0.00s)
--- PASS: TestCacheAddExplicitDependencyAcceptsSessionResourceDepsAndRecomputesAncestors (0.00s)
--- PASS: TestCacheArbitraryRecursiveCall (0.00s)
--- PASS: TestCacheNilResultIsCached (0.00s)
--- PASS: TestCacheLoadResultByResultIDRechecksAfterLateExplicitDependency (0.00s)
--- PASS: TestCacheHitRechecksSessionResourcesAfterLateExplicitDependency (0.00s)
--- PASS: TestCacheNilKeyIDRejected (0.00s)
--- PASS: TestCaptureSessionLazySpanContextFirstWriterWinsAndRelease (0.00s)
--- PASS: TestCachePruneCompactsEqClassesAndPreservesLookup (0.00s)
--- PASS: TestCloneSharedDAGIsLinearAndIndependent (0.00s)
=== CONT  TestEvaluatePartsFailureIsolatedPerGroup
=== CONT  TestEvaluatePartsJointGroupFillsAllMembersOnce
=== RUN   TestCacheEvaluate/reacquires_dedicated_lease_instead_of_reusing_request_lease
=== PAUSE TestCacheEvaluate/reacquires_dedicated_lease_instead_of_reusing_request_lease
=== CONT  TestSharedCallUsesOneClientScopeLeaseForAllWaiters
=== RUN   TestCacheEvaluate/lazy_evaluation_without_lease-sensitive_work_does_not_acquire_lease
=== PAUSE TestCacheEvaluate/lazy_evaluation_without_lease-sensitive_work_does_not_acquire_lease
=== RUN   TestCacheEvaluate/declared_dependency
=== CONT  TestCacheRejectsEmptySessionIDForOwningEntrypoints
=== PAUSE TestCacheEvaluate/declared_dependency
=== RUN   TestCacheEvaluate/parallel_multi-result
=== PAUSE TestCacheEvaluate/parallel_multi-result
=== RUN   TestCacheEvaluate/non_dependency_allowed_while_attached
=== CONT  TestEvaluatePartsResumeSpansMarkPartialCompletion
=== PAUSE TestCacheEvaluate/non_dependency_allowed_while_attached
=== RUN   TestCacheEvaluate/recursive
=== PAUSE TestCacheEvaluate/recursive
=== RUN   TestCacheEvaluate/rejects_do-not-cache_lazy_result
=== CONT  TestCacheRejectsNilTypeResolver
=== CONT  TestEvaluatePartsMetadataLeavesSiblingGroupPending
=== CONT  TestCachePersistenceWorkerUsesEncodedSnapshotLinks
=== CONT  TestCachePruneMetadataEstimateCancellationDuringPlanningDoesNotMutate
--- PASS: TestCacheRecursiveCall (0.00s)
--- PASS: TestCacheErrors (0.00s)
--- PASS: TestPeekRootFieldsRecoversSingleOperation (0.00s)
--- PASS: TestSkipDedupe (0.00s)
--- PASS: TestEvaluatePartsRecursionRefusedPerGroup (0.00s)
--- PASS: TestCacheDigestLookupRechecksSessionResourcesAfterLateExplicitDependency (0.00s)
--- PASS: TestAttachResultAllowsAlreadyAttachedResultWithoutFrame (0.00s)
--- PASS: TestSessionResultInstallSpanContextsSorted (0.00s)
=== RUN   TestEquivalencySetCacheHits/deep_chain
=== CONT  TestSharedCallReleasesLeaseWhenLastWaiterCancelsAfterCompletion
--- PASS: TestSharedCallReleasesLeaseWhenLastWaiterCancelsAfterCompletion (0.00s)
=== CONT  TestCacheArbitraryRoundTripAndRelease
--- PASS: TestCacheArbitraryRoundTripAndRelease (0.00s)
=== CONT  TestCachePruneThresholdUsesImportedSnapshotLinkUsage
--- PASS: TestEvaluatePartsMetadataLeavesSiblingGroupPending (0.00s)
=== CONT  TestCachePruneMetadataEstimateCancellationDoesNotMutate
=== RUN   TestEquivalencySetCacheHits/late_extra_digests_at_h
--- PASS: TestCachePruneMetadataEstimateCancellationDoesNotMutate (0.00s)
=== CONT  TestCacheArbitraryCallbackCancelsAfterLastWaiter
--- PASS: TestCacheHitKeepsGenuineAttachmentFailure (0.00s)
=== CONT  TestCachePersistenceImportedSnapshotLinksContributeUsageBeforeDecode
--- PASS: TestCacheDigestLookupConvertsToMissWhenProducerReleaseFailsAttachment (0.00s)
=== CONT  TestCachePruneMetadataEstimateMarksReleaseAndSnapshotGCContext
=== RUN   TestEquivalencySetCacheHits/multi_input_all_inputs_equivalent_hit
=== PAUSE TestCacheEvaluate/rejects_do-not-cache_lazy_result
=== RUN   TestCacheEvaluate/allows_already_attached_lazy_result_from_do-not-cache_field
=== PAUSE TestCacheEvaluate/allows_already_attached_lazy_result_from_do-not-cache_field
=== CONT  TestCacheArbitraryCallbackUsesOneClientScopeLease
--- PASS: TestCachePruneMetadataEstimateMarksReleaseAndSnapshotGCContext (0.00s)
=== CONT  TestCachePersistenceImportHydratesSnapshotMetadataAndSyncsOwnerLeases
=== RUN   TestEquivalencySetCacheHits/multi_input_partial_equivalence_miss
--- PASS: TestCacheLoadResultByResultIDStillFailsWhenProducerReleaseFailsAttachment (0.00s)
=== CONT  TestCachePruneMetadataEstimateCompactionCanRestoreMaximumWithoutEviction
=== RUN   TestEquivalencySetCacheHits/transitive_extra_digest_merge_bridge_hit
--- PASS: TestCacheDigestLookupRechecksSessionResourcesAfterAttachBarrier (0.00s)
--- PASS: TestCachePruneMetadataEstimateCompactionCanRestoreMaximumWithoutEviction (0.00s)
=== CONT  TestCacheResultCallFirstWriterWins
=== CONT  TestCachePersistenceWorkerMirrorsSnapshotManagerMetadataRows
--- PASS: TestCacheResultCallFirstWriterWins (0.00s)
=== CONT  TestCachePruneMetadataEstimateProtectsActiveAndUnpruneableResults
=== RUN   TestEquivalencySetCacheHits/transitive_bridge_no_bridge_no_hit
--- PASS: TestCachePruneMetadataEstimateProtectsActiveAndUnpruneableResults (0.00s)
=== CONT  TestCachePersistenceCleanShutdownToggleOnClose
=== RUN   TestEquivalencySetCacheHits/fanout_fanin_join_hit_after_repair
--- PASS: TestEvaluateWholeResultOverGroups (0.00s)
--- PASS: TestEvaluatePartsFailureIsolatedPerGroup (0.00s)
--- PASS: TestCacheRejectsEmptySessionIDForOwningEntrypoints (0.00s)
--- PASS: TestEvaluatePartsJointGroupFillsAllMembersOnce (0.00s)
--- PASS: TestCacheRejectsNilTypeResolver (0.00s)
--- PASS: TestCacheLoadResultByResultIDRechecksAfterAttachBarrier (0.00s)
--- PASS: TestEvaluatePartsResumeSpansMarkPartialCompletion (0.00s)
=== RUN   TestEquivalencySetCacheHits/fanout_fanin_late_merge_enables_downstream_join_input_hit
--- PASS: TestSharedCallUsesOneClientScopeLeaseForAllWaiters (0.00s)
=== CONT  TestCachePruneMetadataEstimateCreditsCollectedDependencyClosure
--- PASS: TestCacheHitConvertsToMissWhenProducerReleaseFailsAttachment (0.00s)
=== CONT  TestCachePersistenceSnapshotOmitsSessionOnlyResult
--- PASS: TestCachePruneMetadataEstimateCreditsCollectedDependencyClosure (0.00s)
=== CONT  TestCachePruneMetadataEstimateSkipsPhysicalMeasurementAndUsesColdOrder
--- PASS: TestCacheHitRechecksSessionResourcesAfterAttachBarrier (0.00s)
=== CONT  TestCachePersistenceWorkerMirrorsAuthoritativeEgraphState
--- PASS: TestCachePruneMetadataEstimateSkipsPhysicalMeasurementAndUsesColdOrder (0.00s)
=== CONT  TestCacheResultCallDerivedFromRequestID
--- PASS: TestCacheArbitraryCallbackCancelsAfterLastWaiter (0.00s)
=== CONT  TestCachePersistenceWorkerMirrorsPrunedStateAfterRelease
--- PASS: TestCacheResultCallDerivedFromRequestID (0.00s)
=== CONT  TestCacheAddExplicitDependency
--- PASS: TestEquivalencySetCacheHits (0.00s)
    --- PASS: TestEquivalencySetCacheHits/basic (0.00s)
    --- PASS: TestEquivalencySetCacheHits/deep_chain (0.00s)
    --- PASS: TestEquivalencySetCacheHits/late_extra_digests_at_h (0.00s)
    --- PASS: TestEquivalencySetCacheHits/multi_input_all_inputs_equivalent_hit (0.00s)
    --- PASS: TestEquivalencySetCacheHits/multi_input_partial_equivalence_miss (0.00s)
    --- PASS: TestEquivalencySetCacheHits/transitive_extra_digest_merge_bridge_hit (0.00s)
    --- PASS: TestEquivalencySetCacheHits/transitive_bridge_no_bridge_no_hit (0.00s)
    --- PASS: TestEquivalencySetCacheHits/fanout_fanin_join_hit_after_repair (0.00s)
    --- PASS: TestEquivalencySetCacheHits/fanout_fanin_late_merge_enables_downstream_join_input_hit (0.00s)
=== CONT  TestCacheMetadataPruneDependencySortCancellation
--- PASS: TestCacheMetadataPruneDependencySortCancellation (0.00s)
=== CONT  TestCachePersistenceDoesNotWriteDuringRuntime
--- PASS: TestCacheAddExplicitDependency (0.00s)
=== CONT  TestCacheMetadataPruneCandidateSortCancellation
--- PASS: TestCacheMetadataPruneCandidateSortCancellation (0.00s)
=== CONT  TestCachePersistenceWorkerMirrorsUnpruneablePersistedEdge
--- PASS: TestCacheArbitraryCallbackUsesOneClientScopeLease (0.00s)
=== CONT  TestCacheMetadataPruneCandidateOrder
--- PASS: TestCacheMetadataPruneCandidateOrder (0.00s)
=== CONT  TestCachePersistenceWorkerMirrorsRetainedPersistableResult
--- PASS: TestCachePruneMetadataEstimateCancellationDuringPlanningDoesNotMutate (0.01s)
=== CONT  TestCacheMetadataDirectResultBytesUsesCeiling
--- PASS: TestCacheMetadataDirectResultBytesUsesCeiling (0.00s)
=== CONT  TestPersistedSelfCodecRejectsNonPersistedObjectLikeScalar
--- PASS: TestPersistedSelfCodecRejectsNonPersistedObjectLikeScalar (0.00s)
=== CONT  TestCacheMetadataEstimateFormula
--- PASS: TestCacheMetadataEstimateFormula (0.00s)
=== CONT  TestPersistedSelfCodecRawObjectArrayRoundTrip
--- PASS: TestPersistedSelfCodecRawObjectArrayRoundTrip (0.00s)
=== CONT  TestCacheHitRegistrationDoesNotRaceLazyCallback
--- PASS: TestCacheHitRegistrationDoesNotRaceLazyCallback (0.00s)
=== CONT  TestPersistedSelfCodecNestedListRoundTrip
--- PASS: TestPersistedSelfCodecNestedListRoundTrip (0.00s)
=== CONT  TestObjectCacheHitPreservesObjectResultShape
--- PASS: TestObjectCacheHitPreservesObjectResultShape (0.00s)
=== CONT  TestCacheEvidenceNilCarrierIsNoop
--- PASS: TestCacheEvidenceNilCarrierIsNoop (0.00s)
=== CONT  TestPersistedSelfCodecUsesSharedObjectClassification
--- PASS: TestPersistedSelfCodecUsesSharedObjectClassification (0.00s)
=== CONT  TestCacheEvidenceCloneDropsCarrier
--- PASS: TestCacheEvidenceCloneDropsCarrier (0.00s)
=== CONT  TestPersistedSelfCodecObjectIDRoundTrip
--- PASS: TestPersistedSelfCodecObjectIDRoundTrip (0.00s)
=== CONT  TestCacheEvidencePairingDigestExcludesImplicitInputs
--- PASS: TestCacheEvidencePairingDigestExcludesImplicitInputs (0.00s)
=== CONT  TestPersistedSelfCodecScalarRoundTrip
--- PASS: TestPersistedSelfCodecScalarRoundTrip (0.00s)
=== CONT  TestCacheEvidenceUnknownInputIndex
--- PASS: TestCacheEvidenceUnknownInputIndex (0.00s)
=== CONT  TestCacheLoadResultByResultIDRefusesUnboundSession
--- PASS: TestCachePersistenceWorkerMirrorsSnapshotManagerMetadataRows (0.02s)
=== CONT  TestCachePersistenceDecodeInstallPreservesRequiredSessionResources
--- PASS: TestCacheConcurrent (0.02s)
=== CONT  TestCacheEvidencePendingLazyHitIsHit
--- PASS: TestCacheEvidencePendingLazyHitIsHit (0.00s)
=== CONT  TestCachePersistenceImportRecomputesRequiredDepsFirst
--- PASS: TestCacheArbitraryConcurrent (0.02s)
=== CONT  TestCacheEvidenceDoNotCacheUncached
--- PASS: TestCacheEvidenceDoNotCacheUncached (0.00s)
=== CONT  TestCacheLoadResultByResultIDIgnoresUncleanCanonicalSiblings
--- PASS: TestCacheLoadResultByResultIDIgnoresUncleanCanonicalSiblings (0.00s)
=== CONT  TestCacheEvidenceJoinedAndExecutedCarriers
--- PASS: TestCacheEvidenceJoinedAndExecutedCarriers (0.00s)
=== CONT  TestCachePersistenceImportFailureWipesStore
--- PASS: TestCachePersistenceDoesNotWriteDuringRuntime (0.02s)
=== CONT  TestCacheEvidenceMissIncompatibleCandidates
--- PASS: TestCacheEvidenceMissIncompatibleCandidates (0.00s)
=== CONT  TestCacheCloseDiscardingPersistenceDoesNotMarkClean
--- PASS: TestCachePersistenceWorkerMirrorsPrunedStateAfterRelease (0.02s)
=== CONT  TestCacheEvidenceSawExpiredThroughEqClassExpansion
--- PASS: TestCacheEvidenceSawExpiredThroughEqClassExpansion (0.00s)
=== CONT  TestCachePersistenceSchemaMismatchWipesStore
--- PASS: TestCachePersistenceImportRoundTripAcrossRestart (0.03s)
=== CONT  TestCacheEvidenceMissSawExpired
--- PASS: TestCacheEvidenceMissSawExpired (0.00s)
=== CONT  TestCachePersistenceUncleanMarkerWipesStore
--- PASS: TestCachePersistenceSnapshotOmitsSessionOnlyResult (0.03s)
=== CONT  TestCacheEvidenceStructuralRouteHit
--- PASS: TestCacheEvidenceStructuralRouteHit (0.00s)
=== CONT  TestCachePersistenceImportedObjectAliasSupportsChainedSelect
--- PASS: TestCachePersistenceWorkerUsesEncodedSnapshotLinks (0.03s)
=== CONT  TestCacheEvidenceDigestRouteHit
--- PASS: TestCacheEvidenceDigestRouteHit (0.00s)
=== CONT  TestCachePersistenceImportedObjectHitWithoutServerErrors
--- PASS: TestCachePersistenceWorkerMirrorsAuthoritativeEgraphState (0.03s)
=== CONT  TestCacheEvidenceRecipeHit
--- PASS: TestCacheEvidenceRecipeHit (0.00s)
=== CONT  TestCachePersistenceImportRoundTripObjectResult
--- PASS: TestCachePersistenceCleanShutdownToggleOnClose (0.03s)
=== CONT  TestCompactEqClassesSkipsWhenBelowThreshold
--- PASS: TestCompactEqClassesSkipsWhenBelowThreshold (0.00s)
=== CONT  TestCachePruneOrderedSimulationKeepsZeroDeltaPrerequisites
--- PASS: TestCachePruneOrderedSimulationKeepsZeroDeltaPrerequisites (0.00s)
=== CONT  TestCacheDoNotCacheRejectsOnReleaser
--- PASS: TestCacheDoNotCacheRejectsOnReleaser (0.00s)
=== CONT  TestCachePruneSessionOwnedEntriesAreNeverPruned
--- PASS: TestCachePruneSessionOwnedEntriesAreNeverPruned (0.00s)
=== CONT  TestCachePruneMinFreeSpaceUsesCurrentFreeSpace
--- PASS: TestCachePruneMinFreeSpaceUsesCurrentFreeSpace (0.00s)
=== CONT  TestCachePruneThresholdTargetSpace
--- PASS: TestCachePruneThresholdTargetSpace (0.00s)
=== CONT  TestCachePruneKeepDuration
--- PASS: TestCachePruneKeepDuration (0.00s)
=== CONT  TestCacheUsageEntriesAllMutableUsageRemeasuresAfterSizeChange
--- PASS: TestCacheUsageEntriesAllMutableUsageRemeasuresAfterSizeChange (0.00s)
=== CONT  TestCacheUsageEntriesAllSumsOwnedUsageIdentities
--- PASS: TestCacheUsageEntriesAllSumsOwnedUsageIdentities (0.00s)
=== CONT  TestCacheUsageEntriesAllDedupesByUsageIdentity
--- PASS: TestCacheUsageEntriesAllDedupesByUsageIdentity (0.00s)
=== CONT  TestCacheUsageEntriesAllReportsSessionAndRetainedState
--- PASS: TestCacheUsageEntriesAllReportsSessionAndRetainedState (0.00s)
=== CONT  TestCacheMakeResultUnpruneableClearsPersistedExpiry
--- PASS: TestCachePersistenceImportedSnapshotLinksContributeUsageBeforeDecode (0.03s)
=== CONT  TestCacheMakeResultUnpruneableSkipsPrune
--- PASS: TestCachePersistenceWorkerMirrorsRetainedPersistableResult (0.03s)
--- PASS: TestCacheMakeResultUnpruneableClearsPersistedExpiry (0.00s)
--- PASS: TestCacheMakeResultUnpruneableSkipsPrune (0.00s)
=== CONT  TestCacheMakeResultUnpruneableRetainsAcrossSessionClose
=== CONT  TestCacheNonPersistableDropsWhenRefsDrain
--- PASS: TestCacheMakeResultUnpruneableRetainsAcrossSessionClose (0.00s)
=== CONT  TestOngoingCallPersistableIntentConcurrentAccess
=== CONT  TestCachePersistableHitUpgradesExistingResultToRetained
--- PASS: TestCachePersistableHitUpgradesExistingResultToRetained (0.00s)
=== CONT  TestCachePersistableRetainedAcrossSessionClose
--- PASS: TestCacheNonPersistableDropsWhenRefsDrain (0.00s)
=== CONT  TestCacheTTLWithDBUsesStorageAndCallIndexes
--- PASS: TestCachePersistableRetainedAcrossSessionClose (0.00s)
=== CONT  TestCacheObjectResultRoundTripAndRelease
--- PASS: TestCacheObjectResultRoundTripAndRelease (0.00s)
=== CONT  TestCacheLoadResultByResultIDDoesNotReturnHitWithoutCallFrame
--- PASS: TestOngoingCallPersistableIntentConcurrentAccess (0.00s)
=== CONT  TestCacheMixedSessionWaitersCancelDoNotLeak
--- PASS: TestCachePersistenceWorkerMirrorsUnpruneablePersistedEdge (0.03s)
=== CONT  TestCacheArrayResultStressDoesNotRaceExplicitDependencyAttachment
--- PASS: TestCachePruneThresholdUsesImportedSnapshotLinkUsage (0.04s)
=== CONT  TestCacheArrayResultStressDoesNotReturnHitWithoutCallFrame
--- PASS: TestCachePersistenceImportHydratesSnapshotMetadataAndSyncsOwnerLeases (0.04s)
=== CONT  TestCacheArrayResultsRetainChildResultsAcrossProducerSessionRelease
=== RUN   TestCacheArrayResultsRetainChildResultsAcrossProducerSessionRelease/ObjectResultArray
=== RUN   TestCacheArrayResultsRetainChildResultsAcrossProducerSessionRelease/DynamicResultArrayOutput
--- PASS: TestCacheArrayResultsRetainChildResultsAcrossProducerSessionRelease (0.00s)
    --- PASS: TestCacheArrayResultsRetainChildResultsAcrossProducerSessionRelease/ObjectResultArray (0.00s)
    --- PASS: TestCacheArrayResultsRetainChildResultsAcrossProducerSessionRelease/DynamicResultArrayOutput (0.00s)
=== CONT  TestCacheArrayResultRoundTrip
--- PASS: TestCacheArrayResultRoundTrip (0.00s)
=== CONT  TestCacheReleaseRemovesRecordedDigestPostingAfterOutputClassMerge
--- PASS: TestCacheReleaseRemovesRecordedDigestPostingAfterOutputClassMerge (0.00s)
=== CONT  TestCacheSecondaryIndexesCleanedOnRelease
--- PASS: TestCacheSecondaryIndexesCleanedOnRelease (0.00s)
=== CONT  TestCacheDoNotCachePreservesAttachedReturnedObject
--- PASS: TestCacheDoNotCachePreservesAttachedReturnedObject (0.00s)
=== CONT  TestCacheDoNotCacheNormalizesNestedHitMetadata
--- PASS: TestCacheDoNotCacheNormalizesNestedHitMetadata (0.00s)
=== CONT  TestDerefValueForNullables
=== RUN   TestDerefValueForNullables/dynamic-nullable
=== RUN   TestDerefValueForNullables/nullable-generic
--- PASS: TestDerefValueForNullables (0.00s)
    --- PASS: TestDerefValueForNullables/dynamic-nullable (0.00s)
    --- PASS: TestDerefValueForNullables/nullable-generic (0.00s)
=== CONT  TestCacheTeachContentDigestWithResultRefs
--- PASS: TestCacheTeachContentDigestWithResultRefs (0.00s)
=== CONT  TestCacheTeachContentDigestPreservesAttachment
--- PASS: TestCacheTeachContentDigestPreservesAttachment (0.00s)
=== CONT  TestCacheFreshReturnIDGetsContentDigestFromEqClassMetadata
--- PASS: TestCacheFreshReturnIDGetsContentDigestFromEqClassMetadata (0.00s)
=== CONT  TestCacheHitReturnIDGetsContentDigestFromEqClassMetadata
--- PASS: TestCacheHitReturnIDGetsContentDigestFromEqClassMetadata (0.00s)
=== CONT  TestExtraDigestLabelIsolation
--- PASS: TestExtraDigestLabelIsolation (0.00s)
=== CONT  TestHitTeachesReturnedRequestIDToCache
--- PASS: TestHitTeachesReturnedRequestIDToCache (0.00s)
=== CONT  TestLookupCacheForIDExtraDigestFallback
=== RUN   TestLookupCacheForIDExtraDigestFallback/hit_on_exact_output_digest_match
=== RUN   TestLookupCacheForIDExtraDigestFallback/miss_without_exact_output_digest_match
--- PASS: TestLookupCacheForIDExtraDigestFallback (0.00s)
    --- PASS: TestLookupCacheForIDExtraDigestFallback/hit_on_exact_output_digest_match (0.00s)
    --- PASS: TestLookupCacheForIDExtraDigestFallback/miss_without_exact_output_digest_match (0.00s)
=== CONT  TestResultContentPreferredDigestUsesContentDigest
--- PASS: TestResultContentPreferredDigestUsesContentDigest (0.00s)
=== CONT  TestInputSpecsInputsFromResultCallArgs
--- PASS: TestInputSpecsInputsFromResultCallArgs (0.00s)
=== CONT  TestClassNewRewrapPreservesModuleCacheIsolation
--- PASS: TestClassNewRewrapPreservesModuleCacheIsolation (0.00s)
=== CONT  TestCloneKeepsDistinctFramesDistinct
--- PASS: TestCloneKeepsDistinctFramesDistinct (0.00s)
=== CONT  TestCloneDedupesSharedFrame
--- PASS: TestCloneDedupesSharedFrame (0.00s)
=== CONT  TestRecipeIDMemoKeepsDistinctFramesDistinct
--- PASS: TestRecipeIDMemoKeepsDistinctFramesDistinct (0.00s)
=== CONT  TestRecipeIDMemoDedupesSharedInlineFrame
--- PASS: TestRecipeIDMemoDedupesSharedInlineFrame (0.00s)
=== CONT  TestLazyEmitRetryDoesNotLeakStaleWaitTarget
--- PASS: TestCacheLoadResultByResultIDRefusesUnboundSession (0.04s)
=== CONT  TestDynamicNullableJSONRoundTripSetsValid
--- PASS: TestDynamicNullableJSONRoundTripSetsValid (0.00s)
=== CONT  TestDynamicOptionalJSONRoundTripSetsValid
--- PASS: TestDynamicOptionalJSONRoundTripSetsValid (0.00s)
=== CONT  TestNullableJSONRoundTripSetsValid
--- PASS: TestLazyEmitRetryDoesNotLeakStaleWaitTarget (0.00s)
=== CONT  TestNullableDerefCacheHitsReconstructObjectView
--- PASS: TestNullableJSONRoundTripSetsValid (0.00s)
=== CONT  TestOptionalJSONRoundTripSetsValid
--- PASS: TestOptionalJSONRoundTripSetsValid (0.00s)
=== CONT  TestNullableWrappedUsesSameSharedResult
--- PASS: TestNullableDerefCacheHitsReconstructObjectView (0.00s)
=== CONT  TestNullableDerefUsesSameSharedResult
--- PASS: TestNullableWrappedUsesSameSharedResult (0.00s)
=== CONT  TestNthValueAttachedDynamicResultArrayReturnsCanonicalChild
--- PASS: TestNullableDerefUsesSameSharedResult (0.00s)
=== CONT  TestNthValueAttachedObjectResultArrayReturnsCanonicalChild
--- PASS: TestNthValueAttachedDynamicResultArrayReturnsCanonicalChild (0.00s)
=== CONT  TestNthValuePreservesAttachmentLineage
--- PASS: TestNthValueAttachedObjectResultArrayReturnsCanonicalChild (0.00s)
=== CONT  TestDetachedReceiverSelectionPreservesReceiverLineage
--- PASS: TestNthValuePreservesAttachmentLineage (0.00s)
=== CONT  TestRecipeMemoSharesAcrossReceiverChain
--- PASS: TestDetachedReceiverSelectionPreservesReceiverLineage (0.00s)
=== CONT  TestRecipeMemoKeepsDistinctNodesDistinct
--- PASS: TestRecipeMemoKeepsDistinctNodesDistinct (0.00s)
=== CONT  TestRecipeMemoDedupesSharedNode
--- PASS: TestRecipeMemoDedupesSharedNode (0.00s)
=== CONT  TestCacheEvaluate/singleflight
=== CONT  TestCacheEvaluate/allows_already_attached_lazy_result_from_do-not-cache_field
=== CONT  TestCacheEvaluate/rejects_do-not-cache_lazy_result
=== CONT  TestCacheEvaluate/recursive
=== CONT  TestCacheEvaluate/non_dependency_allowed_while_attached
--- PASS: TestCacheCloseDiscardingPersistenceDoesNotMarkClean (0.03s)
=== CONT  TestCacheEvaluate/parallel_multi-result
=== CONT  TestCacheEvaluate/declared_dependency
=== CONT  TestCacheEvaluate/lazy_evaluation_without_lease-sensitive_work_does_not_acquire_lease
=== CONT  TestCacheEvaluate/reacquires_dedicated_lease_instead_of_reusing_request_lease
--- PASS: TestCacheEvaluate (0.00s)
    --- PASS: TestCacheEvaluate/singleflight (0.00s)
    --- PASS: TestCacheEvaluate/allows_already_attached_lazy_result_from_do-not-cache_field (0.00s)
    --- PASS: TestCacheEvaluate/rejects_do-not-cache_lazy_result (0.00s)
    --- PASS: TestCacheEvaluate/recursive (0.00s)
    --- PASS: TestCacheEvaluate/non_dependency_allowed_while_attached (0.00s)
    --- PASS: TestCacheEvaluate/parallel_multi-result (0.00s)
    --- PASS: TestCacheEvaluate/lazy_evaluation_without_lease-sensitive_work_does_not_acquire_lease (0.00s)
    --- PASS: TestCacheEvaluate/declared_dependency (0.00s)
    --- PASS: TestCacheEvaluate/reacquires_dedicated_lease_instead_of_reusing_request_lease (0.00s)
--- PASS: TestRecipeMemoSharesAcrossReceiverChain (0.01s)
--- PASS: TestCacheTTLWithDBUsesStorageAndCallIndexes (0.03s)
=== RUN   TestCachePersistenceImportedObjectHitWithoutServerErrors/request_lookup
=== RUN   TestCachePersistenceImportedObjectHitWithoutServerErrors/digest_lookup
=== RUN   TestCachePersistenceImportedObjectHitWithoutServerErrors/result_ID_lookup
--- PASS: TestCachePersistenceImportRoundTripObjectResult (0.03s)
--- PASS: TestCachePersistenceImportedObjectHitWithoutServerErrors (0.03s)
    --- PASS: TestCachePersistenceImportedObjectHitWithoutServerErrors/request_lookup (0.00s)
    --- PASS: TestCachePersistenceImportedObjectHitWithoutServerErrors/digest_lookup (0.00s)
    --- PASS: TestCachePersistenceImportedObjectHitWithoutServerErrors/result_ID_lookup (0.00s)
--- PASS: TestCachePersistenceDecodeInstallPreservesRequiredSessionResources (0.05s)
--- PASS: TestCachePersistenceImportRecomputesRequiredDepsFirst (0.04s)
--- PASS: TestCachePersistenceImportedObjectAliasSupportsChainedSelect (0.03s)
--- PASS: TestCachePersistenceSchemaMismatchWipesStore (0.05s)
--- PASS: TestCachePersistenceUncleanMarkerWipesStore (0.05s)
--- PASS: TestCachePersistenceImportFailureWipesStore (0.06s)
=== NAME  TestCacheArrayResultStressDoesNotRaceExplicitDependencyAttachment
    cache_test.go:5201: completed 9600 attempts and 9407 cache hits without reproducing the explicit dependency attachment race
--- PASS: TestCacheArrayResultStressDoesNotRaceExplicitDependencyAttachment (0.07s)
=== NAME  TestCacheLoadResultByResultIDDoesNotReturnHitWithoutCallFrame
    cache_test.go:5664: completed 24000 attempts and 24000 successful loads without reproducing the LoadResultByResultID call-frame race
--- PASS: TestCacheLoadResultByResultIDDoesNotReturnHitWithoutCallFrame (0.18s)
=== NAME  TestCacheArrayResultStressDoesNotReturnHitWithoutCallFrame
    cache_test.go:5082: completed 24000 attempts and 24000 cache hits without reproducing the array hit call-frame race
--- PASS: TestCacheArrayResultStressDoesNotReturnHitWithoutCallFrame (0.17s)
--- PASS: TestCacheMixedSessionWaitersCancelDoNotLeak (0.67s)
PASS
ok  	github.com/dagger/dagger/dagql	8.613s
=== RUN   TestAgentClientScopeLifetime
--- PASS: TestAgentClientScopeLifetime (0.00s)
=== RUN   TestAttributionHeader
=== PAUSE TestAttributionHeader
=== RUN   TestRenderMessagesForModel
=== PAUSE TestRenderMessagesForModel
=== RUN   TestOriginOmittedFromChain
=== PAUSE TestOriginOmittedFromChain
=== RUN   TestAgentWaitGuard
=== PAUSE TestAgentWaitGuard
=== RUN   TestResolveReply
=== PAUSE TestResolveReply
=== RUN   TestEventDelivery
=== PAUSE TestEventDelivery
=== RUN   TestDrainWindowProjectsRunning
=== PAUSE TestDrainWindowProjectsRunning
=== RUN   TestEmitUserMessageSpanRecordsOrigin
--- PASS: TestEmitUserMessageSpanRecordsOrigin (0.00s)
=== RUN   TestAgentReseedRejectsPausedDrain
=== PAUSE TestAgentReseedRejectsPausedDrain
=== RUN   TestAgentStopRejectsWaitCycles
=== PAUSE TestAgentStopRejectsWaitCycles
=== RUN   TestAgentStopRegistersWaitUntilReturn
=== PAUSE TestAgentStopRegistersWaitUntilReturn
=== RUN   TestPublishStateEdgeTriggered
--- PASS: TestPublishStateEdgeTriggered (0.00s)
=== RUN   TestPublishStateBeforeStartIsSilent
--- PASS: TestPublishStateBeforeStartIsSilent (0.00s)
=== RUN   TestPublishStateSealedTombstone
--- PASS: TestPublishStateSealedTombstone (0.00s)
=== RUN   TestEmitAgentStateRecordShape
--- PASS: TestEmitAgentStateRecordShape (0.00s)
=== RUN   TestEmitAgentSnapshotRecordShape
--- PASS: TestEmitAgentSnapshotRecordShape (0.00s)
=== RUN   TestEmitAgentFailureMessage
--- PASS: TestEmitAgentFailureMessage (0.00s)
=== RUN   TestStopReasonRidesTerminalRecord
--- PASS: TestStopReasonRidesTerminalRecord (0.00s)
=== RUN   TestKillAllStopsWithSessionReason
--- PASS: TestKillAllStopsWithSessionReason (0.00s)
=== RUN   TestBuiltinLazyOperationEvaluate
    builtin_lazy_test.go:18: real native snapshot transfer requires read-only bind mount privileges: mount source: "/tmp/TestBuiltinLazyOperationEvaluate3128429974/001", target: "/tmp/snapshot-transfer-mount1751724399", fstype: bind, flags: 20481, data: "", err: operation not permitted
--- SKIP: TestBuiltinLazyOperationEvaluate (0.00s)
=== RUN   TestCacheVolumeUsageIdentityUsesLiveSnapshotID
=== PAUSE TestCacheVolumeUsageIdentityUsesLiveSnapshotID
=== RUN   TestCacheVolumeUsageSizeUsesLiveSnapshotID
=== PAUSE TestCacheVolumeUsageSizeUsesLiveSnapshotID
=== RUN   TestCacheVolumeUsageSizeUsesPersistedSnapshotID
=== PAUSE TestCacheVolumeUsageSizeUsesPersistedSnapshotID
=== RUN   TestHTTPStateUsageSizeUsesPersistedSnapshotID
=== PAUSE TestHTTPStateUsageSizeUsesPersistedSnapshotID
=== RUN   TestCacheVolumeEncodePersistsSourceResultID
=== PAUSE TestCacheVolumeEncodePersistsSourceResultID
=== RUN   TestCacheVolumeAttachDependencyResultsAttachesSource
=== PAUSE TestCacheVolumeAttachDependencyResultsAttachesSource
=== RUN   TestCacheVolumeLockKeyUsesSourceID
=== PAUSE TestCacheVolumeLockKeyUsesSourceID
=== RUN   TestCacheVolumeInitializeSnapshotCreatesMutableSnapshot
=== PAUSE TestCacheVolumeInitializeSnapshotCreatesMutableSnapshot
=== RUN   TestCacheVolumeDecodeDistinctPersistedResultsSharingSnapshot
=== PAUSE TestCacheVolumeDecodeDistinctPersistedResultsSharingSnapshot
=== RUN   TestChangesetDeltaMatchesGit
=== RUN   TestChangesetDeltaMatchesGit/add_modify_remove
=== RUN   TestChangesetDeltaMatchesGit/pure_rename
=== RUN   TestChangesetDeltaMatchesGit/nested_removed_dir
=== RUN   TestChangesetDeltaMatchesGit/added_dir_tree
=== RUN   TestChangesetDeltaMatchesGit/empty_before
=== RUN   TestChangesetDeltaMatchesGit/mtime-only_change_is_not_modified
=== RUN   TestChangesetDeltaMatchesGit/same_size_same_mtime_different_content
=== RUN   TestChangesetDeltaMatchesGit/exec_bit_change
=== RUN   TestChangesetDeltaMatchesGit/symlink_target_change
=== RUN   TestChangesetDeltaMatchesGit/file_replaced_by_dir
=== RUN   TestChangesetDeltaMatchesGit/dir_replaced_by_file
=== RUN   TestChangesetDeltaMatchesGit/binary_files
=== RUN   TestChangesetDeltaMatchesGit/identical_trees
=== RUN   TestChangesetDeltaMatchesGit/added_empty_dir_only
=== RUN   TestChangesetDeltaMatchesGit/rename_with_modification_stays_paired_like_git
--- PASS: TestChangesetDeltaMatchesGit (0.10s)
    --- PASS: TestChangesetDeltaMatchesGit/add_modify_remove (0.02s)
    --- PASS: TestChangesetDeltaMatchesGit/pure_rename (0.01s)
    --- PASS: TestChangesetDeltaMatchesGit/nested_removed_dir (0.00s)
    --- PASS: TestChangesetDeltaMatchesGit/added_dir_tree (0.00s)
    --- PASS: TestChangesetDeltaMatchesGit/empty_before (0.00s)
    --- PASS: TestChangesetDeltaMatchesGit/mtime-only_change_is_not_modified (0.00s)
    --- PASS: TestChangesetDeltaMatchesGit/same_size_same_mtime_different_content (0.01s)
    --- PASS: TestChangesetDeltaMatchesGit/exec_bit_change (0.01s)
    --- PASS: TestChangesetDeltaMatchesGit/symlink_target_change (0.01s)
    --- PASS: TestChangesetDeltaMatchesGit/file_replaced_by_dir (0.01s)
    --- PASS: TestChangesetDeltaMatchesGit/dir_replaced_by_file (0.01s)
    --- PASS: TestChangesetDeltaMatchesGit/binary_files (0.01s)
    --- PASS: TestChangesetDeltaMatchesGit/identical_trees (0.00s)
    --- PASS: TestChangesetDeltaMatchesGit/added_empty_dir_only (0.00s)
    --- PASS: TestChangesetDeltaMatchesGit/rename_with_modification_stays_paired_like_git (0.01s)
=== RUN   TestParseGitOutput
=== RUN   TestParseGitOutput/empty
=== RUN   TestParseGitOutput/all_change_types
=== RUN   TestParseGitOutput/rename
=== RUN   TestParseGitOutput/copy
--- PASS: TestParseGitOutput (0.00s)
    --- PASS: TestParseGitOutput/empty (0.00s)
    --- PASS: TestParseGitOutput/all_change_types (0.00s)
    --- PASS: TestParseGitOutput/rename (0.00s)
    --- PASS: TestParseGitOutput/copy (0.00s)
=== RUN   TestParseGitNumStatOutput
=== RUN   TestParseGitNumStatOutput/normal_files
=== RUN   TestParseGitNumStatOutput/renames
--- PASS: TestParseGitNumStatOutput (0.00s)
    --- PASS: TestParseGitNumStatOutput/normal_files (0.00s)
    --- PASS: TestParseGitNumStatOutput/renames (0.00s)
=== RUN   TestRelativeDiffPath
--- PASS: TestRelativeDiffPath (0.00s)
=== RUN   TestListSubdirectories
--- PASS: TestListSubdirectories (0.00s)
=== RUN   TestDiffStringSlices
=== RUN   TestDiffStringSlices/no_changes
=== RUN   TestDiffStringSlices/mixed
--- PASS: TestDiffStringSlices (0.00s)
    --- PASS: TestDiffStringSlices/no_changes (0.00s)
    --- PASS: TestDiffStringSlices/mixed (0.00s)
=== RUN   TestCollapseChildPaths
=== RUN   TestCollapseChildPaths/empty
=== RUN   TestCollapseChildPaths/directory_hides_children
=== RUN   TestCollapseChildPaths/siblings_preserved
--- PASS: TestCollapseChildPaths (0.00s)
    --- PASS: TestCollapseChildPaths/empty (0.00s)
    --- PASS: TestCollapseChildPaths/directory_hides_children (0.00s)
    --- PASS: TestCollapseChildPaths/siblings_preserved (0.00s)
=== RUN   TestCompareDirectories_Integration
--- PASS: TestCompareDirectories_Integration (0.00s)
=== RUN   TestCompareDirectories_OldDirIsBrokenWorktree
--- PASS: TestCompareDirectories_OldDirIsBrokenWorktree (0.00s)
=== RUN   TestCompareDirectoriesNumStat_Integration
--- PASS: TestCompareDirectoriesNumStat_Integration (0.00s)
=== RUN   TestFixDiffGitHeader
=== RUN   TestFixDiffGitHeader/added_file_(both_sides_b/)
=== RUN   TestFixDiffGitHeader/deleted_file_(both_sides_a/)
=== RUN   TestFixDiffGitHeader/modified_file_is_left_alone
=== RUN   TestFixDiffGitHeader/nested_path
=== RUN   TestFixDiffGitHeader/path_containing_spaces
=== RUN   TestFixDiffGitHeader/quoted_path
=== RUN   TestFixDiffGitHeader/rename_header_keeps_distinct_paths
=== RUN   TestFixDiffGitHeader/non-header_line_untouched
=== RUN   TestFixDiffGitHeader/unparseable_header_untouched
--- PASS: TestFixDiffGitHeader (0.00s)
    --- PASS: TestFixDiffGitHeader/added_file_(both_sides_b/) (0.00s)
    --- PASS: TestFixDiffGitHeader/deleted_file_(both_sides_a/) (0.00s)
    --- PASS: TestFixDiffGitHeader/modified_file_is_left_alone (0.00s)
    --- PASS: TestFixDiffGitHeader/nested_path (0.00s)
    --- PASS: TestFixDiffGitHeader/path_containing_spaces (0.00s)
    --- PASS: TestFixDiffGitHeader/quoted_path (0.00s)
    --- PASS: TestFixDiffGitHeader/rename_header_keeps_distinct_paths (0.00s)
    --- PASS: TestFixDiffGitHeader/non-header_line_untouched (0.00s)
    --- PASS: TestFixDiffGitHeader/unparseable_header_untouched (0.00s)
=== RUN   TestDiffGitHeaderRewriter
--- PASS: TestDiffGitHeaderRewriter (0.00s)
=== RUN   TestWriteGitDiffPatch_Integration
--- PASS: TestWriteGitDiffPatch_Integration (0.02s)
=== RUN   TestPathSets
--- PASS: TestPathSets (0.00s)
=== RUN   TestChangesetConflicts
=== RUN   TestChangesetConflicts/no_conflicts
=== RUN   TestChangesetConflicts/empty_addition
=== RUN   TestChangesetConflicts/added_path
=== RUN   TestChangesetConflicts/modified
=== RUN   TestChangesetConflicts/modified_and_deleted
=== RUN   TestChangesetConflicts/deleted_and_modified
=== RUN   TestChangesetConflicts/removed_twice
--- PASS: TestChangesetConflicts (0.00s)
    --- PASS: TestChangesetConflicts/no_conflicts (0.00s)
    --- PASS: TestChangesetConflicts/empty_addition (0.00s)
    --- PASS: TestChangesetConflicts/added_path (0.00s)
    --- PASS: TestChangesetConflicts/modified (0.00s)
    --- PASS: TestChangesetConflicts/modified_and_deleted (0.00s)
    --- PASS: TestChangesetConflicts/deleted_and_modified (0.00s)
    --- PASS: TestChangesetConflicts/removed_twice (0.00s)
=== RUN   TestCapturePersistedContainerDirectEvaluation
=== RUN   TestCapturePersistedContainerDirectEvaluation/metadata
2026/09/17 03:01:07 INFO start lazy group evaluation field=capture-test group=metadata
2026/09/17 03:01:07 INFO end lazy group evaluation field=capture-test group=metadata duration=79.15µs
2026/09/17 03:01:07 INFO discarding dagql cache without persistence hasSQLDB=false hasPersistDB=false
=== RUN   TestCapturePersistedContainerDirectEvaluation/snapshot
2026/09/17 03:01:07 INFO start lazy group evaluation field=capture-test group=metadata
2026/09/17 03:01:07 INFO end lazy group evaluation field=capture-test group=metadata duration=18.04µs
2026/09/17 03:01:07 INFO start lazy group evaluation field=capture-test group=fs
2026/09/17 03:01:07 INFO start lazy group evaluation field=capture-test group=execMeta
2026/09/17 03:01:07 INFO end lazy group evaluation field=capture-test group=execMeta duration=14.08µs
2026/09/17 03:01:07 INFO end lazy group evaluation field=capture-test group=fs duration=58.71µs
2026/09/17 03:01:07 INFO discarding dagql cache without persistence hasSQLDB=false hasPersistDB=false
=== RUN   TestCapturePersistedContainerDirectEvaluation/whole
2026/09/17 03:01:07 INFO start lazy group evaluation field=capture-test group=metadata
2026/09/17 03:01:07 INFO end lazy group evaluation field=capture-test group=metadata duration=22.71µs
2026/09/17 03:01:07 INFO start lazy group evaluation field=capture-test group=execMeta
2026/09/17 03:01:07 INFO end lazy group evaluation field=capture-test group=execMeta duration=6.66µs
2026/09/17 03:01:07 INFO start lazy group evaluation field=capture-test group=fs
2026/09/17 03:01:07 INFO end lazy group evaluation field=capture-test group=fs duration=6.6µs
2026/09/17 03:01:07 INFO discarding dagql cache without persistence hasSQLDB=false hasPersistDB=false
--- PASS: TestCapturePersistedContainerDirectEvaluation (0.00s)
    --- PASS: TestCapturePersistedContainerDirectEvaluation/metadata (0.00s)
    --- PASS: TestCapturePersistedContainerDirectEvaluation/snapshot (0.00s)
    --- PASS: TestCapturePersistedContainerDirectEvaluation/whole (0.00s)
=== RUN   TestCapturePersistedContainerExcludesNewDirectGroups
2026/09/17 03:01:07 INFO start lazy group evaluation field=capture-test group=metadata
2026/09/17 03:01:07 INFO end lazy group evaluation field=capture-test group=metadata duration=32.17µs
2026/09/17 03:01:07 INFO discarding dagql cache without persistence hasSQLDB=false hasPersistDB=false
--- PASS: TestCapturePersistedContainerExcludesNewDirectGroups (0.00s)
=== RUN   TestCapturePersistedContainerUnrefinedBody
=== RUN   TestCapturePersistedContainerUnrefinedBody/active
2026/09/17 03:01:07 INFO start lazy evaluation field=capture-whole-test
2026/09/17 03:01:07 INFO end lazy evaluation field=capture-whole-test duration=21.34µs
2026/09/17 03:01:07 INFO discarding dagql cache without persistence hasSQLDB=false hasPersistDB=false
=== RUN   TestCapturePersistedContainerUnrefinedBody/outputs-set-before-return
2026/09/17 03:01:07 INFO start lazy evaluation field=capture-whole-test
2026/09/17 03:01:07 INFO end lazy evaluation field=capture-whole-test duration=11.74µs
2026/09/17 03:01:07 INFO discarding dagql cache without persistence hasSQLDB=false hasPersistDB=false
--- PASS: TestCapturePersistedContainerUnrefinedBody (0.00s)
    --- PASS: TestCapturePersistedContainerUnrefinedBody/active (0.00s)
    --- PASS: TestCapturePersistedContainerUnrefinedBody/outputs-set-before-return (0.00s)
=== RUN   TestCapturePersistedContainerReleasesLocksOnCodecError
2026/09/17 03:01:07 INFO start lazy group evaluation field=capture-test group=metadata
2026/09/17 03:01:07 INFO end lazy group evaluation field=capture-test group=metadata duration=18.77µs
2026/09/17 03:01:07 INFO start lazy group evaluation field=capture-test group=execMeta
2026/09/17 03:01:07 INFO end lazy group evaluation field=capture-test group=execMeta duration=8.46µs
2026/09/17 03:01:07 INFO start lazy group evaluation field=capture-test group=fs
2026/09/17 03:01:07 INFO end lazy group evaluation field=capture-test group=fs duration=21.88µs
2026/09/17 03:01:07 INFO discarding dagql cache without persistence hasSQLDB=false hasPersistDB=false
--- PASS: TestCapturePersistedContainerReleasesLocksOnCodecError (0.00s)
=== RUN   TestContainerExecSuccessConsumesFinalReadOnlyMount
2026/09/17 03:01:07 INFO start lazy group evaluation field=Container.withExec group=metadata
2026/09/17 03:01:07 INFO start lazy group evaluation field=test.base group=metadata
2026/09/17 03:01:07 INFO end lazy group evaluation field=test.base group=metadata duration=7.98µs
2026/09/17 03:01:07 INFO end lazy group evaluation field=Container.withExec group=metadata duration=46.83µs
2026/09/17 03:01:07 INFO start lazy group evaluation field=test.containerExec group=execOutputs
2026/09/17 03:01:07 INFO start lazy group evaluation field=test.base group=mount:/ro
2026/09/17 03:01:07 INFO end lazy group evaluation field=test.base group=mount:/ro duration=7.5µs
2026/09/17 03:01:07 INFO start lazy group evaluation field=test.base group=fs
2026/09/17 03:01:07 INFO end lazy group evaluation field=test.base group=fs duration=19.039µs
2026/09/17 03:01:07 INFO end lazy group evaluation field=test.containerExec group=execOutputs duration=105.739µs
2026/09/17 03:01:07 INFO start lazy group evaluation field=Container.withExec group=mount:/ro
2026/09/17 03:01:07 INFO end lazy group evaluation field=Container.withExec group=mount:/ro duration=12.91µs
2026/09/17 03:01:07 INFO discarding dagql cache without persistence hasSQLDB=false hasPersistDB=false
--- PASS: TestContainerExecSuccessConsumesFinalReadOnlyMount (0.00s)
=== RUN   TestContainerExecMetadataReadRunsNothing
=== PAUSE TestContainerExecMetadataReadRunsNothing
=== RUN   TestContainerExecReadOnlyMountStaysPending
=== PAUSE TestContainerExecReadOnlyMountStaysPending
=== RUN   TestContainerExecEvaluatesParentMountsConcurrently
=== PAUSE TestContainerExecEvaluatesParentMountsConcurrently
=== RUN   TestContainerExecMetadataKeepsVolatileNamesAndExpandErrors
=== PAUSE TestContainerExecMetadataKeepsVolatileNamesAndExpandErrors
=== RUN   TestContainerExecPersistsInputMetadata
=== RUN   TestContainerExecPersistsInputMetadata/nil
2026/09/17 03:01:08 INFO discarding dagql cache without persistence hasSQLDB=true hasPersistDB=true
=== RUN   TestContainerExecPersistsInputMetadata/supplied
2026/09/17 03:01:08 INFO discarding dagql cache without persistence hasSQLDB=true hasPersistDB=true
--- PASS: TestContainerExecPersistsInputMetadata (0.11s)
    --- PASS: TestContainerExecPersistsInputMetadata/nil (0.10s)
    --- PASS: TestContainerExecPersistsInputMetadata/supplied (0.01s)
=== RUN   TestExecNetModeDefault
=== PAUSE TestExecNetModeDefault
=== RUN   TestExecNetModeNone
=== PAUSE TestExecNetModeNone
=== RUN   TestExecNetModeHost
=== PAUSE TestExecNetModeHost
=== RUN   TestExecNetModeConflict
=== PAUSE TestExecNetModeConflict
=== RUN   TestContainerCanUseFromContentDigest
=== PAUSE TestContainerCanUseFromContentDigest
=== RUN   TestContainerFromSuccessfulFSConsumesFinalDelegations
=== PAUSE TestContainerFromSuccessfulFSConsumesFinalDelegations
=== RUN   TestContainerFromMetadataDoesNotPullImage
=== PAUSE TestContainerFromMetadataDoesNotPullImage
=== RUN   TestContainerFromDelegatesSnapshotParts
2026/09/17 03:01:08 INFO start lazy group evaluation field=Container.from group=metadata
2026/09/17 03:01:08 INFO start lazy group evaluation field=test.base group=metadata
2026/09/17 03:01:08 INFO end lazy group evaluation field=test.base group=metadata duration=6.4µs
2026/09/17 03:01:08 INFO end lazy group evaluation field=Container.from group=metadata duration=53.35µs
2026/09/17 03:01:08 INFO start lazy group evaluation field=Container.from group=execMeta
2026/09/17 03:01:08 INFO start lazy group evaluation field=test.base group=execMeta
2026/09/17 03:01:08 INFO end lazy group evaluation field=test.base group=execMeta duration=6.93µs
2026/09/17 03:01:08 INFO end lazy group evaluation field=Container.from group=execMeta duration=32.56µs
2026/09/17 03:01:08 INFO start lazy group evaluation field=Container.from group=mount:/parent-mount
2026/09/17 03:01:08 INFO start lazy group evaluation field=test.base group=mount:/parent-mount
2026/09/17 03:01:08 INFO end lazy group evaluation field=test.base group=mount:/parent-mount duration=9.8µs
2026/09/17 03:01:08 INFO end lazy group evaluation field=Container.from group=mount:/parent-mount duration=33.12µs
2026/09/17 03:01:08 INFO discarding dagql cache without persistence hasSQLDB=false hasPersistDB=false
--- PASS: TestContainerFromDelegatesSnapshotParts (0.00s)
=== RUN   TestSelectLatestContainerTag
=== PAUSE TestSelectLatestContainerTag
=== RUN   TestValidateContainerLatestTag
=== PAUSE TestValidateContainerLatestTag
=== RUN   TestSelectContainerTagWithVersionQuery
=== PAUSE TestSelectContainerTagWithVersionQuery
=== RUN   TestValidateContainerTagWithVersionQuery
=== PAUSE TestValidateContainerTagWithVersionQuery
=== RUN   TestContainerEvaluatedLazyOperationAttachesParentAtPublication
2026/09/17 03:01:08 INFO start lazy group evaluation field=Container.withLabel group=metadata
2026/09/17 03:01:08 INFO end lazy group evaluation field=Container.withLabel group=metadata duration=23.09µs
2026/09/17 03:01:08 INFO start lazy group evaluation field=Container.withLabel group=fs
2026/09/17 03:01:08 INFO end lazy group evaluation field=Container.withLabel group=fs duration=2.23µs
2026/09/17 03:01:08 INFO start lazy group evaluation field=Container.withLabel group=execMeta
2026/09/17 03:01:08 INFO end lazy group evaluation field=Container.withLabel group=execMeta duration=2.21µs
2026/09/17 03:01:08 INFO discarding dagql cache without persistence hasSQLDB=true hasPersistDB=true
--- PASS: TestContainerEvaluatedLazyOperationAttachesParentAtPublication (0.01s)
=== RUN   TestContainerEvaluatedLazyOperationPersistsWithoutLoadingParents
2026/09/17 03:01:08 INFO start lazy group evaluation field=Container.withLabel group=metadata
2026/09/17 03:01:08 INFO end lazy group evaluation field=Container.withLabel group=metadata duration=29.67µs
2026/09/17 03:01:08 INFO start lazy group evaluation field=Container.withLabel group=fs
2026/09/17 03:01:08 INFO end lazy group evaluation field=Container.withLabel group=fs duration=4.58µs
2026/09/17 03:01:08 INFO start lazy group evaluation field=Container.withLabel group=execMeta
2026/09/17 03:01:08 INFO end lazy group evaluation field=Container.withLabel group=execMeta duration=3.21µs
2026/09/17 03:01:08 INFO starting dagql cache close hasSQLDB=true hasPersistDB=true
2026/09/17 03:01:08 INFO marking dagql cache clean shutdown
2026/09/17 03:01:08 WARN successfully marked clean shutdown in persistence metadata
2026/09/17 03:01:08 INFO completed dagql cache close successfully
2026/09/17 03:01:08 INFO start lazy group evaluation field="Container stored part" group=open:fs
2026/09/17 03:01:08 INFO end lazy group evaluation field="Container stored part" group=open:fs duration=56.2µs err="open stored container part \"fs\": local snapshot unavailable"
2026/09/17 03:01:08 INFO start lazy group evaluation field="Container stored part" group=open:execMeta
2026/09/17 03:01:08 INFO end lazy group evaluation field="Container stored part" group=open:execMeta duration=10.6µs
2026/09/17 03:01:08 INFO start lazy group evaluation field="Container stored part" group=open:fs
2026/09/17 03:01:08 INFO end lazy group evaluation field="Container stored part" group=open:fs duration=8.8µs
=== RUN   TestContainerEvaluatedLazyOperationPersistsWithoutLoadingParents/completed_operation_references_relocate_without_loading
=== RUN   TestContainerEvaluatedLazyOperationPersistsWithoutLoadingParents/old_complete_rows_without_operation_bytes
2026/09/17 03:01:08 INFO discarding dagql cache without persistence hasSQLDB=true hasPersistDB=true
--- PASS: TestContainerEvaluatedLazyOperationPersistsWithoutLoadingParents (0.02s)
    --- PASS: TestContainerEvaluatedLazyOperationPersistsWithoutLoadingParents/completed_operation_references_relocate_without_loading (0.00s)
    --- PASS: TestContainerEvaluatedLazyOperationPersistsWithoutLoadingParents/old_complete_rows_without_operation_bytes (0.00s)
=== RUN   TestMountedLazyRepresentations
=== RUN   TestMountedLazyRepresentations/Directory
    container_mount_lazy_test.go:17: real native snapshot transfer requires read-only bind mount privileges: mount source: "/tmp/TestMountedLazyRepresentationsDirectory4972345/001", target: "/tmp/snapshot-transfer-mount3118146290", fstype: bind, flags: 20481, data: "", err: operation not permitted
=== RUN   TestMountedLazyRepresentations/File
    container_mount_lazy_test.go:17: real native snapshot transfer requires read-only bind mount privileges: mount source: "/tmp/TestMountedLazyRepresentationsFile4047680207/001", target: "/tmp/snapshot-transfer-mount1019789053", fstype: bind, flags: 20481, data: "", err: operation not permitted
--- PASS: TestMountedLazyRepresentations (0.00s)
    --- SKIP: TestMountedLazyRepresentations/Directory (0.00s)
    --- SKIP: TestMountedLazyRepresentations/File (0.00s)
=== RUN   TestContainerFinalDelegationSweepDoesNotStartParentWork
=== PAUSE TestContainerFinalDelegationSweepDoesNotStartParentWork
=== RUN   TestContainerMetadataOnlyMountMutationParts
=== RUN   TestContainerMetadataOnlyMountMutationParts/mounted_cache
=== PAUSE TestContainerMetadataOnlyMountMutationParts/mounted_cache
=== RUN   TestContainerMetadataOnlyMountMutationParts/mounted_temp
=== PAUSE TestContainerMetadataOnlyMountMutationParts/mounted_temp
=== RUN   TestContainerMetadataOnlyMountMutationParts/mounted_volume
=== PAUSE TestContainerMetadataOnlyMountMutationParts/mounted_volume
=== RUN   TestContainerMetadataOnlyMountMutationParts/mounted_secret
=== PAUSE TestContainerMetadataOnlyMountMutationParts/mounted_secret
=== RUN   TestContainerMetadataOnlyMountMutationParts/mounted_cache_shadows_snapshot_mount
=== PAUSE TestContainerMetadataOnlyMountMutationParts/mounted_cache_shadows_snapshot_mount
=== RUN   TestContainerMetadataOnlyMountMutationParts/without_mount
=== PAUSE TestContainerMetadataOnlyMountMutationParts/without_mount
=== RUN   TestContainerMetadataOnlyMountMutationParts/with_unix_socket
=== PAUSE TestContainerMetadataOnlyMountMutationParts/with_unix_socket
=== RUN   TestContainerMetadataOnlyMountMutationParts/without_unix_socket
=== PAUSE TestContainerMetadataOnlyMountMutationParts/without_unix_socket
=== CONT  TestContainerMetadataOnlyMountMutationParts/mounted_cache
=== CONT  TestContainerMetadataOnlyMountMutationParts/mounted_cache_shadows_snapshot_mount
=== CONT  TestContainerMetadataOnlyMountMutationParts/with_unix_socket
=== CONT  TestContainerMetadataOnlyMountMutationParts/mounted_volume
=== CONT  TestContainerMetadataOnlyMountMutationParts/mounted_secret
=== CONT  TestContainerMetadataOnlyMountMutationParts/without_unix_socket
=== CONT  TestContainerMetadataOnlyMountMutationParts/without_mount
2026/09/17 03:01:08 INFO start lazy group evaluation field=Container.withMountedCache group=metadata
2026/09/17 03:01:08 INFO start lazy group evaluation field=test.base group=metadata
2026/09/17 03:01:08 INFO end lazy group evaluation field=test.base group=metadata duration=8.85µs
2026/09/17 03:01:08 INFO end lazy group evaluation field=Container.withMountedCache group=metadata duration=39.32µs
2026/09/17 03:01:08 INFO start lazy group evaluation field=Container.withoutMount group=metadata
2026/09/17 03:01:08 INFO start lazy group evaluation field=test.base group=metadata
2026/09/17 03:01:08 INFO end lazy group evaluation field=test.base group=metadata duration=7.29µs
2026/09/17 03:01:08 INFO end lazy group evaluation field=Container.withoutMount group=metadata duration=77.12µs
2026/09/17 03:01:08 INFO start lazy group evaluation field=Container.withMountedCache group=execMeta
2026/09/17 03:01:08 INFO start lazy group evaluation field=test.base group=execMeta
2026/09/17 03:01:08 INFO end lazy group evaluation field=test.base group=execMeta duration=4.25µs
2026/09/17 03:01:08 INFO discarding dagql cache without persistence hasSQLDB=false hasPersistDB=false
2026/09/17 03:01:08 INFO end lazy group evaluation field=Container.withMountedCache group=execMeta duration=26.16µs
=== CONT  TestContainerMetadataOnlyMountMutationParts/mounted_temp
2026/09/17 03:01:08 INFO start lazy group evaluation field=Container.withMountedCache group=fs
2026/09/17 03:01:08 INFO start lazy group evaluation field=test.base group=fs
2026/09/17 03:01:08 INFO end lazy group evaluation field=test.base group=fs duration=5.7µs
2026/09/17 03:01:08 INFO end lazy group evaluation field=Container.withMountedCache group=fs duration=24.65µs
2026/09/17 03:01:08 INFO start lazy group evaluation field=Container.withMountedSecret group=metadata
2026/09/17 03:01:08 INFO discarding dagql cache without persistence hasSQLDB=false hasPersistDB=false
2026/09/17 03:01:08 INFO start lazy group evaluation field=test.base group=metadata
2026/09/17 03:01:08 INFO end lazy group evaluation field=test.base group=metadata duration=5.66µs
2026/09/17 03:01:08 INFO end lazy group evaluation field=Container.withMountedSecret group=metadata duration=40.48µs
2026/09/17 03:01:08 INFO start lazy group evaluation field=Container.withMountedVolume group=metadata
2026/09/17 03:01:08 INFO discarding dagql cache without persistence hasSQLDB=false hasPersistDB=false
2026/09/17 03:01:08 INFO start lazy group evaluation field=Container.withoutUnixSocket group=metadata
2026/09/17 03:01:08 INFO start lazy group evaluation field=test.base group=metadata
2026/09/17 03:01:08 INFO end lazy group evaluation field=test.base group=metadata duration=8.57µs
2026/09/17 03:01:08 INFO start lazy group evaluation field=test.base group=metadata
2026/09/17 03:01:08 INFO end lazy group evaluation field=Container.withMountedVolume group=metadata duration=43.16µs
2026/09/17 03:01:08 INFO end lazy group evaluation field=test.base group=metadata duration=7.97µs
2026/09/17 03:01:08 INFO start lazy group evaluation field=Container.withMountedTemp group=metadata
2026/09/17 03:01:08 INFO discarding dagql cache without persistence hasSQLDB=false hasPersistDB=false
2026/09/17 03:01:08 INFO end lazy group evaluation field=Container.withoutUnixSocket group=metadata duration=56.89µs
2026/09/17 03:01:08 INFO start lazy group evaluation field=test.base group=metadata
2026/09/17 03:01:08 INFO end lazy group evaluation field=test.base group=metadata duration=5.17µs
2026/09/17 03:01:08 INFO end lazy group evaluation field=Container.withMountedTemp group=metadata duration=26.71µs
2026/09/17 03:01:08 INFO discarding dagql cache without persistence hasSQLDB=false hasPersistDB=false
2026/09/17 03:01:08 INFO discarding dagql cache without persistence hasSQLDB=false hasPersistDB=false
2026/09/17 03:01:08 INFO start lazy group evaluation field=Container.withUnixSocket group=metadata
2026/09/17 03:01:08 INFO start lazy group evaluation field=test.base group=metadata
2026/09/17 03:01:08 INFO end lazy group evaluation field=test.base group=metadata duration=5.37µs
2026/09/17 03:01:08 INFO end lazy group evaluation field=Container.withUnixSocket group=metadata duration=187.799µs
2026/09/17 03:01:08 INFO discarding dagql cache without persistence hasSQLDB=false hasPersistDB=false
2026/09/17 03:01:08 INFO start lazy group evaluation field=Container.withMountedCache group=metadata
2026/09/17 03:01:08 INFO start lazy group evaluation field=test.base group=metadata
2026/09/17 03:01:08 INFO end lazy group evaluation field=test.base group=metadata duration=5.67µs
2026/09/17 03:01:08 INFO end lazy group evaluation field=Container.withMountedCache group=metadata duration=45.03µs
2026/09/17 03:01:08 INFO discarding dagql cache without persistence hasSQLDB=false hasPersistDB=false
--- PASS: TestContainerMetadataOnlyMountMutationParts (0.00s)
    --- PASS: TestContainerMetadataOnlyMountMutationParts/without_mount (0.00s)
    --- PASS: TestContainerMetadataOnlyMountMutationParts/mounted_cache_shadows_snapshot_mount (0.00s)
    --- PASS: TestContainerMetadataOnlyMountMutationParts/mounted_secret (0.00s)
    --- PASS: TestContainerMetadataOnlyMountMutationParts/mounted_volume (0.00s)
    --- PASS: TestContainerMetadataOnlyMountMutationParts/mounted_temp (0.00s)
    --- PASS: TestContainerMetadataOnlyMountMutationParts/without_unix_socket (0.00s)
    --- PASS: TestContainerMetadataOnlyMountMutationParts/with_unix_socket (0.00s)
    --- PASS: TestContainerMetadataOnlyMountMutationParts/mounted_cache (0.00s)
=== RUN   TestContainerMetadataMountNamedOwnerReadsParentRootFS
=== RUN   TestContainerMetadataMountNamedOwnerReadsParentRootFS/mounted_secret
=== PAUSE TestContainerMetadataMountNamedOwnerReadsParentRootFS/mounted_secret
=== RUN   TestContainerMetadataMountNamedOwnerReadsParentRootFS/unix_socket
=== PAUSE TestContainerMetadataMountNamedOwnerReadsParentRootFS/unix_socket
=== CONT  TestContainerMetadataMountNamedOwnerReadsParentRootFS/mounted_secret
=== CONT  TestContainerMetadataMountNamedOwnerReadsParentRootFS/unix_socket
2026/09/17 03:01:08 INFO start lazy group evaluation field=Container.withMountedSecret group=metadata
2026/09/17 03:01:08 INFO start lazy group evaluation field=test.base group=metadata
2026/09/17 03:01:08 INFO end lazy group evaluation field=test.base group=metadata duration=4.85µs
2026/09/17 03:01:08 INFO end lazy group evaluation field=Container.withMountedSecret group=metadata duration=39.67µs err="open /etc/passwd: failed to get server: current query: no query in context"
2026/09/17 03:01:08 INFO discarding dagql cache without persistence hasSQLDB=false hasPersistDB=false
2026/09/17 03:01:08 INFO start lazy group evaluation field=Container.withUnixSocket group=metadata
2026/09/17 03:01:08 INFO start lazy group evaluation field=test.base group=metadata
2026/09/17 03:01:08 INFO end lazy group evaluation field=test.base group=metadata duration=5.77µs
2026/09/17 03:01:08 INFO end lazy group evaluation field=Container.withUnixSocket group=metadata duration=63.54µs err="open /etc/passwd: failed to get server: current query: no query in context"
2026/09/17 03:01:08 INFO discarding dagql cache without persistence hasSQLDB=false hasPersistDB=false
--- PASS: TestContainerMetadataMountNamedOwnerReadsParentRootFS (0.00s)
    --- PASS: TestContainerMetadataMountNamedOwnerReadsParentRootFS/mounted_secret (0.00s)
    --- PASS: TestContainerMetadataMountNamedOwnerReadsParentRootFS/unix_socket (0.00s)
=== RUN   TestContainerMountedSourceWriterParts
=== RUN   TestContainerMountedSourceWriterParts/directory
=== PAUSE TestContainerMountedSourceWriterParts/directory
=== RUN   TestContainerMountedSourceWriterParts/file
=== PAUSE TestContainerMountedSourceWriterParts/file
=== RUN   TestContainerMountedSourceWriterParts/dockerfile_compatible_directory
=== PAUSE TestContainerMountedSourceWriterParts/dockerfile_compatible_directory
=== CONT  TestContainerMountedSourceWriterParts/directory
=== CONT  TestContainerMountedSourceWriterParts/dockerfile_compatible_directory
=== CONT  TestContainerMountedSourceWriterParts/file
2026/09/17 03:01:08 INFO start lazy group evaluation field=Container.withMountedDirectory group=metadata
2026/09/17 03:01:08 INFO start lazy group evaluation field=Container.withMountedPathDockerfileCompat group=metadata
2026/09/17 03:01:08 INFO start lazy group evaluation field=test.base group=metadata
2026/09/17 03:01:08 INFO end lazy group evaluation field=test.base group=metadata duration=7.01µs
2026/09/17 03:01:08 INFO start lazy group evaluation field=test.base group=metadata
2026/09/17 03:01:08 INFO end lazy group evaluation field=test.base group=metadata duration=5.72µs
2026/09/17 03:01:08 INFO end lazy group evaluation field=Container.withMountedDirectory group=metadata duration=37.82µs
2026/09/17 03:01:08 INFO end lazy group evaluation field=Container.withMountedPathDockerfileCompat group=metadata duration=53.54µs
2026/09/17 03:01:08 INFO start lazy group evaluation field=Container.withMountedDirectory group=write
2026/09/17 03:01:08 INFO start lazy group evaluation field=Container.withMountedPathDockerfileCompat group=write
2026/09/17 03:01:08 INFO start lazy evaluation field=test.directorySource
2026/09/17 03:01:08 INFO end lazy evaluation field=test.directorySource duration=9.53µs
2026/09/17 03:01:08 INFO start lazy group evaluation field=Container.withMountedFile group=metadata
2026/09/17 03:01:08 INFO start lazy evaluation field=test.directorySource
2026/09/17 03:01:08 INFO end lazy group evaluation field=Container.withMountedDirectory group=write duration=33.51µs
2026/09/17 03:01:08 INFO end lazy evaluation field=test.directorySource duration=8.81µs
2026/09/17 03:01:08 INFO end lazy group evaluation field=Container.withMountedPathDockerfileCompat group=write duration=28.18µs
2026/09/17 03:01:08 INFO start lazy group evaluation field=test.base group=metadata
2026/09/17 03:01:08 INFO end lazy group evaluation field=test.base group=metadata duration=7.21µs
2026/09/17 03:01:08 INFO start lazy group evaluation field=Container.withMountedDirectory group=mount:/existing
2026/09/17 03:01:08 INFO start lazy group evaluation field=Container.withMountedPathDockerfileCompat group=mount:/existing
2026/09/17 03:01:08 INFO start lazy group evaluation field=test.base group=mount:/existing
2026/09/17 03:01:08 INFO end lazy group evaluation field=Container.withMountedFile group=metadata duration=48.94µs
2026/09/17 03:01:08 INFO end lazy group evaluation field=test.base group=mount:/existing duration=5.19µs
2026/09/17 03:01:08 INFO end lazy group evaluation field=Container.withMountedDirectory group=mount:/existing duration=24.69µs
2026/09/17 03:01:08 INFO start lazy group evaluation field=test.base group=mount:/existing
2026/09/17 03:01:08 INFO end lazy group evaluation field=test.base group=mount:/existing duration=5.84µs
2026/09/17 03:01:08 INFO end lazy group evaluation field=Container.withMountedPathDockerfileCompat group=mount:/existing duration=30.61µs
2026/09/17 03:01:08 INFO start lazy group evaluation field=Container.withMountedDirectory group=fs
2026/09/17 03:01:08 INFO start lazy group evaluation field=test.base group=fs
2026/09/17 03:01:08 INFO end lazy group evaluation field=test.base group=fs duration=4.02µs
2026/09/17 03:01:08 INFO end lazy group evaluation field=Container.withMountedDirectory group=fs duration=22.91µs
2026/09/17 03:01:08 INFO start lazy group evaluation field=Container.withMountedPathDockerfileCompat group=fs
2026/09/17 03:01:08 INFO start lazy group evaluation field=Container.withMountedDirectory group=execMeta
2026/09/17 03:01:08 INFO start lazy group evaluation field=test.base group=fs
2026/09/17 03:01:08 INFO end lazy group evaluation field=test.base group=fs duration=6.13µs
2026/09/17 03:01:08 INFO start lazy group evaluation field=test.base group=execMeta
2026/09/17 03:01:08 INFO end lazy group evaluation field=test.base group=execMeta duration=4.31µs
2026/09/17 03:01:08 INFO end lazy group evaluation field=Container.withMountedPathDockerfileCompat group=fs duration=30.58µs
2026/09/17 03:01:08 INFO end lazy group evaluation field=Container.withMountedDirectory group=execMeta duration=25.01µs
2026/09/17 03:01:08 INFO start lazy group evaluation field=Container.withMountedPathDockerfileCompat group=execMeta
2026/09/17 03:01:08 INFO discarding dagql cache without persistence hasSQLDB=false hasPersistDB=false
2026/09/17 03:01:08 INFO start lazy group evaluation field=test.base group=execMeta
2026/09/17 03:01:08 INFO end lazy group evaluation field=test.base group=execMeta duration=5.68µs
2026/09/17 03:01:08 INFO end lazy group evaluation field=Container.withMountedPathDockerfileCompat group=execMeta duration=24.08µs
2026/09/17 03:01:08 INFO discarding dagql cache without persistence hasSQLDB=false hasPersistDB=false
2026/09/17 03:01:08 INFO start lazy group evaluation field=Container.withMountedFile group=write
2026/09/17 03:01:08 INFO start lazy evaluation field=test.fileSource
2026/09/17 03:01:08 INFO end lazy evaluation field=test.fileSource duration=7.73µs
2026/09/17 03:01:08 INFO end lazy group evaluation field=Container.withMountedFile group=write duration=26.52µs
2026/09/17 03:01:08 INFO start lazy group evaluation field=Container.withMountedFile group=mount:/existing
2026/09/17 03:01:08 INFO start lazy group evaluation field=test.base group=mount:/existing
2026/09/17 03:01:08 INFO end lazy group evaluation field=test.base group=mount:/existing duration=4.26µs
2026/09/17 03:01:08 INFO end lazy group evaluation field=Container.withMountedFile group=mount:/existing duration=19.8µs
2026/09/17 03:01:08 INFO start lazy group evaluation field=Container.withMountedFile group=fs
2026/09/17 03:01:08 INFO start lazy group evaluation field=Container.withMountedFile group=execMeta
2026/09/17 03:01:08 INFO start lazy group evaluation field=test.base group=execMeta
2026/09/17 03:01:08 INFO end lazy group evaluation field=test.base group=execMeta duration=4.55µs
2026/09/17 03:01:08 INFO end lazy group evaluation field=Container.withMountedFile group=execMeta duration=35.91µs
2026/09/17 03:01:08 INFO start lazy group evaluation field=test.base group=fs
2026/09/17 03:01:08 INFO end lazy group evaluation field=test.base group=fs duration=159.13µs
2026/09/17 03:01:08 INFO end lazy group evaluation field=Container.withMountedFile group=fs duration=188.55µs
2026/09/17 03:01:08 INFO discarding dagql cache without persistence hasSQLDB=false hasPersistDB=false
--- PASS: TestContainerMountedSourceWriterParts (0.00s)
    --- PASS: TestContainerMountedSourceWriterParts/directory (0.00s)
    --- PASS: TestContainerMountedSourceWriterParts/dockerfile_compatible_directory (0.00s)
    --- PASS: TestContainerMountedSourceWriterParts/file (0.00s)
=== RUN   TestContainerMountedSourceWriterNamedOwner
=== RUN   TestContainerMountedSourceWriterNamedOwner/directory
=== PAUSE TestContainerMountedSourceWriterNamedOwner/directory
=== RUN   TestContainerMountedSourceWriterNamedOwner/file
=== PAUSE TestContainerMountedSourceWriterNamedOwner/file
=== CONT  TestContainerMountedSourceWriterNamedOwner/directory
=== CONT  TestContainerMountedSourceWriterNamedOwner/file
2026/09/17 03:01:08 INFO start lazy group evaluation field=Container.withMountedDirectory group=metadata
2026/09/17 03:01:08 INFO start lazy group evaluation field=test.base group=metadata
2026/09/17 03:01:08 INFO end lazy group evaluation field=test.base group=metadata duration=4.14µs
2026/09/17 03:01:08 INFO end lazy group evaluation field=Container.withMountedDirectory group=metadata duration=33.78µs
2026/09/17 03:01:08 INFO start lazy group evaluation field=Container.withMountedDirectory group=write
2026/09/17 03:01:08 INFO end lazy group evaluation field=Container.withMountedDirectory group=write duration=9.51µs err="open /etc/passwd: failed to get server: current query: no query in context"
2026/09/17 03:01:08 INFO start lazy group evaluation field=Container.withMountedFile group=metadata
2026/09/17 03:01:08 INFO discarding dagql cache without persistence hasSQLDB=false hasPersistDB=false
2026/09/17 03:01:08 INFO start lazy group evaluation field=test.base group=metadata
2026/09/17 03:01:08 INFO end lazy group evaluation field=test.base group=metadata duration=5.2µs
2026/09/17 03:01:08 INFO end lazy group evaluation field=Container.withMountedFile group=metadata duration=31.12µs
2026/09/17 03:01:08 INFO start lazy group evaluation field=Container.withMountedFile group=write
2026/09/17 03:01:08 INFO end lazy group evaluation field=Container.withMountedFile group=write duration=10.01µs err="open /etc/passwd: failed to get server: current query: no query in context"
2026/09/17 03:01:08 INFO discarding dagql cache without persistence hasSQLDB=false hasPersistDB=false
--- PASS: TestContainerMountedSourceWriterNamedOwner (0.00s)
    --- PASS: TestContainerMountedSourceWriterNamedOwner/directory (0.00s)
    --- PASS: TestContainerMountedSourceWriterNamedOwner/file (0.00s)
=== RUN   TestContainerMountedSourceWriterShadowsNestedMount
2026/09/17 03:01:08 INFO start lazy group evaluation field=Container.withMountedDirectory group=metadata
2026/09/17 03:01:08 INFO start lazy group evaluation field=test.base group=metadata
2026/09/17 03:01:08 INFO end lazy group evaluation field=test.base group=metadata duration=4.34µs
2026/09/17 03:01:08 INFO end lazy group evaluation field=Container.withMountedDirectory group=metadata duration=32.68µs
2026/09/17 03:01:08 INFO start lazy group evaluation field=Container.withMountedDirectory group=execMeta
2026/09/17 03:01:08 INFO start lazy group evaluation field=test.base group=execMeta
2026/09/17 03:01:08 INFO end lazy group evaluation field=test.base group=execMeta duration=3.72µs
2026/09/17 03:01:08 INFO end lazy group evaluation field=Container.withMountedDirectory group=execMeta duration=28.3µs
2026/09/17 03:01:08 INFO start lazy group evaluation field=Container.withMountedDirectory group=write
2026/09/17 03:01:08 INFO start lazy group evaluation field=Container.withMountedDirectory group=fs
2026/09/17 03:01:08 INFO start lazy evaluation field=test.directorySource
2026/09/17 03:01:08 INFO end lazy evaluation field=test.directorySource duration=7.01µs
2026/09/17 03:01:08 INFO end lazy group evaluation field=Container.withMountedDirectory group=write duration=41.81µs
2026/09/17 03:01:08 INFO start lazy group evaluation field=test.base group=fs
2026/09/17 03:01:08 INFO end lazy group evaluation field=test.base group=fs duration=6.24µs
2026/09/17 03:01:08 INFO end lazy group evaluation field=Container.withMountedDirectory group=fs duration=56.21µs
2026/09/17 03:01:08 INFO discarding dagql cache without persistence hasSQLDB=false hasPersistDB=false
--- PASS: TestContainerMountedSourceWriterShadowsNestedMount (0.00s)
=== RUN   TestDockerfileCompatMountSourceIsFile
=== RUN   TestDockerfileCompatMountSourceIsFile/empty_root
=== RUN   TestDockerfileCompatMountSourceIsFile/absolute_dot_root
=== RUN   TestDockerfileCompatMountSourceIsFile/relative_dot_root
=== RUN   TestDockerfileCompatMountSourceIsFile/relative_directory
=== RUN   TestDockerfileCompatMountSourceIsFile/directory_with_trailing_slash
=== RUN   TestDockerfileCompatMountSourceIsFile/file_with_trailing_slash
--- PASS: TestDockerfileCompatMountSourceIsFile (0.00s)
    --- PASS: TestDockerfileCompatMountSourceIsFile/empty_root (0.00s)
    --- PASS: TestDockerfileCompatMountSourceIsFile/absolute_dot_root (0.00s)
    --- PASS: TestDockerfileCompatMountSourceIsFile/relative_dot_root (0.00s)
    --- PASS: TestDockerfileCompatMountSourceIsFile/relative_directory (0.00s)
    --- PASS: TestDockerfileCompatMountSourceIsFile/directory_with_trailing_slash (0.00s)
    --- PASS: TestDockerfileCompatMountSourceIsFile/file_with_trailing_slash (0.00s)
=== RUN   TestContainerPathWriterRouting
=== RUN   TestContainerPathWriterRouting/rootfs
=== PAUSE TestContainerPathWriterRouting/rootfs
=== RUN   TestContainerPathWriterRouting/mount
=== PAUSE TestContainerPathWriterRouting/mount
=== CONT  TestContainerPathWriterRouting/rootfs
2026/09/17 03:01:08 INFO start lazy group evaluation field=Container.withDirectory group=metadata
2026/09/17 03:01:08 INFO start lazy group evaluation field=test.base group=metadata
2026/09/17 03:01:08 INFO end lazy group evaluation field=test.base group=metadata duration=3.82µs
2026/09/17 03:01:08 INFO end lazy group evaluation field=Container.withDirectory group=metadata duration=27.94µs
2026/09/17 03:01:08 INFO start lazy group evaluation field=Container.withDirectory group=write
2026/09/17 03:01:08 INFO start lazy evaluation field=test.directorySource
2026/09/17 03:01:08 INFO end lazy evaluation field=test.directorySource duration=5.47µs
=== CONT  TestContainerPathWriterRouting/mount
2026/09/17 03:01:08 INFO start lazy group evaluation field=Container.withDirectory group=metadata
2026/09/17 03:01:08 INFO start lazy group evaluation field=test.base group=metadata
2026/09/17 03:01:08 INFO end lazy group evaluation field=test.base group=metadata duration=3.68µs
2026/09/17 03:01:08 INFO end lazy group evaluation field=Container.withDirectory group=metadata duration=19.21µs
2026/09/17 03:01:08 INFO start lazy group evaluation field=Container.withDirectory group=write
2026/09/17 03:01:08 INFO start lazy evaluation field=test.directorySource
2026/09/17 03:01:08 INFO end lazy evaluation field=test.directorySource duration=3.64µs
2026/09/17 03:01:08 INFO start lazy group evaluation field=test.base group=fs
2026/09/17 03:01:08 INFO end lazy group evaluation field=test.base group=fs duration=3.73µs
2026/09/17 03:01:08 INFO end lazy group evaluation field=Container.withDirectory group=write duration=213.259µs err="failed to get dagql server: current query: no query in context"
2026/09/17 03:01:08 INFO discarding dagql cache without persistence hasSQLDB=false hasPersistDB=false
2026/09/17 03:01:08 INFO start lazy group evaluation field=test.base group=mount:/m
2026/09/17 03:01:08 INFO end lazy group evaluation field=test.base group=mount:/m duration=4.16µs
2026/09/17 03:01:08 INFO end lazy group evaluation field=Container.withDirectory group=write duration=81.35µs err="failed to get dagql server: current query: no query in context"
2026/09/17 03:01:08 INFO discarding dagql cache without persistence hasSQLDB=false hasPersistDB=false
--- PASS: TestContainerPathWriterRouting (0.00s)
    --- PASS: TestContainerPathWriterRouting/rootfs (0.00s)
    --- PASS: TestContainerPathWriterRouting/mount (0.00s)
=== RUN   TestContainerPathWriterExactMountRemoval
=== RUN   TestContainerPathWriterExactMountRemoval/with_directory_removes_file_mount
2026/09/17 03:01:08 INFO start lazy group evaluation field=Container.withDirectory group=metadata
2026/09/17 03:01:08 INFO start lazy group evaluation field=test.base group=metadata
2026/09/17 03:01:08 INFO end lazy group evaluation field=test.base group=metadata duration=4.07µs
2026/09/17 03:01:08 INFO end lazy group evaluation field=Container.withDirectory group=metadata duration=29.05µs
2026/09/17 03:01:08 INFO discarding dagql cache without persistence hasSQLDB=false hasPersistDB=false
=== RUN   TestContainerPathWriterExactMountRemoval/with_file_removes_directory_mount
2026/09/17 03:01:08 INFO start lazy group evaluation field=Container.withFile group=metadata
2026/09/17 03:01:08 INFO start lazy group evaluation field=test.base group=metadata
2026/09/17 03:01:08 INFO end lazy group evaluation field=test.base group=metadata duration=3.95µs
2026/09/17 03:01:08 INFO end lazy group evaluation field=Container.withFile group=metadata duration=22.99µs
2026/09/17 03:01:08 INFO discarding dagql cache without persistence hasSQLDB=false hasPersistDB=false
--- PASS: TestContainerPathWriterExactMountRemoval (0.00s)
    --- PASS: TestContainerPathWriterExactMountRemoval/with_directory_removes_file_mount (0.00s)
    --- PASS: TestContainerPathWriterExactMountRemoval/with_file_removes_directory_mount (0.00s)
=== RUN   TestContainerWithoutPathFullEvaluationWithEmptyRootFS
2026/09/17 03:01:08 INFO start lazy group evaluation field=Container.withoutPath group=metadata
2026/09/17 03:01:08 INFO end lazy group evaluation field=Container.withoutPath group=metadata duration=9.15µs
2026/09/17 03:01:08 INFO start lazy group evaluation field=Container.withoutPath group=execMeta
2026/09/17 03:01:08 INFO end lazy group evaluation field=Container.withoutPath group=execMeta duration=1.92µs
2026/09/17 03:01:08 INFO start lazy group evaluation field=Container.withoutPath group=write
2026/09/17 03:01:08 INFO end lazy group evaluation field=Container.withoutPath group=write duration=9.74µs
2026/09/17 03:01:08 INFO discarding dagql cache without persistence hasSQLDB=false hasPersistDB=false
--- PASS: TestContainerWithoutPathFullEvaluationWithEmptyRootFS (0.00s)
=== RUN   TestContainerWithoutPathsJointWriteGroup
--- PASS: TestContainerWithoutPathsJointWriteGroup (0.00s)
=== RUN   TestContainerGetVariantRefsEvaluatesImageParts
2026/09/17 03:01:08 INFO start lazy group evaluation field=test.base group=metadata
2026/09/17 03:01:08 INFO end lazy group evaluation field=test.base group=metadata duration=5.77µs
2026/09/17 03:01:08 INFO start lazy group evaluation field=test.base group=fs
2026/09/17 03:01:08 INFO end lazy group evaluation field=test.base group=fs duration=6.93µs
2026/09/17 03:01:08 INFO discarding dagql cache without persistence hasSQLDB=false hasPersistDB=false
--- PASS: TestContainerGetVariantRefsEvaluatesImageParts (0.00s)
=== RUN   TestContainerMetadataChainLeavesSnapshotGroupsPending
=== PAUSE TestContainerMetadataChainLeavesSnapshotGroupsPending
=== RUN   TestContainerDirectEvaluateRunsRefinedGroups
=== PAUSE TestContainerDirectEvaluateRunsRefinedGroups
=== RUN   TestContainerDelegationOverwritesStalePreCopiedAccessor
=== PAUSE TestContainerDelegationOverwritesStalePreCopiedAccessor
=== RUN   TestContainerConcurrentGroupCompletionRetainsLazy
=== PAUSE TestContainerConcurrentGroupCompletionRetainsLazy
=== RUN   TestContainerRoutingReadsRaceRefinedCompletion
=== PAUSE TestContainerRoutingReadsRaceRefinedCompletion
=== RUN   TestContainerRoutingReadsRaceUnrefinedCompletion
=== PAUSE TestContainerRoutingReadsRaceUnrefinedCompletion
=== RUN   TestContainerHasPendingFallbackRacesDirectCompletion
=== PAUSE TestContainerHasPendingFallbackRacesDirectCompletion
=== RUN   TestContainerPersistedUnsupportedTargetPreservesConsumedExecMeta
=== RUN   TestContainerPersistedUnsupportedTargetPreservesConsumedExecMeta/tmpfs
2026/09/17 03:01:08 INFO start lazy group evaluation field=Container.withDirectory group=metadata
2026/09/17 03:01:08 INFO end lazy group evaluation field=Container.withDirectory group=metadata duration=28.63µs
2026/09/17 03:01:08 INFO start lazy group evaluation field=Container.withDirectory group=execMeta
2026/09/17 03:01:08 INFO end lazy group evaluation field=Container.withDirectory group=execMeta duration=9.22µs
2026/09/17 03:01:08 INFO starting dagql cache close hasSQLDB=true hasPersistDB=true
2026/09/17 03:01:08 INFO marking dagql cache clean shutdown
2026/09/17 03:01:08 WARN successfully marked clean shutdown in persistence metadata
2026/09/17 03:01:08 INFO completed dagql cache close successfully
2026/09/17 03:01:08 INFO start lazy group evaluation field="Container stored part" group=open:execMeta
2026/09/17 03:01:08 INFO end lazy group evaluation field="Container stored part" group=open:execMeta duration=16.02µs
2026/09/17 03:01:08 INFO starting dagql cache close hasSQLDB=true hasPersistDB=true
2026/09/17 03:01:08 INFO marking dagql cache clean shutdown
2026/09/17 03:01:08 WARN successfully marked clean shutdown in persistence metadata
2026/09/17 03:01:08 INFO completed dagql cache close successfully
=== RUN   TestContainerPersistedUnsupportedTargetPreservesConsumedExecMeta/cache
2026/09/17 03:01:08 INFO start lazy group evaluation field=Container.withDirectory group=metadata
2026/09/17 03:01:08 INFO end lazy group evaluation field=Container.withDirectory group=metadata duration=24.32µs
2026/09/17 03:01:08 INFO start lazy group evaluation field=Container.withDirectory group=execMeta
2026/09/17 03:01:08 INFO end lazy group evaluation field=Container.withDirectory group=execMeta duration=5.32µs
2026/09/17 03:01:08 INFO starting dagql cache close hasSQLDB=true hasPersistDB=true
2026/09/17 03:01:08 INFO marking dagql cache clean shutdown
2026/09/17 03:01:08 WARN successfully marked clean shutdown in persistence metadata
2026/09/17 03:01:08 INFO completed dagql cache close successfully
2026/09/17 03:01:08 INFO start lazy group evaluation field="Container stored part" group=open:execMeta
2026/09/17 03:01:08 INFO end lazy group evaluation field="Container stored part" group=open:execMeta duration=15.65µs
2026/09/17 03:01:08 INFO starting dagql cache close hasSQLDB=true hasPersistDB=true
2026/09/17 03:01:08 INFO marking dagql cache clean shutdown
2026/09/17 03:01:08 WARN successfully marked clean shutdown in persistence metadata
2026/09/17 03:01:08 INFO completed dagql cache close successfully
--- PASS: TestContainerPersistedUnsupportedTargetPreservesConsumedExecMeta (0.04s)
    --- PASS: TestContainerPersistedUnsupportedTargetPreservesConsumedExecMeta/tmpfs (0.03s)
    --- PASS: TestContainerPersistedUnsupportedTargetPreservesConsumedExecMeta/cache (0.02s)
=== RUN   TestContainerRestoreIndependentParts
2026/09/17 03:01:08 INFO start lazy group evaluation field="Container stored part" group=open:fs
2026/09/17 03:01:08 INFO end lazy group evaluation field="Container stored part" group=open:fs duration=29.59µs
2026/09/17 03:01:08 INFO start lazy group evaluation field="Container stored part" group=open:execMeta
2026/09/17 03:01:08 INFO end lazy group evaluation field="Container stored part" group=open:execMeta duration=11.45µs
2026/09/17 03:01:08 INFO discarding dagql cache without persistence hasSQLDB=false hasPersistDB=false
--- PASS: TestContainerRestoreIndependentParts (0.00s)
=== RUN   TestContainerRestoreAttachedMetadataLeavesFSUntouched
2026/09/17 03:01:08 INFO start lazy group evaluation field="Container stored part" group=open:fs
2026/09/17 03:01:08 INFO end lazy group evaluation field="Container stored part" group=open:fs duration=20.2µs
2026/09/17 03:01:08 INFO start lazy group evaluation field=Container.withLabel group=fs
2026/09/17 03:01:08 INFO end lazy group evaluation field=Container.withLabel group=fs duration=15.53µs
2026/09/17 03:01:08 INFO start lazy group evaluation field=Container.withLabel group=execMeta
2026/09/17 03:01:08 INFO end lazy group evaluation field=Container.withLabel group=execMeta duration=8.04µs
2026/09/17 03:01:08 INFO discarding dagql cache without persistence hasSQLDB=false hasPersistDB=false
--- PASS: TestContainerRestoreAttachedMetadataLeavesFSUntouched (0.00s)
=== RUN   TestContainerRestoreConcurrentParts
2026/09/17 03:01:08 INFO start lazy group evaluation field="Container stored part" group=open:fs
2026/09/17 03:01:08 INFO start lazy group evaluation field="Container stored part" group=open:execMeta
2026/09/17 03:01:08 INFO end lazy group evaluation field="Container stored part" group=open:execMeta duration=10.64µs
2026/09/17 03:01:08 INFO end lazy group evaluation field="Container stored part" group=open:fs duration=56.17µs
2026/09/17 03:01:08 INFO discarding dagql cache without persistence hasSQLDB=false hasPersistDB=false
--- PASS: TestContainerRestoreConcurrentParts (0.00s)
=== RUN   TestContainerRestoreOpenFailureKeepsRecipeConsumed
2026/09/17 03:01:08 INFO start lazy group evaluation field="Container stored part" group=open:fs
2026/09/17 03:01:08 INFO end lazy group evaluation field="Container stored part" group=open:fs duration=19.65µs err="open stored container part \"fs\": stored snapshot temporarily unavailable"
2026/09/17 03:01:08 INFO start lazy group evaluation field="Container stored part" group=open:fs
2026/09/17 03:01:08 INFO end lazy group evaluation field="Container stored part" group=open:fs duration=23.41µs
2026/09/17 03:01:08 INFO start lazy group evaluation field=test.base group=execMeta
2026/09/17 03:01:08 INFO end lazy group evaluation field=test.base group=execMeta duration=12.1µs
2026/09/17 03:01:08 INFO discarding dagql cache without persistence hasSQLDB=false hasPersistDB=false
--- PASS: TestContainerRestoreOpenFailureKeepsRecipeConsumed (0.00s)
=== RUN   TestContainerPersistedPartsIgnorePendingAccessorSeeds
2026/09/17 03:01:08 INFO start lazy group evaluation field=test.base group=metadata
2026/09/17 03:01:08 INFO end lazy group evaluation field=test.base group=metadata duration=17.93µs
--- PASS: TestContainerPersistedPartsIgnorePendingAccessorSeeds (0.00s)
=== RUN   TestContainerPersistedJointOutputsSeedOriginalAndOpenIndependently
2026/09/17 03:01:08 INFO start lazy group evaluation field="Container stored part" group=open:execMeta
2026/09/17 03:01:08 INFO end lazy group evaluation field="Container stored part" group=open:execMeta duration=15.07µs
2026/09/17 03:01:08 INFO start lazy group evaluation field="Container stored part" group=open:fs
2026/09/17 03:01:08 INFO end lazy group evaluation field="Container stored part" group=open:fs duration=12.35µs
2026/09/17 03:01:08 INFO discarding dagql cache without persistence hasSQLDB=false hasPersistDB=false
--- PASS: TestContainerPersistedJointOutputsSeedOriginalAndOpenIndependently (0.00s)
=== RUN   TestContainerPersistedPartsRejectMissingCompletedValue
--- PASS: TestContainerPersistedPartsRejectMissingCompletedValue (0.00s)
=== RUN   TestContainerRestoreReportingAndBookkeepingRetry
=== RUN   TestContainerRestoreReportingAndBookkeepingRetry/stored_only
2026/09/17 03:01:08 INFO start lazy group evaluation field="Container stored part" group=open:fs
2026/09/17 03:01:08 INFO end lazy group evaluation field="Container stored part" group=open:fs duration=21.58µs
2026/09/17 03:01:08 INFO discarding dagql cache without persistence hasSQLDB=false hasPersistDB=false
=== RUN   TestContainerRestoreReportingAndBookkeepingRetry/pending_sibling
2026/09/17 03:01:08 INFO start lazy group evaluation field="Container stored part" group=open:fs
2026/09/17 03:01:08 INFO end lazy group evaluation field="Container stored part" group=open:fs duration=64.2µs
2026/09/17 03:01:08 INFO start lazy group evaluation field=test.base group=execMeta
2026/09/17 03:01:08 INFO end lazy group evaluation field=test.base group=execMeta duration=18.35µs
2026/09/17 03:01:08 INFO discarding dagql cache without persistence hasSQLDB=false hasPersistDB=false
--- PASS: TestContainerRestoreReportingAndBookkeepingRetry (0.00s)
    --- PASS: TestContainerRestoreReportingAndBookkeepingRetry/stored_only (0.00s)
    --- PASS: TestContainerRestoreReportingAndBookkeepingRetry/pending_sibling (0.00s)
=== RUN   TestContainerRestoreSnapshotOwnershipAndRelease
2000/01/01 00:00:00 INFO start lazy group evaluation field="Container stored part" group=open:fs
2000/01/01 00:00:00 INFO end lazy group evaluation field="Container stored part" group=open:fs duration=0s
2000/01/01 00:00:00 INFO start lazy group evaluation field="Container stored part" group=open:fs
2000/01/01 00:00:00 INFO end lazy group evaluation field="Container stored part" group=open:fs duration=0s
2000/01/01 00:00:00 INFO discarding dagql cache without persistence hasSQLDB=false hasPersistDB=false
--- PASS: TestContainerRestoreSnapshotOwnershipAndRelease (0.00s)
=== RUN   TestContainerPersistedDetachedFileAndDirectoryPaths
2026/09/17 03:01:08 INFO starting dagql cache close hasSQLDB=true hasPersistDB=true
2026/09/17 03:01:08 INFO marking dagql cache clean shutdown
2026/09/17 03:01:08 WARN successfully marked clean shutdown in persistence metadata
2026/09/17 03:01:08 INFO completed dagql cache close successfully
2026/09/17 03:01:08 INFO start lazy group evaluation field="Container stored part" group=open:mount:/file
2026/09/17 03:01:08 INFO end lazy group evaluation field="Container stored part" group=open:mount:/file duration=26.79µs
2026/09/17 03:01:08 INFO start lazy group evaluation field="Container stored part" group=open:mount:/dir
2026/09/17 03:01:08 INFO end lazy group evaluation field="Container stored part" group=open:mount:/dir duration=9.32µs
2026/09/17 03:01:08 INFO start lazy group evaluation field="Container stored part" group=open:fs
2026/09/17 03:01:08 INFO end lazy group evaluation field="Container stored part" group=open:fs duration=61.58µs
2026/09/17 03:01:08 INFO discarding dagql cache without persistence hasSQLDB=true hasPersistDB=true
--- PASS: TestContainerPersistedDetachedFileAndDirectoryPaths (0.02s)
=== RUN   TestContainerRestoreAttemptLifetime
=== RUN   TestContainerRestoreAttemptLifetime/cancel_leader_with_healthy_waiter
2000/01/01 00:00:00 INFO start lazy group evaluation field="Container stored part" group=open:fs
2000/01/01 00:00:00 INFO end lazy group evaluation field="Container stored part" group=open:fs duration=0s
2000/01/01 00:00:00 INFO discarding dagql cache without persistence hasSQLDB=false hasPersistDB=false
=== RUN   TestContainerRestoreAttemptLifetime/release_during_open
2000/01/01 00:00:00 INFO start lazy group evaluation field="Container stored part" group=open:fs
2000/01/01 00:00:00 INFO end lazy group evaluation field="Container stored part" group=open:fs duration=0s
2000/01/01 00:00:00 INFO discarding dagql cache without persistence hasSQLDB=false hasPersistDB=false
--- PASS: TestContainerRestoreAttemptLifetime (0.00s)
    --- PASS: TestContainerRestoreAttemptLifetime/cancel_leader_with_healthy_waiter (0.00s)
    --- PASS: TestContainerRestoreAttemptLifetime/release_during_open (0.00s)
=== RUN   TestContainerDirectorySelectorReturnsRootFSErrorBeforeSelection
=== PAUSE TestContainerDirectorySelectorReturnsRootFSErrorBeforeSelection
=== RUN   TestContainerDirectorySelectorLeavesSiblingMountsPending
=== PAUSE TestContainerDirectorySelectorLeavesSiblingMountsPending
=== RUN   TestContainerRootFSSelectorLeavesMountsPending
=== PAUSE TestContainerRootFSSelectorLeavesMountsPending
=== RUN   TestContainerStdoutSkipsReadOnlyMountDelegation
=== PAUSE TestContainerStdoutSkipsReadOnlyMountDelegation
=== RUN   TestContainerShutdownPersistenceWaitsForReader
=== RUN   TestContainerShutdownPersistenceWaitsForReader/pending
2026/09/17 03:01:08 INFO start lazy group evaluation field=Container.withLabel group=metadata
2026/09/17 03:01:08 INFO end lazy group evaluation field=Container.withLabel group=metadata duration=16.22µs
2026/09/17 03:01:08 INFO starting dagql cache close hasSQLDB=true hasPersistDB=true
    container_shutdown_persistence_test.go:106: observed shutdown waiting for the read-only latch:
        goroutine 1506 [sync.Mutex.Lock]:
        internal/sync.runtime_SemacquireMutex(0x32ac59996fc8?, 0x3f?, 0x3333460?)
        	/home/exedev/go/pkg/mod/golang.org/toolchain@v0.0.1-go1.26.6.linux-amd64/src/runtime/sema.go:95 +0x25
        internal/sync.(*Mutex).lockSlow(0x32ac59d68778)
        	/home/exedev/go/pkg/mod/golang.org/toolchain@v0.0.1-go1.26.6.linux-amd64/src/internal/sync/mutex.go:149 +0x15d
        internal/sync.(*Mutex).Lock(...)
        	/home/exedev/go/pkg/mod/golang.org/toolchain@v0.0.1-go1.26.6.linux-amd64/src/internal/sync/mutex.go:70
        sync.(*Mutex).Lock(...)
        	/home/exedev/go/pkg/mod/golang.org/toolchain@v0.0.1-go1.26.6.linux-amd64/src/sync/mutex.go:46
        github.com/dagger/dagger/core.(*Container).lockLazyForPersistence(0x36b5ec0?, {0x3e35328, 0x32ac599b4960}, 0x1)
        	/home/exedev/.tailcall/worktrees/dagger-a7378ed8352b/offers-implementer-implementation-fb886a62-b340004e/core/container_persistence.go:122 +0x11a
        github.com/dagger/dagger/core.(*Container).EncodePersistedObject(0x32ac595c7b08, {0x3e37188, 0x32ac5a0883c0}, 0x32ac596fe0c0)
        	/home/exedev/.tailcall/worktrees/dagger-a7378ed8352b/offers-implementer-implementation-fb886a62-b340004e/core/container_persistence.go:54 +0x1a5
        github.com/dagger/dagger/dagql.encodePersistedResultEnvelope({0x3e37188, 0x32ac5a0883c0}, 0x32ac596fe0c0, {0x3e6bb70, _}, _)
        	/home/exedev/.tailcall/worktrees/dagger-a7378ed8352b/offers-implementer-implementation-fb886a62-b340004e/dagql/cache_persistence_self.go:227 +0x6ff
        github.com/dagger/dagger/dagql.defaultPersistedSelfCodec.EncodeResult({}, {0x3e37188, 0x32ac5a0883c0}, {0x3dfd1e0, 0x32ac5a113808}, {_, _})
        	/home/exedev/.tailcall/worktrees/dagger-a7378ed8352b/offers-implementer-implementation-fb886a62-b340004e/dagql/cache_persistence_self.go:123 +0x234
        github.com/dagger/dagger/dagql.(*Cache).persistResultEnvelope(0x32ac5a113808, {0x3e37188?, 0x32ac594cc690?}, 0x32ac59ebc128)
        	/home/exedev/.tailcall/worktrees/dagger-a7378ed8352b/offers-implementer-implementation-fb886a62-b340004e/dagql/cache_persistence_worker.go:538 +0x30f
        github.com/dagger/dagger/dagql.(*Cache).snapshotPersistState(_, {_, _})
        	/home/exedev/.tailcall/worktrees/dagger-a7378ed8352b/offers-implementer-implementation-fb886a62-b340004e/dagql/cache_persistence_worker.go:258 +0x20dd
        github.com/dagger/dagger/dagql.(*Cache).persistCurrentState(0x32ac5a113808, {0x3e37188, 0x32ac594cc690})
        	/home/exedev/.tailcall/worktrees/dagger-a7378ed8352b/offers-implementer-implementation-fb886a62-b340004e/dagql/cache_persistence_worker.go:19 +0x9c
        github.com/dagger/dagger/dagql.(*Cache).CloseWithShutdownError.func1()
        	/home/exedev/.tailcall/worktrees/dagger-a7378ed8352b/offers-implementer-implementation-fb886a62-b340004e/dagql/cache.go:4569 +0x592
        sync.(*Once).doSlow(0x0?, 0x0?)
        	/home/exedev/go/pkg/mod/golang.org/toolchain@v0.0.1-go1.26.6.linux-amd64/src/sync/once.go:78 +0xac
        sync.(*Once).Do(...)
        	/home/exedev/go/pkg/mod/golang.org/toolchain@v0.0.1-go1.26.6.linux-amd64/src/sync/once.go:69
        github.com/dagger/dagger/dagql.(*Cache).CloseWithShutdownError(0x32ac5a113808, {0x3e37188?, 0x32ac594cc690?}, {0x0?, 0x0?})
        	/home/exedev/.tailcall/worktrees/dagger-a7378ed8352b/offers-implementer-implementation-fb886a62-b340004e/dagql/cache.go:4551 +0x68
        github.com/dagger/dagger/dagql.(*Cache).Close(...)
        	/home/exedev/.tailcall/worktrees/dagger-a7378ed8352b/offers-implementer-implementation-fb886a62-b340004e/dagql/cache.go:4542
        github.com/dagger/dagger/core.TestContainerShutdownPersistenceWaitsForReader.func1.4()
        	/home/exedev/.tailcall/worktrees/dagger-a7378ed8352b/offers-implementer-implementation-fb886a62-b340004e/core/container_shutdown_persistence_test.go:105 +0x32
        created by github.com/dagger/dagger/core.TestContainerShutdownPersistenceWaitsForReader.func1 in goroutine 1471
        	/home/exedev/.tailcall/worktrees/dagger-a7378ed8352b/offers-implementer-implementation-fb886a62-b340004e/core/container_shutdown_persistence_test.go:105 +0xdd1
2026/09/17 03:01:08 INFO marking dagql cache clean shutdown
2026/09/17 03:01:08 WARN successfully marked clean shutdown in persistence metadata
2026/09/17 03:01:08 INFO completed dagql cache close successfully
2026/09/17 03:01:08 INFO discarding dagql cache without persistence hasSQLDB=true hasPersistDB=true
=== RUN   TestContainerShutdownPersistenceWaitsForReader/completed
2026/09/17 03:01:08 INFO start lazy group evaluation field=Container.withLabel group=metadata
2026/09/17 03:01:08 INFO end lazy group evaluation field=Container.withLabel group=metadata duration=26.57µs
2026/09/17 03:01:08 INFO start lazy group evaluation field=Container.withLabel group=fs
2026/09/17 03:01:08 INFO end lazy group evaluation field=Container.withLabel group=fs duration=2.51µs
2026/09/17 03:01:08 INFO start lazy group evaluation field=Container.withLabel group=execMeta
2026/09/17 03:01:08 INFO end lazy group evaluation field=Container.withLabel group=execMeta duration=1.89µs
2026/09/17 03:01:08 INFO starting dagql cache close hasSQLDB=true hasPersistDB=true
    container_shutdown_persistence_test.go:106: observed shutdown waiting for the read-only latch:
        goroutine 1602 [sync.Mutex.Lock]:
        internal/sync.runtime_SemacquireMutex(0x32ac593e0fc8?, 0x3f?, 0x3333460?)
        	/home/exedev/go/pkg/mod/golang.org/toolchain@v0.0.1-go1.26.6.linux-amd64/src/runtime/sema.go:95 +0x25
        internal/sync.(*Mutex).lockSlow(0x32ac5a0187f8)
        	/home/exedev/go/pkg/mod/golang.org/toolchain@v0.0.1-go1.26.6.linux-amd64/src/internal/sync/mutex.go:149 +0x15d
        internal/sync.(*Mutex).Lock(...)
        	/home/exedev/go/pkg/mod/golang.org/toolchain@v0.0.1-go1.26.6.linux-amd64/src/internal/sync/mutex.go:70
        sync.(*Mutex).Lock(...)
        	/home/exedev/go/pkg/mod/golang.org/toolchain@v0.0.1-go1.26.6.linux-amd64/src/sync/mutex.go:46
        github.com/dagger/dagger/core.(*Container).lockLazyForPersistence(0x36b5ec0?, {0x3e35328, 0x32ac59b826e0}, 0x1)
        	/home/exedev/.tailcall/worktrees/dagger-a7378ed8352b/offers-implementer-implementation-fb886a62-b340004e/core/container_persistence.go:122 +0x11a
        github.com/dagger/dagger/core.(*Container).EncodePersistedObject(0x32ac59a3e608, {0x3e37188, 0x32ac59dfe150}, 0x32ac598a72c0)
        	/home/exedev/.tailcall/worktrees/dagger-a7378ed8352b/offers-implementer-implementation-fb886a62-b340004e/core/container_persistence.go:54 +0x1a5
        github.com/dagger/dagger/dagql.encodePersistedResultEnvelope({0x3e37188, 0x32ac59dfe150}, 0x32ac598a72c0, {0x3e6bb70, _}, _)
        	/home/exedev/.tailcall/worktrees/dagger-a7378ed8352b/offers-implementer-implementation-fb886a62-b340004e/dagql/cache_persistence_self.go:227 +0x6ff
        github.com/dagger/dagger/dagql.defaultPersistedSelfCodec.EncodeResult({}, {0x3e37188, 0x32ac59dfe150}, {0x3dfd1e0, 0x32ac59c99b08}, {_, _})
        	/home/exedev/.tailcall/worktrees/dagger-a7378ed8352b/offers-implementer-implementation-fb886a62-b340004e/dagql/cache_persistence_self.go:123 +0x234
        github.com/dagger/dagger/dagql.(*Cache).persistResultEnvelope(0x32ac59c99b08, {0x3e37188?, 0x32ac59b3ca80?}, 0x32ac59ec4628)
        	/home/exedev/.tailcall/worktrees/dagger-a7378ed8352b/offers-implementer-implementation-fb886a62-b340004e/dagql/cache_persistence_worker.go:538 +0x30f
        github.com/dagger/dagger/dagql.(*Cache).snapshotPersistState(_, {_, _})
        	/home/exedev/.tailcall/worktrees/dagger-a7378ed8352b/offers-implementer-implementation-fb886a62-b340004e/dagql/cache_persistence_worker.go:258 +0x20dd
        github.com/dagger/dagger/dagql.(*Cache).persistCurrentState(0x32ac59c99b08, {0x3e37188, 0x32ac59b3ca80})
        	/home/exedev/.tailcall/worktrees/dagger-a7378ed8352b/offers-implementer-implementation-fb886a62-b340004e/dagql/cache_persistence_worker.go:19 +0x9c
        github.com/dagger/dagger/dagql.(*Cache).CloseWithShutdownError.func1()
        	/home/exedev/.tailcall/worktrees/dagger-a7378ed8352b/offers-implementer-implementation-fb886a62-b340004e/dagql/cache.go:4569 +0x592
        sync.(*Once).doSlow(0x0?, 0x0?)
        	/home/exedev/go/pkg/mod/golang.org/toolchain@v0.0.1-go1.26.6.linux-amd64/src/sync/once.go:78 +0xac
        sync.(*Once).Do(...)
        	/home/exedev/go/pkg/mod/golang.org/toolchain@v0.0.1-go1.26.6.linux-amd64/src/sync/once.go:69
        github.com/dagger/dagger/dagql.(*Cache).CloseWithShutdownError(0x32ac59c99b08, {0x3e37188?, 0x32ac59b3ca80?}, {0x0?, 0x0?})
        	/home/exedev/.tailcall/worktrees/dagger-a7378ed8352b/offers-implementer-implementation-fb886a62-b340004e/dagql/cache.go:4551 +0x68
        github.com/dagger/dagger/dagql.(*Cache).Close(...)
        	/home/exedev/.tailcall/worktrees/dagger-a7378ed8352b/offers-implementer-implementation-fb886a62-b340004e/dagql/cache.go:4542
        github.com/dagger/dagger/core.TestContainerShutdownPersistenceWaitsForReader.func1.4()
        	/home/exedev/.tailcall/worktrees/dagger-a7378ed8352b/offers-implementer-implementation-fb886a62-b340004e/core/container_shutdown_persistence_test.go:105 +0x32
        created by github.com/dagger/dagger/core.TestContainerShutdownPersistenceWaitsForReader.func1 in goroutine 1567
        	/home/exedev/.tailcall/worktrees/dagger-a7378ed8352b/offers-implementer-implementation-fb886a62-b340004e/core/container_shutdown_persistence_test.go:105 +0xdd1
2026/09/17 03:01:08 INFO marking dagql cache clean shutdown
2026/09/17 03:01:08 WARN successfully marked clean shutdown in persistence metadata
2026/09/17 03:01:08 INFO completed dagql cache close successfully
2026/09/17 03:01:08 INFO discarding dagql cache without persistence hasSQLDB=true hasPersistDB=true
--- PASS: TestContainerShutdownPersistenceWaitsForReader (0.04s)
    --- PASS: TestContainerShutdownPersistenceWaitsForReader/pending (0.02s)
    --- PASS: TestContainerShutdownPersistenceWaitsForReader/completed (0.02s)
=== RUN   TestIsKnownDockerfileSyntaxFrontend
=== PAUSE TestIsKnownDockerfileSyntaxFrontend
=== RUN   TestIsKnownDockerfileSyntaxFrontendUnknown
=== PAUSE TestIsKnownDockerfileSyntaxFrontendUnknown
=== RUN   TestAroundFuncRoutesPayloadsBeforeSpanDeduplication
--- PASS: TestAroundFuncRoutesPayloadsBeforeSpanDeduplication (0.00s)
=== RUN   TestAroundFuncLogsOnlyPayloadsMissingFromSpans
2026/09/17 03:01:08 INFO start call field=Void.agent digest=xxh3:61c2befaf9462852
2026/09/17 03:01:08 INFO end call field=Void.agent cached=false digest=xxh3:61c2befaf9462852
--- PASS: TestAroundFuncLogsOnlyPayloadsMissingFromSpans (0.00s)
=== RUN   TestRecordCallPayloadsEmitsTransitiveClosure
--- PASS: TestRecordCallPayloadsEmitsTransitiveClosure (0.00s)
=== RUN   TestRecordCallPayloadsSkipsFramesDeliveredBySpans
--- PASS: TestRecordCallPayloadsSkipsFramesDeliveredBySpans (0.00s)
=== RUN   TestRecordCallPayloadsDedupesPerDeliveryDomain
--- PASS: TestRecordCallPayloadsDedupesPerDeliveryDomain (0.00s)
=== RUN   TestRecordCallPayloadsRequiresSeenKeyStore
--- PASS: TestRecordCallPayloadsRequiresSeenKeyStore (0.00s)
=== RUN   TestCopyAttemptUnpackNonArchiveSingleFileDestDirHintCreatesDestDir
=== PAUSE TestCopyAttemptUnpackNonArchiveSingleFileDestDirHintCreatesDestDir
=== RUN   TestCopyAttemptUnpackNonArchiveSingleFileNoDestDirHintCopiesToExactPath
=== PAUSE TestCopyAttemptUnpackNonArchiveSingleFileNoDestDirHintCopiesToExactPath
=== RUN   TestLayercopyModePreservesSpecialPermissionBits
=== RUN   TestLayercopyModePreservesSpecialPermissionBits/sticky
=== RUN   TestLayercopyModePreservesSpecialPermissionBits/all
=== RUN   TestLayercopyModePreservesSpecialPermissionBits/setuid
=== RUN   TestLayercopyModePreservesSpecialPermissionBits/setgid
--- PASS: TestLayercopyModePreservesSpecialPermissionBits (0.00s)
    --- PASS: TestLayercopyModePreservesSpecialPermissionBits/sticky (0.00s)
    --- PASS: TestLayercopyModePreservesSpecialPermissionBits/all (0.00s)
    --- PASS: TestLayercopyModePreservesSpecialPermissionBits/setuid (0.00s)
    --- PASS: TestLayercopyModePreservesSpecialPermissionBits/setgid (0.00s)
=== RUN   TestConvertRejectToMarkers
=== RUN   TestConvertRejectToMarkers/rejected_hunk_becomes_a_marker_block_at_its_old_position
=== RUN   TestConvertRejectToMarkers/multiple_hunks_insert_bottom-up_without_shifting
=== RUN   TestConvertRejectToMarkers/hunk_position_past_end_of_file_clamps_to_end
=== RUN   TestConvertRejectToMarkers/missing_target_file_gets_created_with_the_marker_block
--- PASS: TestConvertRejectToMarkers (0.00s)
    --- PASS: TestConvertRejectToMarkers/rejected_hunk_becomes_a_marker_block_at_its_old_position (0.00s)
    --- PASS: TestConvertRejectToMarkers/multiple_hunks_insert_bottom-up_without_shifting (0.00s)
    --- PASS: TestConvertRejectToMarkers/hunk_position_past_end_of_file_clamps_to_end (0.00s)
    --- PASS: TestConvertRejectToMarkers/missing_target_file_gets_created_with_the_marker_block (0.00s)
=== RUN   TestFindRejectFiles
--- PASS: TestFindRejectFiles (0.00s)
=== RUN   TestApplyGitPatchLeaveMarkers
=== RUN   TestApplyGitPatchLeaveMarkers/a_rejected_hunk_becomes_conflict_markers
=== RUN   TestApplyGitPatchLeaveMarkers/a_file_that_cannot_be_patched_at_all_fails
--- PASS: TestApplyGitPatchLeaveMarkers (0.01s)
    --- PASS: TestApplyGitPatchLeaveMarkers/a_rejected_hunk_becomes_conflict_markers (0.00s)
    --- PASS: TestApplyGitPatchLeaveMarkers/a_file_that_cannot_be_patched_at_all_fails (0.01s)
=== RUN   TestWholeFileApplyErrors
--- PASS: TestWholeFileApplyErrors (0.00s)
=== RUN   TestError_Extensions
=== RUN   TestError_Extensions/simple_string_value
=== RUN   TestError_Extensions/number_value
=== RUN   TestError_Extensions/boolean_value
=== RUN   TestError_Extensions/null_value
=== RUN   TestError_Extensions/object_value
=== RUN   TestError_Extensions/array_value
=== RUN   TestError_Extensions/multiple_values
=== RUN   TestError_Extensions/empty_values
--- PASS: TestError_Extensions (0.00s)
    --- PASS: TestError_Extensions/simple_string_value (0.00s)
    --- PASS: TestError_Extensions/number_value (0.00s)
    --- PASS: TestError_Extensions/boolean_value (0.00s)
    --- PASS: TestError_Extensions/null_value (0.00s)
    --- PASS: TestError_Extensions/object_value (0.00s)
    --- PASS: TestError_Extensions/array_value (0.00s)
    --- PASS: TestError_Extensions/multiple_values (0.00s)
    --- PASS: TestError_Extensions/empty_values (0.00s)
=== RUN   TestError_Extensions_PreventDoubleEncoding
--- PASS: TestError_Extensions_PreventDoubleEncoding (0.00s)
=== RUN   TestCapturePersistedFilesystemDirectEvaluation
=== RUN   TestCapturePersistedFilesystemDirectEvaluation/File
2026/09/17 03:01:08 INFO start lazy evaluation field=File
2026/09/17 03:01:08 INFO end lazy evaluation field=File duration=62.07µs
    filesystem_capture_test.go:45: capture while File operation body latch held: err=capture persisted record 2: persist state not ready: filesystem body in use payload=
2026/09/17 03:01:08 INFO discarding dagql cache without persistence hasSQLDB=true hasPersistDB=true
=== RUN   TestCapturePersistedFilesystemDirectEvaluation/Directory
2026/09/17 03:01:08 INFO start lazy evaluation field=Directory
2026/09/17 03:01:08 INFO end lazy evaluation field=Directory duration=57.91µs
    filesystem_capture_test.go:45: capture while Directory operation body latch held: err=capture persisted record 2: persist state not ready: filesystem body in use payload=
2026/09/17 03:01:08 INFO discarding dagql cache without persistence hasSQLDB=true hasPersistDB=true
--- PASS: TestCapturePersistedFilesystemDirectEvaluation (0.32s)
    --- PASS: TestCapturePersistedFilesystemDirectEvaluation/File (0.31s)
    --- PASS: TestCapturePersistedFilesystemDirectEvaluation/Directory (0.01s)
=== RUN   TestFilesystemOutputRevision
=== RUN   TestFilesystemOutputRevision/File
=== RUN   TestFilesystemOutputRevision/Directory
--- PASS: TestFilesystemOutputRevision (0.00s)
    --- PASS: TestFilesystemOutputRevision/File (0.00s)
    --- PASS: TestFilesystemOutputRevision/Directory (0.00s)
=== RUN   TestFilesystemPersistenceRetainsBodyLatch
=== RUN   TestFilesystemPersistenceRetainsBodyLatch/File
=== RUN   TestFilesystemPersistenceRetainsBodyLatch/Directory
--- PASS: TestFilesystemPersistenceRetainsBodyLatch (0.00s)
    --- PASS: TestFilesystemPersistenceRetainsBodyLatch/File (0.00s)
    --- PASS: TestFilesystemPersistenceRetainsBodyLatch/Directory (0.00s)
=== RUN   TestFilesystemEvaluatedLazyOperationPersistence
=== RUN   TestFilesystemEvaluatedLazyOperationPersistence/Directory
2026/09/17 03:01:08 INFO start lazy evaluation field=Directory.directory
2026/09/17 03:01:08 INFO end lazy evaluation field=Directory.directory duration=94.01µs
2026/09/17 03:01:08 INFO starting dagql cache close hasSQLDB=true hasPersistDB=true
2026/09/17 03:01:08 INFO marking dagql cache clean shutdown
2026/09/17 03:01:08 WARN successfully marked clean shutdown in persistence metadata
2026/09/17 03:01:08 INFO completed dagql cache close successfully
2026/09/17 03:01:08 INFO start lazy evaluation field=Directory.restore
2026/09/17 03:01:08 INFO end lazy evaluation field=Directory.restore duration=23.72µs err="local snapshot unavailable"
2026/09/17 03:01:08 INFO start lazy evaluation field=Directory.restore
2026/09/17 03:01:08 INFO end lazy evaluation field=Directory.restore duration=8.1µs
2026/09/17 03:01:08 INFO discarding dagql cache without persistence hasSQLDB=true hasPersistDB=true
=== RUN   TestFilesystemEvaluatedLazyOperationPersistence/File
2026/09/17 03:01:08 INFO start lazy evaluation field=File.file
2026/09/17 03:01:08 INFO end lazy evaluation field=File.file duration=50.54µs
2026/09/17 03:01:08 INFO starting dagql cache close hasSQLDB=true hasPersistDB=true
2026/09/17 03:01:08 INFO marking dagql cache clean shutdown
2026/09/17 03:01:08 WARN successfully marked clean shutdown in persistence metadata
2026/09/17 03:01:08 INFO completed dagql cache close successfully
2026/09/17 03:01:08 INFO start lazy evaluation field=File.restore
2026/09/17 03:01:08 INFO end lazy evaluation field=File.restore duration=19.54µs err="local snapshot unavailable"
2026/09/17 03:01:08 INFO start lazy evaluation field=File.restore
2026/09/17 03:01:08 INFO end lazy evaluation field=File.restore duration=8.35µs
2026/09/17 03:01:08 INFO discarding dagql cache without persistence hasSQLDB=true hasPersistDB=true
=== RUN   TestFilesystemEvaluatedLazyOperationPersistence/Container.rootfs
2026/09/17 03:01:08 INFO start lazy evaluation field=Container.rootfs
2026/09/17 03:01:08 INFO end lazy evaluation field=Container.rootfs duration=32.17µs
2026/09/17 03:01:08 INFO starting dagql cache close hasSQLDB=true hasPersistDB=true
2026/09/17 03:01:08 INFO marking dagql cache clean shutdown
2026/09/17 03:01:08 WARN successfully marked clean shutdown in persistence metadata
2026/09/17 03:01:08 INFO completed dagql cache close successfully
2026/09/17 03:01:08 INFO start lazy evaluation field=Directory.restore
2026/09/17 03:01:08 INFO end lazy evaluation field=Directory.restore duration=23.44µs err="local snapshot unavailable"
2026/09/17 03:01:08 INFO start lazy evaluation field=Directory.restore
2026/09/17 03:01:08 INFO end lazy evaluation field=Directory.restore duration=5.38µs
2026/09/17 03:01:08 INFO discarding dagql cache without persistence hasSQLDB=true hasPersistDB=true
--- PASS: TestFilesystemEvaluatedLazyOperationPersistence (0.04s)
    --- PASS: TestFilesystemEvaluatedLazyOperationPersistence/Directory (0.01s)
    --- PASS: TestFilesystemEvaluatedLazyOperationPersistence/File (0.01s)
    --- PASS: TestFilesystemEvaluatedLazyOperationPersistence/Container.rootfs (0.02s)
=== RUN   TestForeignModuleContextReaders
=== RUN   TestForeignModuleContextReaders/stat
=== RUN   TestForeignModuleContextReaders/exists
=== RUN   TestForeignModuleContextReaders/directory
=== RUN   TestForeignModuleContextReaders/file
=== RUN   TestForeignModuleContextReaders/git
=== RUN   TestForeignModuleContextReaders/env
=== RUN   TestForeignModuleContextReaders/dependency
2026/09/17 03:01:08 INFO discarding dagql cache without persistence hasSQLDB=true hasPersistDB=true
--- PASS: TestForeignModuleContextReaders (0.01s)
    --- PASS: TestForeignModuleContextReaders/stat (0.00s)
    --- PASS: TestForeignModuleContextReaders/exists (0.00s)
    --- PASS: TestForeignModuleContextReaders/directory (0.00s)
    --- PASS: TestForeignModuleContextReaders/file (0.00s)
    --- PASS: TestForeignModuleContextReaders/git (0.00s)
    --- PASS: TestForeignModuleContextReaders/env (0.00s)
    --- PASS: TestForeignModuleContextReaders/dependency (0.00s)
=== RUN   TestModuleLoadFailureRegenerated
=== PAUSE TestModuleLoadFailureRegenerated
=== RUN   TestResolveGitBundleTargetPreservesAnnotatedTag
--- PASS: TestResolveGitBundleTargetPreservesAnnotatedTag (0.00s)
=== RUN   TestParseGitBundleHeader
=== RUN   TestParseGitBundleHeader/version_2
=== RUN   TestParseGitBundleHeader/version_3_sha256_with_prerequisite
=== RUN   TestParseGitBundleHeader/unsupported_capability
=== RUN   TestParseGitBundleHeader/duplicate_ref
=== RUN   TestParseGitBundleHeader/late_capability
=== RUN   TestParseGitBundleHeader/bad_signature
=== RUN   TestParseGitBundleHeader/truncated_header
=== RUN   TestParseGitBundleHeader/no_refs
=== RUN   TestParseGitBundleHeader/v2_with_capability
=== RUN   TestParseGitBundleHeader/missing_ref_name
=== RUN   TestParseGitBundleHeader/duplicate_capability
=== RUN   TestParseGitBundleHeader/bad_object_id
=== RUN   TestParseGitBundleHeader/bad_object_format
--- PASS: TestParseGitBundleHeader (0.00s)
    --- PASS: TestParseGitBundleHeader/version_2 (0.00s)
    --- PASS: TestParseGitBundleHeader/version_3_sha256_with_prerequisite (0.00s)
    --- PASS: TestParseGitBundleHeader/unsupported_capability (0.00s)
    --- PASS: TestParseGitBundleHeader/duplicate_ref (0.00s)
    --- PASS: TestParseGitBundleHeader/late_capability (0.00s)
    --- PASS: TestParseGitBundleHeader/bad_signature (0.00s)
    --- PASS: TestParseGitBundleHeader/truncated_header (0.00s)
    --- PASS: TestParseGitBundleHeader/no_refs (0.00s)
    --- PASS: TestParseGitBundleHeader/v2_with_capability (0.00s)
    --- PASS: TestParseGitBundleHeader/missing_ref_name (0.00s)
    --- PASS: TestParseGitBundleHeader/duplicate_capability (0.00s)
    --- PASS: TestParseGitBundleHeader/bad_object_id (0.00s)
    --- PASS: TestParseGitBundleHeader/bad_object_format (0.00s)
=== RUN   TestParseGitBundleHeaderRefLimit
--- PASS: TestParseGitBundleHeaderRefLimit (0.01s)
=== RUN   TestInspectGitBundleFileSafeguards
=== RUN   TestInspectGitBundleFileSafeguards/valid_envelope
=== RUN   TestInspectGitBundleFileSafeguards/truncated
=== RUN   TestInspectGitBundleFileSafeguards/corrupt
=== RUN   TestInspectGitBundleFileSafeguards/object_count
=== RUN   TestInspectGitBundleFileSafeguards/file_size
--- PASS: TestInspectGitBundleFileSafeguards (0.00s)
    --- PASS: TestInspectGitBundleFileSafeguards/valid_envelope (0.00s)
    --- PASS: TestInspectGitBundleFileSafeguards/truncated (0.00s)
    --- PASS: TestInspectGitBundleFileSafeguards/corrupt (0.00s)
    --- PASS: TestInspectGitBundleFileSafeguards/object_count (0.00s)
    --- PASS: TestInspectGitBundleFileSafeguards/file_size (0.00s)
=== RUN   TestParseGitCommitMetadata
--- PASS: TestParseGitCommitMetadata (0.00s)
=== RUN   TestParseGitCommitMetadataLenientTimezone
--- PASS: TestParseGitCommitMetadataLenientTimezone (0.00s)
=== RUN   TestParseGitTimezoneOffset
--- PASS: TestParseGitTimezoneOffset (0.00s)
=== RUN   TestSelectLatestGitRef
=== PAUSE TestSelectLatestGitRef
=== RUN   TestSelectLatestGitRefWithTagPrefix
=== PAUSE TestSelectLatestGitRefWithTagPrefix
=== RUN   TestSelectLatestGitRefFallsBackToHead
=== PAUSE TestSelectLatestGitRefFallsBackToHead
=== RUN   TestSelectLatestGitRefAnnotatedTag
=== PAUSE TestSelectLatestGitRefAnnotatedTag
=== RUN   TestSelectLatestGitRefOnlyPrereleasesFallsBackToHead
=== PAUSE TestSelectLatestGitRefOnlyPrereleasesFallsBackToHead
=== RUN   TestSelectLatestGitRefRejectsEquivalentVersions
=== PAUSE TestSelectLatestGitRefRejectsEquivalentVersions
=== RUN   TestSelectLatestGitRefAcceptsEquivalentVersionsWithSameSHA
=== PAUSE TestSelectLatestGitRefAcceptsEquivalentVersionsWithSameSHA
=== RUN   TestSelectLatestGitRefPrefersCompleteAliasAtDifferentCommit
=== PAUSE TestSelectLatestGitRefPrefersCompleteAliasAtDifferentCommit
=== RUN   TestSelectLatestGitRefAcceptsCalver
=== PAUSE TestSelectLatestGitRefAcceptsCalver
=== RUN   TestSelectGitRefWithVersionQuery
=== PAUSE TestSelectGitRefWithVersionQuery
=== RUN   TestSelectGitRefWithVersionQueryFallsBackToBranch
=== PAUSE TestSelectGitRefWithVersionQueryFallsBackToBranch
=== RUN   TestSelectGitRefWithVersionQueryPrefersTags
=== PAUSE TestSelectGitRefWithVersionQueryPrefersTags
=== RUN   TestValidateGitLatestRef
=== PAUSE TestValidateGitLatestRef
=== RUN   TestValidateGitLatestRefWithTagPrefix
=== PAUSE TestValidateGitLatestRefWithTagPrefix
=== RUN   TestGitRepositoryCloneWithBackendResetsRemoteMetadata
=== PAUSE TestGitRepositoryCloneWithBackendResetsRemoteMetadata
=== RUN   TestGitLazyOperationsEvaluate
    git_lazy_test.go:71: real native snapshot transfer requires read-only bind mount privileges: mount source: "/tmp/TestGitLazyOperationsEvaluate1032629992/001", target: "/tmp/snapshot-transfer-mount3646521181", fstype: bind, flags: 20481, data: "", err: operation not permitted
--- SKIP: TestGitLazyOperationsEvaluate (0.00s)
=== RUN   TestGitLazyOperationsRemoteEvaluate
    git_lazy_test.go:183: real native snapshot transfer requires read-only bind mount privileges: mount source: "/tmp/TestGitLazyOperationsRemoteEvaluate269357516/001", target: "/tmp/snapshot-transfer-mount4101128473", fstype: bind, flags: 20481, data: "", err: operation not permitted
--- SKIP: TestGitLazyOperationsRemoteEvaluate (0.00s)
=== RUN   TestGitBundleLazyOperationEvaluate
    git_lazy_test.go:241: real native snapshot transfer requires read-only bind mount privileges: mount source: "/tmp/TestGitBundleLazyOperationEvaluate2486849852/001", target: "/tmp/snapshot-transfer-mount3425798412", fstype: bind, flags: 20481, data: "", err: operation not permitted
--- SKIP: TestGitBundleLazyOperationEvaluate (0.00s)
=== RUN   TestRemoteFromCacheResultAcceptsStringPayload
--- PASS: TestRemoteFromCacheResultAcceptsStringPayload (0.00s)
=== RUN   TestRemoteFromCacheResultRejectsInvalidPayload
--- PASS: TestRemoteFromCacheResultRejectsInvalidPayload (0.00s)
=== RUN   TestRemoteMetadataCacheKeyIsolation
--- PASS: TestRemoteMetadataCacheKeyIsolation (0.00s)
=== RUN   TestNamedFetchRefSpecs
--- PASS: TestNamedFetchRefSpecs (0.00s)
=== RUN   TestNamedFetchRefSpecsChangesWithPinnedSHA
--- PASS: TestNamedFetchRefSpecsChangesWithPinnedSHA (0.00s)
=== RUN   TestNamespaceObjects
=== PAUSE TestNamespaceObjects
=== RUN   TestTypeDefWithNameVerbatim
=== PAUSE TestTypeDefWithNameVerbatim
=== RUN   TestEnumMemberNameFormatting
=== PAUSE TestEnumMemberNameFormatting
=== RUN   TestHostFindUpAllPrefersExistsFS
=== PAUSE TestHostFindUpAllPrefersExistsFS
=== RUN   TestHostFindUpAllFallsBackToStatFS
=== PAUSE TestHostFindUpAllFallsBackToStatFS
=== RUN   TestHTTPLocalBodyOwnership
    http_lazy_test.go:66: real native snapshot transfer requires read-only bind mount privileges: mount source: "/tmp/TestHTTPLocalBodyOwnership2375896890/001", target: "/tmp/snapshot-transfer-mount1313617859", fstype: bind, flags: 20481, data: "", err: operation not permitted
--- SKIP: TestHTTPLocalBodyOwnership (0.00s)
=== RUN   TestHTTPLocalBodyFailures
    http_lazy_test.go:141: real native snapshot transfer requires read-only bind mount privileges: mount source: "/tmp/TestHTTPLocalBodyFailures3249255122/001", target: "/tmp/snapshot-transfer-mount2311075421", fstype: bind, flags: 20481, data: "", err: operation not permitted
--- SKIP: TestHTTPLocalBodyFailures (0.00s)
=== RUN   TestHTTPPinLockCost
    http_lazy_test.go:233: real native snapshot transfer requires read-only bind mount privileges: mount source: "/tmp/TestHTTPPinLockCost4116010384/001", target: "/tmp/snapshot-transfer-mount593098794", fstype: bind, flags: 20481, data: "", err: operation not permitted
--- SKIP: TestHTTPPinLockCost (0.00s)
=== RUN   TestHTTPChainAvoidsOperation
    http_lazy_test.go:264: real native snapshot transfer requires read-only bind mount privileges: mount source: "/tmp/TestHTTPChainAvoidsOperation4041881748/001", target: "/tmp/snapshot-transfer-mount811133083", fstype: bind, flags: 20481, data: "", err: operation not permitted
--- SKIP: TestHTTPChainAvoidsOperation (0.00s)
=== RUN   TestJSONNullRoundTripPreservesNil
=== PAUSE TestJSONNullRoundTripPreservesNil
=== RUN   TestJSONStringRoundTripPreservesBytes
=== PAUSE TestJSONStringRoundTripPreservesBytes
=== RUN   TestLazyFilesystemCompletion
=== RUN   TestLazyFilesystemCompletion/Directory
2026/09/17 03:01:08 INFO start lazy evaluation field=test.directory
2026/09/17 03:01:08 INFO end lazy evaluation field=test.directory duration=40.36µs
=== RUN   TestLazyFilesystemCompletion/File
2026/09/17 03:01:08 INFO start lazy evaluation field=test.file
2026/09/17 03:01:08 INFO end lazy evaluation field=test.file duration=30.3µs
--- PASS: TestLazyFilesystemCompletion (0.00s)
    --- PASS: TestLazyFilesystemCompletion/Directory (0.00s)
    --- PASS: TestLazyFilesystemCompletion/File (0.00s)
=== RUN   TestLazyFilesystemRequiresInstalledOutput
2026/09/17 03:01:08 INFO start lazy evaluation field=empty
2026/09/17 03:01:08 INFO end lazy evaluation field=empty duration=22.46µs err="evaluate empty: Directory path is unset"
2026/09/17 03:01:08 INFO start lazy evaluation field=empty
2026/09/17 03:01:08 INFO end lazy evaluation field=empty duration=2.53µs err="evaluate empty: Directory snapshot is unset"
2026/09/17 03:01:08 INFO start lazy evaluation field=empty
2026/09/17 03:01:08 INFO end lazy evaluation field=empty duration=1.59µs
2026/09/17 03:01:08 INFO start lazy evaluation field=empty
2026/09/17 03:01:08 INFO end lazy evaluation field=empty duration=4.53µs err="evaluate empty: File path is unset"
2026/09/17 03:01:08 INFO start lazy evaluation field=empty
2026/09/17 03:01:08 INFO end lazy evaluation field=empty duration=2.33µs err="evaluate empty: File snapshot is unset"
2026/09/17 03:01:08 INFO start lazy evaluation field=empty
2026/09/17 03:01:08 INFO end lazy evaluation field=empty duration=1.25µs
--- PASS: TestLazyFilesystemRequiresInstalledOutput (0.00s)
=== RUN   TestLazyWholeContainerRetainsOperation
2026/09/17 03:01:08 INFO start lazy evaluation field=capture-whole-test
2026/09/17 03:01:08 INFO end lazy evaluation field=capture-whole-test duration=22.65µs
--- PASS: TestLazyWholeContainerRetainsOperation (0.00s)
=== RUN   TestLazyEvaluatedFilesystemClones
    lazy_completion_test.go:134: real native snapshot transfer requires read-only bind mount privileges: mount source: "/tmp/TestLazyEvaluatedFilesystemClones3715853804/001", target: "/tmp/snapshot-transfer-mount2625735521", fstype: bind, flags: 20481, data: "", err: operation not permitted
--- SKIP: TestLazyEvaluatedFilesystemClones (0.00s)
=== RUN   TestHTTPLazyOperationEvaluate
    lazy_operation_execution_test.go:125: real native snapshot transfer requires read-only bind mount privileges: mount source: "/tmp/TestHTTPLazyOperationEvaluate3191280483/001", target: "/tmp/snapshot-transfer-mount1264289869", fstype: bind, flags: 20481, data: "", err: operation not permitted
--- SKIP: TestHTTPLazyOperationEvaluate (0.00s)
=== RUN   TestHTTPLazyOperationWriter
    lazy_operation_execution_test.go:198: real native snapshot transfer requires read-only bind mount privileges: mount source: "/tmp/TestHTTPLazyOperationWriter3870329914/001", target: "/tmp/snapshot-transfer-mount1014873686", fstype: bind, flags: 20481, data: "", err: operation not permitted
--- SKIP: TestHTTPLazyOperationWriter (0.00s)
=== RUN   TestHTTPLazyOperationCleanup
    lazy_operation_execution_test.go:397: real native snapshot transfer requires read-only bind mount privileges: mount source: "/tmp/TestHTTPLazyOperationCleanup2928824466/001", target: "/tmp/snapshot-transfer-mount4219806595", fstype: bind, flags: 20481, data: "", err: operation not permitted
--- SKIP: TestHTTPLazyOperationCleanup (0.00s)
=== RUN   TestHTTPStateConcurrentResolveCapture
    lazy_operation_execution_test.go:506: real native snapshot transfer requires read-only bind mount privileges: mount source: "/tmp/TestHTTPStateConcurrentResolveCapture1670330147/001", target: "/tmp/snapshot-transfer-mount2339804860", fstype: bind, flags: 20481, data: "", err: operation not permitted
--- SKIP: TestHTTPStateConcurrentResolveCapture (0.00s)
=== RUN   TestStatelessHTTPLazyOperationIsolation
    lazy_operation_execution_test.go:550: real native snapshot transfer requires read-only bind mount privileges: mount source: "/tmp/TestStatelessHTTPLazyOperationIsolation1715133867/001", target: "/tmp/snapshot-transfer-mount315471116", fstype: bind, flags: 20481, data: "", err: operation not permitted
--- SKIP: TestStatelessHTTPLazyOperationIsolation (0.00s)
=== RUN   TestEvaluatedLazyOperationConcurrentDemand
    lazy_operation_execution_test.go:629: real native snapshot transfer requires read-only bind mount privileges: mount source: "/tmp/TestEvaluatedLazyOperationConcurrentDemand2146190522/001", target: "/tmp/snapshot-transfer-mount1461954725", fstype: bind, flags: 20481, data: "", err: operation not permitted
--- SKIP: TestEvaluatedLazyOperationConcurrentDemand (0.00s)
=== RUN   TestLazyOperationCodecs
=== RUN   TestLazyOperationCodecs/*core.DirectoryGitCleanedLazy
2026/09/17 03:01:08 INFO start lazy evaluation field="codec fixture"
2026/09/17 03:01:08 INFO end lazy evaluation field="codec fixture" duration=22.44µs
=== RUN   TestLazyOperationCodecs/*core.DirectoryGitBundleImportLazy
2026/09/17 03:01:08 INFO start lazy evaluation field="codec fixture"
2026/09/17 03:01:08 INFO end lazy evaluation field="codec fixture" duration=7.02µs
=== RUN   TestLazyOperationCodecs/*core.DirectoryGitTreeLazy
2026/09/17 03:01:08 INFO start lazy evaluation field="codec fixture"
2026/09/17 03:01:08 INFO end lazy evaluation field="codec fixture" duration=6.6µs
=== RUN   TestLazyOperationCodecs/*core.DirectoryGitCommitTreeLazy
2026/09/17 03:01:08 INFO start lazy evaluation field="codec fixture"
2026/09/17 03:01:08 INFO end lazy evaluation field="codec fixture" duration=3.96µs
=== RUN   TestLazyOperationCodecs/*core.DirectoryScratchLazy
2026/09/17 03:01:08 INFO start lazy evaluation field="codec fixture"
2026/09/17 03:01:08 INFO end lazy evaluation field="codec fixture" duration=3.17µs
=== RUN   TestLazyOperationCodecs/HTTP_scalars
2026/09/17 03:01:08 INFO start lazy evaluation field="codec fixture"
2026/09/17 03:01:08 INFO end lazy evaluation field="codec fixture" duration=4.46µs
2026/09/17 03:01:08 INFO start lazy evaluation field="codec fixture"
2026/09/17 03:01:08 INFO end lazy evaluation field="codec fixture" duration=3.31µs
2026/09/17 03:01:08 INFO start lazy evaluation field="codec fixture"
2026/09/17 03:01:08 INFO end lazy evaluation field="codec fixture" duration=2.95µs
=== RUN   TestLazyOperationCodecs/builtin_field_pairing
2026/09/17 03:01:08 INFO start lazy evaluation field="codec fixture"
2026/09/17 03:01:08 INFO end lazy evaluation field="codec fixture" duration=19.32µs
2026/09/17 03:01:08 INFO discarding dagql cache without persistence hasSQLDB=true hasPersistDB=true
2026/09/17 03:01:08 INFO discarding dagql cache without persistence hasSQLDB=true hasPersistDB=true
=== RUN   TestLazyOperationCodecs/exact_equivalent_input
=== RUN   TestLazyOperationCodecs/snapshot_without_operation
2026/09/17 03:01:08 INFO discarding dagql cache without persistence hasSQLDB=true hasPersistDB=true
--- PASS: TestLazyOperationCodecs (0.03s)
    --- PASS: TestLazyOperationCodecs/*core.DirectoryGitCleanedLazy (0.00s)
    --- PASS: TestLazyOperationCodecs/*core.DirectoryGitBundleImportLazy (0.00s)
    --- PASS: TestLazyOperationCodecs/*core.DirectoryGitTreeLazy (0.00s)
    --- PASS: TestLazyOperationCodecs/*core.DirectoryGitCommitTreeLazy (0.00s)
    --- PASS: TestLazyOperationCodecs/*core.DirectoryScratchLazy (0.00s)
    --- PASS: TestLazyOperationCodecs/HTTP_scalars (0.00s)
    --- PASS: TestLazyOperationCodecs/builtin_field_pairing (0.02s)
    --- PASS: TestLazyOperationCodecs/exact_equivalent_input (0.00s)
    --- PASS: TestLazyOperationCodecs/snapshot_without_operation (0.00s)
=== RUN   TestLazyOperationRelocation
2026/09/17 03:01:08 INFO start lazy evaluation field="codec fixture"
2026/09/17 03:01:08 INFO end lazy evaluation field="codec fixture" duration=29.28µs
2026/09/17 03:01:08 INFO start lazy evaluation field="codec fixture"
2026/09/17 03:01:08 INFO end lazy evaluation field="codec fixture" duration=7.36µs
2026/09/17 03:01:08 INFO start lazy evaluation field="codec fixture"
2026/09/17 03:01:08 INFO end lazy evaluation field="codec fixture" duration=6.05µs
2026/09/17 03:01:08 INFO start lazy evaluation field="codec fixture"
2026/09/17 03:01:08 INFO end lazy evaluation field="codec fixture" duration=5.38µs
2026/09/17 03:01:08 INFO start lazy evaluation field="codec fixture"
2026/09/17 03:01:08 INFO end lazy evaluation field="codec fixture" duration=6.3µs
2026/09/17 03:01:08 INFO start lazy evaluation field="codec fixture"
2026/09/17 03:01:08 INFO end lazy evaluation field="codec fixture" duration=6.94µs
2026/09/17 03:01:08 INFO discarding dagql cache without persistence hasSQLDB=true hasPersistDB=true
--- PASS: TestLazyOperationRelocation (0.01s)
=== RUN   TestLazyOperationSaveReopen
2026/09/17 03:01:08 INFO start lazy evaluation field="codec fixture"
2026/09/17 03:01:08 INFO end lazy evaluation field="codec fixture" duration=21.14µs
2026/09/17 03:01:08 INFO start lazy evaluation field="codec fixture"
2026/09/17 03:01:08 INFO end lazy evaluation field="codec fixture" duration=8.58µs
2026/09/17 03:01:08 INFO start lazy evaluation field="codec fixture"
2026/09/17 03:01:08 INFO end lazy evaluation field="codec fixture" duration=4.79µs
2026/09/17 03:01:08 INFO start lazy evaluation field="codec fixture"
2026/09/17 03:01:08 INFO end lazy evaluation field="codec fixture" duration=4.88µs
2026/09/17 03:01:08 INFO start lazy evaluation field="codec fixture"
2026/09/17 03:01:08 INFO end lazy evaluation field="codec fixture" duration=4.7µs
2026/09/17 03:01:08 INFO start lazy evaluation field="codec fixture"
2026/09/17 03:01:08 INFO end lazy evaluation field="codec fixture" duration=5.089µs
2026/09/17 03:01:08 INFO start lazy evaluation field="codec fixture"
2026/09/17 03:01:08 INFO end lazy evaluation field="codec fixture" duration=15.09µs
2026/09/17 03:01:08 INFO start lazy evaluation field="codec fixture"
2026/09/17 03:01:08 INFO end lazy evaluation field="codec fixture" duration=5.37µs
2026/09/17 03:01:08 INFO starting dagql cache close hasSQLDB=true hasPersistDB=true
2026/09/17 03:01:08 INFO marking dagql cache clean shutdown
2026/09/17 03:01:08 WARN successfully marked clean shutdown in persistence metadata
2026/09/17 03:01:08 INFO completed dagql cache close successfully
2026/09/17 03:01:08 INFO starting dagql cache close hasSQLDB=true hasPersistDB=true
2026/09/17 03:01:08 INFO marking dagql cache clean shutdown
2026/09/17 03:01:08 WARN successfully marked clean shutdown in persistence metadata
2026/09/17 03:01:08 INFO completed dagql cache close successfully
2026/09/17 03:01:08 WARN failed to determine cache usage size resultID=3 usageIdentity=bundle-snapshot err="context canceled"
2026/09/17 03:01:08 WARN failed to determine cache usage size resultID=7 usageIdentity=saved-0 err="context canceled"
2026/09/17 03:01:08 WARN failed to determine cache usage size resultID=8 usageIdentity=saved-1 err="context canceled"
2026/09/17 03:01:08 WARN failed to determine cache usage size resultID=9 usageIdentity=saved-2 err="context canceled"
2026/09/17 03:01:08 WARN failed to determine cache usage size resultID=10 usageIdentity=saved-3 err="context canceled"
2026/09/17 03:01:08 WARN failed to determine cache usage size resultID=11 usageIdentity=saved-4 err="context canceled"
2026/09/17 03:01:08 WARN failed to determine cache usage size resultID=15 usageIdentity=saved-builtin err="context canceled"
2026/09/17 03:01:08 WARN failed to determine cache usage size resultID=13 usageIdentity=saved-http err="context canceled"
2026/09/17 03:01:08 WARN failed to determine cache usage size resultID=14 usageIdentity=saved-schema err="context canceled"
2026/09/17 03:01:08 WARN failed to determine cache usage size resultID=1 usageIdentity=source-snapshot err="context canceled"
2026/09/17 03:01:08 INFO dagql pruned result resultID=1 call=Query.source digest=xxh3:3c2e226aa6c269bf args=[] description=source measuredSizeBytes=0 reclaimedBytes=0
2026/09/17 03:01:08 INFO dagql pruned result resultID=3 call=Query.bundle-file digest=xxh3:1b1051a7f010896c args=[] description=bundle-file measuredSizeBytes=0 reclaimedBytes=0
2026/09/17 03:01:08 INFO dagql pruned result resultID=7 call=GitRepository.__cleaned digest=xxh3:b7e1bbcd4c596cf6 args=[] description=__cleaned measuredSizeBytes=0 reclaimedBytes=0
2026/09/17 03:01:08 INFO dagql pruned result resultID=2 call=Query.repo digest=xxh3:16dc6903e3f06350 args=[] description=repo measuredSizeBytes=0 reclaimedBytes=0
2026/09/17 03:01:08 INFO dagql pruned result resultID=4 call=Query.bundle digest=xxh3:3b4c0ba878b9d6c5 args=[] description=bundle measuredSizeBytes=0 reclaimedBytes=0
2026/09/17 03:01:08 INFO dagql pruned result resultID=8 call=GitRepository.__withBundleDirectory digest="" args="[bundle=result:4]" description=__withBundleDirectory measuredSizeBytes=0 reclaimedBytes=0
2026/09/17 03:01:08 INFO dagql pruned result resultID=5 call=Query.ref digest=xxh3:06409b9402fa5e16 args=[] description=ref measuredSizeBytes=0 reclaimedBytes=0
2026/09/17 03:01:08 INFO dagql pruned result resultID=9 call=GitRef.tree digest="" args=[] description=tree measuredSizeBytes=0 reclaimedBytes=0
2026/09/17 03:01:08 INFO dagql pruned result resultID=6 call=Query.commit digest=xxh3:87af3ded0e7b27f5 args=[] description=commit measuredSizeBytes=0 reclaimedBytes=0
2026/09/17 03:01:08 INFO dagql pruned result resultID=10 call=GitCommit.tree digest="" args=[] description=tree measuredSizeBytes=0 reclaimedBytes=0
2026/09/17 03:01:08 INFO dagql pruned result resultID=11 call=Query.directory digest=xxh3:d12c52a4ee1e4198 args=[] description=directory measuredSizeBytes=0 reclaimedBytes=0
2026/09/17 03:01:08 INFO dagql pruned result resultID=12 call=Query.saved-state digest=xxh3:13241ec1fd5393af args=[] description=saved-state measuredSizeBytes=0 reclaimedBytes=0
2026/09/17 03:01:08 INFO dagql pruned result resultID=13 call=HTTPState._resolve digest="" args=[] description=_resolve measuredSizeBytes=0 reclaimedBytes=0
2026/09/17 03:01:08 INFO dagql pruned result resultID=14 call=Query.saved-schema digest=xxh3:efe5f42da6ab32d9 args=[] description=saved-schema measuredSizeBytes=0 reclaimedBytes=0
2026/09/17 03:01:08 INFO dagql pruned result resultID=15 call=Query._builtinContainer digest=xxh3:60f5e1aac6746f44 args=[] description=_builtinContainer measuredSizeBytes=0 reclaimedBytes=0
2026/09/17 03:01:08 INFO discarding dagql cache without persistence hasSQLDB=true hasPersistDB=true
--- PASS: TestLazyOperationSaveReopen (0.03s)
=== RUN   TestLazyInputAttachment
=== RUN   TestLazyInputAttachment/existing_completed_kinds_attach
2026/09/17 03:01:08 INFO start lazy evaluation field="codec fixture"
2026/09/17 03:01:08 INFO end lazy evaluation field="codec fixture" duration=49.92µs
2026/09/17 03:01:08 INFO start lazy evaluation field="codec fixture"
2026/09/17 03:01:08 INFO end lazy evaluation field="codec fixture" duration=1.75µs
2026/09/17 03:01:08 INFO discarding dagql cache without persistence hasSQLDB=true hasPersistDB=true
--- PASS: TestLazyInputAttachment (0.01s)
    --- PASS: TestLazyInputAttachment/existing_completed_kinds_attach (0.01s)
=== RUN   TestEvaluatedLazyOperationAttachmentBeforePublication
2026/09/17 03:01:08 INFO start lazy evaluation field=Directory.directory
2026/09/17 03:01:08 INFO end lazy evaluation field=Directory.directory duration=43.09µs
2026/09/17 03:01:08 INFO start lazy evaluation field=File.file
2026/09/17 03:01:08 INFO end lazy evaluation field=File.file duration=10.62µs
2026/09/17 03:01:08 INFO discarding dagql cache without persistence hasSQLDB=true hasPersistDB=true
--- PASS: TestEvaluatedLazyOperationAttachmentBeforePublication (0.02s)
=== RUN   TestMoveProducedOutputs
--- PASS: TestMoveProducedOutputs (0.00s)
=== RUN   TestLazyOperationPathCleanup
=== RUN   TestLazyOperationPathCleanup/blob/mount
2026/09/17 03:01:08 INFO start lazy evaluation field=File.blob
2026/09/17 03:01:08 INFO end lazy evaluation field=File.blob duration=28.499µs err="injected path failure"
=== RUN   TestLazyOperationPathCleanup/blob/write
2026/09/17 03:01:08 INFO start lazy evaluation field=File.blob
2026/09/17 03:01:08 INFO end lazy evaluation field=File.blob duration=16.02µs err="open /tmp/TestLazyOperationPathCleanupblobwrite964120703/001/data: is a directory"
=== RUN   TestLazyOperationPathCleanup/blob/commit
2026/09/17 03:01:08 INFO start lazy evaluation field=File.blob
2026/09/17 03:01:08 INFO end lazy evaluation field=File.blob duration=31.91µs err="commit blob snapshot: injected path failure"
=== RUN   TestLazyOperationPathCleanup/blob/success
2026/09/17 03:01:08 INFO start lazy evaluation field=File.blob
2026/09/17 03:01:08 INFO end lazy evaluation field=File.blob duration=26.72µs
=== RUN   TestLazyOperationPathCleanup/http/mount
=== RUN   TestLazyOperationPathCleanup/http/write
=== RUN   TestLazyOperationPathCleanup/http/commit
=== RUN   TestLazyOperationPathCleanup/http/success
=== RUN   TestLazyOperationPathCleanup/cleaned_bare_alias
2026/09/17 03:01:08 INFO start lazy evaluation field="codec fixture"
2026/09/17 03:01:08 INFO end lazy evaluation field="codec fixture" duration=29.06µs
2026/09/17 03:01:08 INFO discarding dagql cache without persistence hasSQLDB=false hasPersistDB=false
--- PASS: TestLazyOperationPathCleanup (0.01s)
    --- PASS: TestLazyOperationPathCleanup/blob/mount (0.00s)
    --- PASS: TestLazyOperationPathCleanup/blob/write (0.00s)
    --- PASS: TestLazyOperationPathCleanup/blob/commit (0.00s)
    --- PASS: TestLazyOperationPathCleanup/blob/success (0.00s)
    --- PASS: TestLazyOperationPathCleanup/http/mount (0.00s)
    --- PASS: TestLazyOperationPathCleanup/http/write (0.00s)
    --- PASS: TestLazyOperationPathCleanup/http/commit (0.00s)
    --- PASS: TestLazyOperationPathCleanup/http/success (0.00s)
    --- PASS: TestLazyOperationPathCleanup/cleaned_bare_alias (0.00s)
=== RUN   TestLazyOperationTemporaryIndexCleanup
=== RUN   TestLazyOperationTemporaryIndexCleanup/copy
=== RUN   TestLazyOperationTemporaryIndexCleanup/close
=== RUN   TestLazyOperationTemporaryIndexCleanup/command
=== RUN   TestLazyOperationTemporaryIndexCleanup/success
--- PASS: TestLazyOperationTemporaryIndexCleanup (0.00s)
    --- PASS: TestLazyOperationTemporaryIndexCleanup/copy (0.00s)
    --- PASS: TestLazyOperationTemporaryIndexCleanup/close (0.00s)
    --- PASS: TestLazyOperationTemporaryIndexCleanup/command (0.00s)
    --- PASS: TestLazyOperationTemporaryIndexCleanup/success (0.00s)
=== RUN   TestLazyPersistenceCompletedBodyGuards
=== RUN   TestLazyPersistenceCompletedBodyGuards/File
2026/09/17 03:01:08 INFO start lazy evaluation field=File
2026/09/17 03:01:08 INFO end lazy evaluation field=File duration=384.359µs
=== RUN   TestLazyPersistenceCompletedBodyGuards/Directory
2026/09/17 03:01:08 INFO start lazy evaluation field=Directory
2026/09/17 03:01:08 INFO end lazy evaluation field=Directory duration=6.15µs
--- PASS: TestLazyPersistenceCompletedBodyGuards (0.00s)
    --- PASS: TestLazyPersistenceCompletedBodyGuards/File (0.00s)
    --- PASS: TestLazyPersistenceCompletedBodyGuards/Directory (0.00s)
=== RUN   TestLazyCompletedContainerPublicationExclusion
2026/09/17 03:01:08 INFO start lazy evaluation field=builtin
2026/09/17 03:01:08 INFO end lazy evaluation field=builtin duration=54.28µs
--- PASS: TestLazyCompletedContainerPublicationExclusion (0.00s)
=== RUN   TestLazyPersistenceCompletedGroupGuards
2026/09/17 03:01:08 INFO start lazy group evaluation field="image fs" group=write
2026/09/17 03:01:08 INFO end lazy group evaluation field="image fs" group=write duration=21.99µs
--- PASS: TestLazyPersistenceCompletedGroupGuards (0.00s)
=== RUN   TestLazyStorageLayout
    lazy_storage_cost_test.go:9: bytes LazyState=32 Directory=248 File=248 Container=720 scratch operation=32 mount Directory operation=248 mount File operation=248 builtin operation=136
--- PASS: TestLazyStorageLayout (0.00s)
=== RUN   TestLLMEndpointCredentialOutlivesRoutingScope
--- PASS: TestLLMEndpointCredentialOutlivesRoutingScope (0.03s)
=== RUN   TestLLMEndpointResolvesCredentialPerRequest
=== RUN   TestLLMEndpointResolvesCredentialPerRequest/clones_share_the_live_credential
=== RUN   TestLLMEndpointResolvesCredentialPerRequest/withModel_re-routes
--- PASS: TestLLMEndpointResolvesCredentialPerRequest (0.01s)
    --- PASS: TestLLMEndpointResolvesCredentialPerRequest/clones_share_the_live_credential (0.00s)
    --- PASS: TestLLMEndpointResolvesCredentialPerRequest/withModel_re-routes (0.00s)
=== RUN   TestLLMEndpointHonorsReportedExpiry
--- PASS: TestLLMEndpointHonorsReportedExpiry (0.01s)
=== RUN   TestLLMAuthFailureRetriesOnceWithFreshToken
--- PASS: TestLLMAuthFailureRetriesOnceWithFreshToken (0.88s)
=== RUN   TestLLMAuthFailureWithoutSourceIsPermanent
--- PASS: TestLLMAuthFailureWithoutSourceIsPermanent (0.00s)
=== RUN   TestAnthropicClientWithoutSourceKeepsBakedToken
--- PASS: TestAnthropicClientWithoutSourceKeepsBakedToken (0.00s)
=== RUN   TestCodexClientRotatesAccountIDWithToken
--- PASS: TestCodexClientRotatesAccountIDWithToken (0.00s)
=== RUN   TestLLMCredentialResolvesAgainstLoadingClient
--- PASS: TestLLMCredentialResolvesAgainstLoadingClient (0.00s)
=== RUN   TestLLMEndpointConcurrentCloneAndResolve
--- PASS: TestLLMEndpointConcurrentCloneAndResolve (0.00s)
=== RUN   TestEstimateContextTokensUsesLastUsageAndTrailingMessages
--- PASS: TestEstimateContextTokensUsesLastUsageAndTrailingMessages (0.00s)
=== RUN   TestEstimateContextTokensFallsBackToMessageEstimates
--- PASS: TestEstimateContextTokensFallsBackToMessageEstimates (0.00s)
=== RUN   TestHistoryPreserved
=== RUN   TestHistoryPreserved/identical_history_is_preserved
=== RUN   TestHistoryPreserved/appended_history_is_preserved
=== RUN   TestHistoryPreserved/equal-by-value_(not_pointer)_history_is_preserved
=== RUN   TestHistoryPreserved/fresh_conversation_is_not_preserved
=== RUN   TestHistoryPreserved/truncated_history_is_not_preserved
=== RUN   TestHistoryPreserved/rewritten_history_is_not_preserved
=== RUN   TestHistoryPreserved/empty_current_is_preserved_by_anything
=== RUN   TestHistoryPreserved/nil_is_never_preserved
--- PASS: TestHistoryPreserved (0.00s)
    --- PASS: TestHistoryPreserved/identical_history_is_preserved (0.00s)
    --- PASS: TestHistoryPreserved/appended_history_is_preserved (0.00s)
    --- PASS: TestHistoryPreserved/equal-by-value_(not_pointer)_history_is_preserved (0.00s)
    --- PASS: TestHistoryPreserved/fresh_conversation_is_not_preserved (0.00s)
    --- PASS: TestHistoryPreserved/truncated_history_is_not_preserved (0.00s)
    --- PASS: TestHistoryPreserved/rewritten_history_is_not_preserved (0.00s)
    --- PASS: TestHistoryPreserved/empty_current_is_preserved_by_anything (0.00s)
    --- PASS: TestHistoryPreserved/nil_is_never_preserved (0.00s)
=== RUN   TestMessagesEqual
--- PASS: TestMessagesEqual (0.00s)
=== RUN   TestSummarizeToolsetChange
=== RUN   TestSummarizeToolsetChange/added_tools_are_listed
=== RUN   TestSummarizeToolsetChange/removed_tools_are_listed
=== RUN   TestSummarizeToolsetChange/unchanged_toolset_reports_its_size
=== RUN   TestSummarizeToolsetChange/unknown_previous_toolset_reports_everything_as_added
--- PASS: TestSummarizeToolsetChange (0.00s)
    --- PASS: TestSummarizeToolsetChange/added_tools_are_listed (0.00s)
    --- PASS: TestSummarizeToolsetChange/removed_tools_are_listed (0.00s)
    --- PASS: TestSummarizeToolsetChange/unchanged_toolset_reports_its_size (0.00s)
    --- PASS: TestSummarizeToolsetChange/unknown_previous_toolset_reports_everything_as_added (0.00s)
=== RUN   TestSummarizeContinuation
=== RUN   TestSummarizeContinuation/preserved_history_says_nothing_extra
=== RUN   TestSummarizeContinuation/replaced_history_is_reported
--- PASS: TestSummarizeContinuation (0.00s)
    --- PASS: TestSummarizeContinuation/preserved_history_says_nothing_extra (0.00s)
    --- PASS: TestSummarizeContinuation/replaced_history_is_reported (0.00s)
=== RUN   TestToolResultSelectors
=== RUN   TestToolResultSelectors/result_whose_call_is_in_the_adopted_history_appends_normally
=== RUN   TestToolResultSelectors/result_for_a_call_in_an_earlier_assistant_turn_degrades_to_a_user_message
=== RUN   TestToolResultSelectors/result_for_a_call_already_answered_degrades_to_a_user_message
=== RUN   TestToolResultSelectors/sibling_results_already_appended_do_not_orphan_the_call
=== RUN   TestToolResultSelectors/orphaned_result_degrades_to_a_user_message
=== RUN   TestToolResultSelectors/unknown_tool_name_falls_back_to_the_call_ID
=== RUN   TestToolResultSelectors/a_nil_target_keeps_tool_results_as_tool_results
--- PASS: TestToolResultSelectors (0.00s)
    --- PASS: TestToolResultSelectors/result_whose_call_is_in_the_adopted_history_appends_normally (0.00s)
    --- PASS: TestToolResultSelectors/result_for_a_call_in_an_earlier_assistant_turn_degrades_to_a_user_message (0.00s)
    --- PASS: TestToolResultSelectors/result_for_a_call_already_answered_degrades_to_a_user_message (0.00s)
    --- PASS: TestToolResultSelectors/sibling_results_already_appended_do_not_orphan_the_call (0.00s)
    --- PASS: TestToolResultSelectors/orphaned_result_degrades_to_a_user_message (0.00s)
    --- PASS: TestToolResultSelectors/unknown_tool_name_falls_back_to_the_call_ID (0.00s)
    --- PASS: TestToolResultSelectors/a_nil_target_keeps_tool_results_as_tool_results (0.00s)
=== RUN   TestSplitContinuationCalls
--- PASS: TestSplitContinuationCalls (0.00s)
=== RUN   TestStateRingsAndContinuationsAreExclusiveOutOfOrder
=== RUN   TestStateRingsAndContinuationsAreExclusiveOutOfOrder/state_rings_refuse_after_a_continuation
=== RUN   TestStateRingsAndContinuationsAreExclusiveOutOfOrder/SetSelfLLM_resets_the_divergence_flag
--- PASS: TestStateRingsAndContinuationsAreExclusiveOutOfOrder (0.00s)
    --- PASS: TestStateRingsAndContinuationsAreExclusiveOutOfOrder/state_rings_refuse_after_a_continuation (0.00s)
    --- PASS: TestStateRingsAndContinuationsAreExclusiveOutOfOrder/SetSelfLLM_resets_the_divergence_flag (0.00s)
=== RUN   TestCredentialTransportRefreshesPerRequest
--- PASS: TestCredentialTransportRefreshesPerRequest (0.00s)
=== RUN   TestCredentialTransportLeavesRequestUnmodified
--- PASS: TestCredentialTransportLeavesRequestUnmodified (0.00s)
=== RUN   TestCredentialTransportDoesNotRestoreInvalidatedSDKToken
--- PASS: TestCredentialTransportDoesNotRestoreInvalidatedSDKToken (0.00s)
=== RUN   TestCredentialSourceRejectOnlyCurrentToken
--- PASS: TestCredentialSourceRejectOnlyCurrentToken (0.00s)
=== RUN   TestCredentialTransportNoSourceIsPassthrough
--- PASS: TestCredentialTransportNoSourceIsPassthrough (0.00s)
=== RUN   TestCredentialSourceCollapsesBursts
--- PASS: TestCredentialSourceCollapsesBursts (0.00s)
=== RUN   TestCredentialSourceExpiresAtHorizon
--- PASS: TestCredentialSourceExpiresAtHorizon (0.00s)
=== RUN   TestCredentialSourceMaxTTL
--- PASS: TestCredentialSourceMaxTTL (0.00s)
=== RUN   TestCredentialSourceUnknownExpiryFallsBackToTTL
--- PASS: TestCredentialSourceUnknownExpiryFallsBackToTTL (0.00s)
=== RUN   TestParseCredentialExpiry
--- PASS: TestParseCredentialExpiry (0.00s)
=== RUN   TestCredentialSourceFallsBackToStale
--- PASS: TestCredentialSourceFallsBackToStale (0.00s)
=== RUN   TestCredentialSourceInvalidate
--- PASS: TestCredentialSourceInvalidate (0.00s)
=== RUN   TestCredentialReloaderReadsTokenBeforeExpiry
--- PASS: TestCredentialReloaderReadsTokenBeforeExpiry (0.00s)
=== RUN   TestCredentialReloaderTolerance
=== RUN   TestCredentialReloaderTolerance/no_token_means_no_credential_and_no_expiry_lookup
=== RUN   TestCredentialReloaderTolerance/unreadable_expiry_is_unknown,_not_fatal
=== RUN   TestCredentialReloaderTolerance/garbage_expiry_is_unknown,_not_expired
=== RUN   TestCredentialReloaderTolerance/failed_token_lookup_is_fatal
--- PASS: TestCredentialReloaderTolerance (0.00s)
    --- PASS: TestCredentialReloaderTolerance/no_token_means_no_credential_and_no_expiry_lookup (0.00s)
    --- PASS: TestCredentialReloaderTolerance/unreadable_expiry_is_unknown,_not_fatal (0.00s)
    --- PASS: TestCredentialReloaderTolerance/garbage_expiry_is_unknown,_not_expired (0.00s)
    --- PASS: TestCredentialReloaderTolerance/failed_token_lookup_is_fatal (0.00s)
=== RUN   TestCredentialResolverDetach
--- PASS: TestCredentialResolverDetach (0.00s)
=== RUN   TestCredentialApplierCodex
--- PASS: TestCredentialApplierCodex (0.00s)
=== RUN   TestGenaiNullableSchema
--- PASS: TestGenaiNullableSchema (0.00s)
=== RUN   TestDecodeThoughtSignature
--- PASS: TestDecodeThoughtSignature (0.00s)
=== RUN   TestGenaiThinkingConfig
--- PASS: TestGenaiThinkingConfig (0.00s)
=== RUN   TestGenaiThinkingRoundTrip
--- PASS: TestGenaiThinkingRoundTrip (0.00s)
=== RUN   TestGenaiThinkingCapture
--- PASS: TestGenaiThinkingCapture (0.00s)
=== RUN   TestGenaiParallelToolCallIDs
--- PASS: TestGenaiParallelToolCallIDs (0.00s)
=== RUN   TestGenaiToolCallUsesProvidedID
--- PASS: TestGenaiToolCallUsesProvidedID (0.00s)
=== RUN   TestGenaiToolCallIDRoundTrip
--- PASS: TestGenaiToolCallIDRoundTrip (0.00s)
=== RUN   TestGenaiTextAnswerSignature
--- PASS: TestGenaiTextAnswerSignature (0.00s)
=== RUN   TestGenaiMultipleThinkingSegments
--- PASS: TestGenaiMultipleThinkingSegments (0.00s)
=== RUN   TestNormalizeModelID
--- PASS: TestNormalizeModelID (0.00s)
=== RUN   TestLookupCatalogModel
--- PASS: TestLookupCatalogModel (0.00s)
=== RUN   TestClampMaxTokensToContext
--- PASS: TestClampMaxTokensToContext (0.00s)
=== RUN   TestObjectToolEligible
--- PASS: TestObjectToolEligible (0.00s)
=== RUN   TestObjectMethodSchema
--- PASS: TestObjectMethodSchema (0.00s)
=== RUN   TestLiftableObjectArg
--- PASS: TestLiftableObjectArg (0.00s)
=== RUN   TestArgTypeToJSONSchema
--- PASS: TestArgTypeToJSONSchema (0.00s)
=== RUN   TestCombineSpanResult
--- PASS: TestCombineSpanResult (0.00s)
=== RUN   TestDirectLogs
--- PASS: TestDirectLogs (0.00s)
=== RUN   TestStandaloneToolsTreatLLMArgsAsUnsatisfiable
--- PASS: TestStandaloneToolsTreatLLMArgsAsUnsatisfiable (0.00s)
=== RUN   TestBoundToolsUseTheirDefiningSchemaAuthoritatively
=== RUN   TestBoundToolsUseTheirDefiningSchemaAuthoritatively/lazy
=== RUN   TestBoundToolsUseTheirDefiningSchemaAuthoritatively/dispatch
=== RUN   TestBoundToolsUseTheirDefiningSchemaAuthoritatively/dispatch/eager
=== RUN   TestBoundToolsUseTheirDefiningSchemaAuthoritatively/dispatch/lazy_load
=== RUN   TestBoundToolsUseTheirDefiningSchemaAuthoritatively/dispatch/state_return
=== RUN   TestBoundToolsUseTheirDefiningSchemaAuthoritatively/dispatch/dependency_attachment
--- PASS: TestBoundToolsUseTheirDefiningSchemaAuthoritatively (0.00s)
    --- PASS: TestBoundToolsUseTheirDefiningSchemaAuthoritatively/lazy (0.00s)
    --- PASS: TestBoundToolsUseTheirDefiningSchemaAuthoritatively/dispatch (0.00s)
        --- PASS: TestBoundToolsUseTheirDefiningSchemaAuthoritatively/dispatch/eager (0.00s)
        --- PASS: TestBoundToolsUseTheirDefiningSchemaAuthoritatively/dispatch/lazy_load (0.00s)
        --- PASS: TestBoundToolsUseTheirDefiningSchemaAuthoritatively/dispatch/state_return (0.00s)
        --- PASS: TestBoundToolsUseTheirDefiningSchemaAuthoritatively/dispatch/dependency_attachment (0.00s)
=== RUN   TestBuildObjectMethodSelector
=== RUN   TestBuildObjectMethodSelector/explicit_null_decodes_for_a_nullable_argument
=== RUN   TestBuildObjectMethodSelector/address_string_lifts_into_the_object
=== RUN   TestBuildObjectMethodSelector/a_real_ID_still_decodes_directly
=== RUN   TestBuildObjectMethodSelector/unresolvable_address_reports_both_attempts
=== RUN   TestBuildObjectMethodSelector/non-string_values_surface_the_plain_decode_error
=== RUN   TestBuildObjectMethodSelector/non-addressable_args_do_not_lift
=== RUN   TestBuildObjectMethodSelector/addressable-but-not-liftable_args_do_not_lift
--- PASS: TestBuildObjectMethodSelector (0.00s)
    --- PASS: TestBuildObjectMethodSelector/explicit_null_decodes_for_a_nullable_argument (0.00s)
    --- PASS: TestBuildObjectMethodSelector/address_string_lifts_into_the_object (0.00s)
    --- PASS: TestBuildObjectMethodSelector/a_real_ID_still_decodes_directly (0.00s)
    --- PASS: TestBuildObjectMethodSelector/unresolvable_address_reports_both_attempts (0.00s)
    --- PASS: TestBuildObjectMethodSelector/non-string_values_surface_the_plain_decode_error (0.00s)
    --- PASS: TestBuildObjectMethodSelector/non-addressable_args_do_not_lift (0.00s)
    --- PASS: TestBuildObjectMethodSelector/addressable-but-not-liftable_args_do_not_lift (0.00s)
=== RUN   TestLLMTransportSpanInternal
=== RUN   TestLLMTransportSpanInternal/success_stays_hidden
=== RUN   TestLLMTransportSpanInternal/error_is_revealed
--- PASS: TestLLMTransportSpanInternal (0.00s)
    --- PASS: TestLLMTransportSpanInternal/success_stays_hidden (0.00s)
    --- PASS: TestLLMTransportSpanInternal/error_is_revealed (0.00s)
=== RUN   TestIsStreamingResponse
=== RUN   TestIsStreamingResponse/openai_stream_body,_json_response_CT
=== RUN   TestIsStreamingResponse/anthropic_accept_header_+_event-stream_CT
=== RUN   TestIsStreamingResponse/response_CT_fallback
=== RUN   TestIsStreamingResponse/non-streaming_request_buffers
=== RUN   TestIsStreamingResponse/streaming_request_that_errors_is_buffered
--- PASS: TestIsStreamingResponse (0.00s)
    --- PASS: TestIsStreamingResponse/openai_stream_body,_json_response_CT (0.00s)
    --- PASS: TestIsStreamingResponse/anthropic_accept_header_+_event-stream_CT (0.00s)
    --- PASS: TestIsStreamingResponse/response_CT_fallback (0.00s)
    --- PASS: TestIsStreamingResponse/non-streaming_request_buffers (0.00s)
    --- PASS: TestIsStreamingResponse/streaming_request_that_errors_is_buffered (0.00s)
=== RUN   TestMessageSpansCarryGenAIAgentIdentity
--- PASS: TestMessageSpansCarryGenAIAgentIdentity (0.00s)
=== RUN   TestDisplayToolArgsAreLineTerminatedOnce
=== RUN   TestDisplayToolArgsAreLineTerminatedOnce/trailing-newline-false
=== RUN   TestDisplayToolArgsAreLineTerminatedOnce/trailing-newline-true
--- PASS: TestDisplayToolArgsAreLineTerminatedOnce (0.00s)
    --- PASS: TestDisplayToolArgsAreLineTerminatedOnce/trailing-newline-false (0.00s)
    --- PASS: TestDisplayToolArgsAreLineTerminatedOnce/trailing-newline-true (0.00s)
=== RUN   TestEmitHistoryPreservesHeaderArgsAndTerminatesJSON
--- PASS: TestEmitHistoryPreservesHeaderArgsAndTerminatesJSON (0.00s)
=== RUN   TestEmitHistoryEmitsAuthoritativePatchResult
--- PASS: TestEmitHistoryEmitsAuthoritativePatchResult (0.00s)
=== RUN   TestRecordedResponseProviderEmitsPerToolCallDisplaySpans
--- PASS: TestRecordedResponseProviderEmitsPerToolCallDisplaySpans (0.00s)
=== RUN   TestParseSkillFrontmatter
=== RUN   TestParseSkillFrontmatter/name_and_description
=== RUN   TestParseSkillFrontmatter/description_with_a_colon_and_em_dash
=== RUN   TestParseSkillFrontmatter/tolerates_a_leading_BOM
=== RUN   TestParseSkillFrontmatter/missing_frontmatter
=== RUN   TestParseSkillFrontmatter/unterminated_frontmatter
=== RUN   TestParseSkillFrontmatter/terminator_must_be_exactly_---
=== RUN   TestParseSkillFrontmatter/terminator_as_the_final_line_without_a_newline
=== RUN   TestParseSkillFrontmatter/CRLF_line_endings
--- PASS: TestParseSkillFrontmatter (0.00s)
    --- PASS: TestParseSkillFrontmatter/name_and_description (0.00s)
    --- PASS: TestParseSkillFrontmatter/description_with_a_colon_and_em_dash (0.00s)
    --- PASS: TestParseSkillFrontmatter/tolerates_a_leading_BOM (0.00s)
    --- PASS: TestParseSkillFrontmatter/missing_frontmatter (0.00s)
    --- PASS: TestParseSkillFrontmatter/unterminated_frontmatter (0.00s)
    --- PASS: TestParseSkillFrontmatter/terminator_must_be_exactly_--- (0.00s)
    --- PASS: TestParseSkillFrontmatter/terminator_as_the_final_line_without_a_newline (0.00s)
    --- PASS: TestParseSkillFrontmatter/CRLF_line_endings (0.00s)
=== RUN   TestSkillDescription
--- PASS: TestSkillDescription (0.00s)
=== RUN   TestSkillFilePath
--- PASS: TestSkillFilePath (0.00s)
=== RUN   TestEmbeddedSkillSource
=== RUN   TestEmbeddedSkillSource/list_surfaces_only_allowlisted_skills
=== RUN   TestEmbeddedSkillSource/read_defaults_to_SKILL.md
=== RUN   TestEmbeddedSkillSource/read_a_reference_file
=== RUN   TestEmbeddedSkillSource/non-allowlisted_skill_is_not_found
=== RUN   TestEmbeddedSkillSource/missing_file_errors
--- PASS: TestEmbeddedSkillSource (0.00s)
    --- PASS: TestEmbeddedSkillSource/list_surfaces_only_allowlisted_skills (0.00s)
    --- PASS: TestEmbeddedSkillSource/read_defaults_to_SKILL.md (0.00s)
    --- PASS: TestEmbeddedSkillSource/read_a_reference_file (0.00s)
    --- PASS: TestEmbeddedSkillSource/non-allowlisted_skill_is_not_found (0.00s)
    --- PASS: TestEmbeddedSkillSource/missing_file_errors (0.00s)
=== RUN   TestListSkillsDedupAndSort
--- PASS: TestListSkillsDedupAndSort (0.00s)
=== RUN   TestReadSkillFallthrough
--- PASS: TestReadSkillFallthrough (0.00s)
=== RUN   TestResolveSkillManifest
=== RUN   TestResolveSkillManifest/name_from_frontmatter
=== RUN   TestResolveSkillManifest/name_falls_back_to_the_directory_base
=== RUN   TestResolveSkillManifest/root_SKILL.md_is_named_by_its_frontmatter
=== RUN   TestResolveSkillManifest/rejects_a_root_SKILL.md_without_a_frontmatter_name
=== RUN   TestResolveSkillManifest/rejects_a_file_without_frontmatter
--- PASS: TestResolveSkillManifest (0.00s)
    --- PASS: TestResolveSkillManifest/name_from_frontmatter (0.00s)
    --- PASS: TestResolveSkillManifest/name_falls_back_to_the_directory_base (0.00s)
    --- PASS: TestResolveSkillManifest/root_SKILL.md_is_named_by_its_frontmatter (0.00s)
    --- PASS: TestResolveSkillManifest/rejects_a_root_SKILL.md_without_a_frontmatter_name (0.00s)
    --- PASS: TestResolveSkillManifest/rejects_a_file_without_frontmatter (0.00s)
=== RUN   TestSkillSourcesOrder
--- PASS: TestSkillSourcesOrder (0.00s)
=== RUN   TestEngineSkills
--- PASS: TestEngineSkills (0.00s)
=== RUN   TestDaggerSkills
--- PASS: TestDaggerSkills (0.00s)
=== RUN   TestAnthropicStoppedCleanly
--- PASS: TestAnthropicStoppedCleanly (0.00s)
=== RUN   TestOpenAIFinishedCleanly
--- PASS: TestOpenAIFinishedCleanly (0.00s)
=== RUN   TestGenaiFinishedCleanly
--- PASS: TestGenaiFinishedCleanly (0.00s)
=== RUN   TestLlmConfig
--- PASS: TestLlmConfig (0.01s)
=== RUN   TestLlmConfigLayeredAnthropicAuth
=== RUN   TestLlmConfigLayeredAnthropicAuth/container_API_key_overrides_host_OAuth_login
=== RUN   TestLlmConfigLayeredAnthropicAuth/container_OAuth_overrides_host_API_key
=== RUN   TestLlmConfigLayeredAnthropicAuth/container_with_no_auth_inherits_host_OAuth
=== RUN   TestLlmConfigLayeredAnthropicAuth/single_load_with_both_prefers_OAuth
--- PASS: TestLlmConfigLayeredAnthropicAuth (0.00s)
    --- PASS: TestLlmConfigLayeredAnthropicAuth/container_API_key_overrides_host_OAuth_login (0.00s)
    --- PASS: TestLlmConfigLayeredAnthropicAuth/container_OAuth_overrides_host_API_key (0.00s)
    --- PASS: TestLlmConfigLayeredAnthropicAuth/container_with_no_auth_inherits_host_OAuth (0.00s)
    --- PASS: TestLlmConfigLayeredAnthropicAuth/single_load_with_both_prefers_OAuth (0.00s)
=== RUN   TestLlmConfigLocalSupplied
--- PASS: TestLlmConfigLocalSupplied (0.00s)
=== RUN   TestLocalModelRouting
--- PASS: TestLocalModelRouting (0.00s)
=== RUN   TestCodexModelRouting
--- PASS: TestCodexModelRouting (0.00s)
=== RUN   TestSmallModelRouting
=== RUN   TestSmallModelRouting/configured_model_wins_and_provider_remains_concrete
=== RUN   TestSmallModelRouting/catalog_fallback_follows_provider
=== RUN   TestSmallModelRouting/local_and_unknown_providers_safely_retain_their_route
=== RUN   TestSmallModelRouting/configured_local_model_is_supported
--- PASS: TestSmallModelRouting (0.00s)
    --- PASS: TestSmallModelRouting/configured_model_wins_and_provider_remains_concrete (0.00s)
    --- PASS: TestSmallModelRouting/catalog_fallback_follows_provider (0.00s)
    --- PASS: TestSmallModelRouting/local_and_unknown_providers_safely_retain_their_route (0.00s)
    --- PASS: TestSmallModelRouting/configured_local_model_is_supported (0.00s)
=== RUN   TestExplicitProviderRouting
--- PASS: TestExplicitProviderRouting (0.00s)
=== RUN   TestOpenAIRequestUsesNonStrictNullableToolSchema
--- PASS: TestOpenAIRequestUsesNonStrictNullableToolSchema (0.00s)
=== RUN   TestContentBlockInputRoundTrip
--- PASS: TestContentBlockInputRoundTrip (0.00s)
=== RUN   TestLLMErrorMessage
=== RUN   TestLLMErrorMessage/codex_detail
=== RUN   TestLLMErrorMessage/openai_error
=== RUN   TestLLMErrorMessage/bare_message
=== RUN   TestLLMErrorMessage/empty
=== RUN   TestLLMErrorMessage/unrecognized
=== RUN   TestLLMErrorMessage/not_json
--- PASS: TestLLMErrorMessage (0.00s)
    --- PASS: TestLLMErrorMessage/codex_detail (0.00s)
    --- PASS: TestLLMErrorMessage/openai_error (0.00s)
    --- PASS: TestLLMErrorMessage/bare_message (0.00s)
    --- PASS: TestLLMErrorMessage/empty (0.00s)
    --- PASS: TestLLMErrorMessage/unrecognized (0.00s)
    --- PASS: TestLLMErrorMessage/not_json (0.00s)
=== RUN   TestCodexAPIError
--- PASS: TestCodexAPIError (0.00s)
=== RUN   TestCodexReasoningRoundTrip
--- PASS: TestCodexReasoningRoundTrip (0.00s)
=== RUN   TestCodexConvertReasoningOrder
--- PASS: TestCodexConvertReasoningOrder (0.00s)
=== RUN   TestCodexConvertEmptyToolArgs
--- PASS: TestCodexConvertEmptyToolArgs (0.00s)
=== RUN   TestLlmConfigDisableStreaming
=== RUN   TestLlmConfigDisableStreaming/not_disabled_by_default
=== RUN   TestLlmConfigDisableStreaming/explicitly_not_disabled,_FALSE
=== RUN   TestLlmConfigDisableStreaming/explicitly_not_disabled,_0
=== RUN   TestLlmConfigDisableStreaming/disabled,_true
=== RUN   TestLlmConfigDisableStreaming/disabled,_1
=== RUN   TestLlmConfigDisableStreaming/empty_value
--- PASS: TestLlmConfigDisableStreaming (0.02s)
    --- PASS: TestLlmConfigDisableStreaming/not_disabled_by_default (0.00s)
    --- PASS: TestLlmConfigDisableStreaming/explicitly_not_disabled,_FALSE (0.00s)
    --- PASS: TestLlmConfigDisableStreaming/explicitly_not_disabled,_0 (0.00s)
    --- PASS: TestLlmConfigDisableStreaming/disabled,_true (0.00s)
    --- PASS: TestLlmConfigDisableStreaming/disabled,_1 (0.00s)
    --- PASS: TestLlmConfigDisableStreaming/empty_value (0.00s)
=== RUN   TestLlmConfigEnvFile
--- PASS: TestLlmConfigEnvFile (0.00s)
=== RUN   TestDescribeLoadFailure
=== PAUSE TestDescribeLoadFailure
=== RUN   TestUpdateWorkspaceLockEntry
=== PAUSE TestUpdateWorkspaceLockEntry
=== RUN   TestUpdateWorkspaceLockIgnoresUnsupportedEntries
=== PAUSE TestUpdateWorkspaceLockIgnoresUnsupportedEntries
=== RUN   TestUpdateVanityURLLockEntry
--- PASS: TestUpdateVanityURLLockEntry (0.01s)
=== RUN   TestUpdateVanityURLLockEntryValidatesInputs
--- PASS: TestUpdateVanityURLLockEntryValidatesInputs (0.00s)
=== RUN   TestUpdateVanityURLLockEntryPreservesMappingOnFailure
=== RUN   TestUpdateVanityURLLockEntryPreservesMappingOnFailure/server_error
=== RUN   TestUpdateVanityURLLockEntryPreservesMappingOnFailure/not_a_redirect
=== RUN   TestUpdateVanityURLLockEntryPreservesMappingOnFailure/missing_location
=== RUN   TestUpdateVanityURLLockEntryPreservesMappingOnFailure/invalid_location
=== RUN   TestUpdateVanityURLLockEntryPreservesMappingOnFailure/cancelled_request
--- PASS: TestUpdateVanityURLLockEntryPreservesMappingOnFailure (0.01s)
    --- PASS: TestUpdateVanityURLLockEntryPreservesMappingOnFailure/server_error (0.00s)
    --- PASS: TestUpdateVanityURLLockEntryPreservesMappingOnFailure/not_a_redirect (0.00s)
    --- PASS: TestUpdateVanityURLLockEntryPreservesMappingOnFailure/missing_location (0.00s)
    --- PASS: TestUpdateVanityURLLockEntryPreservesMappingOnFailure/invalid_location (0.00s)
    --- PASS: TestUpdateVanityURLLockEntryPreservesMappingOnFailure/cancelled_request (0.00s)
=== RUN   TestSelectedSHAEntry
=== PAUSE TestSelectedSHAEntry
=== RUN   TestUpdateGitLatestLockEntryValidatesInputs
=== PAUSE TestUpdateGitLatestLockEntryValidatesInputs
=== RUN   TestParseGitLookupInputsRejectsUnknownOption
=== PAUSE TestParseGitLookupInputsRejectsUnknownOption
=== RUN   TestParseOCILockInputs
=== PAUSE TestParseOCILockInputs
=== RUN   TestParseOCILatestLockInputs
=== PAUSE TestParseOCILatestLockInputs
=== RUN   TestCallPreservesHeaderArgs
--- PASS: TestCallPreservesHeaderArgs (0.00s)
=== RUN   TestToolResultContentType
--- PASS: TestToolResultContentType (0.00s)
=== RUN   TestCallMarksPatchResult
--- PASS: TestCallMarksPatchResult (0.00s)
=== RUN   TestTimeoutTool
=== RUN   TestTimeoutTool/schema
=== RUN   TestTimeoutTool/success
=== RUN   TestTimeoutTool/deadline_cancellation_reaches_nested_tool
=== RUN   TestTimeoutTool/invalid_duration
=== RUN   TestTimeoutTool/unavailable_target
=== RUN   TestTimeoutTool/self_wrapping
=== RUN   TestTimeoutTool/nested_call_is_traced_as_a_tool_call_of_its_own
--- PASS: TestTimeoutTool (0.01s)
    --- PASS: TestTimeoutTool/schema (0.00s)
    --- PASS: TestTimeoutTool/success (0.00s)
    --- PASS: TestTimeoutTool/deadline_cancellation_reaches_nested_tool (0.01s)
    --- PASS: TestTimeoutTool/invalid_duration (0.00s)
    --- PASS: TestTimeoutTool/unavailable_target (0.00s)
    --- PASS: TestTimeoutTool/self_wrapping (0.00s)
    --- PASS: TestTimeoutTool/nested_call_is_traced_as_a_tool_call_of_its_own (0.00s)
=== RUN   TestGenMCPToolPreservesSchema
--- PASS: TestGenMCPToolPreservesSchema (0.00s)
=== RUN   TestAssembleLines
=== RUN   TestAssembleLines/whole_lines_keep_their_provenance
=== RUN   TestAssembleLines/line_split_across_records_is_assembled_once
=== RUN   TestAssembleLines/straddling_line_takes_the_starting_record's_provenance
=== RUN   TestAssembleLines/trailing_newlines_don't_contribute_lines
=== RUN   TestAssembleLines/unterminated_final_line_is_kept
=== RUN   TestAssembleLines/empty_input
--- PASS: TestAssembleLines (0.00s)
    --- PASS: TestAssembleLines/whole_lines_keep_their_provenance (0.00s)
    --- PASS: TestAssembleLines/line_split_across_records_is_assembled_once (0.00s)
    --- PASS: TestAssembleLines/straddling_line_takes_the_starting_record's_provenance (0.00s)
    --- PASS: TestAssembleLines/trailing_newlines_don't_contribute_lines (0.00s)
    --- PASS: TestAssembleLines/unterminated_final_line_is_kept (0.00s)
    --- PASS: TestAssembleLines/empty_input (0.00s)
=== RUN   TestCallPayloadRecordsExcludedFromLLMLogs
=== RUN   TestCallPayloadRecordsExcludedFromLLMLogs/ReadLogs
=== RUN   TestCallPayloadRecordsExcludedFromLLMLogs/automatic_tool_result
--- PASS: TestCallPayloadRecordsExcludedFromLLMLogs (0.00s)
    --- PASS: TestCallPayloadRecordsExcludedFromLLMLogs/ReadLogs (0.00s)
    --- PASS: TestCallPayloadRecordsExcludedFromLLMLogs/automatic_tool_result (0.00s)
=== RUN   TestLimitIndirectLines
=== RUN   TestLimitIndirectLines/a_long_report_survives_noisy_nested_work
=== RUN   TestLimitIndirectLines/direct_lines_are_never_dropped_even_past_the_limit
=== RUN   TestLimitIndirectLines/interleaved_runs_each_report_their_own_count
=== RUN   TestLimitIndirectLines/nothing_is_abridged_when_nested_output_fits
=== RUN   TestLimitIndirectLines/zero_limit_keeps_everything
=== RUN   TestLimitIndirectLines/long_lines_are_still_character-capped
=== RUN   TestLimitIndirectLines/a_runaway_direct_print_hits_the_byte_cap
--- PASS: TestLimitIndirectLines (0.00s)
    --- PASS: TestLimitIndirectLines/a_long_report_survives_noisy_nested_work (0.00s)
    --- PASS: TestLimitIndirectLines/direct_lines_are_never_dropped_even_past_the_limit (0.00s)
    --- PASS: TestLimitIndirectLines/interleaved_runs_each_report_their_own_count (0.00s)
    --- PASS: TestLimitIndirectLines/nothing_is_abridged_when_nested_output_fits (0.00s)
    --- PASS: TestLimitIndirectLines/zero_limit_keeps_everything (0.00s)
    --- PASS: TestLimitIndirectLines/long_lines_are_still_character-capped (0.00s)
    --- PASS: TestLimitIndirectLines/a_runaway_direct_print_hits_the_byte_cap (0.00s)
=== RUN   TestCapLinesBytes
=== RUN   TestCapLinesBytes/under_budget_passes_through
=== RUN   TestCapLinesBytes/zero_budget_disables_the_cap
=== RUN   TestCapLinesBytes/over_budget_drops_the_middle_behind_a_marker
=== RUN   TestCapLinesBytes/an_oversized_boundary_line_still_survives
--- PASS: TestCapLinesBytes (0.00s)
    --- PASS: TestCapLinesBytes/under_budget_passes_through (0.00s)
    --- PASS: TestCapLinesBytes/zero_budget_disables_the_cap (0.00s)
    --- PASS: TestCapLinesBytes/over_budget_drops_the_middle_behind_a_marker (0.00s)
    --- PASS: TestCapLinesBytes/an_oversized_boundary_line_still_survives (0.00s)
=== RUN   TestGuardToolResultInBudgetIsIdentical
--- PASS: TestGuardToolResultInBudgetIsIdentical (0.00s)
=== RUN   TestGuardToolResultClampsMonsterLine
--- PASS: TestGuardToolResultClampsMonsterLine (0.00s)
=== RUN   TestGuardToolResultDropsMiddleOverBudget
--- PASS: TestGuardToolResultDropsMiddleOverBudget (0.01s)
=== RUN   TestGuardToolResultNeverSplitsRunes
--- PASS: TestGuardToolResultNeverSplitsRunes (0.00s)
=== RUN   TestGuardToolResultDegenerateSizes
--- PASS: TestGuardToolResultDegenerateSizes (0.00s)
=== RUN   TestInternalSpanFilterSubtreeBounds
--- PASS: TestInternalSpanFilterSubtreeBounds (0.00s)
=== RUN   TestNormalizeSpanArg
=== RUN   TestNormalizeSpanArg/bare_span_ID
=== RUN   TestNormalizeSpanArg/surrounding_whitespace
=== RUN   TestNormalizeSpanArg/span=_report_rendering
=== RUN   TestNormalizeSpanArg/error-origin_marker
=== RUN   TestNormalizeSpanArg/traceparent_prefix
=== RUN   TestNormalizeSpanArg/w3c_traceparent
=== RUN   TestNormalizeSpanArg/unrecognized_input_passes_through
=== RUN   TestNormalizeSpanArg/16_chars_but_not_hex_passes_through
--- PASS: TestNormalizeSpanArg (0.00s)
    --- PASS: TestNormalizeSpanArg/bare_span_ID (0.00s)
    --- PASS: TestNormalizeSpanArg/surrounding_whitespace (0.00s)
    --- PASS: TestNormalizeSpanArg/span=_report_rendering (0.00s)
    --- PASS: TestNormalizeSpanArg/error-origin_marker (0.00s)
    --- PASS: TestNormalizeSpanArg/traceparent_prefix (0.00s)
    --- PASS: TestNormalizeSpanArg/w3c_traceparent (0.00s)
    --- PASS: TestNormalizeSpanArg/unrecognized_input_passes_through (0.00s)
    --- PASS: TestNormalizeSpanArg/16_chars_but_not_hex_passes_through (0.00s)
=== RUN   TestRenderReadLogs
=== RUN   TestRenderReadLogs/numbers_the_lines
=== RUN   TestRenderReadLogs/offset_trims_from_the_end
=== RUN   TestRenderReadLogs/negative_offset_reads_the_tail
=== RUN   TestRenderReadLogs/offset_past_the_start_reports_the_total
=== RUN   TestRenderReadLogs/grep_filters_and_keeps_original_numbering
=== RUN   TestRenderReadLogs/grep_with_no_matches_reports_the_searched_count
=== RUN   TestRenderReadLogs/invalid_grep_pattern_errors
=== RUN   TestRenderReadLogs/limit_keeps_the_tail_with_a_counted_marker
--- PASS: TestRenderReadLogs (0.00s)
    --- PASS: TestRenderReadLogs/numbers_the_lines (0.00s)
    --- PASS: TestRenderReadLogs/offset_trims_from_the_end (0.00s)
    --- PASS: TestRenderReadLogs/negative_offset_reads_the_tail (0.00s)
    --- PASS: TestRenderReadLogs/offset_past_the_start_reports_the_total (0.00s)
    --- PASS: TestRenderReadLogs/grep_filters_and_keeps_original_numbering (0.00s)
    --- PASS: TestRenderReadLogs/grep_with_no_matches_reports_the_searched_count (0.00s)
    --- PASS: TestRenderReadLogs/invalid_grep_pattern_errors (0.00s)
    --- PASS: TestRenderReadLogs/limit_keeps_the_tail_with_a_counted_marker (0.00s)
=== RUN   TestModuleFunctionCacheImplicitInputs
=== RUN   TestModuleFunctionCacheImplicitInputs/default_policy
=== RUN   TestModuleFunctionCacheImplicitInputs/explicit_per-session_policy
=== RUN   TestModuleFunctionCacheImplicitInputs/default_policy_with_module_disable-default-caching
=== RUN   TestModuleFunctionCacheImplicitInputs/explicit_never_policy
--- PASS: TestModuleFunctionCacheImplicitInputs (0.00s)
    --- PASS: TestModuleFunctionCacheImplicitInputs/default_policy (0.00s)
    --- PASS: TestModuleFunctionCacheImplicitInputs/explicit_per-session_policy (0.00s)
    --- PASS: TestModuleFunctionCacheImplicitInputs/default_policy_with_module_disable-default-caching (0.00s)
    --- PASS: TestModuleFunctionCacheImplicitInputs/explicit_never_policy (0.00s)
=== RUN   TestModuleFunctionCacheImplicitInputsNilSafe
--- PASS: TestModuleFunctionCacheImplicitInputsNilSafe (0.00s)
=== RUN   TestCallerInModuleFunction
=== PAUSE TestCallerInModuleFunction
=== RUN   TestModuleFunctionLoadWorkspaceArgRejectsFunctionCallRuntimeCaller
=== PAUSE TestModuleFunctionLoadWorkspaceArgRejectsFunctionCallRuntimeCaller
=== RUN   TestModTreePath
--- PASS: TestModTreePath (0.00s)
=== RUN   TestModTreeNode
--- PASS: TestModTreeNode (0.00s)
=== RUN   TestModTreeCommandNamePreservesQualifiedPath
--- PASS: TestModTreeCommandNamePreservesQualifiedPath (0.00s)
=== RUN   TestCollectedContentCollectUnknownAnyResult
=== PAUSE TestCollectedContentCollectUnknownAnyResult
=== RUN   TestNamespaceSourceMap
=== RUN   TestNamespaceSourceMap/synthesizes_module-name-only_source_map_when_SDK_provides_none
--- PASS: TestNamespaceSourceMap (0.00s)
    --- PASS: TestNamespaceSourceMap/synthesizes_module-name-only_source_map_when_SDK_provides_none (0.00s)
=== RUN   TestDaggerGetEligible
=== RUN   TestDaggerGetEligible/www.marcosnils.com/go
=== RUN   TestDaggerGetEligible/https://www.marcosnils.com/go
=== RUN   TestDaggerGetEligible/github.com/dagger/dagger
=== RUN   TestDaggerGetEligible/www.marcosnils.com/go@v1.2.3
=== RUN   TestDaggerGetEligible/http://example.com/mod
=== RUN   TestDaggerGetEligible/ssh://git@github.com/foo/bar
=== RUN   TestDaggerGetEligible/git://example.com/foo
=== RUN   TestDaggerGetEligible/git@github.com:foo/bar
=== RUN   TestDaggerGetEligible/./local/path
=== RUN   TestDaggerGetEligible//abs/path
=== RUN   TestDaggerGetEligible/nodot/path
=== RUN   TestDaggerGetEligible/#00
--- PASS: TestDaggerGetEligible (0.00s)
    --- PASS: TestDaggerGetEligible/www.marcosnils.com/go (0.00s)
    --- PASS: TestDaggerGetEligible/https://www.marcosnils.com/go (0.00s)
    --- PASS: TestDaggerGetEligible/github.com/dagger/dagger (0.00s)
    --- PASS: TestDaggerGetEligible/www.marcosnils.com/go@v1.2.3 (0.00s)
    --- PASS: TestDaggerGetEligible/http://example.com/mod (0.00s)
    --- PASS: TestDaggerGetEligible/ssh://git@github.com/foo/bar (0.00s)
    --- PASS: TestDaggerGetEligible/git://example.com/foo (0.00s)
    --- PASS: TestDaggerGetEligible/git@github.com:foo/bar (0.00s)
    --- PASS: TestDaggerGetEligible/./local/path (0.00s)
    --- PASS: TestDaggerGetEligible//abs/path (0.00s)
    --- PASS: TestDaggerGetEligible/nodot/path (0.00s)
    --- PASS: TestDaggerGetEligible/#00 (0.00s)
=== RUN   TestDaggerGetProbe
=== RUN   TestDaggerGetProbe/redirect_strips_dagger-get_and_preserves_version
=== RUN   TestDaggerGetProbe/redirect_without_version
=== RUN   TestDaggerGetProbe/no_redirect_falls_back_to_original
--- PASS: TestDaggerGetProbe (0.01s)
    --- PASS: TestDaggerGetProbe/redirect_strips_dagger-get_and_preserves_version (0.00s)
    --- PASS: TestDaggerGetProbe/redirect_without_version (0.00s)
    --- PASS: TestDaggerGetProbe/no_redirect_falls_back_to_original (0.00s)
=== RUN   TestDaggerGetProbeRejectsNonHTTPSLocation
--- PASS: TestDaggerGetProbeRejectsNonHTTPSLocation (0.00s)
=== RUN   TestDaggerGetProbeIgnoresCanonicalizationRedirects
=== RUN   TestDaggerGetProbeIgnoresCanonicalizationRedirects/dot-git_canonicalization_is_ignored
=== RUN   TestDaggerGetProbeIgnoresCanonicalizationRedirects/dot-git_canonicalization_with_version_is_ignored
=== RUN   TestDaggerGetProbeIgnoresCanonicalizationRedirects/trailing-slash_canonicalization_is_ignored
--- PASS: TestDaggerGetProbeIgnoresCanonicalizationRedirects (0.01s)
    --- PASS: TestDaggerGetProbeIgnoresCanonicalizationRedirects/dot-git_canonicalization_is_ignored (0.00s)
    --- PASS: TestDaggerGetProbeIgnoresCanonicalizationRedirects/dot-git_canonicalization_with_version_is_ignored (0.00s)
    --- PASS: TestDaggerGetProbeIgnoresCanonicalizationRedirects/trailing-slash_canonicalization_is_ignored (0.00s)
=== RUN   TestDaggerGetProbeIgnoresAuthWallRedirects
--- PASS: TestDaggerGetProbeIgnoresAuthWallRedirects (0.01s)
=== RUN   TestResolveDaggerGetRedirectCachesPerSession
--- PASS: TestResolveDaggerGetRedirectCachesPerSession (0.01s)
=== RUN   TestResolveDaggerGetRedirectRequiresSessionInfrastructure
=== RUN   TestResolveDaggerGetRedirectRequiresSessionInfrastructure/no_session_infrastructure
=== RUN   TestResolveDaggerGetRedirectRequiresSessionInfrastructure/cache_without_metadata
=== RUN   TestResolveDaggerGetRedirectRequiresSessionInfrastructure/metadata_without_cache
--- PASS: TestResolveDaggerGetRedirectRequiresSessionInfrastructure (0.00s)
    --- PASS: TestResolveDaggerGetRedirectRequiresSessionInfrastructure/no_session_infrastructure (0.00s)
    --- PASS: TestResolveDaggerGetRedirectRequiresSessionInfrastructure/cache_without_metadata (0.00s)
    --- PASS: TestResolveDaggerGetRedirectRequiresSessionInfrastructure/metadata_without_cache (0.00s)
=== RUN   TestResolveDaggerGetRedirectUsesWorkspaceLock
--- PASS: TestResolveDaggerGetRedirectUsesWorkspaceLock (0.00s)
=== RUN   TestResolveDaggerGetRedirectWritesWorkspaceLock
--- PASS: TestResolveDaggerGetRedirectWritesWorkspaceLock (0.00s)
=== RUN   TestSourceURLWithVersionOverridesDestinationVersion
--- PASS: TestSourceURLWithVersionOverridesDestinationVersion (0.00s)
=== RUN   TestResolveDaggerGetRedirectPreservesDestinationVersion
=== RUN   TestResolveDaggerGetRedirectPreservesDestinationVersion//input=
=== RUN   TestResolveDaggerGetRedirectPreservesDestinationVersion//input=@main
=== RUN   TestResolveDaggerGetRedirectPreservesDestinationVersion/@v1.2.3/input=
=== RUN   TestResolveDaggerGetRedirectPreservesDestinationVersion/@v1.2.3/input=@main
=== RUN   TestResolveDaggerGetRedirectPreservesDestinationVersion/#v1.2.3/input=
=== RUN   TestResolveDaggerGetRedirectPreservesDestinationVersion/#v1.2.3/input=@main
--- PASS: TestResolveDaggerGetRedirectPreservesDestinationVersion (0.06s)
    --- PASS: TestResolveDaggerGetRedirectPreservesDestinationVersion//input= (0.01s)
    --- PASS: TestResolveDaggerGetRedirectPreservesDestinationVersion//input=@main (0.01s)
    --- PASS: TestResolveDaggerGetRedirectPreservesDestinationVersion/@v1.2.3/input= (0.01s)
    --- PASS: TestResolveDaggerGetRedirectPreservesDestinationVersion/@v1.2.3/input=@main (0.01s)
    --- PASS: TestResolveDaggerGetRedirectPreservesDestinationVersion/#v1.2.3/input= (0.01s)
    --- PASS: TestResolveDaggerGetRedirectPreservesDestinationVersion/#v1.2.3/input=@main (0.01s)
=== RUN   TestModuleGitDefaultRefSelector
=== PAUSE TestModuleGitDefaultRefSelector
=== RUN   TestParsedGitRefStringSetVersion
=== PAUSE TestParsedGitRefStringSetVersion
=== RUN   TestParsedGitRefStringVersionQuerySemantics
=== PAUSE TestParsedGitRefStringVersionQuerySemantics
=== RUN   TestMatchVersion
--- PASS: TestMatchVersion (0.00s)
=== RUN   TestParseRefString
=== RUN   TestParseRefString/github.com/shykes/daggerverse/ci
=== PAUSE TestParseRefString/github.com/shykes/daggerverse/ci
=== RUN   TestParseRefString/ssh://github.com/shykes/daggerverse/ci@version
=== PAUSE TestParseRefString/ssh://github.com/shykes/daggerverse/ci@version
=== RUN   TestParseRefString/https://github.com/shykes/daggerverse#version:ci
=== PAUSE TestParseRefString/https://github.com/shykes/daggerverse#version:ci
=== RUN   TestParseRefString/github.com/dagger/python/ruff@main
=== PAUSE TestParseRefString/github.com/dagger/python/ruff@main
=== RUN   TestParseRefString/https://github.com/dagger/python/ruff@main
=== PAUSE TestParseRefString/https://github.com/dagger/python/ruff@main
=== RUN   TestParseRefString/https://github.com/dagger/python#main:ruff
=== PAUSE TestParseRefString/https://github.com/dagger/python#main:ruff
=== RUN   TestParseRefString/https://github.com/dagger/python#main
=== PAUSE TestParseRefString/https://github.com/dagger/python#main
=== RUN   TestParseRefString/github.com/dagger/python/ruff#main
=== PAUSE TestParseRefString/github.com/dagger/python/ruff#main
=== RUN   TestParseRefString/https://github.com/dagger/python/ruff#main
=== PAUSE TestParseRefString/https://github.com/dagger/python/ruff#main
=== RUN   TestParseRefString/github.com/dagger/python@main:ruff
=== PAUSE TestParseRefString/github.com/dagger/python@main:ruff
=== RUN   TestParseRefString/https://github.com/dagger/python@main:ruff
=== PAUSE TestParseRefString/https://github.com/dagger/python@main:ruff
=== RUN   TestParseRefString/github.com/dagger/python#main:ruff
=== PAUSE TestParseRefString/github.com/dagger/python#main:ruff
=== RUN   TestParseRefString/./some/local/path
=== PAUSE TestParseRefString/./some/local/path
=== RUN   TestParseRefString/github.com/shykes/daggerverse.git/../../
=== PAUSE TestParseRefString/github.com/shykes/daggerverse.git/../../
=== CONT  TestParseRefString/github.com/shykes/daggerverse/ci
=== CONT  TestParseRefString/github.com/dagger/python/ruff#main
=== CONT  TestParseRefString/github.com/dagger/python#main:ruff
=== CONT  TestParseRefString/github.com/shykes/daggerverse.git/../../
=== CONT  TestParseRefString/./some/local/path
=== CONT  TestParseRefString/github.com/dagger/python@main:ruff
=== CONT  TestParseRefString/https://github.com/dagger/python@main:ruff
=== CONT  TestParseRefString/https://github.com/dagger/python/ruff#main
=== CONT  TestParseRefString/https://github.com/shykes/daggerverse#version:ci
=== CONT  TestParseRefString/https://github.com/dagger/python/ruff@main
=== CONT  TestParseRefString/https://github.com/dagger/python#main
=== CONT  TestParseRefString/github.com/dagger/python/ruff@main
=== CONT  TestParseRefString/https://github.com/dagger/python#main:ruff
=== CONT  TestParseRefString/ssh://github.com/shykes/daggerverse/ci@version
--- PASS: TestParseRefString (0.00s)
    --- PASS: TestParseRefString/github.com/shykes/daggerverse/ci (0.00s)
    --- PASS: TestParseRefString/github.com/shykes/daggerverse.git/../../ (0.00s)
    --- PASS: TestParseRefString/./some/local/path (0.00s)
    --- PASS: TestParseRefString/github.com/dagger/python#main:ruff (0.00s)
    --- PASS: TestParseRefString/github.com/dagger/python@main:ruff (0.00s)
    --- PASS: TestParseRefString/https://github.com/dagger/python@main:ruff (0.00s)
    --- PASS: TestParseRefString/https://github.com/dagger/python/ruff#main (0.00s)
    --- PASS: TestParseRefString/https://github.com/shykes/daggerverse#version:ci (0.00s)
    --- PASS: TestParseRefString/https://github.com/dagger/python/ruff@main (0.00s)
    --- PASS: TestParseRefString/https://github.com/dagger/python#main (0.00s)
    --- PASS: TestParseRefString/github.com/dagger/python/ruff@main (0.00s)
    --- PASS: TestParseRefString/https://github.com/dagger/python#main:ruff (0.00s)
    --- PASS: TestParseRefString/ssh://github.com/shykes/daggerverse/ci@version (0.00s)
    --- PASS: TestParseRefString/github.com/dagger/python/ruff#main (0.00s)
=== RUN   TestParseRefStringRemoteFailure
--- PASS: TestParseRefStringRemoteFailure (0.00s)
=== RUN   TestModuleSourceAttachDependencyResultsRetainsSDKImpl
=== PAUSE TestModuleSourceAttachDependencyResultsRetainsSDKImpl
=== RUN   TestModuleSourcePersistenceRetainsSelfCallsCapability
=== PAUSE TestModuleSourcePersistenceRetainsSelfCallsCapability
=== RUN   TestGitModuleSourceSymbolic
=== RUN   TestGitModuleSourceSymbolic/Go-style_URL
=== RUN   TestGitModuleSourceSymbolic/SCP-like_reference
=== RUN   TestGitModuleSourceSymbolic/SCP-like_reference_with_no_subdir
=== RUN   TestGitModuleSourceSymbolic/version_query
=== RUN   TestGitModuleSourceSymbolic/literal_Git_ref
=== RUN   TestGitModuleSourceSymbolic/literal_Git_ref_at_repository_root
=== RUN   TestGitModuleSourceSymbolic/literal_Git_ref_with_explicit_dot_subpath
--- PASS: TestGitModuleSourceSymbolic (0.00s)
    --- PASS: TestGitModuleSourceSymbolic/Go-style_URL (0.00s)
    --- PASS: TestGitModuleSourceSymbolic/SCP-like_reference (0.00s)
    --- PASS: TestGitModuleSourceSymbolic/SCP-like_reference_with_no_subdir (0.00s)
    --- PASS: TestGitModuleSourceSymbolic/version_query (0.00s)
    --- PASS: TestGitModuleSourceSymbolic/literal_Git_ref (0.00s)
    --- PASS: TestGitModuleSourceSymbolic/literal_Git_ref_at_repository_root (0.00s)
    --- PASS: TestGitModuleSourceSymbolic/literal_Git_ref_with_explicit_dot_subpath (0.00s)
=== RUN   TestWorkspaceContextDirPath
=== PAUSE TestWorkspaceContextDirPath
=== RUN   TestMountLazyDetachedOwnership
=== RUN   TestMountLazyDetachedOwnership/file=false/failure=false
    mount_lazy_ownership_test.go:51: real native snapshot transfer requires read-only bind mount privileges: mount source: "/tmp/TestMountLazyDetachedOwnershipfile=falsefailure=false2242349073/001", target: "/tmp/snapshot-transfer-mount561020492", fstype: bind, flags: 20481, data: "", err: operation not permitted
=== RUN   TestMountLazyDetachedOwnership/file=false/failure=true
    mount_lazy_ownership_test.go:51: real native snapshot transfer requires read-only bind mount privileges: mount source: "/tmp/TestMountLazyDetachedOwnershipfile=falsefailure=true3810900371/001", target: "/tmp/snapshot-transfer-mount2789691110", fstype: bind, flags: 20481, data: "", err: operation not permitted
=== RUN   TestMountLazyDetachedOwnership/file=true/failure=false
    mount_lazy_ownership_test.go:51: real native snapshot transfer requires read-only bind mount privileges: mount source: "/tmp/TestMountLazyDetachedOwnershipfile=truefailure=false2099383694/001", target: "/tmp/snapshot-transfer-mount2803255791", fstype: bind, flags: 20481, data: "", err: operation not permitted
=== RUN   TestMountLazyDetachedOwnership/file=true/failure=true
    mount_lazy_ownership_test.go:51: real native snapshot transfer requires read-only bind mount privileges: mount source: "/tmp/TestMountLazyDetachedOwnershipfile=truefailure=true2920548438/001", target: "/tmp/snapshot-transfer-mount3030434924", fstype: bind, flags: 20481, data: "", err: operation not permitted
--- PASS: TestMountLazyDetachedOwnership (0.00s)
    --- SKIP: TestMountLazyDetachedOwnership/file=false/failure=false (0.00s)
    --- SKIP: TestMountLazyDetachedOwnership/file=false/failure=true (0.00s)
    --- SKIP: TestMountLazyDetachedOwnership/file=true/failure=false (0.00s)
    --- SKIP: TestMountLazyDetachedOwnership/file=true/failure=true (0.00s)
=== RUN   TestModuleObjectAttachDependencyResultsRecurses
=== PAUSE TestModuleObjectAttachDependencyResultsRecurses
=== RUN   TestDecodePersistedModuleObjectValueResultRefLoadsResult
=== PAUSE TestDecodePersistedModuleObjectValueResultRefLoadsResult
=== RUN   TestModulePersistedTypeDefsRoundTripPreservesNullableValidity
=== PAUSE TestModulePersistedTypeDefsRoundTripPreservesNullableValidity
=== RUN   TestModuleObjectConvertToSDKInputUsesCurrentFieldID
=== PAUSE TestModuleObjectConvertToSDKInputUsesCurrentFieldID
=== RUN   TestModuleObjectConvertToSDKInputRewritesStoredResults
=== PAUSE TestModuleObjectConvertToSDKInputRewritesStoredResults
=== RUN   TestModuleObjectPersistedResultRefsRoundTrip
=== PAUSE TestModuleObjectPersistedResultRefsRoundTrip
=== RUN   TestModuleObjectEncodeRejectsRawCallIDInSemanticField
=== PAUSE TestModuleObjectEncodeRejectsRawCallIDInSemanticField
=== RUN   TestModuleObjectEncodeAllowsRawCallIDInPrivateField
=== PAUSE TestModuleObjectEncodeAllowsRawCallIDInPrivateField
=== RUN   TestModuleObjectPrivateHandleFieldRetainedAcrossProducerSessionClose
=== PAUSE TestModuleObjectPrivateHandleFieldRetainedAcrossProducerSessionClose
=== RUN   TestModuleObjectAttachDependencyResultsRewritesHandleVariants
=== PAUSE TestModuleObjectAttachDependencyResultsRewritesHandleVariants
=== RUN   TestModuleObjectAttachHandleErrorsWithoutServer
=== PAUSE TestModuleObjectAttachHandleErrorsWithoutServer
=== RUN   TestModuleObjectAttachHandleWithoutAmbientServer
=== PAUSE TestModuleObjectAttachHandleWithoutAmbientServer
=== RUN   TestModuleObjectAttachDependencyResultsRetainsSemanticInterfaceHandleField
=== PAUSE TestModuleObjectAttachDependencyResultsRetainsSemanticInterfaceHandleField
=== RUN   TestModuleObjectNestedNumbersSurvivePersistenceAndSDKConversion
=== PAUSE TestModuleObjectNestedNumbersSurvivePersistenceAndSDKConversion
=== RUN   TestModuleObjectAttachDependencyResultsPreservesInlineMap
=== PAUSE TestModuleObjectAttachDependencyResultsPreservesInlineMap
=== RUN   TestEmitServiceStartProducesLoaderShape
--- PASS: TestEmitServiceStartProducesLoaderShape (0.00s)
=== RUN   TestPartAcquisitionRootRoutes
=== RUN   TestPartAcquisitionRootRoutes/ready
    part_acquisition_test.go:100: real native snapshot transfer requires read-only bind mount privileges: mount source: "/tmp/TestPartAcquisitionRootRoutesready240727083/001", target: "/tmp/snapshot-transfer-mount973776455", fstype: bind, flags: 20481, data: "", err: operation not permitted
=== RUN   TestPartAcquisitionRootRoutes/chain
    part_acquisition_test.go:100: real native snapshot transfer requires read-only bind mount privileges: mount source: "/tmp/TestPartAcquisitionRootRouteschain649688655/001", target: "/tmp/snapshot-transfer-mount1932160829", fstype: bind, flags: 20481, data: "", err: operation not permitted
=== RUN   TestPartAcquisitionRootRoutes/chain-sync-retry
    part_acquisition_test.go:100: real native snapshot transfer requires read-only bind mount privileges: mount source: "/tmp/TestPartAcquisitionRootRouteschain-sync-retry1364155029/001", target: "/tmp/snapshot-transfer-mount2977552788", fstype: bind, flags: 20481, data: "", err: operation not permitted
=== RUN   TestPartAcquisitionRootRoutes/chain-sync-restart
    part_acquisition_test.go:100: real native snapshot transfer requires read-only bind mount privileges: mount source: "/tmp/TestPartAcquisitionRootRouteschain-sync-restart2590307977/001", target: "/tmp/snapshot-transfer-mount3993655334", fstype: bind, flags: 20481, data: "", err: operation not permitted
=== RUN   TestPartAcquisitionRootRoutes/chain-pin-release-retry
    part_acquisition_test.go:100: real native snapshot transfer requires read-only bind mount privileges: mount source: "/tmp/TestPartAcquisitionRootRouteschain-pin-release-retry2774874128/001", target: "/tmp/snapshot-transfer-mount1621354950", fstype: bind, flags: 20481, data: "", err: operation not permitted
=== RUN   TestPartAcquisitionRootRoutes/chain-fallback
    part_acquisition_test.go:100: real native snapshot transfer requires read-only bind mount privileges: mount source: "/tmp/TestPartAcquisitionRootRouteschain-fallback80741292/001", target: "/tmp/snapshot-transfer-mount300681701", fstype: bind, flags: 20481, data: "", err: operation not permitted
=== RUN   TestPartAcquisitionRootRoutes/chain-fallback-operation-failure
    part_acquisition_test.go:100: real native snapshot transfer requires read-only bind mount privileges: mount source: "/tmp/TestPartAcquisitionRootRouteschain-fallback-operation-failure425608815/001", target: "/tmp/snapshot-transfer-mount940050309", fstype: bind, flags: 20481, data: "", err: operation not permitted
=== RUN   TestPartAcquisitionRootRoutes/operation
    part_acquisition_test.go:100: real native snapshot transfer requires read-only bind mount privileges: mount source: "/tmp/TestPartAcquisitionRootRoutesoperation2516096594/001", target: "/tmp/snapshot-transfer-mount3322668118", fstype: bind, flags: 20481, data: "", err: operation not permitted
--- PASS: TestPartAcquisitionRootRoutes (0.00s)
    --- SKIP: TestPartAcquisitionRootRoutes/ready (0.00s)
    --- SKIP: TestPartAcquisitionRootRoutes/chain (0.00s)
    --- SKIP: TestPartAcquisitionRootRoutes/chain-sync-retry (0.00s)
    --- SKIP: TestPartAcquisitionRootRoutes/chain-sync-restart (0.00s)
    --- SKIP: TestPartAcquisitionRootRoutes/chain-pin-release-retry (0.00s)
    --- SKIP: TestPartAcquisitionRootRoutes/chain-fallback (0.00s)
    --- SKIP: TestPartAcquisitionRootRoutes/chain-fallback-operation-failure (0.00s)
    --- SKIP: TestPartAcquisitionRootRoutes/operation (0.00s)
=== RUN   TestPartContainerMixedRestart
    part_acquisition_test.go:232: real native snapshot transfer requires read-only bind mount privileges: mount source: "/tmp/TestPartContainerMixedRestart4028819621/001", target: "/tmp/snapshot-transfer-mount489563646", fstype: bind, flags: 20481, data: "", err: operation not permitted
--- SKIP: TestPartContainerMixedRestart (0.00s)
=== RUN   TestPartMountReceiverRoles
    part_acquisition_test.go:306: real native snapshot transfer requires read-only bind mount privileges: mount source: "/tmp/TestPartMountReceiverRoles810560792/001", target: "/tmp/snapshot-transfer-mount830123680", fstype: bind, flags: 20481, data: "", err: operation not permitted
--- SKIP: TestPartMountReceiverRoles (0.00s)
=== RUN   TestPartPrivateWholeBuiltin
    part_acquisition_test.go:340: real native snapshot transfer requires read-only bind mount privileges: mount source: "/tmp/TestPartPrivateWholeBuiltin3249619752/001", target: "/tmp/snapshot-transfer-mount3602222770", fstype: bind, flags: 20481, data: "", err: operation not permitted
--- SKIP: TestPartPrivateWholeBuiltin (0.00s)
=== RUN   TestPartFixtureReleaseObserverPrivateFS
--- PASS: TestPartFixtureReleaseObserverPrivateFS (0.00s)
=== RUN   TestPartDelegationMountRoles
=== RUN   TestPartDelegationMountRoles/shifted-role
    part_delegation_mount_test.go:19: real native snapshot transfer requires read-only bind mount privileges: mount source: "/tmp/TestPartDelegationMountRolesshifted-role4074968039/001", target: "/tmp/snapshot-transfer-mount288733750", fstype: bind, flags: 20481, data: "", err: operation not permitted
=== RUN   TestPartDelegationMountRoles/wrong-kind
    part_delegation_mount_test.go:19: real native snapshot transfer requires read-only bind mount privileges: mount source: "/tmp/TestPartDelegationMountRoleswrong-kind1303232180/001", target: "/tmp/snapshot-transfer-mount3051847903", fstype: bind, flags: 20481, data: "", err: operation not permitted
--- PASS: TestPartDelegationMountRoles (0.01s)
    --- SKIP: TestPartDelegationMountRoles/shifted-role (0.00s)
    --- SKIP: TestPartDelegationMountRoles/wrong-kind (0.00s)
=== RUN   TestPartDelegationPureRoutes
=== RUN   TestPartDelegationPureRoutes/withWorkdir
=== RUN   TestPartDelegationPureRoutes/withEnvVariable
=== RUN   TestPartDelegationPureRoutes/withoutDefaultArgs
=== RUN   TestPartDelegationPureRoutes/__withSystemEnvVariable
=== RUN   TestPartDelegationPureRoutes/withEntrypoint
=== RUN   TestPartDelegationPureRoutes/withMountedCache
=== RUN   TestPartDelegationPureRoutes/withoutMount
=== RUN   TestPartDelegationPureRoutes/withUnixSocket
=== RUN   TestPartDelegationPureRoutes/withoutUnixSocket
=== RUN   TestPartDelegationPureRoutes/withoutEnvVariable
--- PASS: TestPartDelegationPureRoutes (0.00s)
    --- PASS: TestPartDelegationPureRoutes/withWorkdir (0.00s)
    --- PASS: TestPartDelegationPureRoutes/withEnvVariable (0.00s)
    --- PASS: TestPartDelegationPureRoutes/withoutDefaultArgs (0.00s)
    --- PASS: TestPartDelegationPureRoutes/__withSystemEnvVariable (0.00s)
    --- PASS: TestPartDelegationPureRoutes/withEntrypoint (0.00s)
    --- PASS: TestPartDelegationPureRoutes/withMountedCache (0.00s)
    --- PASS: TestPartDelegationPureRoutes/withoutMount (0.00s)
    --- PASS: TestPartDelegationPureRoutes/withUnixSocket (0.00s)
    --- PASS: TestPartDelegationPureRoutes/withoutUnixSocket (0.00s)
    --- PASS: TestPartDelegationPureRoutes/withoutEnvVariable (0.00s)
=== RUN   TestPartDelegationRealStore
=== RUN   TestPartDelegationRealStore/ready-parent
    part_delegation_test.go:84: real native snapshot transfer requires read-only bind mount privileges: mount source: "/tmp/TestPartDelegationRealStoreready-parent247733008/001", target: "/tmp/snapshot-transfer-mount3775165326", fstype: bind, flags: 20481, data: "", err: operation not permitted
=== RUN   TestPartDelegationRealStore/pending-parent
    part_delegation_test.go:84: real native snapshot transfer requires read-only bind mount privileges: mount source: "/tmp/TestPartDelegationRealStorepending-parent1850196690/001", target: "/tmp/snapshot-transfer-mount1963697756", fstype: bind, flags: 20481, data: "", err: operation not permitted
=== RUN   TestPartDelegationRealStore/sync-retry
    part_delegation_test.go:84: real native snapshot transfer requires read-only bind mount privileges: mount source: "/tmp/TestPartDelegationRealStoresync-retry2543861109/001", target: "/tmp/snapshot-transfer-mount3178255243", fstype: bind, flags: 20481, data: "", err: operation not permitted
=== RUN   TestPartDelegationRealStore/native-restart
    part_delegation_test.go:84: real native snapshot transfer requires read-only bind mount privileges: mount source: "/tmp/TestPartDelegationRealStorenative-restart2652563470/001", target: "/tmp/snapshot-transfer-mount759743138", fstype: bind, flags: 20481, data: "", err: operation not permitted
=== RUN   TestPartDelegationRealStore/ready-parent-over-chain
    part_delegation_test.go:84: real native snapshot transfer requires read-only bind mount privileges: mount source: "/tmp/TestPartDelegationRealStoreready-parent-over-chain2566112464/001", target: "/tmp/snapshot-transfer-mount2341620230", fstype: bind, flags: 20481, data: "", err: operation not permitted
=== RUN   TestPartDelegationRealStore/ordinary-ready-tie
    part_delegation_test.go:84: real native snapshot transfer requires read-only bind mount privileges: mount source: "/tmp/TestPartDelegationRealStoreordinary-ready-tie3340525038/001", target: "/tmp/snapshot-transfer-mount2347202466", fstype: bind, flags: 20481, data: "", err: operation not permitted
=== RUN   TestPartDelegationRealStore/child-chain-first
    part_delegation_test.go:84: real native snapshot transfer requires read-only bind mount privileges: mount source: "/tmp/TestPartDelegationRealStorechild-chain-first3066780955/001", target: "/tmp/snapshot-transfer-mount2935191999", fstype: bind, flags: 20481, data: "", err: operation not permitted
=== RUN   TestPartDelegationRealStore/late-child
    part_delegation_test.go:84: real native snapshot transfer requires read-only bind mount privileges: mount source: "/tmp/TestPartDelegationRealStorelate-child188707637/001", target: "/tmp/snapshot-transfer-mount2468386257", fstype: bind, flags: 20481, data: "", err: operation not permitted
=== RUN   TestPartDelegationRealStore/child-and-parent-failure
    part_delegation_test.go:84: real native snapshot transfer requires read-only bind mount privileges: mount source: "/tmp/TestPartDelegationRealStorechild-and-parent-failure724797669/001", target: "/tmp/snapshot-transfer-mount1397275414", fstype: bind, flags: 20481, data: "", err: operation not permitted
--- PASS: TestPartDelegationRealStore (0.00s)
    --- SKIP: TestPartDelegationRealStore/ready-parent (0.00s)
    --- SKIP: TestPartDelegationRealStore/pending-parent (0.00s)
    --- SKIP: TestPartDelegationRealStore/sync-retry (0.00s)
    --- SKIP: TestPartDelegationRealStore/native-restart (0.00s)
    --- SKIP: TestPartDelegationRealStore/ready-parent-over-chain (0.00s)
    --- SKIP: TestPartDelegationRealStore/ordinary-ready-tie (0.00s)
    --- SKIP: TestPartDelegationRealStore/child-chain-first (0.00s)
    --- SKIP: TestPartDelegationRealStore/late-child (0.00s)
    --- SKIP: TestPartDelegationRealStore/child-and-parent-failure (0.00s)
=== RUN   TestPartFilesystemPublicationRoles
=== RUN   TestPartFilesystemPublicationRoles/File
    part_filesystem_race_test.go:21: real native snapshot transfer requires read-only bind mount privileges: mount source: "/tmp/TestPartFilesystemPublicationRolesFile2472746004/001", target: "/tmp/snapshot-transfer-mount428293800", fstype: bind, flags: 20481, data: "", err: operation not permitted
=== RUN   TestPartFilesystemPublicationRoles/Directory
    part_filesystem_race_test.go:21: real native snapshot transfer requires read-only bind mount privileges: mount source: "/tmp/TestPartFilesystemPublicationRolesDirectory1505085151/001", target: "/tmp/snapshot-transfer-mount3189311730", fstype: bind, flags: 20481, data: "", err: operation not permitted
--- PASS: TestPartFilesystemPublicationRoles (0.00s)
    --- SKIP: TestPartFilesystemPublicationRoles/File (0.00s)
    --- SKIP: TestPartFilesystemPublicationRoles/Directory (0.00s)
=== RUN   TestPartInlineAddress
=== RUN   TestPartInlineAddress/sequential
    part_inline_test.go:54: real native snapshot transfer requires read-only bind mount privileges: mount source: "/tmp/TestPartInlineAddresssequential2488461451/001", target: "/tmp/snapshot-transfer-mount2244100009", fstype: bind, flags: 20481, data: "", err: operation not permitted
=== RUN   TestPartInlineAddress/concurrent
    part_inline_test.go:54: real native snapshot transfer requires read-only bind mount privileges: mount source: "/tmp/TestPartInlineAddressconcurrent1692496846/001", target: "/tmp/snapshot-transfer-mount88814678", fstype: bind, flags: 20481, data: "", err: operation not permitted
=== RUN   TestPartInlineAddress/shared-snapshot-sync-retry
    part_inline_test.go:54: real native snapshot transfer requires read-only bind mount privileges: mount source: "/tmp/TestPartInlineAddressshared-snapshot-sync-retry182632489/001", target: "/tmp/snapshot-transfer-mount380659031", fstype: bind, flags: 20481, data: "", err: operation not permitted
--- PASS: TestPartInlineAddress (0.00s)
    --- SKIP: TestPartInlineAddress/sequential (0.00s)
    --- SKIP: TestPartInlineAddress/concurrent (0.00s)
    --- SKIP: TestPartInlineAddress/shared-snapshot-sync-retry (0.00s)
=== RUN   TestOfferPartsNativeAdmission
=== RUN   TestOfferPartsNativeAdmission/accepted_before_start
    part_offer_admission_test.go:85: real native snapshot transfer requires read-only bind mount privileges: mount source: "/tmp/TestOfferPartsNativeAdmissionaccepted_before_start404194485/001", target: "/tmp/snapshot-transfer-mount946975479", fstype: bind, flags: 20481, data: "", err: operation not permitted
=== RUN   TestOfferPartsNativeAdmission/refused_after_start
    part_offer_admission_test.go:104: real native snapshot transfer requires read-only bind mount privileges: mount source: "/tmp/TestOfferPartsNativeAdmissionrefused_after_start371840380/001", target: "/tmp/snapshot-transfer-mount2651964246", fstype: bind, flags: 20481, data: "", err: operation not permitted
--- PASS: TestOfferPartsNativeAdmission (0.00s)
    --- SKIP: TestOfferPartsNativeAdmission/accepted_before_start (0.00s)
    --- SKIP: TestOfferPartsNativeAdmission/refused_after_start (0.00s)
=== RUN   TestPartTypedPublicationRoles
    part_publication_race_test.go:20: real native snapshot transfer requires read-only bind mount privileges: mount source: "/tmp/TestPartTypedPublicationRoles2931888079/001", target: "/tmp/snapshot-transfer-mount3197336303", fstype: bind, flags: 20481, data: "", err: operation not permitted
--- SKIP: TestPartTypedPublicationRoles (0.00s)
=== RUN   TestPartPureRoutes
=== RUN   TestPartPureRoutes/withExec
=== RUN   TestPartPureRoutes/withExec#01
=== RUN   TestPartPureRoutes/from
=== RUN   TestPartPureRoutes/withRootfs
=== RUN   TestPartPureRoutes/withWorkdir
=== RUN   TestPartPureRoutes/withDirectory
=== RUN   TestPartPureRoutes/withMountedFile
=== RUN   TestPartPureRoutes/withSymlink
--- PASS: TestPartPureRoutes (0.01s)
    --- PASS: TestPartPureRoutes/withExec (0.00s)
    --- PASS: TestPartPureRoutes/withExec#01 (0.00s)
    --- PASS: TestPartPureRoutes/from (0.00s)
    --- PASS: TestPartPureRoutes/withRootfs (0.00s)
    --- PASS: TestPartPureRoutes/withWorkdir (0.00s)
    --- PASS: TestPartPureRoutes/withDirectory (0.00s)
    --- PASS: TestPartPureRoutes/withMountedFile (0.00s)
    --- PASS: TestPartPureRoutes/withSymlink (0.00s)
=== RUN   TestPartScopeEmptyBoot
=== RUN   TestPartScopeEmptyBoot/old_schema_false
    part_scope_boot_test.go:23: real native snapshot transfer requires read-only bind mount privileges: mount source: "/tmp/TestPartScopeEmptyBootold_schema_false2749874471/001", target: "/tmp/snapshot-transfer-mount661378919", fstype: bind, flags: 20481, data: "", err: operation not permitted
=== RUN   TestPartScopeEmptyBoot/old_schema_true
    part_scope_boot_test.go:23: real native snapshot transfer requires read-only bind mount privileges: mount source: "/tmp/TestPartScopeEmptyBootold_schema_true2534216242/001", target: "/tmp/snapshot-transfer-mount2847638587", fstype: bind, flags: 20481, data: "", err: operation not permitted
--- PASS: TestPartScopeEmptyBoot (0.00s)
    --- SKIP: TestPartScopeEmptyBoot/old_schema_false (0.00s)
    --- SKIP: TestPartScopeEmptyBoot/old_schema_true (0.00s)
=== RUN   TestPartScopeRootRekeyCost
=== RUN   TestPartScopeRootRekeyCost/1
    part_scope_boot_test.go:94: real native snapshot transfer requires read-only bind mount privileges: mount source: "/tmp/TestPartScopeRootRekeyCost1869136085/001", target: "/tmp/snapshot-transfer-mount2050368766", fstype: bind, flags: 20481, data: "", err: operation not permitted
=== RUN   TestPartScopeRootRekeyCost/32
    part_scope_boot_test.go:94: real native snapshot transfer requires read-only bind mount privileges: mount source: "/tmp/TestPartScopeRootRekeyCost321369676929/001", target: "/tmp/snapshot-transfer-mount363956088", fstype: bind, flags: 20481, data: "", err: operation not permitted
--- PASS: TestPartScopeRootRekeyCost (0.00s)
    --- SKIP: TestPartScopeRootRekeyCost/1 (0.00s)
    --- SKIP: TestPartScopeRootRekeyCost/32 (0.00s)
=== RUN   TestPartScopeBootScanFailure
    part_scope_boot_test.go:147: real native snapshot transfer requires read-only bind mount privileges: mount source: "/tmp/TestPartScopeBootScanFailure3604197522/001", target: "/tmp/snapshot-transfer-mount1095995598", fstype: bind, flags: 20481, data: "", err: operation not permitted
--- SKIP: TestPartScopeBootScanFailure (0.00s)
=== RUN   TestPartScopeNestedNullableRepresentation
2026/09/17 03:01:13 INFO starting dagql cache close hasSQLDB=true hasPersistDB=true
2026/09/17 03:01:13 INFO marking dagql cache clean shutdown
2026/09/17 03:01:13 WARN successfully marked clean shutdown in persistence metadata
2026/09/17 03:01:13 INFO completed dagql cache close successfully
2026/09/17 03:01:13 INFO discarding dagql cache without persistence hasSQLDB=true hasPersistDB=true
--- PASS: TestPartScopeNestedNullableRepresentation (3.40s)
=== RUN   TestPartWholeLazyOperationMixedRestart
    part_whole_restart_test.go:24: real native snapshot transfer requires read-only bind mount privileges: mount source: "/tmp/TestPartWholeLazyOperationMixedRestart2904631906/001", target: "/tmp/snapshot-transfer-mount1034589614", fstype: bind, flags: 20481, data: "", err: operation not permitted
--- SKIP: TestPartWholeLazyOperationMixedRestart (0.00s)
=== RUN   TestPartPendingImageMetadataStaysSelective
    part_whole_restart_test.go:124: real native snapshot transfer requires read-only bind mount privileges: mount source: "/tmp/TestPartPendingImageMetadataStaysSelective522560523/001", target: "/tmp/snapshot-transfer-mount3862046055", fstype: bind, flags: 20481, data: "", err: operation not permitted
--- SKIP: TestPartPendingImageMetadataStaysSelective (0.00s)
=== RUN   TestPartNativePendingContainerRequiresRecipe
    part_whole_restart_test.go:166: real native snapshot transfer requires read-only bind mount privileges: mount source: "/tmp/TestPartNativePendingContainerRequiresRecipe70591594/001", target: "/tmp/snapshot-transfer-mount501994560", fstype: bind, flags: 20481, data: "", err: operation not permitted
--- SKIP: TestPartNativePendingContainerRequiresRecipe (0.00s)
=== RUN   TestPersistedActionGroupsShareOwnersThroughRestart
2026/09/17 03:01:13 INFO starting dagql cache close hasSQLDB=true hasPersistDB=true
2026/09/17 03:01:13 INFO marking dagql cache clean shutdown
2026/09/17 03:01:13 WARN successfully marked clean shutdown in persistence metadata
2026/09/17 03:01:13 INFO completed dagql cache close successfully
2026/09/17 03:01:13 INFO starting dagql cache close hasSQLDB=true hasPersistDB=true
2026/09/17 03:01:13 INFO marking dagql cache clean shutdown
2026/09/17 03:01:13 WARN successfully marked clean shutdown in persistence metadata
2026/09/17 03:01:13 INFO completed dagql cache close successfully
=== RUN   TestPersistedActionGroupsShareOwnersThroughRestart/omitting_the_bound_workspace_leaves_the_group_without_one
=== RUN   TestPersistedActionGroupsShareOwnersThroughRestart/omitting_the_defining_module_leaves_no_server_to_select_from
2026/09/17 03:01:13 WARN failed to determine cache usage size resultID=2 usageIdentity=shared-root err="context canceled"
2026/09/17 03:01:13 INFO dagql pruned result resultID=5 call=Query.check-group digest=xxh3:466d3b9fbbec833a args=[] description=check-group measuredSizeBytes=0 reclaimedBytes=0
2026/09/17 03:01:13 INFO dagql pruned result resultID=6 call=Query.up-group digest=xxh3:e7f0e31446c535f2 args=[] description=up-group measuredSizeBytes=0 reclaimedBytes=0
2026/09/17 03:01:13 INFO dagql pruned result resultID=3 call=Query.bound-workspace digest=xxh3:4570f3b669b39f25 args=[] description=bound-workspace measuredSizeBytes=0 reclaimedBytes=0
2026/09/17 03:01:13 INFO dagql pruned result resultID=7 call=Query.terminal-group digest=xxh3:3fc2e3239508c392 args=[] description=terminal-group measuredSizeBytes=0 reclaimedBytes=0
2026/09/17 03:01:13 INFO dagql pruned result resultID=4 call=Query.check-error digest=xxh3:5a751198be548a57 args=[] description=check-error measuredSizeBytes=0 reclaimedBytes=0
2026/09/17 03:01:13 INFO dagql pruned result resultID=8 call=Query.single-check digest=xxh3:d10fb0aab46b1183 args=[] description=single-check measuredSizeBytes=0 reclaimedBytes=0
2026/09/17 03:01:13 INFO dagql pruned result resultID=9 call=Query.single-up digest=xxh3:f3e431e215213f5f args=[] description=single-up measuredSizeBytes=0 reclaimedBytes=0
2026/09/17 03:01:13 INFO dagql pruned result resultID=1 call=Query.cold-module digest=xxh3:c166dd3b4d32acad args=[] description=cold-module measuredSizeBytes=0 reclaimedBytes=0
2026/09/17 03:01:13 INFO dagql pruned result resultID=10 call=Query.single-terminal digest=xxh3:2ce8f822ef4c2af0 args=[] description=single-terminal measuredSizeBytes=0 reclaimedBytes=0
2026/09/17 03:01:13 INFO dagql pruned result resultID=2 call=Query.shared-root digest=xxh3:5e092ba673ef28c5 args=[] description=shared-root measuredSizeBytes=0 reclaimedBytes=0
2026/09/17 03:01:13 INFO dagql pruned result resultID=11 call=Query.holder digest=xxh3:c494792c17243ad5 args=[] description=holder measuredSizeBytes=0 reclaimedBytes=0
2026/09/17 03:01:13 INFO discarding dagql cache without persistence hasSQLDB=true hasPersistDB=true
--- PASS: TestPersistedActionGroupsShareOwnersThroughRestart (0.39s)
    --- PASS: TestPersistedActionGroupsShareOwnersThroughRestart/omitting_the_bound_workspace_leaves_the_group_without_one (0.00s)
    --- PASS: TestPersistedActionGroupsShareOwnersThroughRestart/omitting_the_defining_module_leaves_no_server_to_select_from (0.00s)
=== RUN   TestPersistedModuleEnumDecodesThroughDefiningModule
2026/09/17 03:01:13 INFO starting dagql cache close hasSQLDB=true hasPersistDB=true
2026/09/17 03:01:13 INFO marking dagql cache clean shutdown
2026/09/17 03:01:13 WARN successfully marked clean shutdown in persistence metadata
2026/09/17 03:01:13 INFO completed dagql cache close successfully
2026/09/17 03:01:13 INFO discarding dagql cache without persistence hasSQLDB=true hasPersistDB=true
--- PASS: TestPersistedModuleEnumDecodesThroughDefiningModule (0.04s)
=== RUN   TestPersistedRemoteGitRepositoryRestoresAuthMirrorAndServices
2026/09/17 03:01:13 INFO starting dagql cache close hasSQLDB=true hasPersistDB=true
2026/09/17 03:01:13 INFO marking dagql cache clean shutdown
2026/09/17 03:01:13 WARN successfully marked clean shutdown in persistence metadata
2026/09/17 03:01:13 INFO completed dagql cache close successfully
2026/09/17 03:01:13 INFO starting dagql cache close hasSQLDB=true hasPersistDB=true
2026/09/17 03:01:13 INFO marking dagql cache clean shutdown
2026/09/17 03:01:13 WARN successfully marked clean shutdown in persistence metadata
2026/09/17 03:01:13 INFO completed dagql cache close successfully
=== RUN   TestPersistedRemoteGitRepositoryRestoresAuthMirrorAndServices/dropping_mirrorResultID
=== RUN   TestPersistedRemoteGitRepositoryRestoresAuthMirrorAndServices/dropping_sshAuthSocketResultID
=== RUN   TestPersistedRemoteGitRepositoryRestoresAuthMirrorAndServices/dropping_authTokenResultID
=== RUN   TestPersistedRemoteGitRepositoryRestoresAuthMirrorAndServices/dropping_authHeaderResultID
=== RUN   TestPersistedRemoteGitRepositoryRestoresAuthMirrorAndServices/dropping_services
2026/09/17 03:01:13 INFO discarding dagql cache without persistence hasSQLDB=true hasPersistDB=true
--- PASS: TestPersistedRemoteGitRepositoryRestoresAuthMirrorAndServices (0.07s)
    --- PASS: TestPersistedRemoteGitRepositoryRestoresAuthMirrorAndServices/dropping_mirrorResultID (0.00s)
    --- PASS: TestPersistedRemoteGitRepositoryRestoresAuthMirrorAndServices/dropping_sshAuthSocketResultID (0.00s)
    --- PASS: TestPersistedRemoteGitRepositoryRestoresAuthMirrorAndServices/dropping_authTokenResultID (0.00s)
    --- PASS: TestPersistedRemoteGitRepositoryRestoresAuthMirrorAndServices/dropping_authHeaderResultID (0.00s)
    --- PASS: TestPersistedRemoteGitRepositoryRestoresAuthMirrorAndServices/dropping_services (0.00s)
=== RUN   TestPersistedRemoteGitRepositoryUsesFreshSessionResources
2026/09/17 03:01:13 INFO starting dagql cache close hasSQLDB=true hasPersistDB=true
2026/09/17 03:01:13 INFO marking dagql cache clean shutdown
2026/09/17 03:01:13 WARN successfully marked clean shutdown in persistence metadata
2026/09/17 03:01:13 INFO completed dagql cache close successfully
=== RUN   TestPersistedRemoteGitRepositoryUsesFreshSessionResources/an_unbound_handle_fails_at_use
=== RUN   TestPersistedRemoteGitRepositoryUsesFreshSessionResources/a_dropped_credential_changes_the_selection
2026/09/17 03:01:13 INFO discarding dagql cache without persistence hasSQLDB=true hasPersistDB=true
--- PASS: TestPersistedRemoteGitRepositoryUsesFreshSessionResources (0.03s)
    --- PASS: TestPersistedRemoteGitRepositoryUsesFreshSessionResources/an_unbound_handle_fails_at_use (0.00s)
    --- PASS: TestPersistedRemoteGitRepositoryUsesFreshSessionResources/a_dropped_credential_changes_the_selection (0.00s)
=== RUN   TestPersistedMetadataFamiliesSurviveRestart
2026/09/17 03:01:13 INFO starting dagql cache close hasSQLDB=true hasPersistDB=true
2026/09/17 03:01:13 INFO marking dagql cache clean shutdown
2026/09/17 03:01:13 WARN successfully marked clean shutdown in persistence metadata
2026/09/17 03:01:13 INFO completed dagql cache close successfully
=== RUN   TestPersistedMetadataFamiliesSurviveRestart/first-restart/env-var
=== RUN   TestPersistedMetadataFamiliesSurviveRestart/first-restart/env-var-empty
=== RUN   TestPersistedMetadataFamiliesSurviveRestart/first-restart/port-nil-description
=== RUN   TestPersistedMetadataFamiliesSurviveRestart/first-restart/port-empty-description
=== RUN   TestPersistedMetadataFamiliesSurviveRestart/first-restart/port-described
=== RUN   TestPersistedMetadataFamiliesSurviveRestart/first-restart/sdk-config
=== RUN   TestPersistedMetadataFamiliesSurviveRestart/first-restart/git-bundle-ref
=== RUN   TestPersistedMetadataFamiliesSurviveRestart/first-restart/schema
=== RUN   TestPersistedMetadataFamiliesSurviveRestart/first-restart/current-module
=== RUN   TestPersistedMetadataFamiliesSurviveRestart/first-restart/workspace-migration
=== RUN   TestPersistedMetadataFamiliesSurviveRestart/first-restart/workspace-migration-step
=== RUN   TestPersistedMetadataFamiliesSurviveRestart/first-restart/cloud
=== RUN   TestPersistedMetadataFamiliesSurviveRestart/first-restart/terminal-legacy
=== RUN   TestPersistedMetadataFamiliesSurviveRestart/first-restart/module-config-client
2026/09/17 03:01:13 INFO starting dagql cache close hasSQLDB=true hasPersistDB=true
2026/09/17 03:01:13 INFO marking dagql cache clean shutdown
2026/09/17 03:01:13 WARN successfully marked clean shutdown in persistence metadata
2026/09/17 03:01:13 INFO completed dagql cache close successfully
2026/09/17 03:01:13 INFO starting dagql cache close hasSQLDB=true hasPersistDB=true
2026/09/17 03:01:13 INFO marking dagql cache clean shutdown
2026/09/17 03:01:13 WARN successfully marked clean shutdown in persistence metadata
2026/09/17 03:01:13 INFO completed dagql cache close successfully
=== RUN   TestPersistedMetadataFamiliesSurviveRestart/after-untouched-save/env-var
=== RUN   TestPersistedMetadataFamiliesSurviveRestart/after-untouched-save/env-var-empty
=== RUN   TestPersistedMetadataFamiliesSurviveRestart/after-untouched-save/port-nil-description
=== RUN   TestPersistedMetadataFamiliesSurviveRestart/after-untouched-save/port-empty-description
=== RUN   TestPersistedMetadataFamiliesSurviveRestart/after-untouched-save/port-described
=== RUN   TestPersistedMetadataFamiliesSurviveRestart/after-untouched-save/sdk-config
=== RUN   TestPersistedMetadataFamiliesSurviveRestart/after-untouched-save/git-bundle-ref
=== RUN   TestPersistedMetadataFamiliesSurviveRestart/after-untouched-save/schema
=== RUN   TestPersistedMetadataFamiliesSurviveRestart/after-untouched-save/current-module
=== RUN   TestPersistedMetadataFamiliesSurviveRestart/after-untouched-save/workspace-migration
=== RUN   TestPersistedMetadataFamiliesSurviveRestart/after-untouched-save/workspace-migration-step
=== RUN   TestPersistedMetadataFamiliesSurviveRestart/after-untouched-save/cloud
=== RUN   TestPersistedMetadataFamiliesSurviveRestart/after-untouched-save/terminal-legacy
=== RUN   TestPersistedMetadataFamiliesSurviveRestart/after-untouched-save/module-config-client
2026/09/17 03:01:13 INFO discarding dagql cache without persistence hasSQLDB=true hasPersistDB=true
--- PASS: TestPersistedMetadataFamiliesSurviveRestart (0.03s)
    --- PASS: TestPersistedMetadataFamiliesSurviveRestart/first-restart/env-var (0.00s)
    --- PASS: TestPersistedMetadataFamiliesSurviveRestart/first-restart/env-var-empty (0.00s)
    --- PASS: TestPersistedMetadataFamiliesSurviveRestart/first-restart/port-nil-description (0.00s)
    --- PASS: TestPersistedMetadataFamiliesSurviveRestart/first-restart/port-empty-description (0.00s)
    --- PASS: TestPersistedMetadataFamiliesSurviveRestart/first-restart/port-described (0.00s)
    --- PASS: TestPersistedMetadataFamiliesSurviveRestart/first-restart/sdk-config (0.00s)
    --- PASS: TestPersistedMetadataFamiliesSurviveRestart/first-restart/git-bundle-ref (0.00s)
    --- PASS: TestPersistedMetadataFamiliesSurviveRestart/first-restart/schema (0.00s)
    --- PASS: TestPersistedMetadataFamiliesSurviveRestart/first-restart/current-module (0.00s)
    --- PASS: TestPersistedMetadataFamiliesSurviveRestart/first-restart/workspace-migration (0.00s)
    --- PASS: TestPersistedMetadataFamiliesSurviveRestart/first-restart/workspace-migration-step (0.00s)
    --- PASS: TestPersistedMetadataFamiliesSurviveRestart/first-restart/cloud (0.00s)
    --- PASS: TestPersistedMetadataFamiliesSurviveRestart/first-restart/terminal-legacy (0.00s)
    --- PASS: TestPersistedMetadataFamiliesSurviveRestart/first-restart/module-config-client (0.00s)
    --- PASS: TestPersistedMetadataFamiliesSurviveRestart/after-untouched-save/env-var (0.00s)
    --- PASS: TestPersistedMetadataFamiliesSurviveRestart/after-untouched-save/env-var-empty (0.00s)
    --- PASS: TestPersistedMetadataFamiliesSurviveRestart/after-untouched-save/port-nil-description (0.00s)
    --- PASS: TestPersistedMetadataFamiliesSurviveRestart/after-untouched-save/port-empty-description (0.00s)
    --- PASS: TestPersistedMetadataFamiliesSurviveRestart/after-untouched-save/port-described (0.00s)
    --- PASS: TestPersistedMetadataFamiliesSurviveRestart/after-untouched-save/sdk-config (0.00s)
    --- PASS: TestPersistedMetadataFamiliesSurviveRestart/after-untouched-save/git-bundle-ref (0.00s)
    --- PASS: TestPersistedMetadataFamiliesSurviveRestart/after-untouched-save/schema (0.00s)
    --- PASS: TestPersistedMetadataFamiliesSurviveRestart/after-untouched-save/current-module (0.00s)
    --- PASS: TestPersistedMetadataFamiliesSurviveRestart/after-untouched-save/workspace-migration (0.00s)
    --- PASS: TestPersistedMetadataFamiliesSurviveRestart/after-untouched-save/workspace-migration-step (0.00s)
    --- PASS: TestPersistedMetadataFamiliesSurviveRestart/after-untouched-save/cloud (0.00s)
    --- PASS: TestPersistedMetadataFamiliesSurviveRestart/after-untouched-save/terminal-legacy (0.00s)
    --- PASS: TestPersistedMetadataFamiliesSurviveRestart/after-untouched-save/module-config-client (0.00s)
=== RUN   TestPersistedMetadataControlsDetectLoss
=== RUN   TestPersistedMetadataControlsDetectLoss/dropping_a_present_empty_port_description
=== RUN   TestPersistedMetadataControlsDetectLoss/reordering_migration_warnings_and_steps
=== RUN   TestPersistedMetadataControlsDetectLoss/untyped_number_decoding_rounds_the_SDK_config
=== RUN   TestPersistedMetadataControlsDetectLoss/sdk_config_keeps_empty_maps_distinct_from_absent_ones
=== RUN   TestPersistedMetadataControlsDetectLoss/sdk_config_keeps_empty_maps_distinct_from_absent_ones/absent_maps
=== RUN   TestPersistedMetadataControlsDetectLoss/sdk_config_keeps_empty_maps_distinct_from_absent_ones/empty_maps
=== RUN   TestPersistedMetadataControlsDetectLoss/sdk_config_keeps_empty_maps_distinct_from_absent_ones/present_maps
=== RUN   TestPersistedMetadataControlsDetectLoss/current_module_without_its_row_is_absent
--- PASS: TestPersistedMetadataControlsDetectLoss (0.00s)
    --- PASS: TestPersistedMetadataControlsDetectLoss/dropping_a_present_empty_port_description (0.00s)
    --- PASS: TestPersistedMetadataControlsDetectLoss/reordering_migration_warnings_and_steps (0.00s)
    --- PASS: TestPersistedMetadataControlsDetectLoss/untyped_number_decoding_rounds_the_SDK_config (0.00s)
    --- PASS: TestPersistedMetadataControlsDetectLoss/sdk_config_keeps_empty_maps_distinct_from_absent_ones (0.00s)
        --- PASS: TestPersistedMetadataControlsDetectLoss/sdk_config_keeps_empty_maps_distinct_from_absent_ones/absent_maps (0.00s)
        --- PASS: TestPersistedMetadataControlsDetectLoss/sdk_config_keeps_empty_maps_distinct_from_absent_ones/empty_maps (0.00s)
        --- PASS: TestPersistedMetadataControlsDetectLoss/sdk_config_keeps_empty_maps_distinct_from_absent_ones/present_maps (0.00s)
    --- PASS: TestPersistedMetadataControlsDetectLoss/current_module_without_its_row_is_absent (0.00s)
=== RUN   TestPersistedOptionalVoidSurvivesRestart
2026/09/17 03:01:13 INFO starting dagql cache close hasSQLDB=true hasPersistDB=true
2026/09/17 03:01:13 INFO marking dagql cache clean shutdown
2026/09/17 03:01:13 WARN successfully marked clean shutdown in persistence metadata
2026/09/17 03:01:13 INFO completed dagql cache close successfully
2026/09/17 03:01:13 INFO starting dagql cache close hasSQLDB=true hasPersistDB=true
2026/09/17 03:01:13 INFO marking dagql cache clean shutdown
2026/09/17 03:01:13 WARN successfully marked clean shutdown in persistence metadata
2026/09/17 03:01:13 INFO completed dagql cache close successfully
=== RUN   TestPersistedOptionalVoidSurvivesRestart/a_nil_result_under_a_non-optional_declaration_is_a_present_Void_outside_the_contract
2026/09/17 03:01:13 INFO discarding dagql cache without persistence hasSQLDB=true hasPersistDB=true
--- PASS: TestPersistedOptionalVoidSurvivesRestart (0.02s)
    --- PASS: TestPersistedOptionalVoidSurvivesRestart/a_nil_result_under_a_non-optional_declaration_is_a_present_Void_outside_the_contract (0.00s)
=== RUN   TestPersistedModuleConfigurationNumbersStayExact
=== RUN   TestPersistedModuleConfigurationNumbersStayExact/module_SDK_and_workspace_configuration
=== RUN   TestPersistedModuleConfigurationNumbersStayExact/module_source_SDK_configuration
2026/09/17 03:01:14 INFO discarding dagql cache without persistence hasSQLDB=true hasPersistDB=true
--- PASS: TestPersistedModuleConfigurationNumbersStayExact (0.02s)
    --- PASS: TestPersistedModuleConfigurationNumbersStayExact/module_SDK_and_workspace_configuration (0.00s)
    --- PASS: TestPersistedModuleConfigurationNumbersStayExact/module_source_SDK_configuration (0.00s)
=== RUN   TestPersistedCoreLazyPayloadRelocation
=== RUN   TestPersistedCoreLazyPayloadRelocation/an_omitted_mapping_fails_without_partial_writes
2026/09/17 03:01:14 INFO discarding dagql cache without persistence hasSQLDB=true hasPersistDB=true
--- PASS: TestPersistedCoreLazyPayloadRelocation (0.01s)
    --- PASS: TestPersistedCoreLazyPayloadRelocation/an_omitted_mapping_fails_without_partial_writes (0.00s)
=== RUN   TestPersistedModuleObjectPayloadRelocation
=== RUN   TestPersistedModuleObjectPayloadRelocation/an_omitted_mapping_fails_without_partial_writes
2026/09/17 03:01:14 INFO discarding dagql cache without persistence hasSQLDB=true hasPersistDB=true
--- PASS: TestPersistedModuleObjectPayloadRelocation (0.01s)
    --- PASS: TestPersistedModuleObjectPayloadRelocation/an_omitted_mapping_fails_without_partial_writes (0.00s)
=== RUN   TestPersistedActionPayloadRelocationKeepsNodeIndices
2026/09/17 03:01:14 INFO discarding dagql cache without persistence hasSQLDB=true hasPersistDB=true
--- PASS: TestPersistedActionPayloadRelocationKeepsNodeIndices (0.01s)
=== RUN   TestPersistedCoreStorageRolesAreClassified
2026/09/17 03:01:14 INFO discarding dagql cache without persistence hasSQLDB=true hasPersistDB=true
--- PASS: TestPersistedCoreStorageRolesAreClassified (0.02s)
=== RUN   TestPersistedRelocatedRowsSurviveWorkerSaveAndReopen
2026/09/17 03:01:14 INFO starting dagql cache close hasSQLDB=true hasPersistDB=true
2026/09/17 03:01:14 INFO marking dagql cache clean shutdown
2026/09/17 03:01:14 WARN successfully marked clean shutdown in persistence metadata
2026/09/17 03:01:14 INFO completed dagql cache close successfully
2026/09/17 03:01:14 INFO starting dagql cache close hasSQLDB=true hasPersistDB=true
2026/09/17 03:01:14 INFO marking dagql cache clean shutdown
2026/09/17 03:01:14 WARN successfully marked clean shutdown in persistence metadata
2026/09/17 03:01:14 INFO completed dagql cache close successfully
2026/09/17 03:01:14 INFO starting dagql cache close hasSQLDB=true hasPersistDB=true
2026/09/17 03:01:14 INFO marking dagql cache clean shutdown
2026/09/17 03:01:14 WARN successfully marked clean shutdown in persistence metadata
2026/09/17 03:01:14 INFO completed dagql cache close successfully
2026/09/17 03:01:14 INFO starting dagql cache close hasSQLDB=true hasPersistDB=true
2026/09/17 03:01:14 INFO marking dagql cache clean shutdown
2026/09/17 03:01:14 WARN successfully marked clean shutdown in persistence metadata
2026/09/17 03:01:14 INFO completed dagql cache close successfully
2026/09/17 03:01:14 INFO discarding dagql cache without persistence hasSQLDB=true hasPersistDB=true
--- PASS: TestPersistedRelocatedRowsSurviveWorkerSaveAndReopen (0.03s)
=== RUN   TestPersistedContainerRecipeRelocationUsesRecordedCall
=== RUN   TestPersistedContainerRecipeRelocationUsesRecordedCall/a_pending_recipe_without_its_recorded_call_is_refused
=== RUN   TestPersistedContainerRecipeRelocationUsesRecordedCall/a_recorded_call_naming_no_recipe_is_refused
=== RUN   TestPersistedContainerRecipeRelocationUsesRecordedCall/a_different_recipe's_call_does_not_reach_these_positions
2026/09/17 03:01:14 INFO discarding dagql cache without persistence hasSQLDB=true hasPersistDB=true
--- PASS: TestPersistedContainerRecipeRelocationUsesRecordedCall (0.01s)
    --- PASS: TestPersistedContainerRecipeRelocationUsesRecordedCall/a_pending_recipe_without_its_recorded_call_is_refused (0.00s)
    --- PASS: TestPersistedContainerRecipeRelocationUsesRecordedCall/a_recorded_call_naming_no_recipe_is_refused (0.00s)
    --- PASS: TestPersistedContainerRecipeRelocationUsesRecordedCall/a_different_recipe's_call_does_not_reach_these_positions (0.00s)
=== RUN   TestQueryNewModuleInitializesDeps
=== PAUSE TestQueryNewModuleInitializesDeps
=== RUN   TestSelectLatestReleaseTagIgnoresLowerAmbiguity
=== PAUSE TestSelectLatestReleaseTagIgnoresLowerAmbiguity
=== RUN   TestSelectLatestReleaseTagReportsOriginalTags
=== PAUSE TestSelectLatestReleaseTagReportsOriginalTags
=== RUN   TestSelectReleaseTagWithVersionQuery
=== PAUSE TestSelectReleaseTagWithVersionQuery
=== RUN   TestSelectReleaseTagRejectsInvalidVersionQuery
=== PAUSE TestSelectReleaseTagRejectsInvalidVersionQuery
=== RUN   TestParseReleaseTagPreservesPrefixedName
=== PAUSE TestParseReleaseTagPreservesPrefixedName
=== RUN   TestPreferCanonicalGitReleaseTag
=== PAUSE TestPreferCanonicalGitReleaseTag
=== RUN   TestSchemaJSONFileSelectorHiddenFieldsAffectCallIdentity
--- PASS: TestSchemaJSONFileSelectorHiddenFieldsAffectCallIdentity (0.00s)
=== RUN   TestModDepsForCallInstalledPreference
=== RUN   TestModDepsForCallInstalledPreference/import_before_installation
=== RUN   TestModDepsForCallInstalledPreference/import_before_installation/module
=== RUN   TestModDepsForCallInstalledPreference/import_before_installation/receiver
=== RUN   TestModDepsForCallInstalledPreference/import_before_installation/argument
=== RUN   TestModDepsForCallInstalledPreference/import_before_installation/implicit
=== RUN   TestModDepsForCallInstalledPreference/import_before_installation/ancestor
2026/09/17 03:01:14 INFO discarding dagql cache without persistence hasSQLDB=true hasPersistDB=true
2026/09/17 03:01:14 INFO discarding dagql cache without persistence hasSQLDB=true hasPersistDB=true
=== RUN   TestModDepsForCallInstalledPreference/import_after_installation
=== RUN   TestModDepsForCallInstalledPreference/import_after_installation/module
=== RUN   TestModDepsForCallInstalledPreference/import_after_installation/receiver
=== RUN   TestModDepsForCallInstalledPreference/import_after_installation/argument
=== RUN   TestModDepsForCallInstalledPreference/import_after_installation/implicit
=== RUN   TestModDepsForCallInstalledPreference/import_after_installation/ancestor
2026/09/17 03:01:14 INFO discarding dagql cache without persistence hasSQLDB=true hasPersistDB=true
2026/09/17 03:01:14 INFO discarding dagql cache without persistence hasSQLDB=true hasPersistDB=true
--- PASS: TestModDepsForCallInstalledPreference (0.05s)
    --- PASS: TestModDepsForCallInstalledPreference/import_before_installation (0.03s)
        --- PASS: TestModDepsForCallInstalledPreference/import_before_installation/module (0.00s)
        --- PASS: TestModDepsForCallInstalledPreference/import_before_installation/receiver (0.00s)
        --- PASS: TestModDepsForCallInstalledPreference/import_before_installation/argument (0.00s)
        --- PASS: TestModDepsForCallInstalledPreference/import_before_installation/implicit (0.00s)
        --- PASS: TestModDepsForCallInstalledPreference/import_before_installation/ancestor (0.00s)
    --- PASS: TestModDepsForCallInstalledPreference/import_after_installation (0.02s)
        --- PASS: TestModDepsForCallInstalledPreference/import_after_installation/module (0.00s)
        --- PASS: TestModDepsForCallInstalledPreference/import_after_installation/receiver (0.00s)
        --- PASS: TestModDepsForCallInstalledPreference/import_after_installation/argument (0.00s)
        --- PASS: TestModDepsForCallInstalledPreference/import_after_installation/implicit (0.00s)
        --- PASS: TestModDepsForCallInstalledPreference/import_after_installation/ancestor (0.00s)
=== RUN   TestModDepsForCallInstalledPreferenceTraversal
2026/09/17 03:01:14 INFO discarding dagql cache without persistence hasSQLDB=true hasPersistDB=true
--- PASS: TestModDepsForCallInstalledPreferenceTraversal (0.01s)
=== RUN   TestNewSchema
=== RUN   TestNewSchema/valid
=== RUN   TestNewSchema/malformed_JSON
=== RUN   TestNewSchema/missing___schema
--- PASS: TestNewSchema (0.00s)
    --- PASS: TestNewSchema/valid (0.00s)
    --- PASS: TestNewSchema/malformed_JSON (0.00s)
    --- PASS: TestNewSchema/missing___schema (0.00s)
=== RUN   TestSchemaMerge
--- PASS: TestSchemaMerge (0.00s)
=== RUN   TestSchemaMergeReusesModuleConstructor
--- PASS: TestSchemaMergeReusesModuleConstructor (0.00s)
=== RUN   TestSchemaMergeIdempotent
--- PASS: TestSchemaMergeIdempotent (0.00s)
=== RUN   TestSchemaMergeConflict
--- PASS: TestSchemaMergeConflict (0.00s)
=== RUN   TestSchemaMergeRequiresModuleName
--- PASS: TestSchemaMergeRequiresModuleName (0.00s)
=== RUN   TestSchemaMergeInterfaceAndEnum
=== RUN   TestSchemaMergeInterfaceAndEnum/interface
=== RUN   TestSchemaMergeInterfaceAndEnum/enum
--- PASS: TestSchemaMergeInterfaceAndEnum (0.00s)
    --- PASS: TestSchemaMergeInterfaceAndEnum/interface (0.00s)
    --- PASS: TestSchemaMergeInterfaceAndEnum/enum (0.00s)
=== RUN   TestSchemaMergeScalar
--- PASS: TestSchemaMergeScalar (0.00s)
=== RUN   TestSchemaContentsRoundTrip
--- PASS: TestSchemaContentsRoundTrip (0.00s)
=== RUN   TestRecordBoundServiceFQDNs
=== PAUSE TestRecordBoundServiceFQDNs
=== RUN   TestRunningServiceOriginSpanContextsAreDeterministic
--- PASS: TestRunningServiceOriginSpanContextsAreDeterministic (0.00s)
=== RUN   TestServiceBindingExitErrorAddsBindingOriginAlongsideInnerOrigin
--- PASS: TestServiceBindingExitErrorAddsBindingOriginAlongsideInnerOrigin (0.00s)
=== RUN   TestStartWithKeySuppressesDependencyExitPropagationUntilRelease
--- PASS: TestStartWithKeySuppressesDependencyExitPropagationUntilRelease (0.06s)
=== RUN   TestSecretPlaintextFallsBackToAvailableSessionResourceBinding
--- PASS: TestSecretPlaintextFallsBackToAvailableSessionResourceBinding (0.00s)
=== RUN   TestSocketForwardAgentClientFallsBackToAvailableSessionResourceBinding
--- PASS: TestSocketForwardAgentClientFallsBackToAvailableSessionResourceBinding (0.00s)
=== RUN   TestSnapshotOwnerWaitsForWholeContainer
2026/09/17 03:01:14 INFO start lazy evaluation field=Container.import
2026/09/17 03:01:14 INFO end lazy evaluation field=Container.import duration=5.553222ms
2026/09/17 03:01:14 INFO discarding dagql cache without persistence hasSQLDB=true hasPersistDB=true
--- PASS: TestSnapshotOwnerWaitsForWholeContainer (0.02s)
=== RUN   TestSnapshotOwnerCompletedReaders
=== RUN   TestSnapshotOwnerCompletedReaders/Container
2026/09/17 03:01:14 INFO start lazy evaluation field=completed
2026/09/17 03:01:14 INFO end lazy evaluation field=completed duration=24.03µs
=== RUN   TestSnapshotOwnerCompletedReaders/File
2026/09/17 03:01:14 INFO start lazy evaluation field=completed
2026/09/17 03:01:14 INFO end lazy evaluation field=completed duration=24µs
--- PASS: TestSnapshotOwnerCompletedReaders (0.01s)
    --- PASS: TestSnapshotOwnerCompletedReaders/Container (0.00s)
    --- PASS: TestSnapshotOwnerCompletedReaders/File (0.00s)
=== RUN   TestSnapshotOwnerWaitsForBody
=== RUN   TestSnapshotOwnerWaitsForBody/Container
2026/09/17 03:01:14 INFO start lazy group evaluation field=fs group=write
2026/09/17 03:01:14 INFO end lazy group evaluation field=fs group=write duration=2.832797ms
=== RUN   TestSnapshotOwnerWaitsForBody/File
2026/09/17 03:01:14 INFO start lazy evaluation field=file
2026/09/17 03:01:14 INFO end lazy evaluation field=file duration=885.229µs
--- PASS: TestSnapshotOwnerWaitsForBody (0.00s)
    --- PASS: TestSnapshotOwnerWaitsForBody/Container (0.00s)
    --- PASS: TestSnapshotOwnerWaitsForBody/File (0.00s)
=== RUN   TestSnapshotOwnerWaitsForEncoder
2026/09/17 03:01:14 INFO start lazy evaluation field=completed
2026/09/17 03:01:14 INFO end lazy evaluation field=completed duration=21.72µs
--- PASS: TestSnapshotOwnerWaitsForEncoder (0.00s)
=== RUN   TestSnapshotTransferTypedAdoptionAndRestart
    snapshot_transfer_test.go:45: real native snapshot transfer requires read-only bind mount privileges: mount source: "/tmp/TestSnapshotTransferTypedAdoptionAndRestart2003573439/001", target: "/tmp/snapshot-transfer-mount2485490993", fstype: bind, flags: 20481, data: "", err: operation not permitted
--- SKIP: TestSnapshotTransferTypedAdoptionAndRestart (0.00s)
=== RUN   TestPersistedObjectListSurvivesRepeatedRestore
2026/09/17 03:01:14 INFO starting dagql cache close hasSQLDB=true hasPersistDB=true
2026/09/17 03:01:14 INFO marking dagql cache clean shutdown
2026/09/17 03:01:14 WARN successfully marked clean shutdown in persistence metadata
2026/09/17 03:01:14 INFO completed dagql cache close successfully
2026/09/17 03:01:14 INFO starting dagql cache close hasSQLDB=true hasPersistDB=true
2026/09/17 03:01:14 INFO marking dagql cache clean shutdown
2026/09/17 03:01:14 WARN successfully marked clean shutdown in persistence metadata
2026/09/17 03:01:14 INFO completed dagql cache close successfully
2026/09/17 03:01:14 INFO start lazy evaluation field=Directory.restore
2026/09/17 03:01:14 INFO end lazy evaluation field=Directory.restore duration=19.73µs
2026/09/17 03:01:14 INFO starting dagql cache close hasSQLDB=true hasPersistDB=true
2026/09/17 03:01:14 INFO marking dagql cache clean shutdown
2026/09/17 03:01:14 WARN successfully marked clean shutdown in persistence metadata
2026/09/17 03:01:14 INFO completed dagql cache close successfully
2026/09/17 03:01:14 INFO starting dagql cache close hasSQLDB=true hasPersistDB=true
2026/09/17 03:01:14 INFO marking dagql cache clean shutdown
2026/09/17 03:01:14 WARN successfully marked clean shutdown in persistence metadata
2026/09/17 03:01:14 INFO completed dagql cache close successfully
--- PASS: TestPersistedObjectListSurvivesRepeatedRestore (0.02s)
=== RUN   TestWorkspaceRestoreOpensNothing
2026/09/17 03:01:14 INFO starting dagql cache close hasSQLDB=true hasPersistDB=true
2026/09/17 03:01:14 INFO marking dagql cache clean shutdown
2026/09/17 03:01:14 WARN successfully marked clean shutdown in persistence metadata
2026/09/17 03:01:14 INFO completed dagql cache close successfully
2026/09/17 03:01:14 INFO starting dagql cache close hasSQLDB=true hasPersistDB=true
2026/09/17 03:01:14 INFO marking dagql cache clean shutdown
2026/09/17 03:01:14 WARN successfully marked clean shutdown in persistence metadata
2026/09/17 03:01:14 INFO completed dagql cache close successfully
2026/09/17 03:01:14 INFO start lazy evaluation field=Directory.restore
2026/09/17 03:01:14 INFO end lazy evaluation field=Directory.restore duration=28.94µs
2026/09/17 03:01:14 INFO starting dagql cache close hasSQLDB=true hasPersistDB=true
2026/09/17 03:01:14 INFO marking dagql cache clean shutdown
2026/09/17 03:01:14 WARN successfully marked clean shutdown in persistence metadata
2026/09/17 03:01:14 INFO completed dagql cache close successfully
--- PASS: TestWorkspaceRestoreOpensNothing (0.02s)
=== RUN   TestModuleObjectListFieldRestore
2026/09/17 03:01:14 INFO starting dagql cache close hasSQLDB=true hasPersistDB=true
2026/09/17 03:01:14 INFO marking dagql cache clean shutdown
2026/09/17 03:01:14 WARN successfully marked clean shutdown in persistence metadata
2026/09/17 03:01:14 INFO completed dagql cache close successfully
2026/09/17 03:01:14 INFO starting dagql cache close hasSQLDB=true hasPersistDB=true
2026/09/17 03:01:14 INFO marking dagql cache clean shutdown
2026/09/17 03:01:14 WARN successfully marked clean shutdown in persistence metadata
2026/09/17 03:01:14 INFO completed dagql cache close successfully
2026/09/17 03:01:14 INFO starting dagql cache close hasSQLDB=true hasPersistDB=true
2026/09/17 03:01:14 INFO marking dagql cache clean shutdown
2026/09/17 03:01:14 WARN successfully marked clean shutdown in persistence metadata
2026/09/17 03:01:14 INFO completed dagql cache close successfully
--- PASS: TestModuleObjectListFieldRestore (0.02s)
=== RUN   TestRestoredSnapshotLazyChildrenKeepParentClosed
=== RUN   TestRestoredSnapshotLazyChildrenKeepParentClosed/Directory
2026/09/17 03:01:14 INFO starting dagql cache close hasSQLDB=true hasPersistDB=true
2026/09/17 03:01:14 INFO marking dagql cache clean shutdown
2026/09/17 03:01:14 WARN successfully marked clean shutdown in persistence metadata
2026/09/17 03:01:14 INFO completed dagql cache close successfully
2026/09/17 03:01:14 INFO start lazy evaluation field=Directory.without
2026/09/17 03:01:14 INFO start lazy evaluation field=Directory.restore
2026/09/17 03:01:14 INFO end lazy evaluation field=Directory.restore duration=7.92µs
2026/09/17 03:01:14 INFO end lazy evaluation field=Directory.without duration=57.189µs err="context canceled"
2026/09/17 03:01:14 INFO discarding dagql cache without persistence hasSQLDB=true hasPersistDB=true
=== RUN   TestRestoredSnapshotLazyChildrenKeepParentClosed/File
2026/09/17 03:01:14 INFO starting dagql cache close hasSQLDB=true hasPersistDB=true
2026/09/17 03:01:14 INFO marking dagql cache clean shutdown
2026/09/17 03:01:14 WARN successfully marked clean shutdown in persistence metadata
2026/09/17 03:01:14 INFO completed dagql cache close successfully
2026/09/17 03:01:14 INFO start lazy evaluation field=File.withName
2026/09/17 03:01:14 INFO start lazy evaluation field=File.restore
2026/09/17 03:01:14 INFO end lazy evaluation field=File.restore duration=9.21µs
2026/09/17 03:01:14 INFO end lazy evaluation field=File.withName duration=68.64µs err="context canceled"
2026/09/17 03:01:14 INFO discarding dagql cache without persistence hasSQLDB=true hasPersistDB=true
--- PASS: TestRestoredSnapshotLazyChildrenKeepParentClosed (0.03s)
    --- PASS: TestRestoredSnapshotLazyChildrenKeepParentClosed/Directory (0.02s)
    --- PASS: TestRestoredSnapshotLazyChildrenKeepParentClosed/File (0.01s)
=== RUN   TestRestoredSnapshotContainerRecipeInput
2026/09/17 03:01:14 INFO starting dagql cache close hasSQLDB=true hasPersistDB=true
2026/09/17 03:01:14 INFO marking dagql cache clean shutdown
2026/09/17 03:01:14 WARN successfully marked clean shutdown in persistence metadata
2026/09/17 03:01:14 INFO completed dagql cache close successfully
2026/09/17 03:01:14 INFO start lazy group evaluation field=Container.withDirectory group=metadata
2026/09/17 03:01:14 INFO end lazy group evaluation field=Container.withDirectory group=metadata duration=23.06µs
2026/09/17 03:01:14 INFO start lazy group evaluation field=Container.withDirectory group=execMeta
2026/09/17 03:01:14 INFO end lazy group evaluation field=Container.withDirectory group=execMeta duration=3.96µs
2026/09/17 03:01:14 INFO start lazy group evaluation field=Container.withDirectory group=write
2026/09/17 03:01:14 INFO start lazy evaluation field=Directory.restore
2026/09/17 03:01:14 INFO end lazy evaluation field=Directory.restore duration=7.53µs
2026/09/17 03:01:14 INFO start lazy group evaluation field="Container stored part" group=open:fs
2026/09/17 03:01:14 INFO end lazy group evaluation field="Container stored part" group=open:fs duration=11.57µs
2026/09/17 03:01:14 INFO start lazy evaluation field=Container.rootfs
2026/09/17 03:01:14 INFO end lazy evaluation field=Container.rootfs duration=11.28µs
2026/09/17 03:01:14 INFO end lazy group evaluation field=Container.withDirectory group=write duration=244.37µs err="snapshotmanager.New failed: context canceled"
2026/09/17 03:01:14 INFO discarding dagql cache without persistence hasSQLDB=true hasPersistDB=true
--- PASS: TestRestoredSnapshotContainerRecipeInput (0.01s)
=== RUN   TestRestoredSnapshotRoundTrip
=== RUN   TestRestoredSnapshotRoundTrip/Directory
2026/09/17 03:01:14 INFO starting dagql cache close hasSQLDB=true hasPersistDB=true
2026/09/17 03:01:14 INFO marking dagql cache clean shutdown
2026/09/17 03:01:14 WARN successfully marked clean shutdown in persistence metadata
2026/09/17 03:01:14 INFO completed dagql cache close successfully
2026/09/17 03:01:14 INFO starting dagql cache close hasSQLDB=true hasPersistDB=true
2026/09/17 03:01:14 INFO marking dagql cache clean shutdown
2026/09/17 03:01:14 WARN successfully marked clean shutdown in persistence metadata
2026/09/17 03:01:14 INFO completed dagql cache close successfully
2026/09/17 03:01:14 INFO start lazy evaluation field=Directory.restore
2026/09/17 03:01:14 INFO end lazy evaluation field=Directory.restore duration=18.93µs
2026/09/17 03:01:14 INFO starting dagql cache close hasSQLDB=true hasPersistDB=true
2026/09/17 03:01:14 INFO marking dagql cache clean shutdown
2026/09/17 03:01:14 WARN successfully marked clean shutdown in persistence metadata
2026/09/17 03:01:14 INFO completed dagql cache close successfully
=== RUN   TestRestoredSnapshotRoundTrip/Directory/
2026/09/17 03:01:14 INFO starting dagql cache close hasSQLDB=true hasPersistDB=true
2026/09/17 03:01:14 INFO marking dagql cache clean shutdown
2026/09/17 03:01:14 WARN successfully marked clean shutdown in persistence metadata
2026/09/17 03:01:14 INFO completed dagql cache close successfully
2026/09/17 03:01:14 INFO starting dagql cache close hasSQLDB=true hasPersistDB=true
2026/09/17 03:01:14 INFO marking dagql cache clean shutdown
2026/09/17 03:01:14 WARN successfully marked clean shutdown in persistence metadata
2026/09/17 03:01:14 INFO completed dagql cache close successfully
2026/09/17 03:01:14 INFO start lazy evaluation field=Directory.restore
2026/09/17 03:01:14 INFO end lazy evaluation field=Directory.restore duration=18.66µs
2026/09/17 03:01:14 INFO starting dagql cache close hasSQLDB=true hasPersistDB=true
2026/09/17 03:01:14 INFO marking dagql cache clean shutdown
2026/09/17 03:01:14 WARN successfully marked clean shutdown in persistence metadata
2026/09/17 03:01:14 INFO completed dagql cache close successfully
=== RUN   TestRestoredSnapshotRoundTrip/Directory/nested/name
2026/09/17 03:01:14 INFO starting dagql cache close hasSQLDB=true hasPersistDB=true
2026/09/17 03:01:14 INFO marking dagql cache clean shutdown
2026/09/17 03:01:14 WARN successfully marked clean shutdown in persistence metadata
2026/09/17 03:01:14 INFO completed dagql cache close successfully
2026/09/17 03:01:14 INFO starting dagql cache close hasSQLDB=true hasPersistDB=true
2026/09/17 03:01:14 INFO marking dagql cache clean shutdown
2026/09/17 03:01:14 WARN successfully marked clean shutdown in persistence metadata
2026/09/17 03:01:14 INFO completed dagql cache close successfully
2026/09/17 03:01:14 INFO start lazy evaluation field=Directory.restore
2026/09/17 03:01:14 INFO end lazy evaluation field=Directory.restore duration=54.43µs
2026/09/17 03:01:14 INFO starting dagql cache close hasSQLDB=true hasPersistDB=true
2026/09/17 03:01:14 INFO marking dagql cache clean shutdown
2026/09/17 03:01:14 WARN successfully marked clean shutdown in persistence metadata
2026/09/17 03:01:14 INFO completed dagql cache close successfully
=== RUN   TestRestoredSnapshotRoundTrip/File
2026/09/17 03:01:14 INFO starting dagql cache close hasSQLDB=true hasPersistDB=true
2026/09/17 03:01:14 INFO marking dagql cache clean shutdown
2026/09/17 03:01:14 WARN successfully marked clean shutdown in persistence metadata
2026/09/17 03:01:14 INFO completed dagql cache close successfully
2026/09/17 03:01:14 INFO starting dagql cache close hasSQLDB=true hasPersistDB=true
2026/09/17 03:01:14 INFO marking dagql cache clean shutdown
2026/09/17 03:01:14 WARN successfully marked clean shutdown in persistence metadata
2026/09/17 03:01:14 INFO completed dagql cache close successfully
2026/09/17 03:01:14 INFO start lazy evaluation field=File.restore
2026/09/17 03:01:14 INFO end lazy evaluation field=File.restore duration=21.3µs
2026/09/17 03:01:14 INFO starting dagql cache close hasSQLDB=true hasPersistDB=true
2026/09/17 03:01:14 INFO marking dagql cache clean shutdown
2026/09/17 03:01:14 WARN successfully marked clean shutdown in persistence metadata
2026/09/17 03:01:14 INFO completed dagql cache close successfully
=== RUN   TestRestoredSnapshotRoundTrip/File/
2026/09/17 03:01:14 INFO starting dagql cache close hasSQLDB=true hasPersistDB=true
2026/09/17 03:01:14 INFO marking dagql cache clean shutdown
2026/09/17 03:01:14 WARN successfully marked clean shutdown in persistence metadata
2026/09/17 03:01:14 INFO completed dagql cache close successfully
2026/09/17 03:01:14 INFO starting dagql cache close hasSQLDB=true hasPersistDB=true
2026/09/17 03:01:14 INFO marking dagql cache clean shutdown
2026/09/17 03:01:14 WARN successfully marked clean shutdown in persistence metadata
2026/09/17 03:01:14 INFO completed dagql cache close successfully
2026/09/17 03:01:14 INFO start lazy evaluation field=File.restore
2026/09/17 03:01:14 INFO end lazy evaluation field=File.restore duration=17.31µs
2026/09/17 03:01:14 INFO starting dagql cache close hasSQLDB=true hasPersistDB=true
2026/09/17 03:01:14 INFO marking dagql cache clean shutdown
2026/09/17 03:01:14 WARN successfully marked clean shutdown in persistence metadata
2026/09/17 03:01:14 INFO completed dagql cache close successfully
=== RUN   TestRestoredSnapshotRoundTrip/File/nested/name
2026/09/17 03:01:14 INFO starting dagql cache close hasSQLDB=true hasPersistDB=true
2026/09/17 03:01:14 INFO marking dagql cache clean shutdown
2026/09/17 03:01:14 WARN successfully marked clean shutdown in persistence metadata
2026/09/17 03:01:14 INFO completed dagql cache close successfully
2026/09/17 03:01:14 INFO starting dagql cache close hasSQLDB=true hasPersistDB=true
2026/09/17 03:01:14 INFO marking dagql cache clean shutdown
2026/09/17 03:01:14 WARN successfully marked clean shutdown in persistence metadata
2026/09/17 03:01:14 INFO completed dagql cache close successfully
2026/09/17 03:01:14 INFO start lazy evaluation field=File.restore
2026/09/17 03:01:14 INFO end lazy evaluation field=File.restore duration=20.54µs
2026/09/17 03:01:14 INFO starting dagql cache close hasSQLDB=true hasPersistDB=true
2026/09/17 03:01:14 INFO marking dagql cache clean shutdown
2026/09/17 03:01:14 WARN successfully marked clean shutdown in persistence metadata
2026/09/17 03:01:14 INFO completed dagql cache close successfully
--- PASS: TestRestoredSnapshotRoundTrip (0.09s)
    --- PASS: TestRestoredSnapshotRoundTrip/Directory (0.01s)
    --- PASS: TestRestoredSnapshotRoundTrip/Directory/ (0.01s)
    --- PASS: TestRestoredSnapshotRoundTrip/Directory/nested/name (0.02s)
    --- PASS: TestRestoredSnapshotRoundTrip/File (0.02s)
    --- PASS: TestRestoredSnapshotRoundTrip/File/ (0.01s)
    --- PASS: TestRestoredSnapshotRoundTrip/File/nested/name (0.01s)
=== RUN   TestRestoredSnapshotFailureAndConcurrentDemand
=== RUN   TestRestoredSnapshotFailureAndConcurrentDemand/Directory
2000/01/01 00:00:00 INFO start lazy evaluation field=Directory.restore
2000/01/01 00:00:00 INFO end lazy evaluation field=Directory.restore duration=0s err="snapshot unavailable"
2000/01/01 00:00:00 INFO start lazy evaluation field=Directory.restore
2000/01/01 00:00:00 INFO end lazy evaluation field=Directory.restore duration=0s err="snapshot unavailable"
2000/01/01 00:00:00 INFO start lazy evaluation field=Directory.restore
2000/01/01 00:00:00 INFO end lazy evaluation field=Directory.restore duration=0s
2000/01/01 00:00:00 INFO discarding dagql cache without persistence hasSQLDB=false hasPersistDB=false
=== RUN   TestRestoredSnapshotFailureAndConcurrentDemand/File
2000/01/01 00:00:00 INFO start lazy evaluation field=File.restore
2000/01/01 00:00:00 INFO end lazy evaluation field=File.restore duration=0s err="snapshot unavailable"
2000/01/01 00:00:00 INFO start lazy evaluation field=File.restore
2000/01/01 00:00:00 INFO end lazy evaluation field=File.restore duration=0s err="snapshot unavailable"
2000/01/01 00:00:00 INFO start lazy evaluation field=File.restore
2000/01/01 00:00:00 INFO end lazy evaluation field=File.restore duration=0s
2000/01/01 00:00:00 INFO discarding dagql cache without persistence hasSQLDB=false hasPersistDB=false
--- PASS: TestRestoredSnapshotFailureAndConcurrentDemand (0.00s)
    --- PASS: TestRestoredSnapshotFailureAndConcurrentDemand/Directory (0.00s)
    --- PASS: TestRestoredSnapshotFailureAndConcurrentDemand/File (0.00s)
=== RUN   TestRestoredSnapshotUsageAndRelease
=== RUN   TestRestoredSnapshotUsageAndRelease/Directory/open=false
2000/01/01 00:00:00 INFO discarding dagql cache without persistence hasSQLDB=false hasPersistDB=false
=== RUN   TestRestoredSnapshotUsageAndRelease/Directory/open=true
2000/01/01 00:00:00 INFO start lazy evaluation field=Directory.restore
2000/01/01 00:00:00 INFO end lazy evaluation field=Directory.restore duration=0s
2000/01/01 00:00:00 INFO discarding dagql cache without persistence hasSQLDB=false hasPersistDB=false
=== RUN   TestRestoredSnapshotUsageAndRelease/File/open=false
2000/01/01 00:00:00 INFO discarding dagql cache without persistence hasSQLDB=false hasPersistDB=false
=== RUN   TestRestoredSnapshotUsageAndRelease/File/open=true
2000/01/01 00:00:00 INFO start lazy evaluation field=File.restore
2000/01/01 00:00:00 INFO end lazy evaluation field=File.restore duration=0s
2000/01/01 00:00:00 INFO discarding dagql cache without persistence hasSQLDB=false hasPersistDB=false
--- PASS: TestRestoredSnapshotUsageAndRelease (0.00s)
    --- PASS: TestRestoredSnapshotUsageAndRelease/Directory/open=false (0.00s)
    --- PASS: TestRestoredSnapshotUsageAndRelease/Directory/open=true (0.00s)
    --- PASS: TestRestoredSnapshotUsageAndRelease/File/open=false (0.00s)
    --- PASS: TestRestoredSnapshotUsageAndRelease/File/open=true (0.00s)
=== RUN   TestRestoredSnapshotReportingAndBookkeepingRetry
=== RUN   TestRestoredSnapshotReportingAndBookkeepingRetry/Directory
2026/09/17 03:01:14 INFO start lazy evaluation field=Directory.restore
2026/09/17 03:01:14 INFO end lazy evaluation field=Directory.restore duration=12.59µs
2026/09/17 03:01:14 INFO discarding dagql cache without persistence hasSQLDB=false hasPersistDB=false
=== RUN   TestRestoredSnapshotReportingAndBookkeepingRetry/File
2026/09/17 03:01:14 INFO start lazy evaluation field=File.restore
2026/09/17 03:01:14 INFO end lazy evaluation field=File.restore duration=9.94µs
2026/09/17 03:01:14 INFO discarding dagql cache without persistence hasSQLDB=false hasPersistDB=false
--- PASS: TestRestoredSnapshotReportingAndBookkeepingRetry (0.00s)
    --- PASS: TestRestoredSnapshotReportingAndBookkeepingRetry/Directory (0.00s)
    --- PASS: TestRestoredSnapshotReportingAndBookkeepingRetry/File (0.00s)
=== RUN   TestRestoredSnapshotPathOrEvalFreshPaths
2026/09/17 03:01:14 INFO start lazy evaluation field=test
2026/09/17 03:01:14 INFO end lazy evaluation field=test duration=11.06µs
2026/09/17 03:01:14 INFO start lazy evaluation field=test
2026/09/17 03:01:14 INFO end lazy evaluation field=test duration=8.91µs
2026/09/17 03:01:14 INFO discarding dagql cache without persistence hasSQLDB=false hasPersistDB=false
--- PASS: TestRestoredSnapshotPathOrEvalFreshPaths (0.00s)
=== RUN   TestSourceFilePathsMixedStoredAndFresh
2026/09/17 03:01:14 INFO start lazy evaluation field=test
2026/09/17 03:01:14 INFO end lazy evaluation field=test duration=8.99µs
2026/09/17 03:01:14 INFO discarding dagql cache without persistence hasSQLDB=false hasPersistDB=false
--- PASS: TestSourceFilePathsMixedStoredAndFresh (0.00s)
=== RUN   TestRestoredSnapshotAttemptLifetime
=== RUN   TestRestoredSnapshotAttemptLifetime/Directory/release=false
2000/01/01 00:00:00 INFO start lazy evaluation field=Directory.restore
2000/01/01 00:00:00 INFO end lazy evaluation field=Directory.restore duration=0s
2000/01/01 00:00:00 INFO discarding dagql cache without persistence hasSQLDB=false hasPersistDB=false
=== RUN   TestRestoredSnapshotAttemptLifetime/Directory/release=true
2000/01/01 00:00:00 INFO start lazy evaluation field=Directory.restore
2000/01/01 00:00:00 INFO end lazy evaluation field=Directory.restore duration=0s
2000/01/01 00:00:00 INFO discarding dagql cache without persistence hasSQLDB=false hasPersistDB=false
=== RUN   TestRestoredSnapshotAttemptLifetime/File/release=false
2000/01/01 00:00:00 INFO start lazy evaluation field=File.restore
2000/01/01 00:00:00 INFO end lazy evaluation field=File.restore duration=0s
2000/01/01 00:00:00 INFO discarding dagql cache without persistence hasSQLDB=false hasPersistDB=false
=== RUN   TestRestoredSnapshotAttemptLifetime/File/release=true
2000/01/01 00:00:00 INFO start lazy evaluation field=File.restore
2000/01/01 00:00:00 INFO end lazy evaluation field=File.restore duration=0s
2000/01/01 00:00:00 INFO discarding dagql cache without persistence hasSQLDB=false hasPersistDB=false
--- PASS: TestRestoredSnapshotAttemptLifetime (0.00s)
    --- PASS: TestRestoredSnapshotAttemptLifetime/Directory/release=false (0.00s)
    --- PASS: TestRestoredSnapshotAttemptLifetime/Directory/release=true (0.00s)
    --- PASS: TestRestoredSnapshotAttemptLifetime/File/release=false (0.00s)
    --- PASS: TestRestoredSnapshotAttemptLifetime/File/release=true (0.00s)
=== RUN   TestRestoredSnapshotUntouchedEnvelope
=== RUN   TestRestoredSnapshotUntouchedEnvelope/Directory
2026/09/17 03:01:14 INFO starting dagql cache close hasSQLDB=true hasPersistDB=true
2026/09/17 03:01:14 INFO marking dagql cache clean shutdown
2026/09/17 03:01:14 WARN successfully marked clean shutdown in persistence metadata
2026/09/17 03:01:14 INFO completed dagql cache close successfully
2026/09/17 03:01:14 INFO starting dagql cache close hasSQLDB=true hasPersistDB=true
2026/09/17 03:01:14 INFO marking dagql cache clean shutdown
2026/09/17 03:01:14 WARN successfully marked clean shutdown in persistence metadata
2026/09/17 03:01:14 INFO completed dagql cache close successfully
2026/09/17 03:01:14 INFO start lazy evaluation field=Directory.restore
2026/09/17 03:01:14 INFO end lazy evaluation field=Directory.restore duration=41.53µs
2026/09/17 03:01:14 INFO discarding dagql cache without persistence hasSQLDB=true hasPersistDB=true
=== RUN   TestRestoredSnapshotUntouchedEnvelope/File
2026/09/17 03:01:14 INFO starting dagql cache close hasSQLDB=true hasPersistDB=true
2026/09/17 03:01:14 INFO marking dagql cache clean shutdown
2026/09/17 03:01:14 WARN successfully marked clean shutdown in persistence metadata
2026/09/17 03:01:14 INFO completed dagql cache close successfully
2026/09/17 03:01:14 INFO starting dagql cache close hasSQLDB=true hasPersistDB=true
2026/09/17 03:01:14 INFO marking dagql cache clean shutdown
2026/09/17 03:01:14 WARN successfully marked clean shutdown in persistence metadata
2026/09/17 03:01:14 INFO completed dagql cache close successfully
2026/09/17 03:01:14 INFO start lazy evaluation field=File.restore
2026/09/17 03:01:14 INFO end lazy evaluation field=File.restore duration=31.44µs
2026/09/17 03:01:14 INFO discarding dagql cache without persistence hasSQLDB=true hasPersistDB=true
--- PASS: TestRestoredSnapshotUntouchedEnvelope (0.04s)
    --- PASS: TestRestoredSnapshotUntouchedEnvelope/Directory (0.02s)
    --- PASS: TestRestoredSnapshotUntouchedEnvelope/File (0.02s)
=== RUN   TestSourceFilePathsPreservesFreshErrors
2026/09/17 03:01:14 INFO start lazy evaluation field=test
2026/09/17 03:01:14 INFO end lazy evaluation field=test duration=21.35µs err="fresh source failed"
2026/09/17 03:01:14 INFO discarding dagql cache without persistence hasSQLDB=false hasPersistDB=false
--- PASS: TestSourceFilePathsPreservesFreshErrors (0.00s)
=== RUN   TestRestoredSnapshotDiagnostics
2026/09/17 03:01:14 INFO starting dagql cache close hasSQLDB=true hasPersistDB=true
2026/09/17 03:01:14 INFO marking dagql cache clean shutdown
2026/09/17 03:01:14 WARN successfully marked clean shutdown in persistence metadata
2026/09/17 03:01:14 INFO completed dagql cache close successfully
2026/09/17 03:01:14 INFO start lazy evaluation field=Directory.restore
2026/09/17 03:01:14 INFO end lazy evaluation field=Directory.restore duration=22.84µs
2026/09/17 03:01:14 INFO starting dagql cache close hasSQLDB=true hasPersistDB=true
2026/09/17 03:01:14 INFO marking dagql cache clean shutdown
2026/09/17 03:01:14 WARN successfully marked clean shutdown in persistence metadata
2026/09/17 03:01:14 INFO completed dagql cache close successfully
2026/09/17 03:01:14 INFO start lazy evaluation field=File.restore
2026/09/17 03:01:14 INFO end lazy evaluation field=File.restore duration=17.63µs
2026/09/17 03:01:14 INFO discarding dagql cache without persistence hasSQLDB=true hasPersistDB=true
2026/09/17 03:01:14 INFO discarding dagql cache without persistence hasSQLDB=true hasPersistDB=true
--- PASS: TestRestoredSnapshotDiagnostics (0.02s)
=== RUN   TestInitCacheEvidenceGates
=== PAUSE TestInitCacheEvidenceGates
=== RUN   TestRecordCacheEvidenceMappingHit
=== PAUSE TestRecordCacheEvidenceMappingHit
=== RUN   TestRecordCacheEvidenceMappingExecutedMissFacts
=== PAUSE TestRecordCacheEvidenceMappingExecutedMissFacts
=== RUN   TestRecordCacheEvidenceMappingJoinedStampsNoMissFacts
=== PAUSE TestRecordCacheEvidenceMappingJoinedStampsNoMissFacts
=== RUN   TestRecordCacheEvidenceMappingUncached
=== PAUSE TestRecordCacheEvidenceMappingUncached
=== RUN   TestRecordCacheEvidenceMappingUndecidedStampsNothing
=== PAUSE TestRecordCacheEvidenceMappingUndecidedStampsNothing
=== RUN   TestAroundFuncCacheEvidenceLifecycle
=== PAUSE TestAroundFuncCacheEvidenceLifecycle
=== RUN   TestAroundFuncMarksTrivialFieldsInternal
2026/09/17 03:01:14 INFO start call field=Query.value digest=xxh3:fce6d35ae467f0f2
2026/09/17 03:01:14 INFO end call field=Query.value cached=false digest=xxh3:fce6d35ae467f0f2
--- PASS: TestAroundFuncMarksTrivialFieldsInternal (0.00s)
=== RUN   TestProfileSkipClassifier
=== PAUSE TestProfileSkipClassifier
=== RUN   TestProfileSkipIsDebugIndependentPureFunction
=== PAUSE TestProfileSkipIsDebugIndependentPureFunction
=== RUN   TestIntrospectionRootFieldsMatchProfileSkip
=== PAUSE TestIntrospectionRootFieldsMatchProfileSkip
=== RUN   TestAroundFuncStampsProfileSkipBeforeInheritedSkip
=== PAUSE TestAroundFuncStampsProfileSkipBeforeInheritedSkip
=== RUN   TestParseCallerCalleeRefs
--- PASS: TestParseCallerCalleeRefs (0.00s)
=== RUN   TestAroundFuncMarksIntrospectionRootAsSkipped
--- PASS: TestAroundFuncMarksIntrospectionRootAsSkipped (0.00s)
=== RUN   TestAroundFuncSkipsIntrospectionDescendantsViaContext
--- PASS: TestAroundFuncSkipsIntrospectionDescendantsViaContext (0.00s)
=== RUN   TestIsIntrospectionPreservesClassification
=== RUN   TestIsIntrospectionPreservesClassification/root_currentTypeDefs
=== RUN   TestIsIntrospectionPreservesClassification/root_plain_field
=== RUN   TestIsIntrospectionPreservesClassification/function_builder_field
=== RUN   TestIsIntrospectionPreservesClassification/descendant_of_introspection_root
=== RUN   TestIsIntrospectionPreservesClassification/descendant_of_plain_root
--- PASS: TestIsIntrospectionPreservesClassification (0.00s)
    --- PASS: TestIsIntrospectionPreservesClassification/root_currentTypeDefs (0.00s)
    --- PASS: TestIsIntrospectionPreservesClassification/root_plain_field (0.00s)
    --- PASS: TestIsIntrospectionPreservesClassification/function_builder_field (0.00s)
    --- PASS: TestIsIntrospectionPreservesClassification/descendant_of_introspection_root (0.00s)
    --- PASS: TestIsIntrospectionPreservesClassification/descendant_of_plain_root (0.00s)
=== RUN   TestRecordStatusDoesNotMarkPendingLazyResultCached
--- PASS: TestRecordStatusDoesNotMarkPendingLazyResultCached (0.00s)
=== RUN   TestTerminalGroupRunRequiresOneTarget
=== RUN   TestTerminalGroupRunRequiresOneTarget/no_target
=== RUN   TestTerminalGroupRunRequiresOneTarget/multiple_targets
--- PASS: TestTerminalGroupRunRequiresOneTarget (0.00s)
    --- PASS: TestTerminalGroupRunRequiresOneTarget/no_target (0.00s)
    --- PASS: TestTerminalGroupRunRequiresOneTarget/multiple_targets (0.00s)
=== RUN   TestSupportsTerminal
=== RUN   TestSupportsTerminal/optional_container
=== RUN   TestSupportsTerminal/other_object
=== RUN   TestSupportsTerminal/non-object
=== RUN   TestSupportsTerminal/container
=== RUN   TestSupportsTerminal/directory
--- PASS: TestSupportsTerminal (0.00s)
    --- PASS: TestSupportsTerminal/optional_container (0.00s)
    --- PASS: TestSupportsTerminal/other_object (0.00s)
    --- PASS: TestSupportsTerminal/non-object (0.00s)
    --- PASS: TestSupportsTerminal/container (0.00s)
    --- PASS: TestSupportsTerminal/directory (0.00s)
=== RUN   TestGuardText
=== RUN   TestGuardText/empty_input
=== RUN   TestGuardText/within_both_limits_passes_through_byte-identical
=== RUN   TestGuardText/a_long_line_is_clamped_inline
=== RUN   TestGuardText/the_clamp_cuts_on_a_rune_boundary
=== RUN   TestGuardText/over_budget_drops_the_middle_behind_the_guard's_marker
--- PASS: TestGuardText (0.00s)
    --- PASS: TestGuardText/empty_input (0.00s)
    --- PASS: TestGuardText/within_both_limits_passes_through_byte-identical (0.00s)
    --- PASS: TestGuardText/a_long_line_is_clamped_inline (0.00s)
    --- PASS: TestGuardText/the_clamp_cuts_on_a_rune_boundary (0.00s)
    --- PASS: TestGuardText/over_budget_drops_the_middle_behind_the_guard's_marker (0.00s)
=== RUN   TestTraceReportGuardPassesThroughSmallReports
--- PASS: TestTraceReportGuardPassesThroughSmallReports (0.00s)
=== RUN   TestTraceReportGuardClampsLongLines
--- PASS: TestTraceReportGuardClampsLongLines (0.00s)
=== RUN   TestTraceReportGuardClampsOnRuneBoundary
--- PASS: TestTraceReportGuardClampsOnRuneBoundary (0.00s)
=== RUN   TestTraceReportGuardTruncatesMiddle
--- PASS: TestTraceReportGuardTruncatesMiddle (0.00s)
=== RUN   TestExpandedSpansUnwrapsToFirstRealWork
--- PASS: TestExpandedSpansUnwrapsToFirstRealWork (0.00s)
=== RUN   TestToolCallReportOptsHideTreeButReadTraceKeepsIt
--- PASS: TestToolCallReportOptsHideTreeButReadTraceKeepsIt (0.00s)
=== RUN   TestTraceReportHidesInternalSpans
--- PASS: TestTraceReportHidesInternalSpans (0.00s)
=== RUN   TestResolveTraceTargetChecksMostRecentWins
--- PASS: TestResolveTraceTargetChecksMostRecentWins (0.00s)
=== RUN   TestResolveTraceTargetTestsMostRecentWins
--- PASS: TestResolveTraceTargetTestsMostRecentWins (0.00s)
=== RUN   TestResolveTraceTargetUnknownNames
--- PASS: TestResolveTraceTargetUnknownNames (0.00s)
=== RUN   TestResolveTraceTargetChecksUnderToolBoundary
--- PASS: TestResolveTraceTargetChecksUnderToolBoundary (0.00s)
=== RUN   TestResolveTraceTargetSpanErrors
--- PASS: TestResolveTraceTargetSpanErrors (0.00s)
=== RUN   TestReadTraceRerunSuggestion
--- PASS: TestReadTraceRerunSuggestion (0.00s)
=== RUN   TestTypeDefConversions
=== RUN   TestTypeDefConversions/STRING_KIND.ToInput
=== RUN   TestTypeDefConversions/STRING_KIND.ToTyped
=== RUN   TestTypeDefConversions/STRING_KIND.ToType
=== RUN   TestTypeDefConversions/INTEGER_KIND.ToInput
=== RUN   TestTypeDefConversions/INTEGER_KIND.ToTyped
=== RUN   TestTypeDefConversions/INTEGER_KIND.ToType
=== RUN   TestTypeDefConversions/FLOAT_KIND.ToInput
=== RUN   TestTypeDefConversions/FLOAT_KIND.ToTyped
=== RUN   TestTypeDefConversions/FLOAT_KIND.ToType
=== RUN   TestTypeDefConversions/BOOLEAN_KIND.ToInput
=== RUN   TestTypeDefConversions/BOOLEAN_KIND.ToTyped
=== RUN   TestTypeDefConversions/BOOLEAN_KIND.ToType
=== RUN   TestTypeDefConversions/SCALAR_KIND.ToInput
=== RUN   TestTypeDefConversions/SCALAR_KIND.ToTyped
=== RUN   TestTypeDefConversions/SCALAR_KIND.ToType
=== RUN   TestTypeDefConversions/LIST_KIND.ToInput
=== RUN   TestTypeDefConversions/LIST_KIND.ToTyped
=== RUN   TestTypeDefConversions/LIST_KIND.ToType
=== RUN   TestTypeDefConversions/OBJECT_KIND.ToInput
=== RUN   TestTypeDefConversions/OBJECT_KIND.ToTyped
=== RUN   TestTypeDefConversions/OBJECT_KIND.ToType
=== RUN   TestTypeDefConversions/INTERFACE_KIND.ToInput
=== RUN   TestTypeDefConversions/INTERFACE_KIND.ToTyped
=== RUN   TestTypeDefConversions/INTERFACE_KIND.ToType
=== RUN   TestTypeDefConversions/VOID_KIND.ToInput
=== RUN   TestTypeDefConversions/VOID_KIND.ToTyped
=== RUN   TestTypeDefConversions/VOID_KIND.ToType
=== RUN   TestTypeDefConversions/ENUM_KIND.ToInput
=== RUN   TestTypeDefConversions/ENUM_KIND.ToTyped
=== RUN   TestTypeDefConversions/ENUM_KIND.ToType
--- PASS: TestTypeDefConversions (0.00s)
    --- PASS: TestTypeDefConversions/STRING_KIND.ToInput (0.00s)
    --- PASS: TestTypeDefConversions/STRING_KIND.ToTyped (0.00s)
    --- PASS: TestTypeDefConversions/STRING_KIND.ToType (0.00s)
    --- PASS: TestTypeDefConversions/INTEGER_KIND.ToInput (0.00s)
    --- PASS: TestTypeDefConversions/INTEGER_KIND.ToTyped (0.00s)
    --- PASS: TestTypeDefConversions/INTEGER_KIND.ToType (0.00s)
    --- PASS: TestTypeDefConversions/FLOAT_KIND.ToInput (0.00s)
    --- PASS: TestTypeDefConversions/FLOAT_KIND.ToTyped (0.00s)
    --- PASS: TestTypeDefConversions/FLOAT_KIND.ToType (0.00s)
    --- PASS: TestTypeDefConversions/BOOLEAN_KIND.ToInput (0.00s)
    --- PASS: TestTypeDefConversions/BOOLEAN_KIND.ToTyped (0.00s)
    --- PASS: TestTypeDefConversions/BOOLEAN_KIND.ToType (0.00s)
    --- PASS: TestTypeDefConversions/SCALAR_KIND.ToInput (0.00s)
    --- PASS: TestTypeDefConversions/SCALAR_KIND.ToTyped (0.00s)
    --- PASS: TestTypeDefConversions/SCALAR_KIND.ToType (0.00s)
    --- PASS: TestTypeDefConversions/LIST_KIND.ToInput (0.00s)
    --- PASS: TestTypeDefConversions/LIST_KIND.ToTyped (0.00s)
    --- PASS: TestTypeDefConversions/LIST_KIND.ToType (0.00s)
    --- PASS: TestTypeDefConversions/OBJECT_KIND.ToInput (0.00s)
    --- PASS: TestTypeDefConversions/OBJECT_KIND.ToTyped (0.00s)
    --- PASS: TestTypeDefConversions/OBJECT_KIND.ToType (0.00s)
    --- PASS: TestTypeDefConversions/INTERFACE_KIND.ToInput (0.00s)
    --- PASS: TestTypeDefConversions/INTERFACE_KIND.ToTyped (0.00s)
    --- PASS: TestTypeDefConversions/INTERFACE_KIND.ToType (0.00s)
    --- PASS: TestTypeDefConversions/VOID_KIND.ToInput (0.00s)
    --- PASS: TestTypeDefConversions/VOID_KIND.ToTyped (0.00s)
    --- PASS: TestTypeDefConversions/VOID_KIND.ToType (0.00s)
    --- PASS: TestTypeDefConversions/ENUM_KIND.ToInput (0.00s)
    --- PASS: TestTypeDefConversions/ENUM_KIND.ToTyped (0.00s)
    --- PASS: TestTypeDefConversions/ENUM_KIND.ToType (0.00s)
=== RUN   TestFunctionCallReturnValueStoresDecodedJSON
--- PASS: TestFunctionCallReturnValueStoresDecodedJSON (0.00s)
=== RUN   TestFunctionCallReturnValueAllowsNull
--- PASS: TestFunctionCallReturnValueAllowsNull (0.00s)
=== RUN   TestFunctionCallReturnIsExactlyOnce
--- PASS: TestFunctionCallReturnIsExactlyOnce (0.00s)
=== RUN   TestFunctionCallReturnRequiresActiveCall
--- PASS: TestFunctionCallReturnRequiresActiveCall (0.00s)
=== RUN   TestValueTransferPartsGitTrees
=== RUN   TestValueTransferPartsGitTrees/local
    value_transfer_chain_test.go:39: real native snapshot transfer requires read-only bind mount privileges: mount source: "/tmp/TestValueTransferPartsGitTreeslocal1099044693/001", target: "/tmp/snapshot-transfer-mount734865876", fstype: bind, flags: 20481, data: "", err: operation not permitted
=== RUN   TestValueTransferPartsGitTrees/remote
    value_transfer_chain_test.go:39: real native snapshot transfer requires read-only bind mount privileges: mount source: "/tmp/TestValueTransferPartsGitTreesremote877934361/001", target: "/tmp/snapshot-transfer-mount1922628445", fstype: bind, flags: 20481, data: "", err: operation not permitted
--- PASS: TestValueTransferPartsGitTrees (0.00s)
    --- SKIP: TestValueTransferPartsGitTrees/local (0.00s)
    --- SKIP: TestValueTransferPartsGitTrees/remote (0.00s)
=== RUN   TestValueTransferPartsSelectedChain
    value_transfer_chain_test.go:134: real native snapshot transfer requires read-only bind mount privileges: mount source: "/tmp/TestValueTransferPartsSelectedChain3645743507/001", target: "/tmp/snapshot-transfer-mount3265944245", fstype: bind, flags: 20481, data: "", err: operation not permitted
--- SKIP: TestValueTransferPartsSelectedChain (0.00s)
=== RUN   TestValueTransferPartsContainerMount
    value_transfer_chain_test.go:197: real native snapshot transfer requires read-only bind mount privileges: mount source: "/tmp/TestValueTransferPartsContainerMount1129508648/001", target: "/tmp/snapshot-transfer-mount2220363131", fstype: bind, flags: 20481, data: "", err: operation not permitted
--- SKIP: TestValueTransferPartsContainerMount (0.00s)
=== RUN   TestValueTransferForeignFormsImport
=== RUN   TestValueTransferForeignFormsImport/File
2026/09/17 03:01:14 INFO discarding dagql cache without persistence hasSQLDB=true hasPersistDB=true
=== RUN   TestValueTransferForeignFormsImport/Directory
2026/09/17 03:01:14 INFO discarding dagql cache without persistence hasSQLDB=true hasPersistDB=true
=== RUN   TestValueTransferForeignFormsImport/Container
2026/09/17 03:01:14 INFO discarding dagql cache without persistence hasSQLDB=true hasPersistDB=true
=== RUN   TestValueTransferForeignFormsImport/HTTPState
2026/09/17 03:01:14 INFO discarding dagql cache without persistence hasSQLDB=true hasPersistDB=true
=== RUN   TestValueTransferForeignFormsImport/CacheVolume
2026/09/17 03:01:14 INFO discarding dagql cache without persistence hasSQLDB=true hasPersistDB=true
=== RUN   TestValueTransferForeignFormsImport/ClientFilesyncMirror
2026/09/17 03:01:14 INFO discarding dagql cache without persistence hasSQLDB=true hasPersistDB=true
=== RUN   TestValueTransferForeignFormsImport/RemoteGitMirror
2026/09/17 03:01:14 INFO discarding dagql cache without persistence hasSQLDB=true hasPersistDB=true
=== RUN   TestValueTransferForeignFormsImport/ModuleSource
2026/09/17 03:01:14 INFO discarding dagql cache without persistence hasSQLDB=true hasPersistDB=true
--- PASS: TestValueTransferForeignFormsImport (0.11s)
    --- PASS: TestValueTransferForeignFormsImport/File (0.01s)
    --- PASS: TestValueTransferForeignFormsImport/Directory (0.01s)
    --- PASS: TestValueTransferForeignFormsImport/Container (0.01s)
    --- PASS: TestValueTransferForeignFormsImport/HTTPState (0.01s)
    --- PASS: TestValueTransferForeignFormsImport/CacheVolume (0.02s)
    --- PASS: TestValueTransferForeignFormsImport/ClientFilesyncMirror (0.01s)
    --- PASS: TestValueTransferForeignFormsImport/RemoteGitMirror (0.02s)
    --- PASS: TestValueTransferForeignFormsImport/ModuleSource (0.01s)
=== RUN   TestValueTransferPersistenceFinalOfferRestart
    value_transfer_restart_test.go:17: real native snapshot transfer requires read-only bind mount privileges: mount source: "/tmp/TestValueTransferPersistenceFinalOfferRestart1582209245/001", target: "/tmp/snapshot-transfer-mount4120514854", fstype: bind, flags: 20481, data: "", err: operation not permitted
--- SKIP: TestValueTransferPersistenceFinalOfferRestart (0.00s)
=== RUN   TestValueTransferForeignForms
=== RUN   TestValueTransferForeignForms/File
=== RUN   TestValueTransferForeignForms/Directory
=== RUN   TestValueTransferForeignForms/HTTPState
=== RUN   TestValueTransferForeignForms/CacheVolume
=== RUN   TestValueTransferForeignForms/ClientFilesyncMirror
=== RUN   TestValueTransferForeignForms/RemoteGitMirror
=== RUN   TestValueTransferForeignForms/ModuleSource
=== RUN   TestValueTransferForeignForms/Container
--- PASS: TestValueTransferForeignForms (0.00s)
    --- PASS: TestValueTransferForeignForms/File (0.00s)
    --- PASS: TestValueTransferForeignForms/Directory (0.00s)
    --- PASS: TestValueTransferForeignForms/HTTPState (0.00s)
    --- PASS: TestValueTransferForeignForms/CacheVolume (0.00s)
    --- PASS: TestValueTransferForeignForms/ClientFilesyncMirror (0.00s)
    --- PASS: TestValueTransferForeignForms/RemoteGitMirror (0.00s)
    --- PASS: TestValueTransferForeignForms/ModuleSource (0.00s)
    --- PASS: TestValueTransferForeignForms/Container (0.00s)
=== RUN   TestValueTransferParts
--- PASS: TestValueTransferParts (0.00s)
=== RUN   TestLazyOperationTransferState
=== RUN   TestLazyOperationTransferState/lazy
=== RUN   TestLazyOperationTransferState/snapshot
--- PASS: TestLazyOperationTransferState (0.00s)
    --- PASS: TestLazyOperationTransferState/lazy (0.00s)
    --- PASS: TestLazyOperationTransferState/snapshot (0.00s)
=== RUN   TestPrepareEngineVolumeSourceCreatesAndPreservesDirectories
=== PAUSE TestPrepareEngineVolumeSourceCreatesAndPreservesDirectories
=== RUN   TestPrepareEngineVolumeSourceConcurrentCreation
=== PAUSE TestPrepareEngineVolumeSourceConcurrentCreation
=== RUN   TestPrepareEngineVolumeSourceSubdirAndSymlinkClamp
=== PAUSE TestPrepareEngineVolumeSourceSubdirAndSymlinkClamp
=== RUN   TestPrepareEngineVolumeSourceRejectsWrongType
=== PAUSE TestPrepareEngineVolumeSourceRejectsWrongType
=== RUN   TestEngineVolumeMountOptionsFollowCapability
=== PAUSE TestEngineVolumeMountOptionsFollowCapability
=== RUN   TestSSHFSCommandArgsSecure
=== PAUSE TestSSHFSCommandArgsSecure
=== RUN   TestSSHFSCommandArgsInsecure
=== PAUSE TestSSHFSCommandArgsInsecure
=== RUN   TestSSHFSCommandArgsWithoutAllowOther
=== PAUSE TestSSHFSCommandArgsWithoutAllowOther
=== RUN   TestFuseConfAllowsOther
=== PAUSE TestFuseConfAllowsOther
=== RUN   TestSSHFSServiceHostPort
=== PAUSE TestSSHFSServiceHostPort
=== RUN   TestSSHFSServiceHostPortRejectsAmbiguousService
=== PAUSE TestSSHFSServiceHostPortRejectsAmbiguousService
=== RUN   TestSSHFSSourceForURL
=== PAUSE TestSSHFSSourceForURL
=== RUN   TestSSHFSSourceForURLRejectsInvalidEndpoint
=== PAUSE TestSSHFSSourceForURLRejectsInvalidEndpoint
=== RUN   TestRunSSHFSVolumeCleanupLogsError
--- PASS: TestRunSSHFSVolumeCleanupLogsError (0.00s)
=== RUN   TestVolumePersistedObjectRoundTrip
=== PAUSE TestVolumePersistedObjectRoundTrip
=== RUN   TestEngineVolumePersistedObjectRoundTrip
=== PAUSE TestEngineVolumePersistedObjectRoundTrip
=== RUN   TestEngineVolumeHasNoDependencies
=== PAUSE TestEngineVolumeHasNoDependencies
=== RUN   TestValidateEngineVolumeName
=== PAUSE TestValidateEngineVolumeName
=== RUN   TestValidateEngineVolumeSubdir
=== PAUSE TestValidateEngineVolumeSubdir
=== RUN   TestVolumeAttachDependencyResultsAttachesResources
=== PAUSE TestVolumeAttachDependencyResultsAttachesResources
=== RUN   TestContainerWithMountedVolumeAddsVolumeMount
=== PAUSE TestContainerWithMountedVolumeAddsVolumeMount
=== RUN   TestContainerPersistedObjectRoundTripsVolumeMount
=== PAUSE TestContainerPersistedObjectRoundTripsVolumeMount
=== RUN   TestContainerAttachDependencyResultsKindsOwnsVolumeMount
=== PAUSE TestContainerAttachDependencyResultsKindsOwnsVolumeMount
=== RUN   TestWorkspaceMigrationRetainsChangesets
=== PAUSE TestWorkspaceMigrationRetainsChangesets
=== RUN   TestServiceRetainsOneLaunchingScopeUntilExit
=== PAUSE TestServiceRetainsOneLaunchingScopeUntilExit
=== RUN   TestServicesStartHappy
=== PAUSE TestServicesStartHappy
=== RUN   TestServicesStartHappyDifferentServers
=== PAUSE TestServicesStartHappyDifferentServers
=== RUN   TestServicesStartSad
=== PAUSE TestServicesStartSad
=== RUN   TestServicesStartConcurrentHappy
=== PAUSE TestServicesStartConcurrentHappy
=== RUN   TestServicesStartConcurrentSad
=== PAUSE TestServicesStartConcurrentSad
=== RUN   TestServicesStartConcurrentSadThenHappy
=== PAUSE TestServicesStartConcurrentSadThenHappy
=== RUN   TestServicesRunningServicesListing
=== PAUSE TestServicesRunningServicesListing
=== RUN   TestServicesExitedServicesListing
=== PAUSE TestServicesExitedServicesListing
=== RUN   TestServicesDetachRace
=== PAUSE TestServicesDetachRace
=== CONT  TestSSHFSCommandArgsInsecure
=== CONT  TestContainerPersistedObjectRoundTripsVolumeMount
=== CONT  TestVolumePersistedObjectRoundTrip
--- PASS: TestSSHFSCommandArgsInsecure (0.00s)
=== CONT  TestSSHFSSourceForURLRejectsInvalidEndpoint
=== RUN   TestSSHFSSourceForURLRejectsInvalidEndpoint/missing_user
=== CONT  TestAttributionHeader
--- PASS: TestAttributionHeader (0.00s)
=== RUN   TestSSHFSSourceForURLRejectsInvalidEndpoint/missing_host
=== RUN   TestSSHFSSourceForURLRejectsInvalidEndpoint/missing_path
=== RUN   TestSSHFSSourceForURLRejectsInvalidEndpoint/leading_dash_host
--- PASS: TestSSHFSSourceForURLRejectsInvalidEndpoint (0.00s)
    --- PASS: TestSSHFSSourceForURLRejectsInvalidEndpoint/missing_user (0.00s)
    --- PASS: TestSSHFSSourceForURLRejectsInvalidEndpoint/missing_host (0.00s)
    --- PASS: TestSSHFSSourceForURLRejectsInvalidEndpoint/missing_path (0.00s)
    --- PASS: TestSSHFSSourceForURLRejectsInvalidEndpoint/leading_dash_host (0.00s)
=== CONT  TestSSHFSSourceForURL
--- PASS: TestSSHFSSourceForURL (0.00s)
=== CONT  TestSSHFSServiceHostPortRejectsAmbiguousService
--- PASS: TestSSHFSServiceHostPortRejectsAmbiguousService (0.00s)
=== CONT  TestSSHFSServiceHostPort
--- PASS: TestSSHFSServiceHostPort (0.00s)
=== CONT  TestFuseConfAllowsOther
--- PASS: TestFuseConfAllowsOther (0.00s)
=== CONT  TestSSHFSCommandArgsWithoutAllowOther
--- PASS: TestContainerPersistedObjectRoundTripsVolumeMount (0.00s)
--- PASS: TestSSHFSCommandArgsWithoutAllowOther (0.00s)
=== CONT  TestServicesDetachRace
=== CONT  TestGitRepositoryCloneWithBackendResetsRemoteMetadata
--- PASS: TestGitRepositoryCloneWithBackendResetsRemoteMetadata (0.00s)
=== CONT  TestSSHFSCommandArgsSecure
--- PASS: TestVolumePersistedObjectRoundTrip (0.00s)
=== CONT  TestContainerWithMountedVolumeAddsVolumeMount
--- PASS: TestSSHFSCommandArgsSecure (0.00s)
=== CONT  TestEngineVolumeMountOptionsFollowCapability
=== RUN   TestEngineVolumeMountOptionsFollowCapability/writable
--- PASS: TestContainerWithMountedVolumeAddsVolumeMount (0.00s)
=== CONT  TestVolumeAttachDependencyResultsAttachesResources
--- PASS: TestVolumeAttachDependencyResultsAttachesResources (0.00s)
=== CONT  TestValidateEngineVolumeSubdir
--- PASS: TestValidateEngineVolumeSubdir (0.00s)
=== CONT  TestValidateEngineVolumeName
--- PASS: TestValidateEngineVolumeName (0.00s)
=== CONT  TestServicesRunningServicesListing
=== CONT  TestParseReleaseTagPreservesPrefixedName
=== CONT  TestRecordBoundServiceFQDNs
=== RUN   TestRecordBoundServiceFQDNs/records_the_name_the_running_service_registered_under
=== PAUSE TestRecordBoundServiceFQDNs/records_the_name_the_running_service_registered_under
=== RUN   TestRecordBoundServiceFQDNs/skips_hosts_outside_the_engine's_DNS_domain
=== CONT  TestQueryNewModuleInitializesDeps
=== CONT  TestModuleObjectAttachDependencyResultsPreservesInlineMap
=== PAUSE TestRecordBoundServiceFQDNs/skips_hosts_outside_the_engine's_DNS_domain
=== CONT  TestServicesStartSad
=== CONT  TestModuleObjectNestedNumbersSurvivePersistenceAndSDKConversion
=== CONT  TestModuleObjectAttachDependencyResultsRetainsSemanticInterfaceHandleField
=== CONT  TestServicesExitedServicesListing
--- PASS: TestParseReleaseTagPreservesPrefixedName (0.00s)
--- PASS: TestServicesRunningServicesListing (0.00s)
--- PASS: TestServicesDetachRace (0.00s)
--- PASS: TestQueryNewModuleInitializesDeps (0.00s)
--- PASS: TestServicesStartSad (0.00s)
=== CONT  TestEngineVolumeHasNoDependencies
--- PASS: TestEngineVolumeHasNoDependencies (0.00s)
=== CONT  TestModuleObjectAttachHandleWithoutAmbientServer
=== CONT  TestEngineVolumePersistedObjectRoundTrip
=== RUN   TestEngineVolumeMountOptionsFollowCapability/recursive_readonly
=== RUN   TestRecordBoundServiceFQDNs/skips_a_host_already_equal_to_the_bound_hostname
=== PAUSE TestRecordBoundServiceFQDNs/skips_a_host_already_equal_to_the_bound_hostname
--- PASS: TestEngineVolumePersistedObjectRoundTrip (0.00s)
=== CONT  TestModuleObjectAttachHandleErrorsWithoutServer
=== CONT  TestModuleObjectEncodeAllowsRawCallIDInPrivateField
=== RUN   TestRecordBoundServiceFQDNs/skips_unstarted_and_missing_entries
=== PAUSE TestRecordBoundServiceFQDNs/skips_unstarted_and_missing_entries
=== RUN   TestRecordBoundServiceFQDNs/does_not_write_through_a_map_shared_with_a_shallow_clone
=== PAUSE TestRecordBoundServiceFQDNs/does_not_write_through_a_map_shared_with_a_shallow_clone
=== RUN   TestRecordBoundServiceFQDNs/tolerates_absent_metadata
=== PAUSE TestRecordBoundServiceFQDNs/tolerates_absent_metadata
--- PASS: TestModuleObjectEncodeAllowsRawCallIDInPrivateField (0.00s)
=== CONT  TestModuleObjectPrivateHandleFieldRetainedAcrossProducerSessionClose
=== CONT  TestPrepareEngineVolumeSourceRejectsWrongType
=== CONT  TestModuleObjectAttachDependencyResultsRewritesHandleVariants
--- PASS: TestModuleObjectPrivateHandleFieldRetainedAcrossProducerSessionClose (0.00s)
=== CONT  TestServiceRetainsOneLaunchingScopeUntilExit
=== CONT  TestPrepareEngineVolumeSourceSubdirAndSymlinkClamp
=== CONT  TestSelectReleaseTagRejectsInvalidVersionQuery
=== CONT  TestPreferCanonicalGitReleaseTag
=== RUN   TestPreferCanonicalGitReleaseTag/v_prefix
=== PAUSE TestPreferCanonicalGitReleaseTag/v_prefix
=== CONT  TestServicesStartHappyDifferentServers
=== RUN   TestPreferCanonicalGitReleaseTag/no_padding_before_v_prefix
=== PAUSE TestPreferCanonicalGitReleaseTag/no_padding_before_v_prefix
=== CONT  TestServicesStartHappy
=== RUN   TestServicesStartHappyDifferentServers/start_one
=== CONT  TestValidateContainerTagWithVersionQuery
--- PASS: TestSelectReleaseTagRejectsInvalidVersionQuery (0.00s)
--- PASS: TestModuleObjectAttachHandleErrorsWithoutServer (0.00s)
--- PASS: TestValidateContainerTagWithVersionQuery (0.00s)
=== CONT  TestValidateGitLatestRefWithTagPrefix
--- PASS: TestModuleObjectAttachHandleWithoutAmbientServer (0.00s)
--- PASS: TestValidateGitLatestRefWithTagPrefix (0.00s)
=== CONT  TestSelectGitRefWithVersionQueryPrefersTags
=== CONT  TestValidateGitLatestRef
=== CONT  TestSelectGitRefWithVersionQueryFallsBackToBranch
=== CONT  TestSelectGitRefWithVersionQuery
=== CONT  TestSelectLatestReleaseTagReportsOriginalTags
=== RUN   TestPreferCanonicalGitReleaseTag/precision_before_v_prefix
=== CONT  TestSelectLatestGitRefAcceptsCalver
=== CONT  TestSelectLatestGitRefAcceptsEquivalentVersionsWithSameSHA
=== RUN   TestServicesStartHappy/start_one
=== PAUSE TestPreferCanonicalGitReleaseTag/precision_before_v_prefix
=== RUN   TestServicesStartHappyDifferentServers/start_another
--- PASS: TestModuleObjectAttachDependencyResultsRewritesHandleVariants (0.00s)
--- PASS: TestPrepareEngineVolumeSourceRejectsWrongType (0.00s)
=== RUN   TestPreferCanonicalGitReleaseTag/no_padding_before_precision
=== CONT  TestSelectLatestGitRefRejectsEquivalentVersions
=== PAUSE TestPreferCanonicalGitReleaseTag/no_padding_before_precision
=== CONT  TestSelectLatestGitRefOnlyPrereleasesFallsBackToHead
=== RUN   TestPreferCanonicalGitReleaseTag/no_build_metadata_before_v_prefix
=== PAUSE TestPreferCanonicalGitReleaseTag/no_build_metadata_before_v_prefix
=== CONT  TestSelectLatestGitRefAnnotatedTag
=== RUN   TestPreferCanonicalGitReleaseTag/fewer_leading_zeroes
=== PAUSE TestPreferCanonicalGitReleaseTag/fewer_leading_zeroes
=== CONT  TestSelectLatestGitRefWithTagPrefix
=== CONT  TestSelectLatestGitRef
=== CONT  TestModuleLoadFailureRegenerated
--- PASS: TestSelectGitRefWithVersionQueryPrefersTags (0.00s)
=== CONT  TestCopyAttemptUnpackNonArchiveSingleFileNoDestDirHintCopiesToExactPath
--- PASS: TestSelectGitRefWithVersionQuery (0.00s)
--- PASS: TestSelectLatestReleaseTagReportsOriginalTags (0.00s)
--- PASS: TestSelectGitRefWithVersionQueryFallsBackToBranch (0.00s)
--- PASS: TestSelectLatestGitRefAcceptsCalver (0.00s)
=== CONT  TestSelectLatestGitRefFallsBackToHead
=== RUN   TestServicesStartHappy/start_another
--- PASS: TestSelectLatestGitRefFallsBackToHead (0.00s)
--- PASS: TestSelectLatestGitRefAcceptsEquivalentVersionsWithSameSHA (0.00s)
=== CONT  TestCopyAttemptUnpackNonArchiveSingleFileDestDirHintCreatesDestDir
--- PASS: TestServicesStartHappy (0.00s)
    --- PASS: TestServicesStartHappy/start_one (0.00s)
    --- PASS: TestServicesStartHappy/start_another (0.00s)
=== CONT  TestIsKnownDockerfileSyntaxFrontendUnknown
--- PASS: TestIsKnownDockerfileSyntaxFrontendUnknown (0.00s)
=== CONT  TestIsKnownDockerfileSyntaxFrontend
--- PASS: TestIsKnownDockerfileSyntaxFrontend (0.00s)
=== CONT  TestContainerStdoutSkipsReadOnlyMountDelegation
=== RUN   TestEngineVolumeMountOptionsFollowCapability/readonly_fallback
--- PASS: TestServicesStartHappyDifferentServers (0.00s)
    --- PASS: TestServicesStartHappyDifferentServers/start_one (0.00s)
    --- PASS: TestServicesStartHappyDifferentServers/start_another (0.00s)
=== CONT  TestContainerRootFSSelectorLeavesMountsPending
2026/09/17 03:01:14 INFO start lazy group evaluation field=Container.withExec group=metadata
2026/09/17 03:01:14 INFO start lazy group evaluation field=test.base group=metadata
2026/09/17 03:01:14 INFO end lazy group evaluation field=test.base group=metadata duration=8.08µs
=== CONT  TestSelectLatestGitRefPrefersCompleteAliasAtDifferentCommit
2026/09/17 03:01:14 INFO end lazy group evaluation field=Container.withExec group=metadata duration=62.35µs
--- PASS: TestSelectLatestGitRefPrefersCompleteAliasAtDifferentCommit (0.00s)
=== CONT  TestContainerDirectorySelectorLeavesSiblingMountsPending
2026/09/17 03:01:14 INFO start lazy group evaluation field=Container.withExec group=execOutputs
2026/09/17 03:01:14 INFO start lazy group evaluation field=test.base group=mount:/ro
2026/09/17 03:01:14 INFO end lazy group evaluation field=test.base group=mount:/ro duration=8.89µs
2026/09/17 03:01:14 INFO start lazy group evaluation field=test.base group=fs
2026/09/17 03:01:14 INFO end lazy group evaluation field=test.base group=fs duration=6.76µs
2026/09/17 03:01:14 INFO end lazy group evaluation field=Container.withExec group=execOutputs duration=90.49µs err="get current query: no query in context"
2026/09/17 03:01:14 INFO discarding dagql cache without persistence hasSQLDB=false hasPersistDB=false
--- PASS: TestContainerStdoutSkipsReadOnlyMountDelegation (0.00s)
=== CONT  TestContainerDirectorySelectorReturnsRootFSErrorBeforeSelection
--- PASS: TestModuleObjectAttachDependencyResultsPreservesInlineMap (0.00s)
=== CONT  TestContainerHasPendingFallbackRacesDirectCompletion
2026/09/17 03:01:14 INFO start lazy evaluation field=Container.directory
=== CONT  TestSelectLatestReleaseTagIgnoresLowerAmbiguity
2026/09/17 03:01:14 INFO start lazy group evaluation field=test.base group=metadata
2026/09/17 03:01:14 INFO end lazy group evaluation field=test.base group=metadata duration=5.26µs
--- PASS: TestSelectLatestGitRefOnlyPrereleasesFallsBackToHead (0.00s)
--- PASS: TestSelectLatestGitRefAnnotatedTag (0.00s)
--- PASS: TestSelectLatestGitRefWithTagPrefix (0.00s)
2026/09/17 03:01:14 INFO start lazy group evaluation field=test.base group=fs
2026/09/17 03:01:14 INFO end lazy group evaluation field=test.base group=fs duration=6.96µs err="injected rootfs failure"
--- PASS: TestSelectLatestGitRef (0.00s)
--- PASS: TestCopyAttemptUnpackNonArchiveSingleFileNoDestDirHintCopiesToExactPath (0.00s)
2026/09/17 03:01:14 INFO end lazy evaluation field=Container.directory duration=50.05µs err="injected rootfs failure"
=== CONT  TestContainerRoutingReadsRaceRefinedCompletion
2026/09/17 03:01:14 INFO discarding dagql cache without persistence hasSQLDB=false hasPersistDB=false
--- PASS: TestModuleLoadFailureRegenerated (0.00s)
2026/09/17 03:01:14 INFO start lazy evaluation field=Container.directory
--- PASS: TestContainerDirectorySelectorReturnsRootFSErrorBeforeSelection (0.00s)
=== CONT  TestContainerConcurrentGroupCompletionRetainsLazy
2026/09/17 03:01:14 INFO start lazy evaluation field=Container.rootfs
2026/09/17 03:01:14 INFO start lazy group evaluation field=test.base group=metadata
2026/09/17 03:01:14 INFO end lazy group evaluation field=test.base group=metadata duration=10.83µs
2026/09/17 03:01:14 INFO start lazy group evaluation field=test.base group=mount:/a
2026/09/17 03:01:14 INFO end lazy group evaluation field=test.base group=mount:/a duration=6.09µs
2026/09/17 03:01:14 INFO start lazy group evaluation field=test.base group=metadata
2026/09/17 03:01:14 INFO end lazy group evaluation field=test.base group=metadata duration=5.53µs
2026/09/17 03:01:14 INFO end lazy evaluation field=Container.directory duration=205.38µs
=== CONT  TestContainerDelegationOverwritesStalePreCopiedAccessor
2026/09/17 03:01:14 INFO start lazy group evaluation field=test.base group=metadata
2026/09/17 03:01:14 INFO discarding dagql cache without persistence hasSQLDB=false hasPersistDB=false
=== CONT  TestContainerDirectEvaluateRunsRefinedGroups
2026/09/17 03:01:14 INFO end lazy group evaluation field=test.base group=metadata duration=32.68µs
=== CONT  TestContainerMetadataChainLeavesSnapshotGroupsPending
2026/09/17 03:01:14 INFO start lazy group evaluation field=test.base group=metadata
2026/09/17 03:01:14 INFO end lazy group evaluation field=test.base group=metadata duration=19.27µs
2026/09/17 03:01:14 INFO start lazy group evaluation field=test.base group=fs
2026/09/17 03:01:14 INFO end lazy group evaluation field=test.base group=fs duration=13.86µs
2026/09/17 03:01:14 INFO start lazy group evaluation field=test.base group=execMeta
=== CONT  TestContainerRoutingReadsRaceUnrefinedCompletion
=== CONT  TestContainerFinalDelegationSweepDoesNotStartParentWork
2026/09/17 03:01:14 INFO end lazy group evaluation field=test.base group=execMeta duration=26.47µs
2026/09/17 03:01:14 INFO start lazy group evaluation field=test.base group=metadata
2026/09/17 03:01:14 INFO end lazy group evaluation field=test.base group=metadata duration=23.86µs
2026/09/17 03:01:14 INFO start lazy group evaluation field=Container.withEnvVariable group=metadata
2026/09/17 03:01:14 INFO start lazy group evaluation field=test.base group=fs
2026/09/17 03:01:14 INFO start lazy group evaluation field=Container.withWorkdir group=metadata
2026/09/17 03:01:14 INFO start lazy group evaluation field=test.base group=metadata
2026/09/17 03:01:14 INFO end lazy group evaluation field=test.base group=metadata duration=8.24µs
2026/09/17 03:01:14 INFO start lazy group evaluation field=test.base group=execMeta
2026/09/17 03:01:14 INFO end lazy group evaluation field=test.base group=execMeta duration=8.72µs
2026/09/17 03:01:14 INFO start lazy group evaluation field=test.base group=fs
2026/09/17 03:01:14 INFO end lazy group evaluation field=Container.withWorkdir group=metadata duration=34.04µs
2026/09/17 03:01:14 INFO end lazy group evaluation field=test.base group=fs duration=10.41µs
2026/09/17 03:01:14 INFO start lazy group evaluation field=test.base group=execMeta
2026/09/17 03:01:14 INFO start lazy group evaluation field=Container.withUser group=metadata
2026/09/17 03:01:14 INFO end lazy group evaluation field=test.base group=execMeta duration=7µs
2026/09/17 03:01:14 INFO start lazy group evaluation field=test.base group=fs
2026/09/17 03:01:14 INFO start lazy group evaluation field=test.base group=metadata
2026/09/17 03:01:14 INFO end lazy group evaluation field=test.base group=metadata duration=9.869µs
2026/09/17 03:01:14 INFO start lazy group evaluation field=test.base group=mount:/b
2026/09/17 03:01:14 INFO end lazy group evaluation field=Container.withUser group=metadata duration=41.739µs
2026/09/17 03:01:14 INFO start lazy group evaluation field=test.base group=mount:/a
2026/09/17 03:01:14 INFO end lazy group evaluation field=test.base group=mount:/a duration=5.2µs
2026/09/17 03:01:14 INFO end lazy group evaluation field=test.base group=mount:/b duration=26.21µs
2026/09/17 03:01:14 INFO start lazy group evaluation field=Container.withUser group=execMeta
2026/09/17 03:01:14 INFO discarding dagql cache without persistence hasSQLDB=false hasPersistDB=false
2026/09/17 03:01:14 INFO start lazy group evaluation field=test.base group=execMeta
=== CONT  TestContainerAttachDependencyResultsKindsOwnsVolumeMount
2026/09/17 03:01:14 INFO end lazy group evaluation field=test.base group=execMeta duration=4.06µs
2026/09/17 03:01:14 INFO end lazy group evaluation field=Container.withUser group=execMeta duration=22.52µs
2026/09/17 03:01:14 INFO start lazy group evaluation field=Container.withUser group=fs
2026/09/17 03:01:14 INFO end lazy evaluation field=Container.rootfs duration=180.59µs
2026/09/17 03:01:14 INFO start lazy group evaluation field=Container.withEnvVariable group=metadata
2026/09/17 03:01:14 INFO start lazy group evaluation field=test.base group=fs
2026/09/17 03:01:14 INFO discarding dagql cache without persistence hasSQLDB=false hasPersistDB=false
2026/09/17 03:01:14 INFO end lazy group evaluation field=test.base group=fs duration=10.15µs
=== CONT  TestWorkspaceMigrationRetainsChangesets
2026/09/17 03:01:14 INFO end lazy group evaluation field=Container.withUser group=fs duration=34.27µs
2026/09/17 03:01:14 INFO start lazy group evaluation field=test.base group=metadata
2026/09/17 03:01:14 INFO end lazy group evaluation field=test.base group=metadata duration=6.85µs
2026/09/17 03:01:14 INFO discarding dagql cache without persistence hasSQLDB=false hasPersistDB=false
2026/09/17 03:01:14 INFO end lazy group evaluation field=Container.withEnvVariable group=metadata duration=53.61µs
=== CONT  TestPrepareEngineVolumeSourceConcurrentCreation
2026/09/17 03:01:14 INFO discarding dagql cache without persistence hasSQLDB=false hasPersistDB=false
=== CONT  TestPrepareEngineVolumeSourceCreatesAndPreservesDirectories
=== CONT  TestAroundFuncStampsProfileSkipBeforeInheritedSkip
2026/09/17 03:01:14 WARN failed to derive call digest field=Query.withExec err="no dagql cache in context"
=== CONT  TestIntrospectionRootFieldsMatchProfileSkip
=== CONT  TestProfileSkipIsDebugIndependentPureFunction
2026/09/17 03:01:14 INFO end lazy group evaluation field=test.base group=fs duration=388.669µs
=== CONT  TestProfileSkipClassifier
2026/09/17 03:01:14 INFO start lazy group evaluation field=Container.withWorkdir group=fs
2026/09/17 03:01:14 INFO discarding dagql cache without persistence hasSQLDB=false hasPersistDB=false
2026/09/17 03:01:14 INFO start lazy group evaluation field=test.base group=fs
2026/09/17 03:01:14 INFO end lazy group evaluation field=test.base group=fs duration=11.69µs
=== CONT  TestServicesStartConcurrentHappy
2026/09/17 03:01:14 INFO end lazy group evaluation field=Container.withWorkdir group=fs duration=409.159µs
=== CONT  TestServicesStartConcurrentSadThenHappy
--- PASS: TestSelectLatestReleaseTagIgnoresLowerAmbiguity (0.00s)
--- PASS: TestServiceRetainsOneLaunchingScopeUntilExit (0.00s)
--- PASS: TestCopyAttemptUnpackNonArchiveSingleFileDestDirHintCreatesDestDir (0.00s)
--- PASS: TestContainerDirectorySelectorLeavesSiblingMountsPending (0.00s)
--- PASS: TestPrepareEngineVolumeSourceSubdirAndSymlinkClamp (0.00s)
--- PASS: TestContainerConcurrentGroupCompletionRetainsLazy (0.00s)
=== RUN   TestValidateGitLatestRef/stable_tag
--- PASS: TestEngineVolumeMountOptionsFollowCapability (0.00s)
    --- PASS: TestEngineVolumeMountOptionsFollowCapability/writable (0.00s)
    --- PASS: TestEngineVolumeMountOptionsFollowCapability/recursive_readonly (0.00s)
    --- PASS: TestEngineVolumeMountOptionsFollowCapability/readonly_fallback (0.00s)
2026/09/17 03:01:14 INFO start lazy evaluation field=test.unrefinedWriter
=== CONT  TestServicesStartConcurrentSad
=== RUN   TestSelectLatestGitRefRejectsEquivalentVersions/optional_v_prefix
=== PAUSE TestSelectLatestGitRefRejectsEquivalentVersions/optional_v_prefix
2026/09/17 03:01:14 INFO start lazy group evaluation field=Container.withWorkdir group=execMeta
--- PASS: TestContainerRootFSSelectorLeavesMountsPending (0.00s)
=== RUN   TestSelectLatestGitRefRejectsEquivalentVersions/calver_and_semver
=== PAUSE TestSelectLatestGitRefRejectsEquivalentVersions/calver_and_semver
=== RUN   TestSelectLatestGitRefRejectsEquivalentVersions/zero-padded_version
2026/09/17 03:01:14 INFO start lazy evaluation field=test.unrefinedWriter
=== PAUSE TestSelectLatestGitRefRejectsEquivalentVersions/zero-padded_version
=== CONT  TestSelectReleaseTagWithVersionQuery
2026/09/17 03:01:14 INFO end lazy evaluation field=test.unrefinedWriter duration=544.399µs
=== PAUSE TestValidateGitLatestRef/stable_tag
2026/09/17 03:01:14 INFO start lazy group evaluation field=test.base group=execMeta
=== CONT  TestRecordCacheEvidenceMappingExecutedMissFacts
2026/09/17 03:01:14 INFO end lazy group evaluation field=test.base group=execMeta duration=9.06µs
=== RUN   TestValidateGitLatestRef/stable_tag_without_v
=== PAUSE TestValidateGitLatestRef/stable_tag_without_v
2026/09/17 03:01:14 INFO end lazy group evaluation field=Container.withWorkdir group=execMeta duration=66.45µs
2026/09/17 03:01:14 INFO end lazy group evaluation field=Container.withEnvVariable group=metadata duration=584.169µs
=== RUN   TestValidateGitLatestRef/incomplete_tag
2026/09/17 03:01:14 INFO start lazy group evaluation field=Container.withEnvVariable group=fs
=== PAUSE TestValidateGitLatestRef/incomplete_tag
2026/09/17 03:01:14 INFO end lazy group evaluation field=Container.withEnvVariable group=fs duration=5.71µs
2026/09/17 03:01:14 INFO start lazy group evaluation field=Container.withEnvVariable group=execMeta
=== RUN   TestValidateGitLatestRef/calver_tag
2026/09/17 03:01:14 INFO end lazy group evaluation field=Container.withEnvVariable group=execMeta duration=2.61µs
=== PAUSE TestValidateGitLatestRef/calver_tag
=== RUN   TestValidateGitLatestRef/uncanonicalized_head
=== PAUSE TestValidateGitLatestRef/uncanonicalized_head
2026/09/17 03:01:14 INFO discarding dagql cache without persistence hasSQLDB=false hasPersistDB=false
=== RUN   TestValidateGitLatestRef/default_branch
2026/09/17 03:01:14 INFO discarding dagql cache without persistence hasSQLDB=false hasPersistDB=false
=== CONT  TestCacheVolumeInitializeSnapshotCreatesMutableSnapshot
--- PASS: TestContainerDirectEvaluateRunsRefinedGroups (0.00s)
--- PASS: TestContainerMetadataChainLeavesSnapshotGroupsPending (0.00s)
=== RUN   TestSelectReleaseTagWithVersionQuery/v1
=== CONT  TestRecordCacheEvidenceMappingUncached
=== PAUSE TestSelectReleaseTagWithVersionQuery/v1
=== CONT  TestRecordCacheEvidenceMappingUndecidedStampsNothing
--- PASS: TestContainerFinalDelegationSweepDoesNotStartParentWork (0.00s)
=== RUN   TestSelectReleaseTagWithVersionQuery/1.2
--- PASS: TestAroundFuncStampsProfileSkipBeforeInheritedSkip (0.00s)
--- PASS: TestModuleObjectNestedNumbersSurvivePersistenceAndSDKConversion (0.00s)
=== PAUSE TestSelectReleaseTagWithVersionQuery/1.2
=== CONT  TestRecordCacheEvidenceMappingJoinedStampsNoMissFacts
=== RUN   TestSelectReleaseTagWithVersionQuery/v1.2.3
=== PAUSE TestSelectReleaseTagWithVersionQuery/v1.2.3
=== RUN   TestSelectReleaseTagWithVersionQuery/v1.2-beta
=== PAUSE TestSelectReleaseTagWithVersionQuery/v1.2-beta
=== CONT  TestModuleObjectEncodeRejectsRawCallIDInSemanticField
=== RUN   TestSelectReleaseTagWithVersionQuery/v1.2.4-beta
=== PAUSE TestSelectReleaseTagWithVersionQuery/v1.2.4-beta
=== RUN   TestSelectReleaseTagWithVersionQuery/v1.2.4-rc
=== PAUSE TestSelectReleaseTagWithVersionQuery/v1.2.4-rc
=== CONT  TestSelectContainerTagWithVersionQuery
2026/09/17 03:01:14 INFO end lazy evaluation field=test.unrefinedWriter duration=254.84µs
=== PAUSE TestValidateGitLatestRef/default_branch
=== CONT  TestModuleObjectPersistedResultRefsRoundTrip
=== CONT  TestValidateContainerLatestTag
=== RUN   TestValidateGitLatestRef/non-semver_tag
=== RUN   TestValidateContainerLatestTag/stable
=== PAUSE TestValidateGitLatestRef/non-semver_tag
=== CONT  TestCallerInModuleFunction
2026/09/17 03:01:14 INFO discarding dagql cache without persistence hasSQLDB=false hasPersistDB=false
=== RUN   TestValidateGitLatestRef/prerelease_tag
=== CONT  TestModuleObjectConvertToSDKInputRewritesStoredResults
=== PAUSE TestValidateGitLatestRef/prerelease_tag
=== CONT  TestContainerFromMetadataDoesNotPullImage
=== CONT  TestModuleObjectConvertToSDKInputUsesCurrentFieldID
=== RUN   TestValidateGitLatestRef/arbitrary_ref
=== PAUSE TestValidateGitLatestRef/arbitrary_ref
=== RUN   TestValidateGitLatestRef/empty_branch
=== PAUSE TestValidateGitLatestRef/empty_branch
=== CONT  TestContainerFromSuccessfulFSConsumesFinalDelegations
=== CONT  TestAroundFuncCacheEvidenceLifecycle
2026/09/17 03:01:14 INFO start call field=Query.evidenceLifecycle digest=xxh3:76e7e4afdde6f05f
2026/09/17 03:01:14 INFO end call field=Query.evidenceLifecycle cached=false digest=xxh3:76e7e4afdde6f05f
2026/09/17 03:01:14 INFO start call field=Query.load digest=xxh3:4108ee038f21f3fe
2026/09/17 03:01:14 INFO end call field=Query.load cached=false digest=xxh3:4108ee038f21f3fe
=== CONT  TestModulePersistedTypeDefsRoundTripPreservesNullableValidity
2026/09/17 03:01:14 INFO start lazy group evaluation field=Container.from group=metadata
2026/09/17 03:01:14 INFO end lazy group evaluation field=Container.from group=metadata duration=16.26µs
2026/09/17 03:01:14 INFO start lazy group evaluation field=Container.from group=execMeta
2026/09/17 03:01:14 INFO end lazy group evaluation field=Container.from group=execMeta duration=3.49µs
=== PAUSE TestValidateContainerLatestTag/stable
=== RUN   TestValidateContainerLatestTag/stable_with_v
=== PAUSE TestValidateContainerLatestTag/stable_with_v
=== RUN   TestValidateContainerLatestTag/incomplete
2026/09/17 03:01:14 INFO start lazy group evaluation field=Container.from group=write
=== PAUSE TestValidateContainerLatestTag/incomplete
=== RUN   TestValidateContainerLatestTag/calver
2026/09/17 03:01:14 INFO end lazy group evaluation field=Container.from group=write duration=8.86µs err="no query in context"
=== PAUSE TestValidateContainerLatestTag/calver
=== RUN   TestValidateContainerLatestTag/latest_fallback
=== PAUSE TestValidateContainerLatestTag/latest_fallback
2026/09/17 03:01:14 INFO discarding dagql cache without persistence hasSQLDB=false hasPersistDB=false
=== RUN   TestValidateContainerLatestTag/prerelease
=== PAUSE TestValidateContainerLatestTag/prerelease
=== CONT  TestDecodePersistedModuleObjectValueResultRefLoadsResult
=== RUN   TestValidateContainerLatestTag/non-semver
=== PAUSE TestValidateContainerLatestTag/non-semver
--- PASS: TestIntrospectionRootFieldsMatchProfileSkip (0.00s)
=== CONT  TestModuleObjectAttachDependencyResultsRecurses
--- PASS: TestProfileSkipIsDebugIndependentPureFunction (0.00s)
--- PASS: TestContainerHasPendingFallbackRacesDirectCompletion (0.00s)
--- PASS: TestProfileSkipClassifier (0.00s)
--- PASS: TestContainerDelegationOverwritesStalePreCopiedAccessor (0.00s)
--- PASS: TestWorkspaceMigrationRetainsChangesets (0.00s)
--- PASS: TestRecordCacheEvidenceMappingExecutedMissFacts (0.00s)
--- PASS: TestCacheVolumeInitializeSnapshotCreatesMutableSnapshot (0.00s)
--- PASS: TestRecordCacheEvidenceMappingUncached (0.00s)
--- PASS: TestRecordCacheEvidenceMappingUndecidedStampsNothing (0.00s)
--- PASS: TestRecordCacheEvidenceMappingJoinedStampsNoMissFacts (0.00s)
--- PASS: TestSelectContainerTagWithVersionQuery (0.00s)
--- PASS: TestContainerRoutingReadsRaceUnrefinedCompletion (0.00s)
--- PASS: TestCallerInModuleFunction (0.00s)
--- PASS: TestModuleObjectEncodeRejectsRawCallIDInSemanticField (0.00s)
--- PASS: TestAroundFuncCacheEvidenceLifecycle (0.00s)
--- PASS: TestContainerFromMetadataDoesNotPullImage (0.00s)
--- PASS: TestModuleObjectConvertToSDKInputUsesCurrentFieldID (0.00s)
=== CONT  TestContainerCanUseFromContentDigest
=== CONT  TestExecNetModeConflict
=== CONT  TestWorkspaceContextDirPath
=== CONT  TestModuleSourcePersistenceRetainsSelfCallsCapability
=== RUN   TestWorkspaceContextDirPath/relative_path_joins_module_root_subpath_and_anchors_to_root
=== CONT  TestExecNetModeHost
=== CONT  TestModuleSourceAttachDependencyResultsRetainsSDKImpl
--- PASS: TestModuleObjectAttachDependencyResultsRecurses (0.00s)
--- PASS: TestContainerCanUseFromContentDigest (0.00s)
--- PASS: TestExecNetModeConflict (0.00s)
--- PASS: TestDecodePersistedModuleObjectValueResultRefLoadsResult (0.00s)
=== RUN   TestWorkspaceContextDirPath/relative_dot_resolves_to_the_module_root_subpath
--- PASS: TestModuleSourceAttachDependencyResultsRetainsSDKImpl (0.00s)
=== CONT  TestExecNetModeNone
=== CONT  TestParsedGitRefStringVersionQuerySemantics
--- PASS: TestExecNetModeHost (0.00s)
--- PASS: TestModuleSourcePersistenceRetainsSelfCallsCapability (0.00s)
=== CONT  TestParsedGitRefStringSetVersion
--- PASS: TestExecNetModeNone (0.00s)
=== RUN   TestWorkspaceContextDirPath/absolute_path_ignores_the_module_root_subpath
2026/09/17 03:01:14 INFO end lazy group evaluation field=test.base group=fs duration=1.185448ms
2026/09/17 03:01:14 INFO start lazy group evaluation field=Container.from group=metadata
--- PASS: TestParsedGitRefStringSetVersion (0.00s)
=== RUN   TestParsedGitRefStringVersionQuerySemantics/at_selector_uses_semver_query
2026/09/17 03:01:14 INFO end lazy group evaluation field=Container.from group=metadata duration=20.31µs
=== PAUSE TestParsedGitRefStringVersionQuerySemantics/at_selector_uses_semver_query
=== CONT  TestSelectLatestContainerTag
2026/09/17 03:01:14 INFO start lazy group evaluation field=Container.from group=execMeta
=== CONT  TestExecNetModeDefault
=== RUN   TestParsedGitRefStringVersionQuerySemantics/fragment_selector_stays_literal
2026/09/17 03:01:14 INFO end lazy group evaluation field=Container.from group=execMeta duration=4.17µs
=== PAUSE TestParsedGitRefStringVersionQuerySemantics/fragment_selector_stays_literal
--- PASS: TestExecNetModeDefault (0.00s)
=== CONT  TestCollectedContentCollectUnknownAnyResult
=== CONT  TestModuleGitDefaultRefSelector
=== RUN   TestWorkspaceContextDirPath/empty_subpath_with_dot_resolves_to_the_workspace_root
=== RUN   TestModuleGitDefaultRefSelector/legacy_API_uses_HEAD
=== PAUSE TestModuleGitDefaultRefSelector/legacy_API_uses_HEAD
=== RUN   TestModuleGitDefaultRefSelector/current_API_uses_latest
=== RUN   TestWorkspaceContextDirPath/empty_subpath_with_relative_path_anchors_to_root
=== RUN   TestSelectLatestContainerTag/stable_release
=== PAUSE TestSelectLatestContainerTag/stable_release
=== RUN   TestWorkspaceContextDirPath/parent_traversal_stays_within_the_workspace_tree
=== RUN   TestSelectLatestContainerTag/optional_v_prefix_is_ambiguous
2026/09/17 03:01:14 INFO start lazy group evaluation field=test.containerFrom group=write
=== PAUSE TestSelectLatestContainerTag/optional_v_prefix_is_ambiguous
2026/09/17 03:01:14 INFO end lazy group evaluation field=test.containerFrom group=write duration=10.42µs
=== RUN   TestWorkspaceContextDirPath/sibling_traversal_stays_within_the_workspace_root
--- PASS: TestCollectedContentCollectUnknownAnyResult (0.00s)
=== CONT  TestContainerExecMetadataKeepsVolatileNamesAndExpandErrors
=== RUN   TestSelectLatestContainerTag/optional_v_prefix_beats_incomplete_alias_handling
=== PAUSE TestSelectLatestContainerTag/optional_v_prefix_beats_incomplete_alias_handling
2026/09/17 03:01:14 INFO discarding dagql cache without persistence hasSQLDB=false hasPersistDB=false
=== RUN   TestSelectLatestContainerTag/complete_version_wins_over_incomplete_alias
--- PASS: TestContainerFromSuccessfulFSConsumesFinalDelegations (0.00s)
=== PAUSE TestModuleGitDefaultRefSelector/current_API_uses_latest
=== PAUSE TestSelectLatestContainerTag/complete_version_wins_over_incomplete_alias
--- PASS: TestModuleObjectConvertToSDKInputRewritesStoredResults (0.00s)
=== CONT  TestContainerExecReadOnlyMountStaysPending
--- PASS: TestModuleObjectPersistedResultRefsRoundTrip (0.00s)
2026/09/17 03:01:14 INFO start lazy group evaluation field=Container.withExec group=metadata
=== RUN   TestWorkspaceContextDirPath/over-escaping_traversal_clamps_to_the_workspace_root
=== CONT  TestContainerExecMetadataReadRunsNothing
2026/09/17 03:01:14 INFO start lazy group evaluation field=test.base group=metadata
--- PASS: TestModuleObjectAttachDependencyResultsRetainsSemanticInterfaceHandleField (0.00s)
2026/09/17 03:01:14 INFO end lazy group evaluation field=test.base group=metadata duration=8.18µs
=== CONT  TestCacheVolumeDecodeDistinctPersistedResultsSharingSnapshot
2026/09/17 03:01:14 INFO end lazy group evaluation field=Container.withExec group=metadata duration=37.56µs
=== RUN   TestWorkspaceContextDirPath/unclean_relative_path_is_normalized
2026/09/17 03:01:14 INFO discarding dagql cache without persistence hasSQLDB=false hasPersistDB=false
--- PASS: TestWorkspaceContextDirPath (0.00s)
    --- PASS: TestWorkspaceContextDirPath/relative_path_joins_module_root_subpath_and_anchors_to_root (0.00s)
    --- PASS: TestWorkspaceContextDirPath/relative_dot_resolves_to_the_module_root_subpath (0.00s)
    --- PASS: TestWorkspaceContextDirPath/absolute_path_ignores_the_module_root_subpath (0.00s)
    --- PASS: TestWorkspaceContextDirPath/empty_subpath_with_dot_resolves_to_the_workspace_root (0.00s)
    --- PASS: TestWorkspaceContextDirPath/empty_subpath_with_relative_path_anchors_to_root (0.00s)
    --- PASS: TestWorkspaceContextDirPath/parent_traversal_stays_within_the_workspace_tree (0.00s)
    --- PASS: TestWorkspaceContextDirPath/sibling_traversal_stays_within_the_workspace_root (0.00s)
    --- PASS: TestWorkspaceContextDirPath/over-escaping_traversal_clamps_to_the_workspace_root (0.00s)
    --- PASS: TestWorkspaceContextDirPath/unclean_relative_path_is_normalized (0.00s)
--- PASS: TestContainerExecMetadataKeepsVolatileNamesAndExpandErrors (0.00s)
=== CONT  TestRecordCacheEvidenceMappingHit
=== CONT  TestInitCacheEvidenceGates
--- PASS: TestInitCacheEvidenceGates (0.00s)
=== CONT  TestAgentStopRegistersWaitUntilReturn
2026/09/17 03:01:14 INFO start lazy group evaluation field=Container.withExec group=metadata
2026/09/17 03:01:14 INFO start lazy group evaluation field=Container.withExec group=metadata
--- PASS: TestAgentStopRegistersWaitUntilReturn (0.00s)
2026/09/17 03:01:14 INFO start lazy group evaluation field=test.base group=metadata
=== CONT  TestCacheVolumeLockKeyUsesSourceID
--- PASS: TestRecordCacheEvidenceMappingHit (0.00s)
2026/09/17 03:01:14 INFO end lazy group evaluation field=test.base group=metadata duration=7.17µs
=== CONT  TestContainerExecEvaluatesParentMountsConcurrently
2026/09/17 03:01:14 INFO start lazy group evaluation field=test.base group=metadata
2026/09/17 03:01:14 INFO end lazy group evaluation field=Container.withExec group=metadata duration=42.95µs
2026/09/17 03:01:14 INFO end lazy group evaluation field=test.base group=metadata duration=7.91µs
--- PASS: TestModulePersistedTypeDefsRoundTripPreservesNullableValidity (0.00s)
2026/09/17 03:01:14 INFO end lazy group evaluation field=Container.withExec group=metadata duration=53.04µs
=== CONT  TestCacheVolumeUsageSizeUsesPersistedSnapshotID
--- PASS: TestCacheVolumeUsageSizeUsesPersistedSnapshotID (0.00s)
=== CONT  TestCacheVolumeUsageSizeUsesLiveSnapshotID
2026/09/17 03:01:14 INFO start lazy group evaluation field=Container.withExec group=execOutputs
--- PASS: TestCacheVolumeUsageSizeUsesLiveSnapshotID (0.00s)
2026/09/17 03:01:14 INFO start lazy group evaluation field=Container.withExec group=mount:/ro
=== CONT  TestCacheVolumeEncodePersistsSourceResultID
2026/09/17 03:01:14 INFO start lazy group evaluation field=test.base group=fs
2026/09/17 03:01:14 INFO end lazy group evaluation field=test.base group=fs duration=7.57µs
2026/09/17 03:01:14 INFO start lazy group evaluation field=test.base group=mount:/ro
2026/09/17 03:01:14 INFO end lazy group evaluation field=test.base group=mount:/ro duration=8.63µs
=== CONT  TestModuleFunctionLoadWorkspaceArgRejectsFunctionCallRuntimeCaller
2026/09/17 03:01:14 INFO end lazy group evaluation field=Container.withExec group=execOutputs duration=33.36µs err="get current query: no query in context"
2026/09/17 03:01:14 INFO start lazy group evaluation field=Container.withExec group=execOutputs
--- PASS: TestModuleFunctionLoadWorkspaceArgRejectsFunctionCallRuntimeCaller (0.00s)
=== CONT  TestCacheVolumeUsageIdentityUsesLiveSnapshotID
2026/09/17 03:01:14 INFO end lazy group evaluation field=Container.withExec group=mount:/ro duration=54.92µs
2026/09/17 03:01:14 INFO end lazy group evaluation field=Container.withExec group=execOutputs duration=10µs err="get current query: no query in context"
--- PASS: TestCacheVolumeUsageIdentityUsesLiveSnapshotID (0.00s)
=== CONT  TestHTTPStateUsageSizeUsesPersistedSnapshotID
--- PASS: TestHTTPStateUsageSizeUsesPersistedSnapshotID (0.00s)
=== CONT  TestParseOCILatestLockInputs
2026/09/17 03:01:14 INFO discarding dagql cache without persistence hasSQLDB=false hasPersistDB=false
=== CONT  TestDescribeLoadFailure
2026/09/17 03:01:14 INFO start lazy group evaluation field=Container.withExec group=execOutputs
=== CONT  TestEventDelivery
=== CONT  TestParseOCILockInputs
=== RUN   TestSelectLatestContainerTag/incomplete_version_remains_eligible
2026/09/17 03:01:14 INFO end lazy group evaluation field=Container.withExec group=execOutputs duration=10.45µs err="get current query: no query in context"
=== PAUSE TestSelectLatestContainerTag/incomplete_version_remains_eligible
2026/09/17 03:01:14 INFO discarding dagql cache without persistence hasSQLDB=false hasPersistDB=false
2026/09/17 03:01:14 INFO starting dagql cache close hasSQLDB=false hasPersistDB=false
=== RUN   TestSelectLatestContainerTag/most_complete_alias_wins
2026/09/17 03:01:14 INFO completed dagql cache close successfully
=== CONT  TestAgentStopRejectsWaitCycles
=== PAUSE TestSelectLatestContainerTag/most_complete_alias_wins
=== RUN   TestAgentStopRejectsWaitCycles/self
=== RUN   TestSelectLatestContainerTag/calver_is_ambiguous_with_normalized_semver
=== PAUSE TestSelectLatestContainerTag/calver_is_ambiguous_with_normalized_semver
=== CONT  TestAgentReseedRejectsPausedDrain
=== CONT  TestCacheVolumeAttachDependencyResultsAttachesSource
=== CONT  TestParseGitLookupInputsRejectsUnknownOption
2026/09/17 03:01:14 INFO start lazy group evaluation field=Container.withExec group=metadata
=== CONT  TestDrainWindowProjectsRunning
=== CONT  TestUpdateGitLatestLockEntryValidatesInputs
=== RUN   TestUpdateGitLatestLockEntryValidatesInputs/missing_inputs
2026/09/17 03:01:14 INFO start lazy group evaluation field=test.base group=metadata
2026/09/17 03:01:14 INFO end lazy group evaluation field=test.base group=metadata duration=10.55µs
=== PAUSE TestUpdateGitLatestLockEntryValidatesInputs/missing_inputs
2026/09/17 03:01:14 INFO end lazy group evaluation field=Container.withExec group=metadata duration=45.48µs
=== RUN   TestUpdateGitLatestLockEntryValidatesInputs/invalid_remote_type
=== CONT  TestUpdateWorkspaceLockEntry
=== PAUSE TestUpdateGitLatestLockEntryValidatesInputs/invalid_remote_type
=== CONT  TestSelectedSHAEntry
--- PASS: TestCacheVolumeEncodePersistsSourceResultID (0.00s)
=== RUN   TestUpdateGitLatestLockEntryValidatesInputs/empty_remote
--- PASS: TestPrepareEngineVolumeSourceConcurrentCreation (0.00s)
=== PAUSE TestUpdateGitLatestLockEntryValidatesInputs/empty_remote
2026/09/17 03:01:14 INFO start lazy group evaluation field=Container.withExec group=execOutputs
=== RUN   TestUpdateGitLatestLockEntryValidatesInputs/invalid_prefix_type
=== PAUSE TestUpdateGitLatestLockEntryValidatesInputs/invalid_prefix_type
=== RUN   TestUpdateGitLatestLockEntryValidatesInputs/empty_prefix
=== PAUSE TestUpdateGitLatestLockEntryValidatesInputs/empty_prefix
=== RUN   TestUpdateGitLatestLockEntryValidatesInputs/invalid_version_query
2026/09/17 03:01:14 INFO start lazy group evaluation field=test.base group=mount:/two
=== PAUSE TestUpdateGitLatestLockEntryValidatesInputs/invalid_version_query
=== RUN   TestUpdateGitLatestLockEntryValidatesInputs/unknown_option
=== CONT  TestUpdateWorkspaceLockIgnoresUnsupportedEntries
=== PAUSE TestUpdateGitLatestLockEntryValidatesInputs/unknown_option
=== RUN   TestUpdateGitLatestLockEntryValidatesInputs/extra_input
2026/09/17 03:01:14 INFO start lazy group evaluation field=test.base group=mount:/one
2026/09/17 03:01:14 INFO start lazy group evaluation field=test.base group=fs
2026/09/17 03:01:14 INFO end lazy group evaluation field=test.base group=mount:/two duration=41.93µs
2026/09/17 03:01:14 INFO end lazy group evaluation field=test.base group=fs duration=26.23µs
2026/09/17 03:01:14 INFO end lazy group evaluation field=test.base group=mount:/one duration=31.91µs
=== PAUSE TestUpdateGitLatestLockEntryValidatesInputs/extra_input
2026/09/17 03:01:14 INFO end lazy group evaluation field=Container.withExec group=execOutputs duration=137.29µs err="get current query: no query in context"
2026/09/17 03:01:14 INFO discarding dagql cache without persistence hasSQLDB=false hasPersistDB=false
=== CONT  TestHostFindUpAllPrefersExistsFS
=== CONT  TestJSONStringRoundTripPreservesBytes
=== CONT  TestResolveReply
=== CONT  TestJSONNullRoundTripPreservesNil
=== CONT  TestOriginOmittedFromChain
=== CONT  TestHostFindUpAllFallsBackToStatFS
=== CONT  TestTypeDefWithNameVerbatim
=== CONT  TestEnumMemberNameFormatting
=== RUN   TestEnumMemberNameFormatting/ACTIVE
=== RUN   TestSelectLatestContainerTag/zero_padding_is_ambiguous
=== PAUSE TestSelectLatestContainerTag/zero_padding_is_ambiguous
=== RUN   TestSelectLatestContainerTag/zero-padded_trailing_component_is_not_an_incomplete_alias
=== PAUSE TestSelectLatestContainerTag/zero-padded_trailing_component_is_not_an_incomplete_alias
=== RUN   TestSelectLatestContainerTag/calver_release
=== PAUSE TestSelectLatestContainerTag/calver_release
=== RUN   TestSelectLatestContainerTag/only_prereleases
=== PAUSE TestSelectLatestContainerTag/only_prereleases
=== RUN   TestSelectLatestContainerTag/no_tags
=== PAUSE TestSelectLatestContainerTag/no_tags
=== RUN   TestParseOCILockInputs/default_transport
=== PAUSE TestParseOCILockInputs/default_transport
=== RUN   TestParseOCILockInputs/plain_HTTP
=== PAUSE TestParseOCILockInputs/plain_HTTP
=== RUN   TestParseOCILockInputs/insecure_HTTPS
=== PAUSE TestParseOCILockInputs/insecure_HTTPS
=== RUN   TestParseOCILockInputs/missing_inputs
=== PAUSE TestParseOCILockInputs/missing_inputs
=== RUN   TestParseOCILockInputs/too_many_inputs
=== PAUSE TestParseOCILockInputs/too_many_inputs
=== RUN   TestParseOCILockInputs/invalid_ref
=== PAUSE TestParseOCILockInputs/invalid_ref
=== RUN   TestParseOCILockInputs/empty_ref
=== PAUSE TestParseOCILockInputs/empty_ref
=== RUN   TestParseOCILockInputs/untagged_ref
=== PAUSE TestParseOCILockInputs/untagged_ref
=== RUN   TestParseOCILockInputs/invalid_protocol
=== PAUSE TestParseOCILockInputs/invalid_protocol
=== RUN   TestParseOCILockInputs/unknown_option
=== PAUSE TestParseOCILockInputs/unknown_option
=== RUN   TestParseOCILockInputs/insecure_HTTP
=== PAUSE TestParseOCILockInputs/insecure_HTTP
=== CONT  TestNamespaceObjects
=== RUN   TestNamespaceObjects/namespace
=== RUN   TestDescribeLoadFailure/inlines_the_failing_exec's_stderr
=== PAUSE TestDescribeLoadFailure/inlines_the_failing_exec's_stderr
=== RUN   TestDescribeLoadFailure/falls_back_to_stdout_when_stderr_is_empty
=== RUN   TestSelectedSHAEntry/Git
=== PAUSE TestDescribeLoadFailure/falls_back_to_stdout_when_stderr_is_empty
=== PAUSE TestSelectedSHAEntry/Git
=== RUN   TestSelectedSHAEntry/OCI
=== PAUSE TestSelectedSHAEntry/OCI
=== CONT  TestRecordBoundServiceFQDNs/records_the_name_the_running_service_registered_under
=== CONT  TestRecordBoundServiceFQDNs/skips_unstarted_and_missing_entries
=== CONT  TestRecordBoundServiceFQDNs/skips_hosts_outside_the_engine's_DNS_domain
=== CONT  TestRecordBoundServiceFQDNs/tolerates_absent_metadata
=== CONT  TestPreferCanonicalGitReleaseTag/precision_before_v_prefix
=== CONT  TestPreferCanonicalGitReleaseTag/no_build_metadata_before_v_prefix
=== CONT  TestPreferCanonicalGitReleaseTag/v_prefix
=== CONT  TestPreferCanonicalGitReleaseTag/no_padding_before_precision
=== CONT  TestPreferCanonicalGitReleaseTag/no_padding_before_v_prefix
=== CONT  TestPreferCanonicalGitReleaseTag/fewer_leading_zeroes
=== CONT  TestSelectLatestGitRefRejectsEquivalentVersions/optional_v_prefix
=== CONT  TestSelectLatestGitRefRejectsEquivalentVersions/zero-padded_version
=== CONT  TestSelectLatestGitRefRejectsEquivalentVersions/calver_and_semver
=== CONT  TestSelectReleaseTagWithVersionQuery/v1
=== CONT  TestSelectReleaseTagWithVersionQuery/v1.2.4-beta
=== CONT  TestSelectReleaseTagWithVersionQuery/v1.2-beta
=== CONT  TestSelectReleaseTagWithVersionQuery/v1.2.3
=== CONT  TestSelectReleaseTagWithVersionQuery/1.2
=== CONT  TestSelectReleaseTagWithVersionQuery/v1.2.4-rc
=== CONT  TestValidateGitLatestRef/stable_tag
=== CONT  TestValidateGitLatestRef/default_branch
=== CONT  TestValidateGitLatestRef/empty_branch
=== CONT  TestValidateGitLatestRef/arbitrary_ref
=== CONT  TestValidateGitLatestRef/prerelease_tag
=== CONT  TestValidateGitLatestRef/non-semver_tag
=== CONT  TestValidateContainerLatestTag/stable
=== CONT  TestValidateGitLatestRef/calver_tag
=== CONT  TestValidateGitLatestRef/uncanonicalized_head
=== CONT  TestValidateContainerLatestTag/latest_fallback
=== CONT  TestValidateContainerLatestTag/calver
=== CONT  TestValidateContainerLatestTag/incomplete
=== CONT  TestValidateContainerLatestTag/stable_with_v
=== CONT  TestValidateContainerLatestTag/non-semver
=== CONT  TestValidateContainerLatestTag/prerelease
=== CONT  TestValidateGitLatestRef/incomplete_tag
=== CONT  TestValidateGitLatestRef/stable_tag_without_v
=== CONT  TestParsedGitRefStringVersionQuerySemantics/at_selector_uses_semver_query
=== CONT  TestParsedGitRefStringVersionQuerySemantics/fragment_selector_stays_literal
=== CONT  TestModuleGitDefaultRefSelector/legacy_API_uses_HEAD
=== CONT  TestModuleGitDefaultRefSelector/current_API_uses_latest
=== CONT  TestUpdateGitLatestLockEntryValidatesInputs/missing_inputs
=== CONT  TestUpdateGitLatestLockEntryValidatesInputs/empty_prefix
=== CONT  TestUpdateGitLatestLockEntryValidatesInputs/empty_remote
=== CONT  TestUpdateGitLatestLockEntryValidatesInputs/extra_input
2026/09/17 03:01:14 INFO discarding dagql cache without persistence hasSQLDB=false hasPersistDB=false
=== CONT  TestRecordBoundServiceFQDNs/skips_a_host_already_equal_to_the_bound_hostname
=== CONT  TestUpdateGitLatestLockEntryValidatesInputs/invalid_prefix_type
=== CONT  TestUpdateGitLatestLockEntryValidatesInputs/invalid_version_query
=== CONT  TestUpdateGitLatestLockEntryValidatesInputs/unknown_option
=== CONT  TestSelectLatestContainerTag/stable_release
=== RUN   TestDescribeLoadFailure/replaces_the_run-dagger-generate_hint_for_missing_generated_files
=== PAUSE TestDescribeLoadFailure/replaces_the_run-dagger-generate_hint_for_missing_generated_files
=== CONT  TestSelectLatestContainerTag/no_tags
=== CONT  TestParseOCILockInputs/default_transport
=== RUN   TestDescribeLoadFailure/leaves_other_errors_alone
=== PAUSE TestDescribeLoadFailure/leaves_other_errors_alone
=== CONT  TestSelectLatestContainerTag/only_prereleases
=== CONT  TestUpdateGitLatestLockEntryValidatesInputs/invalid_remote_type
=== CONT  TestSelectLatestContainerTag/zero-padded_trailing_component_is_not_an_incomplete_alias
=== CONT  TestSelectLatestContainerTag/zero_padding_is_ambiguous
=== CONT  TestSelectLatestContainerTag/calver_is_ambiguous_with_normalized_semver
=== CONT  TestSelectLatestContainerTag/most_complete_alias_wins
=== CONT  TestSelectLatestContainerTag/incomplete_version_remains_eligible
=== CONT  TestSelectLatestContainerTag/complete_version_wins_over_incomplete_alias
=== CONT  TestSelectLatestContainerTag/optional_v_prefix_is_ambiguous
=== CONT  TestParseOCILockInputs/empty_ref
=== CONT  TestParseOCILockInputs/missing_inputs
=== CONT  TestParseOCILockInputs/insecure_HTTP
=== CONT  TestParseOCILockInputs/invalid_ref
=== CONT  TestParseOCILockInputs/unknown_option
=== CONT  TestParseOCILockInputs/invalid_protocol
=== CONT  TestParseOCILockInputs/untagged_ref
=== CONT  TestParseOCILockInputs/too_many_inputs
=== CONT  TestSelectLatestContainerTag/optional_v_prefix_beats_incomplete_alias_handling
=== CONT  TestParseOCILockInputs/plain_HTTP
=== CONT  TestParseOCILockInputs/insecure_HTTPS
=== CONT  TestSelectedSHAEntry/Git
=== CONT  TestSelectedSHAEntry/OCI
=== CONT  TestDescribeLoadFailure/inlines_the_failing_exec's_stderr
=== CONT  TestDescribeLoadFailure/leaves_other_errors_alone
=== CONT  TestDescribeLoadFailure/replaces_the_run-dagger-generate_hint_for_missing_generated_files
=== CONT  TestDescribeLoadFailure/falls_back_to_stdout_when_stderr_is_empty
=== CONT  TestAgentWaitGuard
=== CONT  TestRecordBoundServiceFQDNs/does_not_write_through_a_map_shared_with_a_shallow_clone
=== CONT  TestSelectLatestContainerTag/calver_release
=== CONT  TestRenderMessagesForModel
--- PASS: TestContainerExecReadOnlyMountStaysPending (0.00s)
--- PASS: TestContainerExecMetadataReadRunsNothing (0.00s)
--- PASS: TestCacheVolumeLockKeyUsesSourceID (0.00s)
--- PASS: TestParseOCILatestLockInputs (0.00s)
--- PASS: TestCacheVolumeAttachDependencyResultsAttachesSource (0.00s)
--- PASS: TestParseGitLookupInputsRejectsUnknownOption (0.00s)
--- PASS: TestDrainWindowProjectsRunning (0.00s)
=== RUN   TestAgentStopRejectsWaitCycles/cross-agent
--- PASS: TestAgentStopRejectsWaitCycles (0.00s)
    --- PASS: TestAgentStopRejectsWaitCycles/self (0.00s)
    --- PASS: TestAgentStopRejectsWaitCycles/cross-agent (0.00s)
--- PASS: TestAgentReseedRejectsPausedDrain (0.00s)
--- PASS: TestUpdateWorkspaceLockEntry (0.00s)
--- PASS: TestContainerAttachDependencyResultsKindsOwnsVolumeMount (0.00s)
--- PASS: TestContainerExecEvaluatesParentMountsConcurrently (0.00s)
--- PASS: TestUpdateWorkspaceLockIgnoresUnsupportedEntries (0.00s)
--- PASS: TestJSONStringRoundTripPreservesBytes (0.00s)
--- PASS: TestPrepareEngineVolumeSourceCreatesAndPreservesDirectories (0.00s)
--- PASS: TestJSONNullRoundTripPreservesNil (0.00s)
--- PASS: TestResolveReply (0.00s)
--- PASS: TestOriginOmittedFromChain (0.00s)
--- PASS: TestTypeDefWithNameVerbatim (0.00s)
=== RUN   TestEnumMemberNameFormatting/P256
=== RUN   TestEnumMemberNameFormatting/P_256
=== RUN   TestEnumMemberNameFormatting/X25519
=== RUN   TestEnumMemberNameFormatting/ED25519
=== RUN   TestEnumMemberNameFormatting/fooBar
=== RUN   TestEnumMemberNameFormatting/foo-bar
=== RUN   TestEnumMemberNameFormatting/p256
--- PASS: TestEnumMemberNameFormatting (0.00s)
    --- PASS: TestEnumMemberNameFormatting/ACTIVE (0.00s)
    --- PASS: TestEnumMemberNameFormatting/P256 (0.00s)
    --- PASS: TestEnumMemberNameFormatting/P_256 (0.00s)
    --- PASS: TestEnumMemberNameFormatting/X25519 (0.00s)
    --- PASS: TestEnumMemberNameFormatting/ED25519 (0.00s)
    --- PASS: TestEnumMemberNameFormatting/fooBar (0.00s)
    --- PASS: TestEnumMemberNameFormatting/foo-bar (0.00s)
    --- PASS: TestEnumMemberNameFormatting/p256 (0.00s)
=== RUN   TestNamespaceObjects/namespace_into_camel_case
=== RUN   TestNamespaceObjects/don't_namespace_when_equal
=== RUN   TestNamespaceObjects/don't_namespace_when_prefixed
=== RUN   TestNamespaceObjects/still_namespace_when_prefixed_if_not_full
--- PASS: TestNamespaceObjects (0.00s)
    --- PASS: TestNamespaceObjects/namespace (0.00s)
    --- PASS: TestNamespaceObjects/namespace_into_camel_case (0.00s)
    --- PASS: TestNamespaceObjects/don't_namespace_when_equal (0.00s)
    --- PASS: TestNamespaceObjects/don't_namespace_when_prefixed (0.00s)
    --- PASS: TestNamespaceObjects/still_namespace_when_prefixed_if_not_full (0.00s)
--- PASS: TestHostFindUpAllFallsBackToStatFS (0.00s)
--- PASS: TestHostFindUpAllPrefersExistsFS (0.00s)
--- PASS: TestPreferCanonicalGitReleaseTag (0.00s)
    --- PASS: TestPreferCanonicalGitReleaseTag/precision_before_v_prefix (0.00s)
    --- PASS: TestPreferCanonicalGitReleaseTag/no_build_metadata_before_v_prefix (0.00s)
    --- PASS: TestPreferCanonicalGitReleaseTag/v_prefix (0.00s)
    --- PASS: TestPreferCanonicalGitReleaseTag/no_padding_before_precision (0.00s)
    --- PASS: TestPreferCanonicalGitReleaseTag/no_padding_before_v_prefix (0.00s)
    --- PASS: TestPreferCanonicalGitReleaseTag/fewer_leading_zeroes (0.00s)
--- PASS: TestSelectLatestGitRefRejectsEquivalentVersions (0.00s)
    --- PASS: TestSelectLatestGitRefRejectsEquivalentVersions/optional_v_prefix (0.00s)
    --- PASS: TestSelectLatestGitRefRejectsEquivalentVersions/zero-padded_version (0.00s)
    --- PASS: TestSelectLatestGitRefRejectsEquivalentVersions/calver_and_semver (0.00s)
--- PASS: TestSelectReleaseTagWithVersionQuery (0.00s)
    --- PASS: TestSelectReleaseTagWithVersionQuery/v1 (0.00s)
    --- PASS: TestSelectReleaseTagWithVersionQuery/v1.2.4-beta (0.00s)
    --- PASS: TestSelectReleaseTagWithVersionQuery/v1.2-beta (0.00s)
    --- PASS: TestSelectReleaseTagWithVersionQuery/v1.2.3 (0.00s)
    --- PASS: TestSelectReleaseTagWithVersionQuery/1.2 (0.00s)
    --- PASS: TestSelectReleaseTagWithVersionQuery/v1.2.4-rc (0.00s)
--- PASS: TestValidateContainerLatestTag (0.00s)
    --- PASS: TestValidateContainerLatestTag/stable (0.00s)
    --- PASS: TestValidateContainerLatestTag/latest_fallback (0.00s)
    --- PASS: TestValidateContainerLatestTag/calver (0.00s)
    --- PASS: TestValidateContainerLatestTag/incomplete (0.00s)
    --- PASS: TestValidateContainerLatestTag/stable_with_v (0.00s)
    --- PASS: TestValidateContainerLatestTag/non-semver (0.00s)
    --- PASS: TestValidateContainerLatestTag/prerelease (0.00s)
--- PASS: TestValidateGitLatestRef (0.00s)
    --- PASS: TestValidateGitLatestRef/stable_tag (0.00s)
    --- PASS: TestValidateGitLatestRef/default_branch (0.00s)
    --- PASS: TestValidateGitLatestRef/empty_branch (0.00s)
    --- PASS: TestValidateGitLatestRef/arbitrary_ref (0.00s)
    --- PASS: TestValidateGitLatestRef/prerelease_tag (0.00s)
    --- PASS: TestValidateGitLatestRef/non-semver_tag (0.00s)
    --- PASS: TestValidateGitLatestRef/calver_tag (0.00s)
    --- PASS: TestValidateGitLatestRef/uncanonicalized_head (0.00s)
    --- PASS: TestValidateGitLatestRef/incomplete_tag (0.00s)
    --- PASS: TestValidateGitLatestRef/stable_tag_without_v (0.00s)
--- PASS: TestParsedGitRefStringVersionQuerySemantics (0.00s)
    --- PASS: TestParsedGitRefStringVersionQuerySemantics/at_selector_uses_semver_query (0.00s)
    --- PASS: TestParsedGitRefStringVersionQuerySemantics/fragment_selector_stays_literal (0.00s)
--- PASS: TestModuleGitDefaultRefSelector (0.00s)
    --- PASS: TestModuleGitDefaultRefSelector/legacy_API_uses_HEAD (0.00s)
    --- PASS: TestModuleGitDefaultRefSelector/current_API_uses_latest (0.00s)
--- PASS: TestContainerRoutingReadsRaceRefinedCompletion (0.00s)
--- PASS: TestUpdateGitLatestLockEntryValidatesInputs (0.00s)
    --- PASS: TestUpdateGitLatestLockEntryValidatesInputs/missing_inputs (0.00s)
    --- PASS: TestUpdateGitLatestLockEntryValidatesInputs/empty_prefix (0.00s)
    --- PASS: TestUpdateGitLatestLockEntryValidatesInputs/empty_remote (0.00s)
    --- PASS: TestUpdateGitLatestLockEntryValidatesInputs/invalid_prefix_type (0.00s)
    --- PASS: TestUpdateGitLatestLockEntryValidatesInputs/extra_input (0.00s)
    --- PASS: TestUpdateGitLatestLockEntryValidatesInputs/invalid_version_query (0.00s)
    --- PASS: TestUpdateGitLatestLockEntryValidatesInputs/unknown_option (0.00s)
    --- PASS: TestUpdateGitLatestLockEntryValidatesInputs/invalid_remote_type (0.00s)
--- PASS: TestParseOCILockInputs (0.00s)
    --- PASS: TestParseOCILockInputs/default_transport (0.00s)
    --- PASS: TestParseOCILockInputs/empty_ref (0.00s)
    --- PASS: TestParseOCILockInputs/missing_inputs (0.00s)
    --- PASS: TestParseOCILockInputs/insecure_HTTP (0.00s)
    --- PASS: TestParseOCILockInputs/invalid_ref (0.00s)
    --- PASS: TestParseOCILockInputs/unknown_option (0.00s)
    --- PASS: TestParseOCILockInputs/untagged_ref (0.00s)
    --- PASS: TestParseOCILockInputs/too_many_inputs (0.00s)
    --- PASS: TestParseOCILockInputs/plain_HTTP (0.00s)
    --- PASS: TestParseOCILockInputs/invalid_protocol (0.00s)
    --- PASS: TestParseOCILockInputs/insecure_HTTPS (0.00s)
--- PASS: TestSelectedSHAEntry (0.00s)
    --- PASS: TestSelectedSHAEntry/Git (0.00s)
    --- PASS: TestSelectedSHAEntry/OCI (0.00s)
--- PASS: TestRecordBoundServiceFQDNs (0.00s)
    --- PASS: TestRecordBoundServiceFQDNs/records_the_name_the_running_service_registered_under (0.00s)
    --- PASS: TestRecordBoundServiceFQDNs/skips_unstarted_and_missing_entries (0.00s)
    --- PASS: TestRecordBoundServiceFQDNs/skips_hosts_outside_the_engine's_DNS_domain (0.00s)
    --- PASS: TestRecordBoundServiceFQDNs/tolerates_absent_metadata (0.00s)
    --- PASS: TestRecordBoundServiceFQDNs/skips_a_host_already_equal_to_the_bound_hostname (0.00s)
    --- PASS: TestRecordBoundServiceFQDNs/does_not_write_through_a_map_shared_with_a_shallow_clone (0.00s)
--- PASS: TestDescribeLoadFailure (0.00s)
    --- PASS: TestDescribeLoadFailure/leaves_other_errors_alone (0.00s)
    --- PASS: TestDescribeLoadFailure/replaces_the_run-dagger-generate_hint_for_missing_generated_files (0.00s)
    --- PASS: TestDescribeLoadFailure/falls_back_to_stdout_when_stderr_is_empty (0.00s)
    --- PASS: TestDescribeLoadFailure/inlines_the_failing_exec's_stderr (0.00s)
--- PASS: TestSelectLatestContainerTag (0.00s)
    --- PASS: TestSelectLatestContainerTag/stable_release (0.00s)
    --- PASS: TestSelectLatestContainerTag/no_tags (0.00s)
    --- PASS: TestSelectLatestContainerTag/only_prereleases (0.00s)
    --- PASS: TestSelectLatestContainerTag/zero-padded_trailing_component_is_not_an_incomplete_alias (0.00s)
    --- PASS: TestSelectLatestContainerTag/most_complete_alias_wins (0.00s)
    --- PASS: TestSelectLatestContainerTag/calver_is_ambiguous_with_normalized_semver (0.00s)
    --- PASS: TestSelectLatestContainerTag/incomplete_version_remains_eligible (0.00s)
    --- PASS: TestSelectLatestContainerTag/zero_padding_is_ambiguous (0.00s)
    --- PASS: TestSelectLatestContainerTag/complete_version_wins_over_incomplete_alias (0.00s)
    --- PASS: TestSelectLatestContainerTag/optional_v_prefix_is_ambiguous (0.00s)
    --- PASS: TestSelectLatestContainerTag/optional_v_prefix_beats_incomplete_alias_handling (0.00s)
    --- PASS: TestSelectLatestContainerTag/calver_release (0.00s)
--- PASS: TestRenderMessagesForModel (0.00s)
--- PASS: TestAgentWaitGuard (0.00s)
--- PASS: TestEventDelivery (0.00s)
2026/09/17 03:01:14 INFO starting dagql cache close hasSQLDB=true hasPersistDB=true
2026/09/17 03:01:14 INFO marking dagql cache clean shutdown
2026/09/17 03:01:14 WARN successfully marked clean shutdown in persistence metadata
2026/09/17 03:01:14 INFO completed dagql cache close successfully
2026/09/17 03:01:14 INFO starting dagql cache close hasSQLDB=true hasPersistDB=true
2026/09/17 03:01:14 INFO marking dagql cache clean shutdown
2026/09/17 03:01:14 WARN successfully marked clean shutdown in persistence metadata
2026/09/17 03:01:14 INFO completed dagql cache close successfully
--- PASS: TestCacheVolumeDecodeDistinctPersistedResultsSharingSnapshot (0.02s)
--- PASS: TestServicesExitedServicesListing (0.02s)
--- PASS: TestServicesStartConcurrentHappy (0.11s)
--- PASS: TestServicesStartConcurrentSadThenHappy (0.11s)
--- PASS: TestServicesStartConcurrentSad (0.12s)
PASS
ok  	github.com/dagger/dagger/core	7.037s
=== RUN   TestParseSSHFSVolumeAddress
--- PASS: TestParseSSHFSVolumeAddress (0.00s)
=== RUN   TestParseSSHFSVolumeAddressErrors
--- PASS: TestParseSSHFSVolumeAddressErrors (0.00s)
=== RUN   TestParseEngineVolumeAddress
=== RUN   TestParseEngineVolumeAddress/engine-volume://datasets
=== RUN   TestParseEngineVolumeAddress/engine-volume://datasets/models
=== RUN   TestParseEngineVolumeAddress/engine-volume://datasets/models?subdir=llama%2Fweights
=== RUN   TestParseEngineVolumeAddress/engine-volume://datasets/models?subdir=path%20with%20spaces
--- PASS: TestParseEngineVolumeAddress (0.00s)
    --- PASS: TestParseEngineVolumeAddress/engine-volume://datasets (0.00s)
    --- PASS: TestParseEngineVolumeAddress/engine-volume://datasets/models (0.00s)
    --- PASS: TestParseEngineVolumeAddress/engine-volume://datasets/models?subdir=llama%2Fweights (0.00s)
    --- PASS: TestParseEngineVolumeAddress/engine-volume://datasets/models?subdir=path%20with%20spaces (0.00s)
=== RUN   TestParseEngineVolumeAddressErrors
=== RUN   TestParseEngineVolumeAddressErrors/sshfs://datasets/models
=== RUN   TestParseEngineVolumeAddressErrors/engine-volume:datasets/models
=== RUN   TestParseEngineVolumeAddressErrors/engine-volume:///datasets/models
=== RUN   TestParseEngineVolumeAddressErrors/engine-volume://user@datasets/models
=== RUN   TestParseEngineVolumeAddressErrors/engine-volume://datasets/models/
=== RUN   TestParseEngineVolumeAddressErrors/engine-volume://datasets//models
=== RUN   TestParseEngineVolumeAddressErrors/engine-volume://datasets/%6dodels
=== RUN   TestParseEngineVolumeAddressErrors/engine-volume://datasets/fs
=== RUN   TestParseEngineVolumeAddressErrors/engine-volume://datasets/models?
=== RUN   TestParseEngineVolumeAddressErrors/engine-volume://datasets/models?subdir=
=== RUN   TestParseEngineVolumeAddressErrors/engine-volume://datasets/models?subdir=one&subdir=two
=== RUN   TestParseEngineVolumeAddressErrors/engine-volume://datasets/models?subdir=../escape
=== RUN   TestParseEngineVolumeAddressErrors/engine-volume://datasets/models?unknown=x
=== RUN   TestParseEngineVolumeAddressErrors/engine-volume://datasets/models#fragment
--- PASS: TestParseEngineVolumeAddressErrors (0.00s)
    --- PASS: TestParseEngineVolumeAddressErrors/sshfs://datasets/models (0.00s)
    --- PASS: TestParseEngineVolumeAddressErrors/engine-volume:datasets/models (0.00s)
    --- PASS: TestParseEngineVolumeAddressErrors/engine-volume:///datasets/models (0.00s)
    --- PASS: TestParseEngineVolumeAddressErrors/engine-volume://user@datasets/models (0.00s)
    --- PASS: TestParseEngineVolumeAddressErrors/engine-volume://datasets/models/ (0.00s)
    --- PASS: TestParseEngineVolumeAddressErrors/engine-volume://datasets//models (0.00s)
    --- PASS: TestParseEngineVolumeAddressErrors/engine-volume://datasets/%6dodels (0.00s)
    --- PASS: TestParseEngineVolumeAddressErrors/engine-volume://datasets/fs (0.00s)
    --- PASS: TestParseEngineVolumeAddressErrors/engine-volume://datasets/models? (0.00s)
    --- PASS: TestParseEngineVolumeAddressErrors/engine-volume://datasets/models?subdir= (0.00s)
    --- PASS: TestParseEngineVolumeAddressErrors/engine-volume://datasets/models?subdir=one&subdir=two (0.00s)
    --- PASS: TestParseEngineVolumeAddressErrors/engine-volume://datasets/models?subdir=../escape (0.00s)
    --- PASS: TestParseEngineVolumeAddressErrors/engine-volume://datasets/models?unknown=x (0.00s)
    --- PASS: TestParseEngineVolumeAddressErrors/engine-volume://datasets/models#fragment (0.00s)
=== RUN   TestEvaluateContainerImagePartsRunsContainersConcurrently
2026/09/17 03:01:08 INFO start lazy group evaluation field=test.containerImagePartsConcurrency group=metadata
2026/09/17 03:01:08 INFO end lazy group evaluation field=test.containerImagePartsConcurrency group=metadata duration=129.75µs
2026/09/17 03:01:08 INFO start lazy group evaluation field=test.containerImagePartsConcurrency group=metadata
2026/09/17 03:01:08 INFO end lazy group evaluation field=test.containerImagePartsConcurrency group=metadata duration=126.2µs
2026/09/17 03:01:08 INFO start lazy group evaluation field=test.containerImagePartsConcurrency group=write
2026/09/17 03:01:08 INFO start lazy group evaluation field=test.containerImagePartsConcurrency group=write
2026/09/17 03:01:08 INFO end lazy group evaluation field=test.containerImagePartsConcurrency group=write duration=53.04µs
2026/09/17 03:01:08 INFO end lazy group evaluation field=test.containerImagePartsConcurrency group=write duration=31.26µs
2026/09/17 03:01:08 INFO discarding dagql cache without persistence hasSQLDB=false hasPersistDB=false
--- PASS: TestEvaluateContainerImagePartsRunsContainersConcurrently (0.00s)
=== RUN   TestShouldSelectLatestImageRelease
=== PAUSE TestShouldSelectLatestImageRelease
=== RUN   TestContainerDefaultPlatformCacheIdentity
2026/09/17 03:01:08 INFO start call field=Query.container digest=xxh3:fdd47f4fdaea0158
2026/09/17 03:01:08 INFO end call field=Query.container cached=false digest=xxh3:fdd47f4fdaea0158
2026/09/17 03:01:08 INFO start call field=Query.container digest=xxh3:fdd47f4fdaea0158
2026/09/17 03:01:08 INFO end call field=Query.container cached=true digest=xxh3:fdd47f4fdaea0158
2026/09/17 03:01:08 INFO start call field=Query.container digest=xxh3:fb076c76d0d54f31
2026/09/17 03:01:08 INFO end call field=Query.container cached=false digest=xxh3:fb076c76d0d54f31
2026/09/17 03:01:08 INFO start call field=Query.container digest=xxh3:fdd47f4fdaea0158
2026/09/17 03:01:08 INFO end call field=Query.container cached=true digest=xxh3:fdd47f4fdaea0158
2026/09/17 03:01:08 INFO start call field=Query.container digest=xxh3:fb076c76d0d54f31
2026/09/17 03:01:08 INFO end call field=Query.container cached=true digest=xxh3:fb076c76d0d54f31
2026/09/17 03:01:08 INFO starting dagql cache close hasSQLDB=false hasPersistDB=false
2026/09/17 03:01:08 INFO completed dagql cache close successfully
--- PASS: TestContainerDefaultPlatformCacheIdentity (0.37s)
=== RUN   TestCloneContainerForSchemaChildDisablesFromContentDigest
=== PAUSE TestCloneContainerForSchemaChildDisablesFromContentDigest
=== RUN   TestEagerContainerMountMetadataResolvers
=== RUN   TestEagerContainerMountMetadataResolvers/without_mount
=== RUN   TestEagerContainerMountMetadataResolvers/mounted_temp
=== RUN   TestEagerContainerMountMetadataResolvers/mounted_volume
=== RUN   TestEagerContainerMountMetadataResolvers/mounted_secret_without_owner
=== RUN   TestEagerContainerMountMetadataResolvers/unix_socket_without_owner
=== RUN   TestEagerContainerMountMetadataResolvers/without_unix_socket
2026/09/17 03:01:08 INFO discarding dagql cache without persistence hasSQLDB=false hasPersistDB=false
--- PASS: TestEagerContainerMountMetadataResolvers (0.00s)
    --- PASS: TestEagerContainerMountMetadataResolvers/without_mount (0.00s)
    --- PASS: TestEagerContainerMountMetadataResolvers/mounted_temp (0.00s)
    --- PASS: TestEagerContainerMountMetadataResolvers/mounted_volume (0.00s)
    --- PASS: TestEagerContainerMountMetadataResolvers/mounted_secret_without_owner (0.00s)
    --- PASS: TestEagerContainerMountMetadataResolvers/unix_socket_without_owner (0.00s)
    --- PASS: TestEagerContainerMountMetadataResolvers/without_unix_socket (0.00s)
=== RUN   TestWithImageConfigMetadataMutatesContainerConfig
=== PAUSE TestWithImageConfigMetadataMutatesContainerConfig
=== RUN   TestWithImageConfigMetadataRejectsInvalidHealthcheckJSON
=== PAUSE TestWithImageConfigMetadataRejectsInvalidHealthcheckJSON
=== RUN   TestBuiltinMetadataSelectors
=== RUN   TestBuiltinMetadataSelectors/Directory
    container_lazy_test.go:64: real native snapshot transfer requires read-only bind mount privileges: mount source: "/tmp/TestBuiltinMetadataSelectorsDirectory2156761792/002", target: "/tmp/snapshot-transfer-mount3304586498", fstype: bind, flags: 20481, data: "", err: operation not permitted
2026/09/17 03:01:13 INFO discarding dagql cache without persistence hasSQLDB=false hasPersistDB=false
=== RUN   TestBuiltinMetadataSelectors/File
    container_lazy_test.go:64: real native snapshot transfer requires read-only bind mount privileges: mount source: "/tmp/TestBuiltinMetadataSelectorsFile1847879564/002", target: "/tmp/snapshot-transfer-mount1042980809", fstype: bind, flags: 20481, data: "", err: operation not permitted
2026/09/17 03:01:13 INFO discarding dagql cache without persistence hasSQLDB=false hasPersistDB=false
=== RUN   TestBuiltinMetadataSelectors/relative_Directory
    container_lazy_test.go:64: real native snapshot transfer requires read-only bind mount privileges: mount source: "/tmp/TestBuiltinMetadataSelectorsrelative_Directory38670741/002", target: "/tmp/snapshot-transfer-mount3802139867", fstype: bind, flags: 20481, data: "", err: operation not permitted
2026/09/17 03:01:13 INFO discarding dagql cache without persistence hasSQLDB=false hasPersistDB=false
=== RUN   TestBuiltinMetadataSelectors/relative_File
    container_lazy_test.go:64: real native snapshot transfer requires read-only bind mount privileges: mount source: "/tmp/TestBuiltinMetadataSelectorsrelative_File3544088607/002", target: "/tmp/snapshot-transfer-mount2757912595", fstype: bind, flags: 20481, data: "", err: operation not permitted
2026/09/17 03:01:13 INFO discarding dagql cache without persistence hasSQLDB=false hasPersistDB=false
=== RUN   TestBuiltinMetadataSelectors/platform_fallback
    container_lazy_test.go:64: real native snapshot transfer requires read-only bind mount privileges: mount source: "/tmp/TestBuiltinMetadataSelectorsplatform_fallback2929994770/002", target: "/tmp/snapshot-transfer-mount2867139249", fstype: bind, flags: 20481, data: "", err: operation not permitted
2026/09/17 03:01:13 INFO discarding dagql cache without persistence hasSQLDB=false hasPersistDB=false
--- PASS: TestBuiltinMetadataSelectors (5.12s)
    --- SKIP: TestBuiltinMetadataSelectors/Directory (4.56s)
    --- SKIP: TestBuiltinMetadataSelectors/File (0.39s)
    --- SKIP: TestBuiltinMetadataSelectors/relative_Directory (0.10s)
    --- SKIP: TestBuiltinMetadataSelectors/relative_File (0.05s)
    --- SKIP: TestBuiltinMetadataSelectors/platform_fallback (0.02s)
=== RUN   TestBuiltinMetadataConsumersStopOnFailure
=== RUN   TestBuiltinMetadataConsumersStopOnFailure/from
2026/09/17 03:01:13 INFO start lazy evaluation field=Query._builtinContainer
2026/09/17 03:01:13 INFO end lazy evaluation field=Query._builtinContainer duration=83.87µs err="lookup builtin image manifest sha256:656a2d58259ab3861f78e1bced0371f00d75e10e6891cb9d71efbd807dde7d6a: content sha256:656a2d58259ab3861f78e1bced0371f00d75e10e6891cb9d71efbd807dde7d6a: not found"
2026/09/17 03:01:13 INFO discarding dagql cache without persistence hasSQLDB=false hasPersistDB=false
=== RUN   TestBuiltinMetadataConsumersStopOnFailure/withRootfs
2026/09/17 03:01:13 INFO start lazy evaluation field=Query._builtinContainer
2026/09/17 03:01:13 INFO end lazy evaluation field=Query._builtinContainer duration=51.37µs err="lookup builtin image manifest sha256:656a2d58259ab3861f78e1bced0371f00d75e10e6891cb9d71efbd807dde7d6a: content sha256:656a2d58259ab3861f78e1bced0371f00d75e10e6891cb9d71efbd807dde7d6a: not found"
2026/09/17 03:01:13 INFO discarding dagql cache without persistence hasSQLDB=false hasPersistDB=false
=== RUN   TestBuiltinMetadataConsumersStopOnFailure/rootfs
2026/09/17 03:01:13 INFO start lazy evaluation field=Query._builtinContainer
2026/09/17 03:01:13 INFO end lazy evaluation field=Query._builtinContainer duration=50.67µs err="lookup builtin image manifest sha256:656a2d58259ab3861f78e1bced0371f00d75e10e6891cb9d71efbd807dde7d6a: content sha256:656a2d58259ab3861f78e1bced0371f00d75e10e6891cb9d71efbd807dde7d6a: not found"
2026/09/17 03:01:13 INFO discarding dagql cache without persistence hasSQLDB=false hasPersistDB=false
=== RUN   TestBuiltinMetadataConsumersStopOnFailure/build
2026/09/17 03:01:13 INFO start lazy evaluation field=Query._builtinContainer
2026/09/17 03:01:13 INFO end lazy evaluation field=Query._builtinContainer duration=46.62µs err="lookup builtin image manifest sha256:656a2d58259ab3861f78e1bced0371f00d75e10e6891cb9d71efbd807dde7d6a: content sha256:656a2d58259ab3861f78e1bced0371f00d75e10e6891cb9d71efbd807dde7d6a: not found"
2026/09/17 03:01:13 INFO discarding dagql cache without persistence hasSQLDB=false hasPersistDB=false
=== RUN   TestBuiltinMetadataConsumersStopOnFailure/withSymlink
2026/09/17 03:01:13 INFO start lazy evaluation field=Query._builtinContainer
2026/09/17 03:01:13 INFO end lazy evaluation field=Query._builtinContainer duration=46.97µs err="lookup builtin image manifest sha256:656a2d58259ab3861f78e1bced0371f00d75e10e6891cb9d71efbd807dde7d6a: content sha256:656a2d58259ab3861f78e1bced0371f00d75e10e6891cb9d71efbd807dde7d6a: not found"
2026/09/17 03:01:13 INFO discarding dagql cache without persistence hasSQLDB=false hasPersistDB=false
=== RUN   TestBuiltinMetadataConsumersStopOnFailure/withWorkdir
2026/09/17 03:01:13 INFO start lazy evaluation field=Query._builtinContainer
2026/09/17 03:01:13 INFO end lazy evaluation field=Query._builtinContainer duration=59.36µs err="lookup builtin image manifest sha256:656a2d58259ab3861f78e1bced0371f00d75e10e6891cb9d71efbd807dde7d6a: content sha256:656a2d58259ab3861f78e1bced0371f00d75e10e6891cb9d71efbd807dde7d6a: not found"
2026/09/17 03:01:13 INFO discarding dagql cache without persistence hasSQLDB=false hasPersistDB=false
=== RUN   TestBuiltinMetadataConsumersStopOnFailure/withMountedDirectory
2026/09/17 03:01:13 INFO start lazy evaluation field=Query._builtinContainer
2026/09/17 03:01:13 INFO end lazy evaluation field=Query._builtinContainer duration=50.86µs err="lookup builtin image manifest sha256:656a2d58259ab3861f78e1bced0371f00d75e10e6891cb9d71efbd807dde7d6a: content sha256:656a2d58259ab3861f78e1bced0371f00d75e10e6891cb9d71efbd807dde7d6a: not found"
2026/09/17 03:01:13 INFO discarding dagql cache without persistence hasSQLDB=false hasPersistDB=false
=== RUN   TestBuiltinMetadataConsumersStopOnFailure/withMountedFile
2026/09/17 03:01:13 INFO start lazy evaluation field=Query._builtinContainer
2026/09/17 03:01:13 INFO end lazy evaluation field=Query._builtinContainer duration=30.39µs err="lookup builtin image manifest sha256:656a2d58259ab3861f78e1bced0371f00d75e10e6891cb9d71efbd807dde7d6a: content sha256:656a2d58259ab3861f78e1bced0371f00d75e10e6891cb9d71efbd807dde7d6a: not found"
2026/09/17 03:01:13 INFO discarding dagql cache without persistence hasSQLDB=false hasPersistDB=false
=== RUN   TestBuiltinMetadataConsumersStopOnFailure/withMountedCache
2026/09/17 03:01:13 INFO start lazy evaluation field=Query._builtinContainer
2026/09/17 03:01:13 INFO end lazy evaluation field=Query._builtinContainer duration=33.78µs err="lookup builtin image manifest sha256:656a2d58259ab3861f78e1bced0371f00d75e10e6891cb9d71efbd807dde7d6a: content sha256:656a2d58259ab3861f78e1bced0371f00d75e10e6891cb9d71efbd807dde7d6a: not found"
2026/09/17 03:01:13 INFO discarding dagql cache without persistence hasSQLDB=false hasPersistDB=false
=== RUN   TestBuiltinMetadataConsumersStopOnFailure/withMountedVolume
2026/09/17 03:01:13 INFO start lazy evaluation field=Query._builtinContainer
2026/09/17 03:01:13 INFO end lazy evaluation field=Query._builtinContainer duration=29.28µs err="lookup builtin image manifest sha256:656a2d58259ab3861f78e1bced0371f00d75e10e6891cb9d71efbd807dde7d6a: content sha256:656a2d58259ab3861f78e1bced0371f00d75e10e6891cb9d71efbd807dde7d6a: not found"
2026/09/17 03:01:13 INFO discarding dagql cache without persistence hasSQLDB=false hasPersistDB=false
=== RUN   TestBuiltinMetadataConsumersStopOnFailure/withMountedTemp
2026/09/17 03:01:13 INFO start lazy evaluation field=Query._builtinContainer
2026/09/17 03:01:13 INFO end lazy evaluation field=Query._builtinContainer duration=33.98µs err="lookup builtin image manifest sha256:656a2d58259ab3861f78e1bced0371f00d75e10e6891cb9d71efbd807dde7d6a: content sha256:656a2d58259ab3861f78e1bced0371f00d75e10e6891cb9d71efbd807dde7d6a: not found"
2026/09/17 03:01:13 INFO discarding dagql cache without persistence hasSQLDB=false hasPersistDB=false
=== RUN   TestBuiltinMetadataConsumersStopOnFailure/withoutMount
2026/09/17 03:01:13 INFO start lazy evaluation field=Query._builtinContainer
2026/09/17 03:01:13 INFO end lazy evaluation field=Query._builtinContainer duration=30.939µs err="lookup builtin image manifest sha256:656a2d58259ab3861f78e1bced0371f00d75e10e6891cb9d71efbd807dde7d6a: content sha256:656a2d58259ab3861f78e1bced0371f00d75e10e6891cb9d71efbd807dde7d6a: not found"
2026/09/17 03:01:13 INFO discarding dagql cache without persistence hasSQLDB=false hasPersistDB=false
=== RUN   TestBuiltinMetadataConsumersStopOnFailure/directory
2026/09/17 03:01:13 INFO start lazy evaluation field=Query._builtinContainer
2026/09/17 03:01:13 INFO end lazy evaluation field=Query._builtinContainer duration=31.86µs err="lookup builtin image manifest sha256:656a2d58259ab3861f78e1bced0371f00d75e10e6891cb9d71efbd807dde7d6a: content sha256:656a2d58259ab3861f78e1bced0371f00d75e10e6891cb9d71efbd807dde7d6a: not found"
2026/09/17 03:01:13 INFO discarding dagql cache without persistence hasSQLDB=false hasPersistDB=false
=== RUN   TestBuiltinMetadataConsumersStopOnFailure/file
2026/09/17 03:01:13 INFO start lazy evaluation field=Query._builtinContainer
2026/09/17 03:01:13 INFO end lazy evaluation field=Query._builtinContainer duration=35.63µs err="lookup builtin image manifest sha256:656a2d58259ab3861f78e1bced0371f00d75e10e6891cb9d71efbd807dde7d6a: content sha256:656a2d58259ab3861f78e1bced0371f00d75e10e6891cb9d71efbd807dde7d6a: not found"
2026/09/17 03:01:13 INFO discarding dagql cache without persistence hasSQLDB=false hasPersistDB=false
=== RUN   TestBuiltinMetadataConsumersStopOnFailure/withMountedSecret
2026/09/17 03:01:13 INFO start lazy evaluation field=Query._builtinContainer
2026/09/17 03:01:13 INFO end lazy evaluation field=Query._builtinContainer duration=49.14µs err="lookup builtin image manifest sha256:656a2d58259ab3861f78e1bced0371f00d75e10e6891cb9d71efbd807dde7d6a: content sha256:656a2d58259ab3861f78e1bced0371f00d75e10e6891cb9d71efbd807dde7d6a: not found"
2026/09/17 03:01:13 INFO discarding dagql cache without persistence hasSQLDB=false hasPersistDB=false
=== RUN   TestBuiltinMetadataConsumersStopOnFailure/withUnixSocket
2026/09/17 03:01:13 INFO start lazy evaluation field=Query._builtinContainer
2026/09/17 03:01:13 INFO end lazy evaluation field=Query._builtinContainer duration=33.22µs err="lookup builtin image manifest sha256:656a2d58259ab3861f78e1bced0371f00d75e10e6891cb9d71efbd807dde7d6a: content sha256:656a2d58259ab3861f78e1bced0371f00d75e10e6891cb9d71efbd807dde7d6a: not found"
2026/09/17 03:01:13 INFO discarding dagql cache without persistence hasSQLDB=false hasPersistDB=false
=== RUN   TestBuiltinMetadataConsumersStopOnFailure/withoutUnixSocket
2026/09/17 03:01:13 INFO start lazy evaluation field=Query._builtinContainer
2026/09/17 03:01:13 INFO end lazy evaluation field=Query._builtinContainer duration=33.31µs err="lookup builtin image manifest sha256:656a2d58259ab3861f78e1bced0371f00d75e10e6891cb9d71efbd807dde7d6a: content sha256:656a2d58259ab3861f78e1bced0371f00d75e10e6891cb9d71efbd807dde7d6a: not found"
2026/09/17 03:01:13 INFO discarding dagql cache without persistence hasSQLDB=false hasPersistDB=false
=== RUN   TestBuiltinMetadataConsumersStopOnFailure/withDirectory
2026/09/17 03:01:13 INFO start lazy evaluation field=Query._builtinContainer
2026/09/17 03:01:13 INFO end lazy evaluation field=Query._builtinContainer duration=37.32µs err="lookup builtin image manifest sha256:656a2d58259ab3861f78e1bced0371f00d75e10e6891cb9d71efbd807dde7d6a: content sha256:656a2d58259ab3861f78e1bced0371f00d75e10e6891cb9d71efbd807dde7d6a: not found"
2026/09/17 03:01:13 INFO discarding dagql cache without persistence hasSQLDB=false hasPersistDB=false
=== RUN   TestBuiltinMetadataConsumersStopOnFailure/withFile
2026/09/17 03:01:13 INFO start lazy evaluation field=Query._builtinContainer
2026/09/17 03:01:13 INFO end lazy evaluation field=Query._builtinContainer duration=34µs err="lookup builtin image manifest sha256:656a2d58259ab3861f78e1bced0371f00d75e10e6891cb9d71efbd807dde7d6a: content sha256:656a2d58259ab3861f78e1bced0371f00d75e10e6891cb9d71efbd807dde7d6a: not found"
2026/09/17 03:01:13 INFO discarding dagql cache without persistence hasSQLDB=false hasPersistDB=false
=== RUN   TestBuiltinMetadataConsumersStopOnFailure/withFiles
2026/09/17 03:01:13 INFO start lazy evaluation field=Query._builtinContainer
2026/09/17 03:01:13 INFO end lazy evaluation field=Query._builtinContainer duration=32.7µs err="lookup builtin image manifest sha256:656a2d58259ab3861f78e1bced0371f00d75e10e6891cb9d71efbd807dde7d6a: content sha256:656a2d58259ab3861f78e1bced0371f00d75e10e6891cb9d71efbd807dde7d6a: not found"
2026/09/17 03:01:13 INFO discarding dagql cache without persistence hasSQLDB=false hasPersistDB=false
=== RUN   TestBuiltinMetadataConsumersStopOnFailure/withoutDirectory
2026/09/17 03:01:13 INFO start lazy evaluation field=Query._builtinContainer
2026/09/17 03:01:13 INFO end lazy evaluation field=Query._builtinContainer duration=35.059µs err="lookup builtin image manifest sha256:656a2d58259ab3861f78e1bced0371f00d75e10e6891cb9d71efbd807dde7d6a: content sha256:656a2d58259ab3861f78e1bced0371f00d75e10e6891cb9d71efbd807dde7d6a: not found"
2026/09/17 03:01:13 INFO discarding dagql cache without persistence hasSQLDB=false hasPersistDB=false
=== RUN   TestBuiltinMetadataConsumersStopOnFailure/withoutFile
2026/09/17 03:01:13 INFO start lazy evaluation field=Query._builtinContainer
2026/09/17 03:01:13 INFO end lazy evaluation field=Query._builtinContainer duration=31.52µs err="lookup builtin image manifest sha256:656a2d58259ab3861f78e1bced0371f00d75e10e6891cb9d71efbd807dde7d6a: content sha256:656a2d58259ab3861f78e1bced0371f00d75e10e6891cb9d71efbd807dde7d6a: not found"
2026/09/17 03:01:13 INFO discarding dagql cache without persistence hasSQLDB=false hasPersistDB=false
=== RUN   TestBuiltinMetadataConsumersStopOnFailure/withoutFiles
2026/09/17 03:01:13 INFO start lazy evaluation field=Query._builtinContainer
2026/09/17 03:01:13 INFO end lazy evaluation field=Query._builtinContainer duration=33.49µs err="lookup builtin image manifest sha256:656a2d58259ab3861f78e1bced0371f00d75e10e6891cb9d71efbd807dde7d6a: content sha256:656a2d58259ab3861f78e1bced0371f00d75e10e6891cb9d71efbd807dde7d6a: not found"
2026/09/17 03:01:13 INFO discarding dagql cache without persistence hasSQLDB=false hasPersistDB=false
=== RUN   TestBuiltinMetadataConsumersStopOnFailure/withNewFile
2026/09/17 03:01:13 INFO start lazy evaluation field=Query._builtinContainer
2026/09/17 03:01:13 INFO end lazy evaluation field=Query._builtinContainer duration=38.99µs err="lookup builtin image manifest sha256:656a2d58259ab3861f78e1bced0371f00d75e10e6891cb9d71efbd807dde7d6a: content sha256:656a2d58259ab3861f78e1bced0371f00d75e10e6891cb9d71efbd807dde7d6a: not found"
2026/09/17 03:01:13 INFO discarding dagql cache without persistence hasSQLDB=false hasPersistDB=false
=== RUN   TestBuiltinMetadataConsumersStopOnFailure/withUser
2026/09/17 03:01:13 INFO start lazy evaluation field=Query._builtinContainer
2026/09/17 03:01:13 INFO end lazy evaluation field=Query._builtinContainer duration=27.74µs err="lookup builtin image manifest sha256:656a2d58259ab3861f78e1bced0371f00d75e10e6891cb9d71efbd807dde7d6a: content sha256:656a2d58259ab3861f78e1bced0371f00d75e10e6891cb9d71efbd807dde7d6a: not found"
2026/09/17 03:01:13 INFO discarding dagql cache without persistence hasSQLDB=false hasPersistDB=false
=== RUN   TestBuiltinMetadataConsumersStopOnFailure/withEnvVariable
2026/09/17 03:01:13 INFO start lazy evaluation field=Query._builtinContainer
2026/09/17 03:01:13 INFO end lazy evaluation field=Query._builtinContainer duration=43.99µs err="lookup builtin image manifest sha256:656a2d58259ab3861f78e1bced0371f00d75e10e6891cb9d71efbd807dde7d6a: content sha256:656a2d58259ab3861f78e1bced0371f00d75e10e6891cb9d71efbd807dde7d6a: not found"
2026/09/17 03:01:13 INFO discarding dagql cache without persistence hasSQLDB=false hasPersistDB=false
=== RUN   TestBuiltinMetadataConsumersStopOnFailure/withAnnotation
2026/09/17 03:01:13 INFO start lazy evaluation field=Query._builtinContainer
2026/09/17 03:01:13 INFO end lazy evaluation field=Query._builtinContainer duration=36.51µs err="lookup builtin image manifest sha256:656a2d58259ab3861f78e1bced0371f00d75e10e6891cb9d71efbd807dde7d6a: content sha256:656a2d58259ab3861f78e1bced0371f00d75e10e6891cb9d71efbd807dde7d6a: not found"
2026/09/17 03:01:13 INFO discarding dagql cache without persistence hasSQLDB=false hasPersistDB=false
=== RUN   TestBuiltinMetadataConsumersStopOnFailure/withLabel
2026/09/17 03:01:13 INFO start lazy evaluation field=Query._builtinContainer
2026/09/17 03:01:13 INFO end lazy evaluation field=Query._builtinContainer duration=34.97µs err="lookup builtin image manifest sha256:656a2d58259ab3861f78e1bced0371f00d75e10e6891cb9d71efbd807dde7d6a: content sha256:656a2d58259ab3861f78e1bced0371f00d75e10e6891cb9d71efbd807dde7d6a: not found"
2026/09/17 03:01:13 INFO discarding dagql cache without persistence hasSQLDB=false hasPersistDB=false
=== RUN   TestBuiltinMetadataConsumersStopOnFailure/withExec
2026/09/17 03:01:13 INFO start lazy evaluation field=Query._builtinContainer
2026/09/17 03:01:13 INFO end lazy evaluation field=Query._builtinContainer duration=33.01µs err="lookup builtin image manifest sha256:656a2d58259ab3861f78e1bced0371f00d75e10e6891cb9d71efbd807dde7d6a: content sha256:656a2d58259ab3861f78e1bced0371f00d75e10e6891cb9d71efbd807dde7d6a: not found"
2026/09/17 03:01:13 INFO discarding dagql cache without persistence hasSQLDB=false hasPersistDB=false
=== RUN   TestBuiltinMetadataConsumersStopOnFailure/user
2026/09/17 03:01:13 INFO start lazy evaluation field=Query._builtinContainer
2026/09/17 03:01:13 INFO end lazy evaluation field=Query._builtinContainer duration=33.01µs err="lookup builtin image manifest sha256:656a2d58259ab3861f78e1bced0371f00d75e10e6891cb9d71efbd807dde7d6a: content sha256:656a2d58259ab3861f78e1bced0371f00d75e10e6891cb9d71efbd807dde7d6a: not found"
2026/09/17 03:01:13 INFO discarding dagql cache without persistence hasSQLDB=false hasPersistDB=false
=== RUN   TestBuiltinMetadataConsumersStopOnFailure/platform
2026/09/17 03:01:13 INFO start lazy evaluation field=Query._builtinContainer
2026/09/17 03:01:13 INFO end lazy evaluation field=Query._builtinContainer duration=35.62µs err="lookup builtin image manifest sha256:656a2d58259ab3861f78e1bced0371f00d75e10e6891cb9d71efbd807dde7d6a: content sha256:656a2d58259ab3861f78e1bced0371f00d75e10e6891cb9d71efbd807dde7d6a: not found"
2026/09/17 03:01:13 INFO discarding dagql cache without persistence hasSQLDB=false hasPersistDB=false
=== RUN   TestBuiltinMetadataConsumersStopOnFailure/healthcheck
2026/09/17 03:01:13 INFO start lazy evaluation field=Query._builtinContainer
2026/09/17 03:01:13 INFO end lazy evaluation field=Query._builtinContainer duration=33.45µs err="lookup builtin image manifest sha256:656a2d58259ab3861f78e1bced0371f00d75e10e6891cb9d71efbd807dde7d6a: content sha256:656a2d58259ab3861f78e1bced0371f00d75e10e6891cb9d71efbd807dde7d6a: not found"
2026/09/17 03:01:13 INFO discarding dagql cache without persistence hasSQLDB=false hasPersistDB=false
=== RUN   TestBuiltinMetadataConsumersStopOnFailure/cache_dynamic_input
2026/09/17 03:01:13 INFO start lazy evaluation field=Query._builtinContainer
2026/09/17 03:01:13 INFO end lazy evaluation field=Query._builtinContainer duration=33.56µs err="lookup builtin image manifest sha256:656a2d58259ab3861f78e1bced0371f00d75e10e6891cb9d71efbd807dde7d6a: content sha256:656a2d58259ab3861f78e1bced0371f00d75e10e6891cb9d71efbd807dde7d6a: not found"
2026/09/17 03:01:13 INFO discarding dagql cache without persistence hasSQLDB=false hasPersistDB=false
--- PASS: TestBuiltinMetadataConsumersStopOnFailure (0.03s)
    --- PASS: TestBuiltinMetadataConsumersStopOnFailure/from (0.00s)
    --- PASS: TestBuiltinMetadataConsumersStopOnFailure/withRootfs (0.00s)
    --- PASS: TestBuiltinMetadataConsumersStopOnFailure/rootfs (0.00s)
    --- PASS: TestBuiltinMetadataConsumersStopOnFailure/build (0.00s)
    --- PASS: TestBuiltinMetadataConsumersStopOnFailure/withSymlink (0.00s)
    --- PASS: TestBuiltinMetadataConsumersStopOnFailure/withWorkdir (0.00s)
    --- PASS: TestBuiltinMetadataConsumersStopOnFailure/withMountedDirectory (0.00s)
    --- PASS: TestBuiltinMetadataConsumersStopOnFailure/withMountedFile (0.00s)
    --- PASS: TestBuiltinMetadataConsumersStopOnFailure/withMountedCache (0.00s)
    --- PASS: TestBuiltinMetadataConsumersStopOnFailure/withMountedVolume (0.00s)
    --- PASS: TestBuiltinMetadataConsumersStopOnFailure/withMountedTemp (0.00s)
    --- PASS: TestBuiltinMetadataConsumersStopOnFailure/withoutMount (0.00s)
    --- PASS: TestBuiltinMetadataConsumersStopOnFailure/directory (0.00s)
    --- PASS: TestBuiltinMetadataConsumersStopOnFailure/file (0.00s)
    --- PASS: TestBuiltinMetadataConsumersStopOnFailure/withMountedSecret (0.00s)
    --- PASS: TestBuiltinMetadataConsumersStopOnFailure/withUnixSocket (0.00s)
    --- PASS: TestBuiltinMetadataConsumersStopOnFailure/withoutUnixSocket (0.00s)
    --- PASS: TestBuiltinMetadataConsumersStopOnFailure/withDirectory (0.00s)
    --- PASS: TestBuiltinMetadataConsumersStopOnFailure/withFile (0.00s)
    --- PASS: TestBuiltinMetadataConsumersStopOnFailure/withFiles (0.00s)
    --- PASS: TestBuiltinMetadataConsumersStopOnFailure/withoutDirectory (0.00s)
    --- PASS: TestBuiltinMetadataConsumersStopOnFailure/withoutFile (0.00s)
    --- PASS: TestBuiltinMetadataConsumersStopOnFailure/withoutFiles (0.00s)
    --- PASS: TestBuiltinMetadataConsumersStopOnFailure/withNewFile (0.00s)
    --- PASS: TestBuiltinMetadataConsumersStopOnFailure/withUser (0.00s)
    --- PASS: TestBuiltinMetadataConsumersStopOnFailure/withEnvVariable (0.00s)
    --- PASS: TestBuiltinMetadataConsumersStopOnFailure/withAnnotation (0.00s)
    --- PASS: TestBuiltinMetadataConsumersStopOnFailure/withLabel (0.00s)
    --- PASS: TestBuiltinMetadataConsumersStopOnFailure/withExec (0.00s)
    --- PASS: TestBuiltinMetadataConsumersStopOnFailure/user (0.00s)
    --- PASS: TestBuiltinMetadataConsumersStopOnFailure/platform (0.00s)
    --- PASS: TestBuiltinMetadataConsumersStopOnFailure/healthcheck (0.00s)
    --- PASS: TestBuiltinMetadataConsumersStopOnFailure/cache_dynamic_input (0.00s)
=== RUN   TestBuiltinLegacyServiceMetadata
=== RUN   TestBuiltinLegacyServiceMetadata/default_command
2026/09/17 03:01:14 INFO start lazy evaluation field=Query._builtinContainer
2026/09/17 03:01:14 INFO end lazy evaluation field=Query._builtinContainer duration=758.269µs
2026/09/17 03:01:14 INFO discarding dagql cache without persistence hasSQLDB=false hasPersistDB=false
=== RUN   TestBuiltinLegacyServiceMetadata/saved_exec_expansion
2026/09/17 03:01:14 INFO start lazy evaluation field=Query._builtinContainer
2026/09/17 03:01:14 INFO end lazy evaluation field=Query._builtinContainer duration=308.079µs
2026/09/17 03:01:14 INFO discarding dagql cache without persistence hasSQLDB=false hasPersistDB=false
--- PASS: TestBuiltinLegacyServiceMetadata (0.05s)
    --- PASS: TestBuiltinLegacyServiceMetadata/default_command (0.03s)
    --- PASS: TestBuiltinLegacyServiceMetadata/saved_exec_expansion (0.03s)
=== RUN   TestBuiltinCacheOwnerDynamicInput
2026/09/17 03:01:14 INFO start lazy evaluation field=Query._builtinContainer
2026/09/17 03:01:14 INFO end lazy evaluation field=Query._builtinContainer duration=399.33µs
2026/09/17 03:01:14 INFO discarding dagql cache without persistence hasSQLDB=false hasPersistDB=false
--- PASS: TestBuiltinCacheOwnerDynamicInput (0.02s)
=== RUN   TestMountConstructorsOwnNoRefs
=== RUN   TestMountConstructorsOwnNoRefs/file=false/parentFirst=false
2026/09/17 03:01:14 INFO start lazy group evaluation field=Container.withMountedDirectory group=metadata
2026/09/17 03:01:14 INFO end lazy group evaluation field=Container.withMountedDirectory group=metadata duration=17.27µs
2026/09/17 03:01:14 INFO start lazy group evaluation field=Container.withMountedDirectory group=fs
2026/09/17 03:01:14 INFO end lazy group evaluation field=Container.withMountedDirectory group=fs duration=3.75µs
2026/09/17 03:01:14 INFO start lazy group evaluation field=Container.withMountedDirectory group=execMeta
2026/09/17 03:01:14 INFO end lazy group evaluation field=Container.withMountedDirectory group=execMeta duration=3.36µs
2026/09/17 03:01:14 INFO start lazy group evaluation field=Container.withMountedDirectory group=mount:/kept
2026/09/17 03:01:14 INFO end lazy group evaluation field=Container.withMountedDirectory group=mount:/kept duration=2.6µs
2026/09/17 03:01:14 INFO start lazy group evaluation field=Container.withMountedDirectory group=write
2026/09/17 03:01:14 INFO end lazy group evaluation field=Container.withMountedDirectory group=write duration=3.32µs
2026/09/17 03:01:14 INFO discarding dagql cache without persistence hasSQLDB=false hasPersistDB=false
=== RUN   TestMountConstructorsOwnNoRefs/file=false/parentFirst=true
2026/09/17 03:01:14 INFO start lazy group evaluation field=Container.withMountedDirectory group=metadata
2026/09/17 03:01:14 INFO end lazy group evaluation field=Container.withMountedDirectory group=metadata duration=11.53µs
2026/09/17 03:01:14 INFO start lazy group evaluation field=Container.withMountedDirectory group=fs
2026/09/17 03:01:14 INFO end lazy group evaluation field=Container.withMountedDirectory group=fs duration=3µs
2026/09/17 03:01:14 INFO start lazy group evaluation field=Container.withMountedDirectory group=execMeta
2026/09/17 03:01:14 INFO end lazy group evaluation field=Container.withMountedDirectory group=execMeta duration=2.18µs
2026/09/17 03:01:14 INFO start lazy group evaluation field=Container.withMountedDirectory group=mount:/kept
2026/09/17 03:01:14 INFO end lazy group evaluation field=Container.withMountedDirectory group=mount:/kept duration=2.71µs
2026/09/17 03:01:14 INFO start lazy group evaluation field=Container.withMountedDirectory group=write
2026/09/17 03:01:14 INFO end lazy group evaluation field=Container.withMountedDirectory group=write duration=3.36µs
2026/09/17 03:01:14 INFO discarding dagql cache without persistence hasSQLDB=false hasPersistDB=false
=== RUN   TestMountConstructorsOwnNoRefs/file=true/parentFirst=false
2026/09/17 03:01:14 INFO start lazy group evaluation field=Container.withMountedFile group=metadata
2026/09/17 03:01:14 INFO end lazy group evaluation field=Container.withMountedFile group=metadata duration=11.91µs
2026/09/17 03:01:14 INFO start lazy group evaluation field=Container.withMountedFile group=fs
2026/09/17 03:01:14 INFO end lazy group evaluation field=Container.withMountedFile group=fs duration=4.41µs
2026/09/17 03:01:14 INFO start lazy group evaluation field=Container.withMountedFile group=execMeta
2026/09/17 03:01:14 INFO end lazy group evaluation field=Container.withMountedFile group=execMeta duration=2.31µs
2026/09/17 03:01:14 INFO start lazy group evaluation field=Container.withMountedFile group=mount:/kept
2026/09/17 03:01:14 INFO end lazy group evaluation field=Container.withMountedFile group=mount:/kept duration=2.59µs
2026/09/17 03:01:14 INFO start lazy group evaluation field=Container.withMountedFile group=write
2026/09/17 03:01:14 INFO end lazy group evaluation field=Container.withMountedFile group=write duration=2.99µs
2026/09/17 03:01:14 INFO discarding dagql cache without persistence hasSQLDB=false hasPersistDB=false
=== RUN   TestMountConstructorsOwnNoRefs/file=true/parentFirst=true
2026/09/17 03:01:14 INFO start lazy group evaluation field=Container.withMountedFile group=metadata
2026/09/17 03:01:14 INFO end lazy group evaluation field=Container.withMountedFile group=metadata duration=10.67µs
2026/09/17 03:01:14 INFO start lazy group evaluation field=Container.withMountedFile group=fs
2026/09/17 03:01:14 INFO end lazy group evaluation field=Container.withMountedFile group=fs duration=2.98µs
2026/09/17 03:01:14 INFO start lazy group evaluation field=Container.withMountedFile group=execMeta
2026/09/17 03:01:14 INFO end lazy group evaluation field=Container.withMountedFile group=execMeta duration=2.36µs
2026/09/17 03:01:14 INFO start lazy group evaluation field=Container.withMountedFile group=mount:/kept
2026/09/17 03:01:14 INFO end lazy group evaluation field=Container.withMountedFile group=mount:/kept duration=6.53µs
2026/09/17 03:01:14 INFO start lazy group evaluation field=Container.withMountedFile group=write
2026/09/17 03:01:14 INFO end lazy group evaluation field=Container.withMountedFile group=write duration=12.32µs
2026/09/17 03:01:14 INFO discarding dagql cache without persistence hasSQLDB=false hasPersistDB=false
--- PASS: TestMountConstructorsOwnNoRefs (0.00s)
    --- PASS: TestMountConstructorsOwnNoRefs/file=false/parentFirst=false (0.00s)
    --- PASS: TestMountConstructorsOwnNoRefs/file=false/parentFirst=true (0.00s)
    --- PASS: TestMountConstructorsOwnNoRefs/file=true/parentFirst=false (0.00s)
    --- PASS: TestMountConstructorsOwnNoRefs/file=true/parentFirst=true (0.00s)
=== RUN   TestMountConstructionLeavesParentBytesPending
2026/09/17 03:01:14 INFO start lazy group evaluation field=test.containerImagePartsConcurrency group=metadata
2026/09/17 03:01:14 INFO end lazy group evaluation field=test.containerImagePartsConcurrency group=metadata duration=18.62µs
2026/09/17 03:01:14 INFO discarding dagql cache without persistence hasSQLDB=false hasPersistDB=false
--- PASS: TestMountConstructionLeavesParentBytesPending (0.00s)
=== RUN   TestContainerTransferPendingChild
2026/09/17 03:01:14 INFO start call field=Query.loadContainerFromID digest=xxh3:c055544e125af8eb
2026/09/17 03:01:14 INFO end call field=Query.loadContainerFromID cached=false digest=xxh3:c055544e125af8eb
2026/09/17 03:01:14 INFO start call field=Container.withEnvVariable digest=xxh3:facae2ef58910071
2026/09/17 03:01:14 INFO end call field=Container.withEnvVariable cached=false digest=xxh3:facae2ef58910071
2026/09/17 03:01:14 INFO start call field=Container.envVariable digest=xxh3:3ccb372165564256
2026/09/17 03:01:14 INFO start lazy group evaluation field=Container.withEnvVariable group=metadata
2026/09/17 03:01:14 INFO end lazy group evaluation field=Container.withEnvVariable group=metadata duration=105.71µs
2026/09/17 03:01:14 INFO start lazy group evaluation field=Container.withEnvVariable group=execMeta
2026/09/17 03:01:14 INFO start call field=Container.workdir digest=xxh3:5cd9839dec976b6b
2026/09/17 03:01:14 INFO end lazy group evaluation field=Container.withEnvVariable group=execMeta duration=114.769µs
2026/09/17 03:01:14 INFO end call field=Container.workdir cached=false digest=xxh3:5cd9839dec976b6b
2026/09/17 03:01:14 INFO end call field=Container.envVariable cached=false digest=xxh3:3ccb372165564256
2026/09/17 03:01:14 INFO start call field=Query.loadContainerFromID digest=xxh3:c055544e125af8eb
2026/09/17 03:01:14 INFO end call field=Query.loadContainerFromID cached=true digest=xxh3:c055544e125af8eb
2026/09/17 03:01:14 INFO start call field=Container.withEnvVariable digest=xxh3:facae2ef58910071
2026/09/17 03:01:14 INFO end call field=Container.withEnvVariable cached=true digest=xxh3:facae2ef58910071
2026/09/17 03:01:14 INFO start call field=Container.rootfs digest=xxh3:3b879439deabaa29
2026/09/17 03:01:14 INFO end call field=Container.rootfs cached=false digest=xxh3:3b879439deabaa29
2026/09/17 03:01:14 INFO start call field=Directory.entries digest=xxh3:7c070de203f4e5ec
2026/09/17 03:01:14 INFO start lazy evaluation field=Container.rootfs
2026/09/17 03:01:14 INFO start lazy group evaluation field=Container.withEnvVariable group=fs
2026/09/17 03:01:14 INFO end lazy group evaluation field=Container.withEnvVariable group=fs duration=179.1µs err="imported filesystem part is unavailable: {\"part\":\"fs\"}"
2026/09/17 03:01:14 INFO end lazy evaluation field=Container.rootfs duration=227.349µs err="imported filesystem part is unavailable: {\"part\":\"fs\"}"
2026/09/17 03:01:14 INFO end call field=Directory.entries cached=false digest=xxh3:7c070de203f4e5ec
2026/09/17 03:01:14 INFO discarding dagql cache without persistence hasSQLDB=true hasPersistDB=true
--- PASS: TestContainerTransferPendingChild (0.35s)
=== RUN   TestScratchDirectoryLazyOperation
    directory_scratch_test.go:151: real native snapshot transfer requires read-only bind mount privileges: mount source: "/tmp/TestScratchDirectoryLazyOperation1067261430/001", target: "/tmp/snapshot-transfer-mount2081470529", fstype: bind, flags: 20481, data: "", err: operation not permitted
--- SKIP: TestScratchDirectoryLazyOperation (0.00s)
=== RUN   TestScratchDirectoryAcquisition
=== RUN   TestScratchDirectoryAcquisition/cold
    directory_scratch_test.go:236: real native snapshot transfer requires read-only bind mount privileges: mount source: "/tmp/TestScratchDirectoryAcquisitioncold3596408074/001", target: "/tmp/snapshot-transfer-mount1971153908", fstype: bind, flags: 20481, data: "", err: operation not permitted
=== RUN   TestScratchDirectoryAcquisition/canonical-only
    directory_scratch_test.go:236: real native snapshot transfer requires read-only bind mount privileges: mount source: "/tmp/TestScratchDirectoryAcquisitioncanonical-only1886485796/001", target: "/tmp/snapshot-transfer-mount2632395059", fstype: bind, flags: 20481, data: "", err: operation not permitted
=== RUN   TestScratchDirectoryAcquisition/warm
    directory_scratch_test.go:236: real native snapshot transfer requires read-only bind mount privileges: mount source: "/tmp/TestScratchDirectoryAcquisitionwarm3638724633/001", target: "/tmp/snapshot-transfer-mount4082533239", fstype: bind, flags: 20481, data: "", err: operation not permitted
=== RUN   TestScratchDirectoryAcquisition/pending-restart
    directory_scratch_test.go:236: real native snapshot transfer requires read-only bind mount privileges: mount source: "/tmp/TestScratchDirectoryAcquisitionpending-restart3359893090/001", target: "/tmp/snapshot-transfer-mount1093742264", fstype: bind, flags: 20481, data: "", err: operation not permitted
=== RUN   TestScratchDirectoryAcquisition/manager-failure
    directory_scratch_test.go:236: real native snapshot transfer requires read-only bind mount privileges: mount source: "/tmp/TestScratchDirectoryAcquisitionmanager-failure459057359/001", target: "/tmp/snapshot-transfer-mount101791034", fstype: bind, flags: 20481, data: "", err: operation not permitted
=== RUN   TestScratchDirectoryAcquisition/manager-canceled
    directory_scratch_test.go:236: real native snapshot transfer requires read-only bind mount privileges: mount source: "/tmp/TestScratchDirectoryAcquisitionmanager-canceled1090486760/001", target: "/tmp/snapshot-transfer-mount483680689", fstype: bind, flags: 20481, data: "", err: operation not permitted
=== RUN   TestScratchDirectoryAcquisition/prepare-failure
    directory_scratch_test.go:236: real native snapshot transfer requires read-only bind mount privileges: mount source: "/tmp/TestScratchDirectoryAcquisitionprepare-failure2362575139/001", target: "/tmp/snapshot-transfer-mount1624758442", fstype: bind, flags: 20481, data: "", err: operation not permitted
=== RUN   TestScratchDirectoryAcquisition/sync-retry
    directory_scratch_test.go:236: real native snapshot transfer requires read-only bind mount privileges: mount source: "/tmp/TestScratchDirectoryAcquisitionsync-retry3322664982/001", target: "/tmp/snapshot-transfer-mount1506114694", fstype: bind, flags: 20481, data: "", err: operation not permitted
--- PASS: TestScratchDirectoryAcquisition (0.00s)
    --- SKIP: TestScratchDirectoryAcquisition/cold (0.00s)
    --- SKIP: TestScratchDirectoryAcquisition/canonical-only (0.00s)
    --- SKIP: TestScratchDirectoryAcquisition/warm (0.00s)
    --- SKIP: TestScratchDirectoryAcquisition/pending-restart (0.00s)
    --- SKIP: TestScratchDirectoryAcquisition/manager-failure (0.00s)
    --- SKIP: TestScratchDirectoryAcquisition/manager-canceled (0.00s)
    --- SKIP: TestScratchDirectoryAcquisition/prepare-failure (0.00s)
    --- SKIP: TestScratchDirectoryAcquisition/sync-retry (0.00s)
=== RUN   TestScratchDirectoryNativeReopen
=== RUN   TestScratchDirectoryNativeReopen/pending
    directory_scratch_test.go:410: real native snapshot transfer requires read-only bind mount privileges: mount source: "/tmp/TestScratchDirectoryNativeReopenpending3491832360/001", target: "/tmp/snapshot-transfer-mount519367611", fstype: bind, flags: 20481, data: "", err: operation not permitted
=== RUN   TestScratchDirectoryNativeReopen/evaluated
    directory_scratch_test.go:410: real native snapshot transfer requires read-only bind mount privileges: mount source: "/tmp/TestScratchDirectoryNativeReopenevaluated299571485/001", target: "/tmp/snapshot-transfer-mount372187880", fstype: bind, flags: 20481, data: "", err: operation not permitted
--- PASS: TestScratchDirectoryNativeReopen (0.00s)
    --- SKIP: TestScratchDirectoryNativeReopen/pending (0.00s)
    --- SKIP: TestScratchDirectoryNativeReopen/evaluated (0.00s)
=== RUN   TestForeignModuleContextReaders
--- PASS: TestForeignModuleContextReaders (0.00s)
=== RUN   TestForeignLocalItemRemoval
--- PASS: TestForeignLocalItemRemoval (0.00s)
=== RUN   TestForeignWithSourceSubpathWorkspace
2026/09/17 03:01:14 INFO discarding dagql cache without persistence hasSQLDB=true hasPersistDB=true
--- PASS: TestForeignWithSourceSubpathWorkspace (0.01s)
=== RUN   TestGitResolvedFrames
=== RUN   TestGitResolvedFrames/head
    git_lazy_test.go:70: Git head selection: retained rows before=2 after=3 delta=1
    git_lazy_test.go:92: Git head tree: retained row delta=1
2026/09/17 03:01:14 INFO discarding dagql cache without persistence hasSQLDB=false hasPersistDB=false
=== RUN   TestGitResolvedFrames/detached
    git_lazy_test.go:70: Git detached selection: retained rows before=2 after=3 delta=1
    git_lazy_test.go:92: Git detached tree: retained row delta=1
2026/09/17 03:01:14 INFO discarding dagql cache without persistence hasSQLDB=false hasPersistDB=false
=== RUN   TestGitResolvedFrames/branch
    git_lazy_test.go:70: Git branch selection: retained rows before=2 after=3 delta=1
    git_lazy_test.go:92: Git branch tree: retained row delta=1
2026/09/17 03:01:14 INFO discarding dagql cache without persistence hasSQLDB=false hasPersistDB=false
=== RUN   TestGitResolvedFrames/tag
    git_lazy_test.go:70: Git tag selection: retained rows before=2 after=3 delta=1
    git_lazy_test.go:92: Git tag tree: retained row delta=1
2026/09/17 03:01:14 INFO discarding dagql cache without persistence hasSQLDB=false hasPersistDB=false
=== RUN   TestGitResolvedFrames/ref
    git_lazy_test.go:70: Git ref selection: retained rows before=2 after=3 delta=1
    git_lazy_test.go:92: Git ref tree: retained row delta=1
2026/09/17 03:01:14 INFO discarding dagql cache without persistence hasSQLDB=false hasPersistDB=false
=== RUN   TestGitResolvedFrames/legacy
    git_lazy_test.go:70: Git legacy selection: retained rows before=2 after=3 delta=1
    git_lazy_test.go:92: Git legacy tree: retained row delta=1
2026/09/17 03:01:14 INFO discarding dagql cache without persistence hasSQLDB=false hasPersistDB=false
=== RUN   TestGitResolvedFrames/latest
    git_lazy_test.go:70: Git latest selection: retained rows before=2 after=3 delta=1
    git_lazy_test.go:92: Git latest tree: retained row delta=1
2026/09/17 03:01:14 INFO discarding dagql cache without persistence hasSQLDB=false hasPersistDB=false
=== RUN   TestGitResolvedFrames/override
    git_lazy_test.go:70: Git override selection: retained rows before=2 after=3 delta=1
    git_lazy_test.go:92: Git override tree: retained row delta=1
2026/09/17 03:01:14 INFO discarding dagql cache without persistence hasSQLDB=false hasPersistDB=false
=== RUN   TestGitResolvedFrames/fixed
    git_lazy_test.go:70: Git fixed selection: retained rows before=2 after=3 delta=1
    git_lazy_test.go:92: Git fixed tree: retained row delta=1
2026/09/17 03:01:14 INFO discarding dagql cache without persistence hasSQLDB=false hasPersistDB=false
=== RUN   TestGitResolvedFrames/internal
    git_lazy_test.go:70: Git internal selection: retained rows before=2 after=3 delta=1
    git_lazy_test.go:92: Git internal tree: retained row delta=1
2026/09/17 03:01:14 INFO discarding dagql cache without persistence hasSQLDB=false hasPersistDB=false
--- PASS: TestGitResolvedFrames (0.00s)
    --- PASS: TestGitResolvedFrames/head (0.00s)
    --- PASS: TestGitResolvedFrames/detached (0.00s)
    --- PASS: TestGitResolvedFrames/branch (0.00s)
    --- PASS: TestGitResolvedFrames/tag (0.00s)
    --- PASS: TestGitResolvedFrames/ref (0.00s)
    --- PASS: TestGitResolvedFrames/legacy (0.00s)
    --- PASS: TestGitResolvedFrames/latest (0.00s)
    --- PASS: TestGitResolvedFrames/override (0.00s)
    --- PASS: TestGitResolvedFrames/fixed (0.00s)
    --- PASS: TestGitResolvedFrames/internal (0.00s)
=== RUN   TestGitFixedCommitAndLockFrames
=== RUN   TestGitFixedCommitAndLockFrames/commit
2026/09/17 03:01:14 INFO discarding dagql cache without persistence hasSQLDB=false hasPersistDB=false
=== RUN   TestGitFixedCommitAndLockFrames/ref
2026/09/17 03:01:14 INFO discarding dagql cache without persistence hasSQLDB=false hasPersistDB=false
=== RUN   TestGitFixedCommitAndLockFrames/locked_branch
2026/09/17 03:01:14 INFO discarding dagql cache without persistence hasSQLDB=false hasPersistDB=false
--- PASS: TestGitFixedCommitAndLockFrames (0.00s)
    --- PASS: TestGitFixedCommitAndLockFrames/commit (0.00s)
    --- PASS: TestGitFixedCommitAndLockFrames/ref (0.00s)
    --- PASS: TestGitFixedCommitAndLockFrames/locked_branch (0.00s)
=== RUN   TestRemotePeeledTagRefs
--- PASS: TestRemotePeeledTagRefs (0.00s)
=== RUN   TestLocalPeeledTagRefs
--- PASS: TestLocalPeeledTagRefs (0.02s)
=== RUN   TestReconcileGitTagRefs
--- PASS: TestReconcileGitTagRefs (0.00s)
=== RUN   TestSemverReleaseTags
--- PASS: TestSemverReleaseTags (0.00s)
=== RUN   TestWorkspaceLockExcludePattern
=== PAUSE TestWorkspaceLockExcludePattern
=== RUN   TestHTTPResolvedCall
    http_lazy_test.go:24: real native snapshot transfer requires read-only bind mount privileges: mount source: "/tmp/TestHTTPResolvedCall1895878750/001", target: "/tmp/snapshot-transfer-mount243693504", fstype: bind, flags: 20481, data: "", err: operation not permitted
--- SKIP: TestHTTPResolvedCall (0.00s)
=== RUN   TestHTTPPendingInternalHits
=== RUN   TestHTTPPendingInternalHits/absent
    http_lazy_test.go:103: real native snapshot transfer requires read-only bind mount privileges: mount source: "/tmp/TestHTTPPendingInternalHitsabsent1847967075/001", target: "/tmp/snapshot-transfer-mount633894431", fstype: bind, flags: 20481, data: "", err: operation not permitted
=== RUN   TestHTTPPendingInternalHits/advanced
    http_lazy_test.go:103: real native snapshot transfer requires read-only bind mount privileges: mount source: "/tmp/TestHTTPPendingInternalHitsadvanced1540035376/001", target: "/tmp/snapshot-transfer-mount255529341", fstype: bind, flags: 20481, data: "", err: operation not permitted
=== RUN   TestHTTPPendingInternalHits/changed-body
    http_lazy_test.go:103: real native snapshot transfer requires read-only bind mount privileges: mount source: "/tmp/TestHTTPPendingInternalHitschanged-body3509482567/001", target: "/tmp/snapshot-transfer-mount1603051693", fstype: bind, flags: 20481, data: "", err: operation not permitted
--- PASS: TestHTTPPendingInternalHits (0.00s)
    --- SKIP: TestHTTPPendingInternalHits/absent (0.00s)
    --- SKIP: TestHTTPPendingInternalHits/advanced (0.00s)
    --- SKIP: TestHTTPPendingInternalHits/changed-body (0.00s)
=== RUN   TestParseChecksumArg
=== RUN   TestParseChecksumArg/nil
=== RUN   TestParseChecksumArg/empty
=== RUN   TestParseChecksumArg/valid
=== RUN   TestParseChecksumArg/invalid
--- PASS: TestParseChecksumArg (0.00s)
    --- PASS: TestParseChecksumArg/nil (0.00s)
    --- PASS: TestParseChecksumArg/empty (0.00s)
    --- PASS: TestParseChecksumArg/valid (0.00s)
    --- PASS: TestParseChecksumArg/invalid (0.00s)
=== RUN   TestLazyOperationResolverCleanup
=== RUN   TestLazyOperationResolverCleanup/ref_wrapping
=== RUN   TestLazyOperationResolverCleanup/ref_digest
=== RUN   TestLazyOperationResolverCleanup/commit_wrapping
2026/09/17 03:01:14 INFO discarding dagql cache without persistence hasSQLDB=false hasPersistDB=false
--- PASS: TestLazyOperationResolverCleanup (0.00s)
    --- PASS: TestLazyOperationResolverCleanup/ref_wrapping (0.00s)
    --- PASS: TestLazyOperationResolverCleanup/ref_digest (0.00s)
    --- PASS: TestLazyOperationResolverCleanup/commit_wrapping (0.00s)
=== RUN   TestLazyOperationResolverOutputCleanup
=== RUN   TestLazyOperationResolverOutputCleanup/scratch_wrapping
2026/09/17 03:01:14 INFO discarding dagql cache without persistence hasSQLDB=false hasPersistDB=false
=== RUN   TestLazyOperationResolverOutputCleanup/http_state_sync
2026/09/17 03:01:14 INFO discarding dagql cache without persistence hasSQLDB=false hasPersistDB=false
=== RUN   TestLazyOperationResolverOutputCleanup/schema_wrapping
2026/09/17 03:01:14 INFO discarding dagql cache without persistence hasSQLDB=false hasPersistDB=false
=== RUN   TestLazyOperationResolverOutputCleanup/builtin_wrapping
2026/09/17 03:01:14 INFO discarding dagql cache without persistence hasSQLDB=false hasPersistDB=false
=== RUN   TestLazyOperationResolverOutputCleanup/bundle_wrapping
2026/09/17 03:01:14 INFO discarding dagql cache without persistence hasSQLDB=false hasPersistDB=false
--- PASS: TestLazyOperationResolverOutputCleanup (0.04s)
    --- PASS: TestLazyOperationResolverOutputCleanup/scratch_wrapping (0.00s)
    --- PASS: TestLazyOperationResolverOutputCleanup/http_state_sync (0.01s)
    --- PASS: TestLazyOperationResolverOutputCleanup/schema_wrapping (0.00s)
    --- PASS: TestLazyOperationResolverOutputCleanup/builtin_wrapping (0.02s)
    --- PASS: TestLazyOperationResolverOutputCleanup/bundle_wrapping (0.02s)
=== RUN   TestLazyOperationResolverCapture
=== RUN   TestLazyOperationResolverCapture/scratch_wrapping
2026/09/17 03:01:14 INFO discarding dagql cache without persistence hasSQLDB=false hasPersistDB=false
=== RUN   TestLazyOperationResolverCapture/http_state_sync
2026/09/17 03:01:14 INFO discarding dagql cache without persistence hasSQLDB=false hasPersistDB=false
=== RUN   TestLazyOperationResolverCapture/schema_wrapping
2026/09/17 03:01:14 INFO discarding dagql cache without persistence hasSQLDB=false hasPersistDB=false
=== RUN   TestLazyOperationResolverCapture/builtin_wrapping
2026/09/17 03:01:14 INFO discarding dagql cache without persistence hasSQLDB=false hasPersistDB=false
=== RUN   TestLazyOperationResolverCapture/bundle_wrapping
2026/09/17 03:01:14 INFO discarding dagql cache without persistence hasSQLDB=false hasPersistDB=false
=== RUN   TestLazyOperationResolverCapture/gitCleaned
2026/09/17 03:01:14 INFO start lazy evaluation field=GitRepository.__cleaned
2026/09/17 03:01:14 INFO end lazy evaluation field=GitRepository.__cleaned duration=11.316125ms
2026/09/17 03:01:14 INFO discarding dagql cache without persistence hasSQLDB=false hasPersistDB=false
=== RUN   TestLazyOperationResolverCapture/gitTree
2026/09/17 03:01:14 INFO start lazy evaluation field=GitRef.tree
2026/09/17 03:01:14 INFO end lazy evaluation field=GitRef.tree duration=62.264117ms
2026/09/17 03:01:14 INFO discarding dagql cache without persistence hasSQLDB=false hasPersistDB=false
=== RUN   TestLazyOperationResolverCapture/gitCommitTree
2026/09/17 03:01:14 INFO start lazy evaluation field=GitCommit.tree
2026/09/17 03:01:14 INFO end lazy evaluation field=GitCommit.tree duration=44.706381ms
2026/09/17 03:01:14 INFO discarding dagql cache without persistence hasSQLDB=false hasPersistDB=false
--- PASS: TestLazyOperationResolverCapture (0.20s)
    --- PASS: TestLazyOperationResolverCapture/scratch_wrapping (0.00s)
    --- PASS: TestLazyOperationResolverCapture/http_state_sync (0.00s)
    --- PASS: TestLazyOperationResolverCapture/schema_wrapping (0.00s)
    --- PASS: TestLazyOperationResolverCapture/builtin_wrapping (0.01s)
    --- PASS: TestLazyOperationResolverCapture/bundle_wrapping (0.02s)
    --- PASS: TestLazyOperationResolverCapture/gitCleaned (0.03s)
    --- PASS: TestLazyOperationResolverCapture/gitTree (0.08s)
    --- PASS: TestLazyOperationResolverCapture/gitCommitTree (0.06s)
=== RUN   TestLazyStoredResultsWithoutBacking
    lazy_stored_results_test.go:17: real native snapshot transfer requires read-only bind mount privileges: mount source: "/tmp/TestLazyStoredResultsWithoutBacking52342966/001", target: "/tmp/snapshot-transfer-mount2324202624", fstype: bind, flags: 20481, data: "", err: operation not permitted
--- SKIP: TestLazyStoredResultsWithoutBacking (0.00s)
=== RUN   TestLLMCredentialReloadAfterRoutingCall
=== RUN   TestLLMCredentialReloadAfterRoutingCall/nested=false
2026/09/17 03:01:14 INFO start call field=Query.llm digest=xxh3:cf67b5ada816343f
2026/09/17 03:01:14 INFO end call field=Query.llm cached=false digest=xxh3:cf67b5ada816343f
2026/09/17 03:01:14 INFO start call field=LLM.provider digest=xxh3:6a067981c61866e9
2026/09/17 03:01:14 INFO start call field=Query.secret digest=xxh3:1563e5c0396aac5c
2026/09/17 03:01:15 INFO end call field=Query.secret cached=false digest=xxh3:1563e5c0396aac5c
2026/09/17 03:01:15 INFO start call field=Secret.plaintext digest=xxh3:f8822b3044f90bf6
2026/09/17 03:01:15 INFO end call field=Secret.plaintext cached=false digest=xxh3:f8822b3044f90bf6
2026/09/17 03:01:15 INFO start call field=Query.secret digest=xxh3:426907647f30dc3e
2026/09/17 03:01:15 INFO start call field=Query.secret digest=xxh3:17195f7c7ec4854f
2026/09/17 03:01:15 INFO start call field=Query.secret digest=xxh3:1b99e6be35fecfe2
2026/09/17 03:01:15 INFO start call field=Query.secret digest=xxh3:1515331183c9735e
2026/09/17 03:01:15 INFO start call field=Query.secret digest=xxh3:bfb163fe4c68cf06
2026/09/17 03:01:15 INFO start call field=Query.secret digest=xxh3:41243124f6e32153
2026/09/17 03:01:15 INFO start call field=Query.secret digest=xxh3:c465d913fb342750
2026/09/17 03:01:15 INFO start call field=Query.secret digest=xxh3:b02d9ece1c8552ca
2026/09/17 03:01:15 INFO start call field=Query.secret digest=xxh3:72605d6ddb7f06fb
2026/09/17 03:01:15 INFO start call field=Query.secret digest=xxh3:e0e3afd76011be93
2026/09/17 03:01:15 INFO start call field=Query.secret digest=xxh3:fdcf963197e53de4
2026/09/17 03:01:15 INFO start call field=Query.secret digest=xxh3:0c51f8d8a409f8dd
2026/09/17 03:01:15 INFO start call field=Query.secret digest=xxh3:c60f0fc15ee7af0a
2026/09/17 03:01:15 INFO start call field=Query.secret digest=xxh3:d7e02da8bcfa3f6c
2026/09/17 03:01:15 INFO start call field=Query.secret digest=xxh3:52bfa273a1a844c2
2026/09/17 03:01:15 INFO start call field=Query.secret digest=xxh3:a61d86ec733dc7e9
2026/09/17 03:01:15 INFO start call field=Query.secret digest=xxh3:9ae7a07e2ba750ae
2026/09/17 03:01:15 INFO start call field=Query.secret digest=xxh3:aec180aa3e279915
2026/09/17 03:01:15 INFO start call field=Query.secret digest=xxh3:83e28cde77b4040d
2026/09/17 03:01:15 INFO start call field=Query.secret digest=xxh3:162dedf179095dfb
2026/09/17 03:01:15 INFO start call field=Query.secret digest=xxh3:d625d7807617bf7c
2026/09/17 03:01:15 INFO start call field=Query.secret digest=xxh3:943e4b3a31ab1bda
2026/09/17 03:01:15 INFO start call field=Query.secret digest=xxh3:1f6e4528d48d4dff
2026/09/17 03:01:15 INFO start call field=Query.secret digest=xxh3:c3551ceca3a2a79d
2026/09/17 03:01:15 INFO start call field=Query.secret digest=xxh3:13b22cfe7740c2b6
2026/09/17 03:01:15 INFO start call field=Query.secret digest=xxh3:8d6c06d78e541f42
2026/09/17 03:01:15 INFO end call field=Query.secret cached=false digest=xxh3:b02d9ece1c8552ca
2026/09/17 03:01:15 INFO start call field=Secret.plaintext digest=xxh3:e5728eabdcb5110a
2026/09/17 03:01:15 INFO end call field=Secret.plaintext cached=false digest=xxh3:e5728eabdcb5110a
2026/09/17 03:01:15 INFO end call field=Query.secret cached=false digest=xxh3:17195f7c7ec4854f
2026/09/17 03:01:15 INFO start call field=Secret.plaintext digest=xxh3:fa8bb72bd03447b5
2026/09/17 03:01:15 INFO end call field=Secret.plaintext cached=false digest=xxh3:fa8bb72bd03447b5
2026/09/17 03:01:15 INFO end call field=Query.secret cached=false digest=xxh3:9ae7a07e2ba750ae
2026/09/17 03:01:15 INFO start call field=Secret.plaintext digest=xxh3:048ad635bf18ee4c
2026/09/17 03:01:15 INFO end call field=Query.secret cached=false digest=xxh3:83e28cde77b4040d
2026/09/17 03:01:15 INFO start call field=Secret.plaintext digest=xxh3:e7f89d66fa60f6f1
2026/09/17 03:01:15 INFO end call field=Query.secret cached=false digest=xxh3:426907647f30dc3e
2026/09/17 03:01:15 INFO start call field=Secret.plaintext digest=xxh3:c1c680a75ee357d0
2026/09/17 03:01:15 INFO end call field=Secret.plaintext cached=false digest=xxh3:e7f89d66fa60f6f1
2026/09/17 03:01:15 INFO end call field=Secret.plaintext cached=false digest=xxh3:c1c680a75ee357d0
2026/09/17 03:01:15 INFO end call field=Secret.plaintext cached=false digest=xxh3:048ad635bf18ee4c
2026/09/17 03:01:15 INFO end call field=Query.secret cached=false digest=xxh3:c465d913fb342750
2026/09/17 03:01:15 INFO start call field=Secret.plaintext digest=xxh3:5b1de19e167677c9
2026/09/17 03:01:15 INFO end call field=Query.secret cached=false digest=xxh3:1b99e6be35fecfe2
2026/09/17 03:01:15 INFO start call field=Secret.plaintext digest=xxh3:bc82ea5b519519da
2026/09/17 03:01:15 INFO end call field=Query.secret cached=false digest=xxh3:943e4b3a31ab1bda
2026/09/17 03:01:15 INFO start call field=Secret.plaintext digest=xxh3:90f700a70b236c89
2026/09/17 03:01:15 INFO end call field=Secret.plaintext cached=false digest=xxh3:5b1de19e167677c9
2026/09/17 03:01:15 INFO end call field=Secret.plaintext cached=false digest=xxh3:bc82ea5b519519da
2026/09/17 03:01:15 INFO end call field=Secret.plaintext cached=false digest=xxh3:90f700a70b236c89
2026/09/17 03:01:15 INFO end call field=Query.secret cached=false digest=xxh3:1515331183c9735e
2026/09/17 03:01:15 INFO start call field=Secret.plaintext digest=xxh3:bc8ed9493125da85
2026/09/17 03:01:15 INFO end call field=Query.secret cached=false digest=xxh3:41243124f6e32153
2026/09/17 03:01:15 INFO start call field=Secret.plaintext digest=xxh3:3756156bbb1019b7
2026/09/17 03:01:15 INFO end call field=Secret.plaintext cached=false digest=xxh3:3756156bbb1019b7
2026/09/17 03:01:15 INFO end call field=Query.secret cached=false digest=xxh3:a61d86ec733dc7e9
2026/09/17 03:01:15 INFO start call field=Secret.plaintext digest=xxh3:843249a8cc000cde
2026/09/17 03:01:15 INFO end call field=Secret.plaintext cached=false digest=xxh3:843249a8cc000cde
2026/09/17 03:01:15 INFO end call field=Secret.plaintext cached=false digest=xxh3:bc8ed9493125da85
2026/09/17 03:01:15 INFO end call field=Query.secret cached=false digest=xxh3:13b22cfe7740c2b6
2026/09/17 03:01:15 INFO start call field=Secret.plaintext digest=xxh3:a792a225601a5a4a
2026/09/17 03:01:15 INFO end call field=Query.secret cached=false digest=xxh3:1f6e4528d48d4dff
2026/09/17 03:01:15 INFO start call field=Secret.plaintext digest=xxh3:74a62b370be7a6da
2026/09/17 03:01:15 INFO end call field=Secret.plaintext cached=false digest=xxh3:a792a225601a5a4a
2026/09/17 03:01:15 INFO end call field=Secret.plaintext cached=false digest=xxh3:74a62b370be7a6da
2026/09/17 03:01:15 INFO end call field=Query.secret cached=false digest=xxh3:0c51f8d8a409f8dd
2026/09/17 03:01:15 INFO start call field=Secret.plaintext digest=xxh3:8df2db05449850c6
2026/09/17 03:01:15 INFO end call field=Secret.plaintext cached=false digest=xxh3:8df2db05449850c6
2026/09/17 03:01:15 INFO end call field=Query.secret cached=false digest=xxh3:c3551ceca3a2a79d
2026/09/17 03:01:15 INFO start call field=Secret.plaintext digest=xxh3:379788bc4b89b380
2026/09/17 03:01:15 INFO end call field=Secret.plaintext cached=false digest=xxh3:379788bc4b89b380
2026/09/17 03:01:15 INFO end call field=Query.secret cached=false digest=xxh3:162dedf179095dfb
2026/09/17 03:01:15 INFO start call field=Secret.plaintext digest=xxh3:c064d45be829f9bf
2026/09/17 03:01:15 INFO end call field=Secret.plaintext cached=false digest=xxh3:c064d45be829f9bf
2026/09/17 03:01:15 INFO end call field=Query.secret cached=false digest=xxh3:e0e3afd76011be93
2026/09/17 03:01:15 INFO start call field=Secret.plaintext digest=xxh3:0bc4fbe3e5de941c
2026/09/17 03:01:15 INFO end call field=Secret.plaintext cached=false digest=xxh3:0bc4fbe3e5de941c
2026/09/17 03:01:15 INFO end call field=Query.secret cached=false digest=xxh3:52bfa273a1a844c2
2026/09/17 03:01:15 INFO start call field=Secret.plaintext digest=xxh3:3a52a002c70a96b5
2026/09/17 03:01:15 INFO end call field=Query.secret cached=false digest=xxh3:fdcf963197e53de4
2026/09/17 03:01:15 INFO start call field=Secret.plaintext digest=xxh3:86ef206523a3f598
2026/09/17 03:01:15 INFO end call field=Secret.plaintext cached=false digest=xxh3:86ef206523a3f598
2026/09/17 03:01:15 INFO end call field=Secret.plaintext cached=false digest=xxh3:3a52a002c70a96b5
2026/09/17 03:01:15 INFO end call field=Query.secret cached=false digest=xxh3:8d6c06d78e541f42
2026/09/17 03:01:15 INFO start call field=Secret.plaintext digest=xxh3:3c473b30f5e14f5a
2026/09/17 03:01:15 INFO end call field=Secret.plaintext cached=false digest=xxh3:3c473b30f5e14f5a
2026/09/17 03:01:15 INFO end call field=Query.secret cached=false digest=xxh3:d7e02da8bcfa3f6c
2026/09/17 03:01:15 INFO start call field=Secret.plaintext digest=xxh3:3393aafc07f3f8b9
2026/09/17 03:01:15 INFO end call field=Secret.plaintext cached=false digest=xxh3:3393aafc07f3f8b9
2026/09/17 03:01:15 INFO end call field=Query.secret cached=false digest=xxh3:72605d6ddb7f06fb
2026/09/17 03:01:15 INFO start call field=Secret.plaintext digest=xxh3:944d384b91facb88
2026/09/17 03:01:15 INFO end call field=Query.secret cached=false digest=xxh3:c60f0fc15ee7af0a
2026/09/17 03:01:15 INFO start call field=Secret.plaintext digest=xxh3:a77faad8f3049ba4
2026/09/17 03:01:15 INFO end call field=Secret.plaintext cached=false digest=xxh3:944d384b91facb88
2026/09/17 03:01:15 INFO end call field=Secret.plaintext cached=false digest=xxh3:a77faad8f3049ba4
2026/09/17 03:01:15 INFO end call field=Query.secret cached=false digest=xxh3:aec180aa3e279915
2026/09/17 03:01:15 INFO start call field=Secret.plaintext digest=xxh3:93e3fb981a636fde
2026/09/17 03:01:15 INFO end call field=Secret.plaintext cached=false digest=xxh3:93e3fb981a636fde
2026/09/17 03:01:15 INFO end call field=Query.secret cached=false digest=xxh3:d625d7807617bf7c
2026/09/17 03:01:15 INFO start call field=Secret.plaintext digest=xxh3:5aa94e551af2a1c1
2026/09/17 03:01:15 INFO end call field=Secret.plaintext cached=false digest=xxh3:5aa94e551af2a1c1
2026/09/17 03:01:15 INFO end call field=Query.secret cached=false digest=xxh3:bfb163fe4c68cf06
2026/09/17 03:01:15 INFO start call field=Secret.plaintext digest=xxh3:8d655ba8a598ae8b
2026/09/17 03:01:15 INFO end call field=Secret.plaintext cached=false digest=xxh3:8d655ba8a598ae8b
2026/09/17 03:01:15 INFO end call field=LLM.provider cached=false digest=xxh3:6a067981c61866e9
2026/09/17 03:01:15 INFO start call field=Query.secret digest=xxh3:f29110c9bd7a2b5d
2026/09/17 03:01:15 INFO end call field=Query.secret cached=false digest=xxh3:f29110c9bd7a2b5d
2026/09/17 03:01:15 INFO start call field=Secret.plaintext digest=xxh3:485c304a49f1859f
2026/09/17 03:01:15 INFO end call field=Secret.plaintext cached=false digest=xxh3:485c304a49f1859f
2026/09/17 03:01:15 INFO start call field=Query.secret digest=xxh3:5fe34f49654f9e80
2026/09/17 03:01:15 INFO end call field=Query.secret cached=false digest=xxh3:5fe34f49654f9e80
2026/09/17 03:01:15 INFO start call field=Secret.plaintext digest=xxh3:c0f0813a2bbc2a9b
2026/09/17 03:01:15 INFO end call field=Secret.plaintext cached=false digest=xxh3:c0f0813a2bbc2a9b
2026/09/17 03:01:15 INFO start call field=Query.secret digest=xxh3:bf91a1f1c5027afd
2026/09/17 03:01:15 INFO end call field=Query.secret cached=false digest=xxh3:bf91a1f1c5027afd
2026/09/17 03:01:15 INFO start call field=Secret.plaintext digest=xxh3:379badb7cbbc5b97
2026/09/17 03:01:15 INFO end call field=Secret.plaintext cached=false digest=xxh3:379badb7cbbc5b97
2026/09/17 03:01:15 INFO start call field=Query.secret digest=xxh3:5d02b7ceea7827e2
2026/09/17 03:01:15 INFO end call field=Query.secret cached=false digest=xxh3:5d02b7ceea7827e2
2026/09/17 03:01:15 INFO start call field=Secret.plaintext digest=xxh3:00d528983b9060fb
2026/09/17 03:01:15 INFO end call field=Secret.plaintext cached=false digest=xxh3:00d528983b9060fb
2026/09/17 03:01:15 INFO start call field=Query.secret digest=xxh3:f637aeb4dbd84db6
2026/09/17 03:01:15 INFO end call field=Query.secret cached=false digest=xxh3:f637aeb4dbd84db6
2026/09/17 03:01:15 INFO start call field=Secret.plaintext digest=xxh3:e5ad6c0d69d4a825
2026/09/17 03:01:15 INFO end call field=Secret.plaintext cached=false digest=xxh3:e5ad6c0d69d4a825
2026/09/17 03:01:15 INFO start call field=Query.secret digest=xxh3:c5d3d4220fa08621
2026/09/17 03:01:15 INFO end call field=Query.secret cached=false digest=xxh3:c5d3d4220fa08621
2026/09/17 03:01:15 INFO start call field=Secret.plaintext digest=xxh3:b03e5a49b79c9b2f
2026/09/17 03:01:15 INFO end call field=Secret.plaintext cached=false digest=xxh3:b03e5a49b79c9b2f
2026/09/17 03:01:15 INFO start call field=Query.secret digest=xxh3:47e6ef817c10ca38
2026/09/17 03:01:15 WARN failed to get secret plaintext, falling back to random cache key uri=env://ANTHROPIC_AUTH_TOKEN error="rpc error: code = Unknown desc = client credential lookup unavailable"
2026/09/17 03:01:15 INFO end call field=Query.secret cached=false digest=xxh3:47e6ef817c10ca38
2026/09/17 03:01:15 INFO start call field=Secret.plaintext digest=xxh3:d9f88cea4c644564
2026/09/17 03:01:15 INFO end call field=Secret.plaintext cached=false digest=xxh3:d9f88cea4c644564
=== RUN   TestLLMCredentialReloadAfterRoutingCall/nested=true
2026/09/17 03:01:15 INFO start call field=Query.llm digest=xxh3:cf67b5ada816343f
2026/09/17 03:01:15 INFO end call field=Query.llm cached=false digest=xxh3:cf67b5ada816343f
2026/09/17 03:01:15 INFO start call field=LLM.provider digest=xxh3:6a067981c61866e9
2026/09/17 03:01:15 INFO start call field=Query.secret digest=xxh3:daf63eb463721cb8
2026/09/17 03:01:15 INFO end call field=Query.secret cached=false digest=xxh3:daf63eb463721cb8
2026/09/17 03:01:15 INFO start call field=Secret.plaintext digest=xxh3:b018782c555a7cc2
2026/09/17 03:01:15 INFO end call field=Secret.plaintext cached=false digest=xxh3:b018782c555a7cc2
2026/09/17 03:01:15 INFO start call field=Query.secret digest=xxh3:5185ae03da190ab3
2026/09/17 03:01:15 INFO start call field=Query.secret digest=xxh3:604c07cca447d21d
2026/09/17 03:01:15 INFO start call field=Query.secret digest=xxh3:6cb221c5a504272d
2026/09/17 03:01:15 INFO start call field=Query.secret digest=xxh3:84e1a0776e6b8bbb
2026/09/17 03:01:15 INFO start call field=Query.secret digest=xxh3:e16ad59856922bc1
2026/09/17 03:01:15 INFO start call field=Query.secret digest=xxh3:c82cf8aef9210375
2026/09/17 03:01:15 INFO start call field=Query.secret digest=xxh3:073dc618c0bc529a
2026/09/17 03:01:15 INFO start call field=Query.secret digest=xxh3:5fef40cf7d81b31b
2026/09/17 03:01:15 INFO start call field=Query.secret digest=xxh3:231bda777ab6707a
2026/09/17 03:01:15 INFO start call field=Query.secret digest=xxh3:62c7384cdf4a9138
2026/09/17 03:01:15 INFO start call field=Query.secret digest=xxh3:db7795c24db51b57
2026/09/17 03:01:15 INFO start call field=Query.secret digest=xxh3:bc8f5fab105e45ed
2026/09/17 03:01:15 INFO start call field=Query.secret digest=xxh3:b68754b3a2fb6093
2026/09/17 03:01:15 INFO start call field=Query.secret digest=xxh3:c740a2070c078e4f
2026/09/17 03:01:15 INFO start call field=Query.secret digest=xxh3:f63d77f0ea75c8be
2026/09/17 03:01:15 INFO start call field=Query.secret digest=xxh3:2b06f2f73a8f1f1e
2026/09/17 03:01:15 INFO start call field=Query.secret digest=xxh3:167d31e5315a8bd2
2026/09/17 03:01:15 INFO start call field=Query.secret digest=xxh3:639ccaeac2d87fc9
2026/09/17 03:01:15 INFO start call field=Query.secret digest=xxh3:b60121b4335f133e
2026/09/17 03:01:15 INFO start call field=Query.secret digest=xxh3:49ca5401e251d61f
2026/09/17 03:01:15 INFO start call field=Query.secret digest=xxh3:5c44b2eebf583ba9
2026/09/17 03:01:15 INFO start call field=Query.secret digest=xxh3:95832f0536805f63
2026/09/17 03:01:15 INFO start call field=Query.secret digest=xxh3:efa5ce2aa210c90a
2026/09/17 03:01:15 INFO start call field=Query.secret digest=xxh3:ed64a9d394d3ef15
2026/09/17 03:01:15 INFO start call field=Query.secret digest=xxh3:0aa9a77ed7d56570
2026/09/17 03:01:15 INFO start call field=Query.secret digest=xxh3:584e4a29c8639295
2026/09/17 03:01:15 INFO end call field=Query.secret cached=false digest=xxh3:5c44b2eebf583ba9
2026/09/17 03:01:15 INFO start call field=Secret.plaintext digest=xxh3:b4d1626b91fe38ac
2026/09/17 03:01:15 INFO end call field=Query.secret cached=false digest=xxh3:db7795c24db51b57
2026/09/17 03:01:15 INFO start call field=Secret.plaintext digest=xxh3:c89a4278e4f4bb0b
2026/09/17 03:01:15 INFO end call field=Secret.plaintext cached=false digest=xxh3:c89a4278e4f4bb0b
2026/09/17 03:01:15 INFO end call field=Query.secret cached=false digest=xxh3:f63d77f0ea75c8be
2026/09/17 03:01:15 INFO start call field=Secret.plaintext digest=xxh3:31ddac6de6ab5d79
2026/09/17 03:01:15 INFO end call field=Secret.plaintext cached=false digest=xxh3:31ddac6de6ab5d79
2026/09/17 03:01:15 INFO end call field=Secret.plaintext cached=false digest=xxh3:b4d1626b91fe38ac
2026/09/17 03:01:15 INFO end call field=Query.secret cached=false digest=xxh3:b68754b3a2fb6093
2026/09/17 03:01:15 INFO start call field=Secret.plaintext digest=xxh3:88025f95619b0e04
2026/09/17 03:01:15 INFO end call field=Query.secret cached=false digest=xxh3:62c7384cdf4a9138
2026/09/17 03:01:15 INFO start call field=Secret.plaintext digest=xxh3:7cea3495b5b192dd
2026/09/17 03:01:15 INFO end call field=Query.secret cached=false digest=xxh3:5fef40cf7d81b31b
2026/09/17 03:01:15 INFO end call field=Secret.plaintext cached=false digest=xxh3:88025f95619b0e04
2026/09/17 03:01:15 INFO start call field=Secret.plaintext digest=xxh3:0cc9ae0061faf414
2026/09/17 03:01:15 INFO end call field=Secret.plaintext cached=false digest=xxh3:0cc9ae0061faf414
2026/09/17 03:01:15 INFO end call field=Query.secret cached=false digest=xxh3:5185ae03da190ab3
2026/09/17 03:01:15 INFO start call field=Secret.plaintext digest=xxh3:48146e28f564a9ac
2026/09/17 03:01:15 INFO end call field=Query.secret cached=false digest=xxh3:639ccaeac2d87fc9
2026/09/17 03:01:15 INFO start call field=Secret.plaintext digest=xxh3:fad14a26f1fed72c
2026/09/17 03:01:15 INFO end call field=Query.secret cached=false digest=xxh3:073dc618c0bc529a
2026/09/17 03:01:15 INFO start call field=Secret.plaintext digest=xxh3:16cd4ad4f8a949c3
2026/09/17 03:01:15 INFO end call field=Query.secret cached=false digest=xxh3:49ca5401e251d61f
2026/09/17 03:01:15 INFO start call field=Secret.plaintext digest=xxh3:7836ac891f7e092d
2026/09/17 03:01:15 INFO end call field=Secret.plaintext cached=false digest=xxh3:7836ac891f7e092d
2026/09/17 03:01:15 INFO end call field=Secret.plaintext cached=false digest=xxh3:7cea3495b5b192dd
2026/09/17 03:01:15 INFO end call field=Secret.plaintext cached=false digest=xxh3:48146e28f564a9ac
2026/09/17 03:01:15 INFO end call field=Secret.plaintext cached=false digest=xxh3:fad14a26f1fed72c
2026/09/17 03:01:15 INFO end call field=Secret.plaintext cached=false digest=xxh3:16cd4ad4f8a949c3
2026/09/17 03:01:15 INFO end call field=Query.secret cached=false digest=xxh3:231bda777ab6707a
2026/09/17 03:01:15 INFO start call field=Secret.plaintext digest=xxh3:ecb0fc0205756f46
2026/09/17 03:01:15 INFO end call field=Query.secret cached=false digest=xxh3:604c07cca447d21d
2026/09/17 03:01:15 INFO start call field=Secret.plaintext digest=xxh3:6b45ffe7889e9498
2026/09/17 03:01:15 INFO end call field=Query.secret cached=false digest=xxh3:bc8f5fab105e45ed
2026/09/17 03:01:15 INFO start call field=Secret.plaintext digest=xxh3:cf5e77671acb6e94
2026/09/17 03:01:15 INFO end call field=Secret.plaintext cached=false digest=xxh3:6b45ffe7889e9498
2026/09/17 03:01:15 INFO end call field=Secret.plaintext cached=false digest=xxh3:cf5e77671acb6e94
2026/09/17 03:01:15 INFO end call field=Secret.plaintext cached=false digest=xxh3:ecb0fc0205756f46
2026/09/17 03:01:15 INFO end call field=Query.secret cached=false digest=xxh3:167d31e5315a8bd2
2026/09/17 03:01:15 INFO start call field=Secret.plaintext digest=xxh3:617268d712e219de
2026/09/17 03:01:15 INFO end call field=Secret.plaintext cached=false digest=xxh3:617268d712e219de
2026/09/17 03:01:15 INFO end call field=Query.secret cached=false digest=xxh3:6cb221c5a504272d
2026/09/17 03:01:15 INFO start call field=Secret.plaintext digest=xxh3:a69c01b0aece068c
2026/09/17 03:01:15 INFO end call field=Secret.plaintext cached=false digest=xxh3:a69c01b0aece068c
2026/09/17 03:01:15 INFO end call field=Query.secret cached=false digest=xxh3:b60121b4335f133e
2026/09/17 03:01:15 INFO start call field=Secret.plaintext digest=xxh3:a9b245e10131c54b
2026/09/17 03:01:15 INFO end call field=Secret.plaintext cached=false digest=xxh3:a9b245e10131c54b
2026/09/17 03:01:15 INFO end call field=Query.secret cached=false digest=xxh3:584e4a29c8639295
2026/09/17 03:01:15 INFO start call field=Secret.plaintext digest=xxh3:68e920f4e9e6becd
2026/09/17 03:01:15 INFO end call field=Secret.plaintext cached=false digest=xxh3:68e920f4e9e6becd
2026/09/17 03:01:15 INFO end call field=Query.secret cached=false digest=xxh3:c740a2070c078e4f
2026/09/17 03:01:15 INFO start call field=Secret.plaintext digest=xxh3:95722ea0e682300b
2026/09/17 03:01:15 INFO end call field=Secret.plaintext cached=false digest=xxh3:95722ea0e682300b
2026/09/17 03:01:15 INFO end call field=Query.secret cached=false digest=xxh3:95832f0536805f63
2026/09/17 03:01:15 INFO start call field=Secret.plaintext digest=xxh3:ccc3251accd8289a
2026/09/17 03:01:15 INFO end call field=Secret.plaintext cached=false digest=xxh3:ccc3251accd8289a
2026/09/17 03:01:15 INFO end call field=Query.secret cached=false digest=xxh3:e16ad59856922bc1
2026/09/17 03:01:15 INFO start call field=Secret.plaintext digest=xxh3:3d4ae1ac5a6dae39
2026/09/17 03:01:15 INFO end call field=Secret.plaintext cached=false digest=xxh3:3d4ae1ac5a6dae39
2026/09/17 03:01:15 INFO end call field=Query.secret cached=false digest=xxh3:efa5ce2aa210c90a
2026/09/17 03:01:15 INFO start call field=Secret.plaintext digest=xxh3:8658215a0195cc2d
2026/09/17 03:01:15 INFO end call field=Query.secret cached=false digest=xxh3:0aa9a77ed7d56570
2026/09/17 03:01:15 INFO start call field=Secret.plaintext digest=xxh3:67199a9f827d6127
2026/09/17 03:01:15 INFO end call field=Secret.plaintext cached=false digest=xxh3:8658215a0195cc2d
2026/09/17 03:01:15 INFO end call field=Query.secret cached=false digest=xxh3:ed64a9d394d3ef15
2026/09/17 03:01:15 INFO start call field=Secret.plaintext digest=xxh3:48e4ab49c33d5967
2026/09/17 03:01:15 INFO end call field=Query.secret cached=false digest=xxh3:84e1a0776e6b8bbb
2026/09/17 03:01:15 INFO start call field=Secret.plaintext digest=xxh3:da077580ec2a7931
2026/09/17 03:01:15 INFO end call field=Secret.plaintext cached=false digest=xxh3:67199a9f827d6127
2026/09/17 03:01:15 INFO end call field=Secret.plaintext cached=false digest=xxh3:da077580ec2a7931
2026/09/17 03:01:15 INFO end call field=Secret.plaintext cached=false digest=xxh3:48e4ab49c33d5967
2026/09/17 03:01:15 INFO end call field=Query.secret cached=false digest=xxh3:2b06f2f73a8f1f1e
2026/09/17 03:01:15 INFO start call field=Secret.plaintext digest=xxh3:1a14142656186c4a
2026/09/17 03:01:15 INFO end call field=Secret.plaintext cached=false digest=xxh3:1a14142656186c4a
2026/09/17 03:01:15 INFO end call field=Query.secret cached=false digest=xxh3:c82cf8aef9210375
2026/09/17 03:01:15 INFO start call field=Secret.plaintext digest=xxh3:34c596a92bff4823
2026/09/17 03:01:15 INFO end call field=Secret.plaintext cached=false digest=xxh3:34c596a92bff4823
2026/09/17 03:01:15 INFO start call field=Query.secret digest=xxh3:ea450a607404e9f8
2026/09/17 03:01:15 INFO end call field=Query.secret cached=false digest=xxh3:ea450a607404e9f8
2026/09/17 03:01:15 INFO start call field=Secret.plaintext digest=xxh3:68bfe7acdded995c
2026/09/17 03:01:15 INFO end call field=Secret.plaintext cached=false digest=xxh3:68bfe7acdded995c
2026/09/17 03:01:15 INFO start call field=Query.secret digest=xxh3:0c2bc29ae66a2263
2026/09/17 03:01:15 INFO start call field=Query.secret digest=xxh3:508026317972eb56
2026/09/17 03:01:15 INFO start call field=Query.secret digest=xxh3:876226f01d6cc9c2
2026/09/17 03:01:15 INFO start call field=Query.secret digest=xxh3:0f0130460ce88d0f
2026/09/17 03:01:15 INFO start call field=Query.secret digest=xxh3:c4723d348ae35ed1
2026/09/17 03:01:15 INFO start call field=Query.secret digest=xxh3:15d002d04a0b7175
2026/09/17 03:01:15 INFO start call field=Query.secret digest=xxh3:03babafab3456bf8
2026/09/17 03:01:15 INFO start call field=Query.secret digest=xxh3:97e4607318e270e0
2026/09/17 03:01:15 INFO start call field=Query.secret digest=xxh3:b45cda5ad39b4246
2026/09/17 03:01:15 INFO start call field=Query.secret digest=xxh3:824e19bdf68bbc1b
2026/09/17 03:01:15 INFO start call field=Query.secret digest=xxh3:03204d00b8f4aad5
2026/09/17 03:01:15 INFO start call field=Query.secret digest=xxh3:7b175475f21a31be
2026/09/17 03:01:15 INFO start call field=Query.secret digest=xxh3:353514339ba0bc74
2026/09/17 03:01:15 INFO start call field=Query.secret digest=xxh3:6131b143fac34d63
2026/09/17 03:01:15 INFO start call field=Query.secret digest=xxh3:85605a9cc65ccd4c
2026/09/17 03:01:15 INFO start call field=Query.secret digest=xxh3:ec870b99a434e869
2026/09/17 03:01:15 INFO start call field=Query.secret digest=xxh3:c6d58991ed9807f8
2026/09/17 03:01:15 INFO start call field=Query.secret digest=xxh3:d95773ebf841f6b1
2026/09/17 03:01:15 INFO start call field=Query.secret digest=xxh3:74df6a73776bc9de
2026/09/17 03:01:15 INFO start call field=Query.secret digest=xxh3:0e9ae45adceb69b2
2026/09/17 03:01:15 INFO start call field=Query.secret digest=xxh3:3c2763ebc1c4c1fa
2026/09/17 03:01:15 INFO start call field=Query.secret digest=xxh3:1c79e18b0abb6209
2026/09/17 03:01:15 INFO start call field=Query.secret digest=xxh3:48830f7088ea0b30
2026/09/17 03:01:15 INFO start call field=Query.secret digest=xxh3:cc87862d4db957ca
2026/09/17 03:01:15 INFO start call field=Query.secret digest=xxh3:61159dfb32c5e21b
2026/09/17 03:01:15 INFO start call field=Query.secret digest=xxh3:e30d678e33a2b1a8
2026/09/17 03:01:15 INFO end call field=Query.secret cached=false digest=xxh3:85605a9cc65ccd4c
2026/09/17 03:01:15 INFO start call field=Secret.plaintext digest=xxh3:404a57f64306e0e4
2026/09/17 03:01:15 INFO end call field=Secret.plaintext cached=false digest=xxh3:404a57f64306e0e4
2026/09/17 03:01:15 INFO end call field=Query.secret cached=false digest=xxh3:353514339ba0bc74
2026/09/17 03:01:15 INFO start call field=Secret.plaintext digest=xxh3:e5cd0b1347a25e5e
2026/09/17 03:01:15 INFO end call field=Secret.plaintext cached=false digest=xxh3:e5cd0b1347a25e5e
2026/09/17 03:01:15 INFO end call field=Query.secret cached=false digest=xxh3:824e19bdf68bbc1b
2026/09/17 03:01:15 INFO start call field=Secret.plaintext digest=xxh3:918dc5ee464a37c2
2026/09/17 03:01:15 INFO end call field=Secret.plaintext cached=false digest=xxh3:918dc5ee464a37c2
2026/09/17 03:01:15 INFO end call field=Query.secret cached=false digest=xxh3:c4723d348ae35ed1
2026/09/17 03:01:15 INFO start call field=Secret.plaintext digest=xxh3:d93632e98bcbc663
2026/09/17 03:01:15 INFO end call field=Secret.plaintext cached=false digest=xxh3:d93632e98bcbc663
2026/09/17 03:01:15 INFO end call field=Query.secret cached=false digest=xxh3:508026317972eb56
2026/09/17 03:01:15 INFO start call field=Secret.plaintext digest=xxh3:a33f320ef9b0d84a
2026/09/17 03:01:15 INFO end call field=Secret.plaintext cached=false digest=xxh3:a33f320ef9b0d84a
2026/09/17 03:01:15 INFO end call field=Query.secret cached=false digest=xxh3:03babafab3456bf8
2026/09/17 03:01:15 INFO start call field=Secret.plaintext digest=xxh3:10ab604cc14f5ce7
2026/09/17 03:01:15 INFO end call field=Query.secret cached=false digest=xxh3:0c2bc29ae66a2263
2026/09/17 03:01:15 INFO start call field=Secret.plaintext digest=xxh3:98d7e8e2de710526
2026/09/17 03:01:15 INFO end call field=Query.secret cached=false digest=xxh3:15d002d04a0b7175
2026/09/17 03:01:15 INFO start call field=Secret.plaintext digest=xxh3:4ef0b264ae13d4cd
2026/09/17 03:01:15 INFO end call field=Query.secret cached=false digest=xxh3:97e4607318e270e0
2026/09/17 03:01:15 INFO start call field=Secret.plaintext digest=xxh3:04f3e616aaf3f722
2026/09/17 03:01:15 INFO end call field=Query.secret cached=false digest=xxh3:0f0130460ce88d0f
2026/09/17 03:01:15 INFO start call field=Secret.plaintext digest=xxh3:d87258b5cdaa8afc
2026/09/17 03:01:15 INFO end call field=Query.secret cached=false digest=xxh3:03204d00b8f4aad5
2026/09/17 03:01:15 INFO start call field=Secret.plaintext digest=xxh3:d790e3fc37a11120
2026/09/17 03:01:15 INFO end call field=Query.secret cached=false digest=xxh3:0e9ae45adceb69b2
2026/09/17 03:01:15 INFO start call field=Secret.plaintext digest=xxh3:ad1cb1c787ea694a
2026/09/17 03:01:15 INFO end call field=Secret.plaintext cached=false digest=xxh3:d790e3fc37a11120
2026/09/17 03:01:15 INFO end call field=Secret.plaintext cached=false digest=xxh3:ad1cb1c787ea694a
2026/09/17 03:01:15 INFO end call field=Secret.plaintext cached=false digest=xxh3:10ab604cc14f5ce7
2026/09/17 03:01:15 INFO end call field=Secret.plaintext cached=false digest=xxh3:98d7e8e2de710526
2026/09/17 03:01:15 INFO end call field=Secret.plaintext cached=false digest=xxh3:4ef0b264ae13d4cd
2026/09/17 03:01:15 INFO end call field=Secret.plaintext cached=false digest=xxh3:04f3e616aaf3f722
2026/09/17 03:01:15 INFO end call field=Secret.plaintext cached=false digest=xxh3:d87258b5cdaa8afc
2026/09/17 03:01:15 INFO end call field=Query.secret cached=false digest=xxh3:b45cda5ad39b4246
2026/09/17 03:01:15 INFO start call field=Secret.plaintext digest=xxh3:029fe2bc74ec54f5
2026/09/17 03:01:15 INFO end call field=Secret.plaintext cached=false digest=xxh3:029fe2bc74ec54f5
2026/09/17 03:01:15 INFO end call field=Query.secret cached=false digest=xxh3:74df6a73776bc9de
2026/09/17 03:01:15 INFO start call field=Secret.plaintext digest=xxh3:0c5192720a35a7de
2026/09/17 03:01:15 INFO end call field=Query.secret cached=false digest=xxh3:ec870b99a434e869
2026/09/17 03:01:15 INFO start call field=Secret.plaintext digest=xxh3:c9a4460f71080288
2026/09/17 03:01:15 INFO end call field=Secret.plaintext cached=false digest=xxh3:0c5192720a35a7de
2026/09/17 03:01:15 INFO end call field=Secret.plaintext cached=false digest=xxh3:c9a4460f71080288
2026/09/17 03:01:15 INFO end call field=Query.secret cached=false digest=xxh3:cc87862d4db957ca
2026/09/17 03:01:15 INFO start call field=Secret.plaintext digest=xxh3:4f3679708f463585
2026/09/17 03:01:15 INFO end call field=Secret.plaintext cached=false digest=xxh3:4f3679708f463585
2026/09/17 03:01:15 INFO end call field=Query.secret cached=false digest=xxh3:3c2763ebc1c4c1fa
2026/09/17 03:01:15 INFO start call field=Secret.plaintext digest=xxh3:02849417e4ca7e90
2026/09/17 03:01:15 INFO end call field=Secret.plaintext cached=false digest=xxh3:02849417e4ca7e90
2026/09/17 03:01:15 INFO end call field=Query.secret cached=false digest=xxh3:7b175475f21a31be
2026/09/17 03:01:15 INFO start call field=Secret.plaintext digest=xxh3:b966774ab3c2cc81
2026/09/17 03:01:15 INFO end call field=Query.secret cached=false digest=xxh3:1c79e18b0abb6209
2026/09/17 03:01:15 INFO start call field=Secret.plaintext digest=xxh3:8e7ef17e05a0d1ce
2026/09/17 03:01:15 INFO end call field=Secret.plaintext cached=false digest=xxh3:b966774ab3c2cc81
2026/09/17 03:01:15 INFO end call field=Secret.plaintext cached=false digest=xxh3:8e7ef17e05a0d1ce
2026/09/17 03:01:15 INFO end call field=Query.secret cached=false digest=xxh3:e30d678e33a2b1a8
2026/09/17 03:01:15 INFO start call field=Secret.plaintext digest=xxh3:91c2ff3c24769089
2026/09/17 03:01:15 INFO end call field=Secret.plaintext cached=false digest=xxh3:91c2ff3c24769089
2026/09/17 03:01:15 INFO end call field=Query.secret cached=false digest=xxh3:61159dfb32c5e21b
2026/09/17 03:01:15 INFO start call field=Secret.plaintext digest=xxh3:55bfe79f0e768eae
2026/09/17 03:01:15 INFO end call field=Secret.plaintext cached=false digest=xxh3:55bfe79f0e768eae
2026/09/17 03:01:15 INFO end call field=Query.secret cached=false digest=xxh3:48830f7088ea0b30
2026/09/17 03:01:15 INFO start call field=Secret.plaintext digest=xxh3:327025667d74bb16
2026/09/17 03:01:15 INFO end call field=Secret.plaintext cached=false digest=xxh3:327025667d74bb16
2026/09/17 03:01:15 INFO end call field=Query.secret cached=false digest=xxh3:c6d58991ed9807f8
2026/09/17 03:01:15 INFO start call field=Secret.plaintext digest=xxh3:e9eb702638a01937
2026/09/17 03:01:15 INFO end call field=Query.secret cached=false digest=xxh3:876226f01d6cc9c2
2026/09/17 03:01:15 INFO end call field=Secret.plaintext cached=false digest=xxh3:e9eb702638a01937
2026/09/17 03:01:15 INFO start call field=Secret.plaintext digest=xxh3:133573d4939823ec
2026/09/17 03:01:15 INFO end call field=Secret.plaintext cached=false digest=xxh3:133573d4939823ec
2026/09/17 03:01:15 INFO end call field=Query.secret cached=false digest=xxh3:6131b143fac34d63
2026/09/17 03:01:15 INFO start call field=Secret.plaintext digest=xxh3:2e6a07ac952ec8ec
2026/09/17 03:01:15 INFO end call field=Secret.plaintext cached=false digest=xxh3:2e6a07ac952ec8ec
2026/09/17 03:01:15 INFO end call field=Query.secret cached=false digest=xxh3:d95773ebf841f6b1
2026/09/17 03:01:15 INFO start call field=Secret.plaintext digest=xxh3:e8a2d5a740c030ed
2026/09/17 03:01:15 INFO end call field=Secret.plaintext cached=false digest=xxh3:e8a2d5a740c030ed
2026/09/17 03:01:15 INFO end call field=LLM.provider cached=false digest=xxh3:6a067981c61866e9
2026/09/17 03:01:15 INFO start call field=Query.secret digest=xxh3:8b4e5c452d174363
2026/09/17 03:01:15 INFO end call field=Query.secret cached=false digest=xxh3:8b4e5c452d174363
2026/09/17 03:01:15 INFO start call field=Secret.plaintext digest=xxh3:a2b7f8d844c3359c
2026/09/17 03:01:15 INFO end call field=Secret.plaintext cached=false digest=xxh3:a2b7f8d844c3359c
2026/09/17 03:01:15 INFO start call field=Query.secret digest=xxh3:941070fb11d2ccb6
2026/09/17 03:01:15 INFO end call field=Query.secret cached=false digest=xxh3:941070fb11d2ccb6
2026/09/17 03:01:15 INFO start call field=Secret.plaintext digest=xxh3:f444fafed5aa3788
2026/09/17 03:01:15 INFO end call field=Secret.plaintext cached=false digest=xxh3:f444fafed5aa3788
2026/09/17 03:01:15 INFO start call field=Query.secret digest=xxh3:c1b7bd7482a81104
2026/09/17 03:01:15 INFO end call field=Query.secret cached=false digest=xxh3:c1b7bd7482a81104
2026/09/17 03:01:15 INFO start call field=Secret.plaintext digest=xxh3:257fa75928688f99
2026/09/17 03:01:15 INFO end call field=Secret.plaintext cached=false digest=xxh3:257fa75928688f99
2026/09/17 03:01:15 INFO start call field=Query.secret digest=xxh3:4505f5fa632428f9
2026/09/17 03:01:15 INFO end call field=Query.secret cached=false digest=xxh3:4505f5fa632428f9
2026/09/17 03:01:15 INFO start call field=Secret.plaintext digest=xxh3:0b6818452af5df15
2026/09/17 03:01:15 INFO end call field=Secret.plaintext cached=false digest=xxh3:0b6818452af5df15
2026/09/17 03:01:15 INFO start call field=Query.secret digest=xxh3:519e16e3773f1120
2026/09/17 03:01:15 INFO end call field=Query.secret cached=false digest=xxh3:519e16e3773f1120
2026/09/17 03:01:15 INFO start call field=Secret.plaintext digest=xxh3:3d0836077b577cb5
2026/09/17 03:01:15 INFO end call field=Secret.plaintext cached=false digest=xxh3:3d0836077b577cb5
2026/09/17 03:01:15 INFO start call field=Query.secret digest=xxh3:bd37a07551410eb1
2026/09/17 03:01:15 INFO end call field=Query.secret cached=false digest=xxh3:bd37a07551410eb1
2026/09/17 03:01:15 INFO start call field=Secret.plaintext digest=xxh3:0afe888c641a0be1
2026/09/17 03:01:15 INFO end call field=Secret.plaintext cached=false digest=xxh3:0afe888c641a0be1
2026/09/17 03:01:15 INFO start call field=Query.secret digest=xxh3:e28e595673edc50c
2026/09/17 03:01:15 WARN failed to get secret plaintext, falling back to random cache key uri=env://ANTHROPIC_AUTH_TOKEN error="rpc error: code = Unknown desc = client credential lookup unavailable"
2026/09/17 03:01:15 INFO end call field=Query.secret cached=false digest=xxh3:e28e595673edc50c
2026/09/17 03:01:15 INFO start call field=Secret.plaintext digest=xxh3:01118f0973c2e3ea
2026/09/17 03:01:15 INFO end call field=Secret.plaintext cached=false digest=xxh3:01118f0973c2e3ea
--- PASS: TestLLMCredentialReloadAfterRoutingCall (1.00s)
    --- PASS: TestLLMCredentialReloadAfterRoutingCall/nested=false (0.47s)
    --- PASS: TestLLMCredentialReloadAfterRoutingCall/nested=true (0.53s)
=== RUN   TestResolveLookupFromLock
=== PAUSE TestResolveLookupFromLock
=== RUN   TestLookupLockForAPI
=== PAUSE TestLookupLockForAPI
=== RUN   TestModuleImplementationScopedDoesNotLeaveStaleSelfDependency
--- PASS: TestModuleImplementationScopedDoesNotLeaveStaleSelfDependency (0.00s)
=== RUN   TestModuleLocaLSource
=== RUN   TestModuleLocaLSource/Local_module_source_commit
=== RUN   TestModuleLocaLSource/Local_module_source_html_repo_url
=== RUN   TestModuleLocaLSource/Local_module_source_version
--- PASS: TestModuleLocaLSource (0.00s)
    --- PASS: TestModuleLocaLSource/Local_module_source_commit (0.00s)
    --- PASS: TestModuleLocaLSource/Local_module_source_html_repo_url (0.00s)
    --- PASS: TestModuleLocaLSource/Local_module_source_version (0.00s)
=== RUN   TestLegacyWorkspaceFieldHandling
=== PAUSE TestLegacyWorkspaceFieldHandling
=== RUN   TestLoadCurrentModuleSourceConfigPreservesGitDependencySourceAndPin
=== PAUSE TestLoadCurrentModuleSourceConfigPreservesGitDependencySourceAndPin
=== RUN   TestCoreSchemaObjectsHavePersistedFamilies
2026/09/17 03:01:15 INFO discarding dagql cache without persistence hasSQLDB=true hasPersistDB=true
--- PASS: TestCoreSchemaObjectsHavePersistedFamilies (0.26s)
=== RUN   TestCoreSchemaModuleReturnDispatchSurvivesRestart
2026/09/17 03:01:16 INFO starting dagql cache close hasSQLDB=true hasPersistDB=true
2026/09/17 03:01:16 INFO marking dagql cache clean shutdown
2026/09/17 03:01:16 WARN successfully marked clean shutdown in persistence metadata
2026/09/17 03:01:16 INFO completed dagql cache close successfully
=== RUN   TestCoreSchemaModuleReturnDispatchSurvivesRestart/first-restart/env
2026/09/17 03:01:16 INFO start call field=EnvVariable.value digest=xxh3:5669b3632751fda2
2026/09/17 03:01:16 INFO end call field=EnvVariable.value cached=false digest=xxh3:5669b3632751fda2
=== RUN   TestCoreSchemaModuleReturnDispatchSurvivesRestart/first-restart/port
2026/09/17 03:01:16 INFO start call field=Port.port digest=xxh3:7ef764a9b1c5a855
2026/09/17 03:01:16 INFO end call field=Port.port cached=false digest=xxh3:7ef764a9b1c5a855
2026/09/17 03:01:16 INFO start call field=Port.description digest=xxh3:60dcd979a7c6be6f
2026/09/17 03:01:16 INFO end call field=Port.description cached=false digest=xxh3:60dcd979a7c6be6f
=== RUN   TestCoreSchemaModuleReturnDispatchSurvivesRestart/first-restart/label
2026/09/17 03:01:16 INFO start call field=Label.value digest=xxh3:90bd676fa8e1f30d
2026/09/17 03:01:16 INFO end call field=Label.value cached=false digest=xxh3:90bd676fa8e1f30d
=== RUN   TestCoreSchemaModuleReturnDispatchSurvivesRestart/first-restart/health
2026/09/17 03:01:16 INFO start call field=HealthcheckConfig.retries digest=xxh3:71c0846bcf9015ec
2026/09/17 03:01:16 INFO end call field=HealthcheckConfig.retries cached=false digest=xxh3:71c0846bcf9015ec
2026/09/17 03:01:16 INFO start call field=HealthcheckConfig.args digest=xxh3:f73bb37f631be226
2026/09/17 03:01:16 INFO end call field=HealthcheckConfig.args cached=false digest=xxh3:f73bb37f631be226
2026/09/17 03:01:16 INFO starting dagql cache close hasSQLDB=true hasPersistDB=true
2026/09/17 03:01:17 INFO marking dagql cache clean shutdown
2026/09/17 03:01:17 WARN successfully marked clean shutdown in persistence metadata
2026/09/17 03:01:17 INFO completed dagql cache close successfully
2026/09/17 03:01:17 INFO starting dagql cache close hasSQLDB=true hasPersistDB=true
2026/09/17 03:01:17 INFO marking dagql cache clean shutdown
2026/09/17 03:01:17 WARN successfully marked clean shutdown in persistence metadata
2026/09/17 03:01:17 INFO completed dagql cache close successfully
=== RUN   TestCoreSchemaModuleReturnDispatchSurvivesRestart/after-untouched-save/env
2026/09/17 03:01:17 INFO start call field=EnvVariable.value digest=xxh3:5669b3632751fda2
2026/09/17 03:01:17 INFO end call field=EnvVariable.value cached=false digest=xxh3:5669b3632751fda2
=== RUN   TestCoreSchemaModuleReturnDispatchSurvivesRestart/after-untouched-save/port
2026/09/17 03:01:17 INFO start call field=Port.port digest=xxh3:7ef764a9b1c5a855
2026/09/17 03:01:17 INFO end call field=Port.port cached=false digest=xxh3:7ef764a9b1c5a855
2026/09/17 03:01:17 INFO start call field=Port.description digest=xxh3:60dcd979a7c6be6f
2026/09/17 03:01:17 INFO end call field=Port.description cached=false digest=xxh3:60dcd979a7c6be6f
=== RUN   TestCoreSchemaModuleReturnDispatchSurvivesRestart/after-untouched-save/label
2026/09/17 03:01:17 INFO start call field=Label.value digest=xxh3:90bd676fa8e1f30d
2026/09/17 03:01:17 INFO end call field=Label.value cached=false digest=xxh3:90bd676fa8e1f30d
=== RUN   TestCoreSchemaModuleReturnDispatchSurvivesRestart/after-untouched-save/health
2026/09/17 03:01:17 INFO start call field=HealthcheckConfig.retries digest=xxh3:71c0846bcf9015ec
2026/09/17 03:01:17 INFO end call field=HealthcheckConfig.retries cached=false digest=xxh3:71c0846bcf9015ec
2026/09/17 03:01:17 INFO start call field=HealthcheckConfig.args digest=xxh3:f73bb37f631be226
2026/09/17 03:01:17 INFO end call field=HealthcheckConfig.args cached=false digest=xxh3:f73bb37f631be226
=== RUN   TestCoreSchemaModuleReturnDispatchSurvivesRestart/label_and_healthcheck_payloads_are_lossless
2026/09/17 03:01:17 INFO discarding dagql cache without persistence hasSQLDB=true hasPersistDB=true
--- PASS: TestCoreSchemaModuleReturnDispatchSurvivesRestart (1.98s)
    --- PASS: TestCoreSchemaModuleReturnDispatchSurvivesRestart/first-restart/env (0.00s)
    --- PASS: TestCoreSchemaModuleReturnDispatchSurvivesRestart/first-restart/port (0.00s)
    --- PASS: TestCoreSchemaModuleReturnDispatchSurvivesRestart/first-restart/label (0.00s)
    --- PASS: TestCoreSchemaModuleReturnDispatchSurvivesRestart/first-restart/health (0.00s)
    --- PASS: TestCoreSchemaModuleReturnDispatchSurvivesRestart/after-untouched-save/env (0.00s)
    --- PASS: TestCoreSchemaModuleReturnDispatchSurvivesRestart/after-untouched-save/port (0.00s)
    --- PASS: TestCoreSchemaModuleReturnDispatchSurvivesRestart/after-untouched-save/label (0.00s)
    --- PASS: TestCoreSchemaModuleReturnDispatchSurvivesRestart/after-untouched-save/health (0.00s)
    --- PASS: TestCoreSchemaModuleReturnDispatchSurvivesRestart/label_and_healthcheck_payloads_are_lossless (0.00s)
=== RUN   TestEngineDefaultPlatformCacheIdentity
2026/09/17 03:01:18 INFO start call field=Query.defaultPlatform digest=xxh3:85e9f43266c69036
2026/09/17 03:01:18 INFO end call field=Query.defaultPlatform cached=false digest=xxh3:85e9f43266c69036
2026/09/17 03:01:18 INFO start call field=Query.defaultPlatform digest=xxh3:60894d9b40c785ec
2026/09/17 03:01:18 INFO end call field=Query.defaultPlatform cached=false digest=xxh3:60894d9b40c785ec
2026/09/17 03:01:18 INFO starting dagql cache close hasSQLDB=false hasPersistDB=false
2026/09/17 03:01:18 INFO completed dagql cache close successfully
--- PASS: TestEngineDefaultPlatformCacheIdentity (0.28s)
=== RUN   TestSchemaFileLazy
    query_lazy_test.go:16: real native snapshot transfer requires read-only bind mount privileges: mount source: "/tmp/TestSchemaFileLazy2994889471/001", target: "/tmp/snapshot-transfer-mount2401777889", fstype: bind, flags: 20481, data: "", err: operation not permitted
--- SKIP: TestSchemaFileLazy (0.00s)
=== RUN   TestRemoteCacheFixture
2026/09/17 03:01:18 INFO discarding dagql cache without persistence hasSQLDB=true hasPersistDB=true
--- PASS: TestRemoteCacheFixture (0.05s)
=== RUN   TestBaseSchemaAllowlist
--- PASS: TestBaseSchemaAllowlist (0.33s)
=== RUN   TestGitBundleSchema
--- PASS: TestGitBundleSchema (0.29s)
=== RUN   TestWorkspaceClientSDKSchema
--- PASS: TestWorkspaceClientSDKSchema (0.43s)
=== RUN   TestSchemaJSONScrubbing
=== RUN   TestSchemaJSONScrubbing/module_and_client_policies
=== RUN   TestSchemaJSONScrubbing/individual_field
=== RUN   TestSchemaJSONScrubbing/different_fields
=== RUN   TestSchemaJSONScrubbing/whole_type
=== RUN   TestSchemaJSONScrubbing/invalid_field
--- PASS: TestSchemaJSONScrubbing (0.33s)
    --- PASS: TestSchemaJSONScrubbing/module_and_client_policies (0.01s)
    --- PASS: TestSchemaJSONScrubbing/individual_field (0.01s)
    --- PASS: TestSchemaJSONScrubbing/different_fields (0.01s)
    --- PASS: TestSchemaJSONScrubbing/whole_type (0.01s)
    --- PASS: TestSchemaJSONScrubbing/invalid_field (0.00s)
=== RUN   TestCoreModTypeDefs
--- PASS: TestCoreModTypeDefs (0.31s)
=== RUN   TestVolumeConstructorsHiddenFromModuleSchema
--- PASS: TestVolumeConstructorsHiddenFromModuleSchema (0.29s)
=== RUN   TestSchemaJSONRejectsInvalidHiddenFields
--- PASS: TestSchemaJSONRejectsInvalidHiddenFields (0.34s)
=== RUN   TestCurrentTypeDefsReturnAllTypes
--- PASS: TestCurrentTypeDefsReturnAllTypes (0.36s)
=== RUN   TestCurrentTypeDefsReturnAllTypesAfterSessionRelease
--- PASS: TestCurrentTypeDefsReturnAllTypesAfterSessionRelease (0.38s)
=== RUN   TestParseSSHFSVolumeEndpoint
--- PASS: TestParseSSHFSVolumeEndpoint (0.00s)
=== RUN   TestVolumeContentDigestFromCacheKey
--- PASS: TestVolumeContentDigestFromCacheKey (0.00s)
=== RUN   TestEngineVolumeRequiresMainClient
2026/09/17 03:01:21 INFO start call field=Query.engineVolume digest=xxh3:847bd60b899b54ff
2026/09/17 03:01:21 INFO end call field=Query.engineVolume cached=false digest=xxh3:847bd60b899b54ff
--- PASS: TestEngineVolumeRequiresMainClient (0.25s)
=== RUN   TestEngineVolumeConstructsStableLogicalConfig
2026/09/17 03:01:21 INFO start call field=Query.engineVolume digest=xxh3:7ac626e124a1cb31
2026/09/17 03:01:21 INFO end call field=Query.engineVolume cached=false digest=xxh3:7ac626e124a1cb31
2026/09/17 03:01:21 INFO start call field=Query.engineVolume digest=xxh3:7ac626e124a1cb31
2026/09/17 03:01:21 INFO end call field=Query.engineVolume cached=true digest=xxh3:7ac626e124a1cb31
--- PASS: TestEngineVolumeConstructsStableLogicalConfig (0.28s)
=== RUN   TestEngineVolumeRejectsInvalidPaths
2026/09/17 03:01:22 INFO start call field=Query.engineVolume digest=xxh3:1f9fd73e4b304d0d
2026/09/17 03:01:22 INFO end call field=Query.engineVolume cached=false digest=xxh3:1f9fd73e4b304d0d
2026/09/17 03:01:22 INFO start call field=Query.engineVolume digest=xxh3:1b2b94b5ef4e2f95
2026/09/17 03:01:22 INFO end call field=Query.engineVolume cached=false digest=xxh3:1b2b94b5ef4e2f95
2026/09/17 03:01:22 INFO start call field=Query.engineVolume digest=xxh3:8f702aee817c340f
2026/09/17 03:01:22 INFO end call field=Query.engineVolume cached=false digest=xxh3:8f702aee817c340f
2026/09/17 03:01:22 INFO start call field=Query.engineVolume digest=xxh3:6527468657cd07c5
2026/09/17 03:01:22 INFO end call field=Query.engineVolume cached=false digest=xxh3:6527468657cd07c5
--- PASS: TestEngineVolumeRejectsInvalidPaths (0.30s)
=== RUN   TestSSHFSVolumeRequiresMainClient
2026/09/17 03:01:22 INFO start call field=Query.setSecret digest=xxh3:51f713bf3dbfa2a7
2026/09/17 03:01:22 INFO end call field=Query.setSecret cached=false digest=xxh3:51f713bf3dbfa2a7
2026/09/17 03:01:22 INFO start call field=Query.sshfsVolume digest=xxh3:f0a0d5ace6bb574a
2026/09/17 03:01:22 INFO end call field=Query.sshfsVolume cached=false digest=xxh3:f0a0d5ace6bb574a
--- PASS: TestSSHFSVolumeRequiresMainClient (0.31s)
=== RUN   TestAddressVolumeRequiresMainClient
2026/09/17 03:01:22 INFO start call field=Query.address digest=xxh3:fca5c307deff0390
2026/09/17 03:01:22 INFO end call field=Query.address cached=false digest=xxh3:fca5c307deff0390
2026/09/17 03:01:22 INFO start call field=Address.volume digest=xxh3:434fda907f5a128b
2026/09/17 03:01:22 INFO end call field=Address.volume cached=false digest=xxh3:434fda907f5a128b
--- PASS: TestAddressVolumeRequiresMainClient (0.31s)
=== RUN   TestAddressConstructsEngineVolume
2026/09/17 03:01:23 INFO start call field=Query.address digest=xxh3:8ffc8614c8189a83
2026/09/17 03:01:23 INFO end call field=Query.address cached=false digest=xxh3:8ffc8614c8189a83
2026/09/17 03:01:23 INFO start call field=Address.volume digest=xxh3:46237ec320fada33
2026/09/17 03:01:23 INFO start call field=Query.engineVolume digest=xxh3:7ac626e124a1cb31
2026/09/17 03:01:23 INFO end call field=Query.engineVolume cached=false digest=xxh3:7ac626e124a1cb31
2026/09/17 03:01:23 INFO end call field=Address.volume cached=false digest=xxh3:46237ec320fada33
--- PASS: TestAddressConstructsEngineVolume (0.34s)
=== RUN   TestSSHFSVolumeRequiresKnownHostsUnlessInsecure
2026/09/17 03:01:23 INFO start call field=Query.setSecret digest=xxh3:8f094c2f44dea6db
2026/09/17 03:01:23 INFO end call field=Query.setSecret cached=false digest=xxh3:8f094c2f44dea6db
2026/09/17 03:01:23 INFO start call field=Query.sshfsVolume digest=xxh3:620a64e4156e0014
2026/09/17 03:01:23 INFO end call field=Query.sshfsVolume cached=false digest=xxh3:620a64e4156e0014
--- PASS: TestSSHFSVolumeRequiresKnownHostsUnlessInsecure (0.29s)
=== RUN   TestEntrypointChangePreservesSDKModuleName
=== RUN   TestEntrypointChangePreservesSDKModuleName/entrypoint=
=== RUN   TestEntrypointChangePreservesSDKModuleName/entrypoint=other
--- PASS: TestEntrypointChangePreservesSDKModuleName (0.00s)
    --- PASS: TestEntrypointChangePreservesSDKModuleName/entrypoint= (0.00s)
    --- PASS: TestEntrypointChangePreservesSDKModuleName/entrypoint=other (0.00s)
=== RUN   TestModuleMigrationUsesInstalledSDK
=== RUN   TestModuleMigrationUsesInstalledSDK/versioned_provider
=== RUN   TestModuleMigrationUsesInstalledSDK/versioned_provider/native=false
=== RUN   TestModuleMigrationUsesInstalledSDK/versioned_provider/native=true
=== RUN   TestModuleMigrationUsesInstalledSDK/vanity_provider
=== RUN   TestModuleMigrationUsesInstalledSDK/vanity_provider/native=false
=== RUN   TestModuleMigrationUsesInstalledSDK/vanity_provider/native=true
=== RUN   TestModuleMigrationUsesInstalledSDK/pinned_provider
=== RUN   TestModuleMigrationUsesInstalledSDK/pinned_provider/native=false
=== RUN   TestModuleMigrationUsesInstalledSDK/pinned_provider/native=true
=== RUN   TestModuleMigrationUsesInstalledSDK/custom_named_SDK
=== RUN   TestModuleMigrationUsesInstalledSDK/custom_named_SDK/native=false
=== RUN   TestModuleMigrationUsesInstalledSDK/custom_named_SDK/native=true
=== RUN   TestModuleMigrationUsesInstalledSDK/explicit_version_conflicts
=== RUN   TestModuleMigrationUsesInstalledSDK/explicit_version_conflicts/native=false
=== RUN   TestModuleMigrationUsesInstalledSDK/explicit_version_conflicts/native=true
=== RUN   TestModuleMigrationUsesInstalledSDK/different_owner_conflicts
=== RUN   TestModuleMigrationUsesInstalledSDK/different_owner_conflicts/native=false
=== RUN   TestModuleMigrationUsesInstalledSDK/different_owner_conflicts/native=true
--- PASS: TestModuleMigrationUsesInstalledSDK (0.00s)
    --- PASS: TestModuleMigrationUsesInstalledSDK/versioned_provider (0.00s)
        --- PASS: TestModuleMigrationUsesInstalledSDK/versioned_provider/native=false (0.00s)
        --- PASS: TestModuleMigrationUsesInstalledSDK/versioned_provider/native=true (0.00s)
    --- PASS: TestModuleMigrationUsesInstalledSDK/vanity_provider (0.00s)
        --- PASS: TestModuleMigrationUsesInstalledSDK/vanity_provider/native=false (0.00s)
        --- PASS: TestModuleMigrationUsesInstalledSDK/vanity_provider/native=true (0.00s)
    --- PASS: TestModuleMigrationUsesInstalledSDK/pinned_provider (0.00s)
        --- PASS: TestModuleMigrationUsesInstalledSDK/pinned_provider/native=false (0.00s)
        --- PASS: TestModuleMigrationUsesInstalledSDK/pinned_provider/native=true (0.00s)
    --- PASS: TestModuleMigrationUsesInstalledSDK/custom_named_SDK (0.00s)
        --- PASS: TestModuleMigrationUsesInstalledSDK/custom_named_SDK/native=false (0.00s)
        --- PASS: TestModuleMigrationUsesInstalledSDK/custom_named_SDK/native=true (0.00s)
    --- PASS: TestModuleMigrationUsesInstalledSDK/explicit_version_conflicts (0.00s)
        --- PASS: TestModuleMigrationUsesInstalledSDK/explicit_version_conflicts/native=false (0.00s)
        --- PASS: TestModuleMigrationUsesInstalledSDK/explicit_version_conflicts/native=true (0.00s)
    --- PASS: TestModuleMigrationUsesInstalledSDK/different_owner_conflicts (0.00s)
        --- PASS: TestModuleMigrationUsesInstalledSDK/different_owner_conflicts/native=false (0.00s)
        --- PASS: TestModuleMigrationUsesInstalledSDK/different_owner_conflicts/native=true (0.00s)
=== RUN   TestModuleMigrationGraph
--- PASS: TestModuleMigrationGraph (0.00s)
=== RUN   TestStandaloneModuleMigrationKeepsDependenciesAndNativeWorkspace
--- PASS: TestStandaloneModuleMigrationKeepsDependenciesAndNativeWorkspace (0.00s)
=== RUN   TestStandaloneModuleMigrationWithoutWorkspace
--- PASS: TestStandaloneModuleMigrationWithoutWorkspace (0.00s)
=== RUN   TestModuleMigrationNativeDependenciesWithoutWorkspace
--- PASS: TestModuleMigrationNativeDependenciesWithoutWorkspace (0.00s)
=== RUN   TestModuleMigrationConflictsPreserveFiles
--- PASS: TestModuleMigrationConflictsPreserveFiles (0.00s)
=== RUN   TestModuleMigrationStopsAtNestedWorkspace
--- PASS: TestModuleMigrationStopsAtNestedWorkspace (0.00s)
=== RUN   TestModuleMigrationKeepsNativeWorkspaceBoundary
--- PASS: TestModuleMigrationKeepsNativeWorkspaceBoundary (0.00s)
=== RUN   TestModuleMigrationRequiredFailures
=== RUN   TestModuleMigrationRequiredFailures/unsupported_SDK
=== RUN   TestModuleMigrationRequiredFailures/unsupported_dependency
=== RUN   TestModuleMigrationRequiredFailures/missing_dependency
=== RUN   TestModuleMigrationRequiredFailures/absolute_dependency
=== RUN   TestModuleMigrationRequiredFailures/escaping_dependency
--- PASS: TestModuleMigrationRequiredFailures (0.00s)
    --- PASS: TestModuleMigrationRequiredFailures/unsupported_SDK (0.00s)
    --- PASS: TestModuleMigrationRequiredFailures/unsupported_dependency (0.00s)
    --- PASS: TestModuleMigrationRequiredFailures/missing_dependency (0.00s)
    --- PASS: TestModuleMigrationRequiredFailures/absolute_dependency (0.00s)
    --- PASS: TestModuleMigrationRequiredFailures/escaping_dependency (0.00s)
=== RUN   TestOptionalModuleCandidates
--- PASS: TestOptionalModuleCandidates (0.00s)
=== RUN   TestMigrationModulePath
--- PASS: TestMigrationModulePath (0.00s)
=== RUN   TestMigrationScopeRejectsUnnormalizedPaths
--- PASS: TestMigrationScopeRejectsUnnormalizedPaths (0.00s)
=== RUN   TestMigrationSDKUpdatesOnlyChangedConfigs
--- PASS: TestMigrationSDKUpdatesOnlyChangedConfigs (0.00s)
=== RUN   TestMigrationNoopPreservesConfigBytes
--- PASS: TestMigrationNoopPreservesConfigBytes (0.00s)
=== RUN   TestMigrationConfigSelectionUsesOwnership
--- PASS: TestMigrationConfigSelectionUsesOwnership (0.00s)
=== RUN   TestModuleMigrationCleanupFailurePreservesPlan
--- PASS: TestModuleMigrationCleanupFailurePreservesPlan (0.00s)
=== RUN   TestModuleMigrationCleansEveryConvertedModule
--- PASS: TestModuleMigrationCleansEveryConvertedModule (0.00s)
=== RUN   TestPlanMigratedSDKFixups
--- PASS: TestPlanMigratedSDKFixups (0.00s)
=== RUN   TestApplyMigratedSDKFixupsPreservesScopes
--- PASS: TestApplyMigratedSDKFixupsPreservesScopes (0.00s)
=== RUN   TestWorkspaceModuleResolutionLine
--- PASS: TestWorkspaceModuleResolutionLine (0.00s)
=== RUN   TestMergeSearchResults
=== RUN   TestMergeSearchResults/overlay_replaces_host_results_per_file
=== RUN   TestMergeSearchResults/touched_file_with_no_overlay_matches_disappears
=== RUN   TestMergeSearchResults/sorted_by_file_then_line
=== RUN   TestMergeSearchResults/limit_caps_the_merged_set
=== RUN   TestMergeSearchResults/mount_points_shadow_source_results_beneath_them
--- PASS: TestMergeSearchResults (0.00s)
    --- PASS: TestMergeSearchResults/overlay_replaces_host_results_per_file (0.00s)
    --- PASS: TestMergeSearchResults/touched_file_with_no_overlay_matches_disappears (0.00s)
    --- PASS: TestMergeSearchResults/sorted_by_file_then_line (0.00s)
    --- PASS: TestMergeSearchResults/limit_caps_the_merged_set (0.00s)
    --- PASS: TestMergeSearchResults/mount_points_shadow_source_results_beneath_them (0.00s)
=== RUN   TestSearchPathInScopes
--- PASS: TestSearchPathInScopes (0.00s)
=== RUN   TestSearchSourcePaths
=== RUN   TestSearchSourcePaths/no_explicit_paths_pass_through
=== RUN   TestSearchSourcePaths/mount-covered_paths_are_dropped_from_source_operands
=== RUN   TestSearchSourcePaths/all_paths_mount-covered_skips_the_source_side
=== RUN   TestSearchSourcePaths/mount_ancestor_absent_from_the_source_is_dropped
=== RUN   TestSearchSourcePaths/paths_uninvolved_with_mounts_are_kept_verbatim
--- PASS: TestSearchSourcePaths (0.00s)
    --- PASS: TestSearchSourcePaths/no_explicit_paths_pass_through (0.00s)
    --- PASS: TestSearchSourcePaths/mount-covered_paths_are_dropped_from_source_operands (0.00s)
    --- PASS: TestSearchSourcePaths/all_paths_mount-covered_skips_the_source_side (0.00s)
    --- PASS: TestSearchSourcePaths/mount_ancestor_absent_from_the_source_is_dropped (0.00s)
    --- PASS: TestSearchSourcePaths/paths_uninvolved_with_mounts_are_kept_verbatim (0.00s)
=== RUN   TestMergeGlobMatches
=== RUN   TestMergeGlobMatches/overlay_replaces_host_matches_per_path
=== RUN   TestMergeGlobMatches/shared_parent_directories_dedup_across_trees
=== RUN   TestMergeGlobMatches/removed_path_with_no_overlay_match_disappears
=== RUN   TestMergeGlobMatches/mount_points_shadow_source_matches_beneath_them
--- PASS: TestMergeGlobMatches (0.00s)
    --- PASS: TestMergeGlobMatches/overlay_replaces_host_matches_per_path (0.00s)
    --- PASS: TestMergeGlobMatches/shared_parent_directories_dedup_across_trees (0.00s)
    --- PASS: TestMergeGlobMatches/removed_path_with_no_overlay_match_disappears (0.00s)
    --- PASS: TestMergeGlobMatches/mount_points_shadow_source_matches_beneath_them (0.00s)
=== RUN   TestTouchedParentDirs
=== RUN   TestTouchedParentDirs/empty
=== RUN   TestTouchedParentDirs/root-level_files_only
=== RUN   TestTouchedParentDirs/nested_file
=== RUN   TestTouchedParentDirs/deep_file_seeds_every_ancestor,_outermost_first
=== RUN   TestTouchedParentDirs/ancestors_shared_by_siblings_are_seeded_once
=== RUN   TestTouchedParentDirs/de-duplicates_parents
=== RUN   TestTouchedParentDirs/touched_directory_itself_has_no_parent_seeded
=== RUN   TestTouchedParentDirs/paths_under_a_touched_directory_are_covered_by_it
=== RUN   TestTouchedParentDirs/sibling_of_a_touched_directory_still_seeds
=== RUN   TestTouchedParentDirs/cleans_trailing_slash_and_dot_segments
--- PASS: TestTouchedParentDirs (0.00s)
    --- PASS: TestTouchedParentDirs/empty (0.00s)
    --- PASS: TestTouchedParentDirs/root-level_files_only (0.00s)
    --- PASS: TestTouchedParentDirs/nested_file (0.00s)
    --- PASS: TestTouchedParentDirs/deep_file_seeds_every_ancestor,_outermost_first (0.00s)
    --- PASS: TestTouchedParentDirs/ancestors_shared_by_siblings_are_seeded_once (0.00s)
    --- PASS: TestTouchedParentDirs/de-duplicates_parents (0.00s)
    --- PASS: TestTouchedParentDirs/touched_directory_itself_has_no_parent_seeded (0.00s)
    --- PASS: TestTouchedParentDirs/paths_under_a_touched_directory_are_covered_by_it (0.00s)
    --- PASS: TestTouchedParentDirs/sibling_of_a_touched_directory_still_seeds (0.00s)
    --- PASS: TestTouchedParentDirs/cleans_trailing_slash_and_dot_segments (0.00s)
=== RUN   TestTouchedParentDirPatterns
=== RUN   TestTouchedParentDirPatterns/root-level_files_need_no_directory_read
=== RUN   TestTouchedParentDirPatterns/deepest_directory_of_a_chain_only
=== RUN   TestTouchedParentDirPatterns/separate_chains_each_contribute
=== RUN   TestTouchedParentDirPatterns/a_shallower_ancestor_of_another_chain_is_dropped
--- PASS: TestTouchedParentDirPatterns (0.00s)
    --- PASS: TestTouchedParentDirPatterns/root-level_files_need_no_directory_read (0.00s)
    --- PASS: TestTouchedParentDirPatterns/deepest_directory_of_a_chain_only (0.00s)
    --- PASS: TestTouchedParentDirPatterns/separate_chains_each_contribute (0.00s)
    --- PASS: TestTouchedParentDirPatterns/a_shallower_ancestor_of_another_chain_is_dropped (0.00s)
=== RUN   TestSelectSDKModuleClients
=== PAUSE TestSelectSDKModuleClients
=== RUN   TestSelectSDKModuleClientsSkipsEmptyScopes
=== PAUSE TestSelectSDKModuleClientsSkipsEmptyScopes
=== RUN   TestSelectSDKModuleClientsForModuleSources
=== PAUSE TestSelectSDKModuleClientsForModuleSources
=== RUN   TestOrderSDKModuleClientSelections
=== PAUSE TestOrderSDKModuleClientSelections
=== RUN   TestResolveSDKModuleInit
=== PAUSE TestResolveSDKModuleInit
=== RUN   TestResolveSDKModuleName
=== RUN   TestResolveSDKModuleName/SDK-selected_path_retains_the_entrypoint_name
=== RUN   TestResolveSDKModuleName/explicit_name_wins_over_entrypoint_and_path
=== RUN   TestResolveSDKModuleName/explicit_path_without_installation_supplies_the_name
=== RUN   TestResolveSDKModuleName/aliases_and_unrelated_entrypoints_do_not_supply_the_name
=== RUN   TestResolveSDKModuleName/root-relative_installation_matches
=== RUN   TestResolveSDKModuleName/ambiguous_entrypoints_require_an_override
--- PASS: TestResolveSDKModuleName (0.00s)
    --- PASS: TestResolveSDKModuleName/SDK-selected_path_retains_the_entrypoint_name (0.00s)
    --- PASS: TestResolveSDKModuleName/explicit_name_wins_over_entrypoint_and_path (0.00s)
    --- PASS: TestResolveSDKModuleName/explicit_path_without_installation_supplies_the_name (0.00s)
    --- PASS: TestResolveSDKModuleName/aliases_and_unrelated_entrypoints_do_not_supply_the_name (0.00s)
    --- PASS: TestResolveSDKModuleName/root-relative_installation_matches (0.00s)
    --- PASS: TestResolveSDKModuleName/ambiguous_entrypoints_require_an_override (0.00s)
=== RUN   TestPlanSDKModuleInitInstall
=== RUN   TestPlanSDKModuleInitInstall/default_name_and_path_install_an_entrypoint
=== RUN   TestPlanSDKModuleInitInstall/explicit_name_installs_a_namespaced_module
=== RUN   TestPlanSDKModuleInitInstall/custom_path
=== RUN   TestPlanSDKModuleInitInstall/repeated_default_init_promotes_and_preserves_its_entrypoint
=== RUN   TestPlanSDKModuleInitInstall/explicit_init_does_not_demote_an_entrypoint
=== RUN   TestPlanSDKModuleInitInstall/different_entrypoint_requires_an_explicit_name
--- PASS: TestPlanSDKModuleInitInstall (0.00s)
    --- PASS: TestPlanSDKModuleInitInstall/default_name_and_path_install_an_entrypoint (0.00s)
    --- PASS: TestPlanSDKModuleInitInstall/explicit_name_installs_a_namespaced_module (0.00s)
    --- PASS: TestPlanSDKModuleInitInstall/custom_path (0.00s)
    --- PASS: TestPlanSDKModuleInitInstall/repeated_default_init_promotes_and_preserves_its_entrypoint (0.00s)
    --- PASS: TestPlanSDKModuleInitInstall/explicit_init_does_not_demote_an_entrypoint (0.00s)
    --- PASS: TestPlanSDKModuleInitInstall/different_entrypoint_requires_an_explicit_name (0.00s)
=== RUN   TestInstalledSDKSource
=== PAUSE TestInstalledSDKSource
=== RUN   TestInstalledSDKSourceRejectsMultipleNamesForProvider
=== PAUSE TestInstalledSDKSourceRejectsMultipleNamesForProvider
=== RUN   TestSelectSDKModuleRequiresName
--- PASS: TestSelectSDKModuleRequiresName (0.00s)
=== RUN   TestDeepestRecordedSDKModuleScope
--- PASS: TestDeepestRecordedSDKModuleScope (0.00s)
=== RUN   TestDeeperSDKModuleScope
=== RUN   TestDeeperSDKModuleScope/none
=== RUN   TestDeeperSDKModuleScope/first_only
=== RUN   TestDeeperSDKModuleScope/second_only
=== RUN   TestDeeperSDKModuleScope/second_is_deeper
=== RUN   TestDeeperSDKModuleScope/first_is_deeper
=== RUN   TestDeeperSDKModuleScope/equal
--- PASS: TestDeeperSDKModuleScope (0.00s)
    --- PASS: TestDeeperSDKModuleScope/none (0.00s)
    --- PASS: TestDeeperSDKModuleScope/first_only (0.00s)
    --- PASS: TestDeeperSDKModuleScope/second_only (0.00s)
    --- PASS: TestDeeperSDKModuleScope/second_is_deeper (0.00s)
    --- PASS: TestDeeperSDKModuleScope/first_is_deeper (0.00s)
    --- PASS: TestDeeperSDKModuleScope/equal (0.00s)
=== RUN   TestSelectDeepestSDKModuleScope
=== RUN   TestSelectDeepestSDKModuleScope/none
=== RUN   TestSelectDeepestSDKModuleScope/one
=== RUN   TestSelectDeepestSDKModuleScope/deeper_SDK
=== RUN   TestSelectDeepestSDKModuleScope/deeper_SDK_first
=== RUN   TestSelectDeepestSDKModuleScope/one_character_directory
=== RUN   TestSelectDeepestSDKModuleScope/shallower_tie
=== RUN   TestSelectDeepestSDKModuleScope/same_SDK_nested_records
=== RUN   TestSelectDeepestSDKModuleScope/deepest_tie
--- PASS: TestSelectDeepestSDKModuleScope (0.00s)
    --- PASS: TestSelectDeepestSDKModuleScope/none (0.00s)
    --- PASS: TestSelectDeepestSDKModuleScope/one (0.00s)
    --- PASS: TestSelectDeepestSDKModuleScope/deeper_SDK (0.00s)
    --- PASS: TestSelectDeepestSDKModuleScope/deeper_SDK_first (0.00s)
    --- PASS: TestSelectDeepestSDKModuleScope/one_character_directory (0.00s)
    --- PASS: TestSelectDeepestSDKModuleScope/shallower_tie (0.00s)
    --- PASS: TestSelectDeepestSDKModuleScope/same_SDK_nested_records (0.00s)
    --- PASS: TestSelectDeepestSDKModuleScope/deepest_tie (0.00s)
=== RUN   TestWorkspaceSDKEntryPaths
=== PAUSE TestWorkspaceSDKEntryPaths
=== RUN   TestModuleEntrySourceWithPinRelativeToLeavesGitRefsCanonical
=== PAUSE TestModuleEntrySourceWithPinRelativeToLeavesGitRefsCanonical
=== RUN   TestValidateSDKModuleGenerationGraph
=== PAUSE TestValidateSDKModuleGenerationGraph
=== RUN   TestPlanSDKModuleScopes
=== PAUSE TestPlanSDKModuleScopes
=== RUN   TestResolveWorkspaceClientModuleInput
=== PAUSE TestResolveWorkspaceClientModuleInput
=== RUN   TestRootAnchoredSDKScopeIsMatched
=== RUN   TestRootAnchoredSDKScopeIsMatched/uninstall_removes_the_module_scope
=== RUN   TestRootAnchoredSDKScopeIsMatched/sdk_listing_resolves_it
--- PASS: TestRootAnchoredSDKScopeIsMatched (0.00s)
    --- PASS: TestRootAnchoredSDKScopeIsMatched/uninstall_removes_the_module_scope (0.00s)
    --- PASS: TestRootAnchoredSDKScopeIsMatched/sdk_listing_resolves_it (0.00s)
=== RUN   TestValidateSDKModuleDestination
=== PAUSE TestValidateSDKModuleDestination
=== RUN   TestPlanSDKModuleInitInstallControls
=== RUN   TestPlanSDKModuleInitInstallControls/custom_path_explicit_install
=== RUN   TestPlanSDKModuleInitInstallControls/custom_path_explicit_entrypoint
=== RUN   TestPlanSDKModuleInitInstallControls/no_install
=== RUN   TestPlanSDKModuleInitInstallControls/no_entrypoint
=== RUN   TestPlanSDKModuleInitInstallControls/explicit_replacement
=== RUN   TestPlanSDKModuleInitInstallControls/explicit_install_keeps_implicit_conflict
=== RUN   TestPlanSDKModuleInitInstallControls/contradictory_controls
=== RUN   TestPlanSDKModuleInitInstallControls/failed_install_leaves_old_entrypoint_selected
--- PASS: TestPlanSDKModuleInitInstallControls (0.00s)
    --- PASS: TestPlanSDKModuleInitInstallControls/custom_path_explicit_install (0.00s)
    --- PASS: TestPlanSDKModuleInitInstallControls/custom_path_explicit_entrypoint (0.00s)
    --- PASS: TestPlanSDKModuleInitInstallControls/no_install (0.00s)
    --- PASS: TestPlanSDKModuleInitInstallControls/no_entrypoint (0.00s)
    --- PASS: TestPlanSDKModuleInitInstallControls/explicit_replacement (0.00s)
    --- PASS: TestPlanSDKModuleInitInstallControls/explicit_install_keeps_implicit_conflict (0.00s)
    --- PASS: TestPlanSDKModuleInitInstallControls/contradictory_controls (0.00s)
    --- PASS: TestPlanSDKModuleInitInstallControls/failed_install_leaves_old_entrypoint_selected (0.00s)
=== RUN   TestSDKModuleInitRejectsContradictoryControlsBeforeWorkspaceLoad
--- PASS: TestSDKModuleInitRejectsContradictoryControlsBeforeWorkspaceLoad (0.00s)
=== RUN   TestWorkspaceSettingHintTypeInfo
=== PAUSE TestWorkspaceSettingHintTypeInfo
=== RUN   TestWorkspacePrivateSourceFieldsAreNotGraphQLFields
--- PASS: TestWorkspacePrivateSourceFieldsAreNotGraphQLFields (0.00s)
=== RUN   TestEffectiveWorkspaceConfigBytesAppliesUserOverlay
=== PAUSE TestEffectiveWorkspaceConfigBytesAppliesUserOverlay
=== RUN   TestWorkspaceMountedPath
=== RUN   TestWorkspaceMountedPath/at_or_under_a_mount_point
=== RUN   TestWorkspaceMountedPath/at_or_under_a_mount_point/.refs/notes.txt
=== RUN   TestWorkspaceMountedPath/at_or_under_a_mount_point/deps/vendored
=== RUN   TestWorkspaceMountedPath/at_or_under_a_mount_point/deps/vendored/lib/util.go
=== RUN   TestWorkspaceMountedPath/at_or_under_a_mount_point/.refs
=== RUN   TestWorkspaceMountedPath/at_or_under_a_mount_point/deps
=== RUN   TestWorkspaceMountedPath/at_or_under_a_mount_point/.
=== RUN   TestWorkspaceMountedPath/at_or_under_a_mount_point/deps/vendored-extra
=== RUN   TestWorkspaceMountedPath/at_or_under_a_mount_point/.refs/notes.txt.bak
=== RUN   TestWorkspaceMountedPath/at_or_under_a_mount_point/src/main.go
=== RUN   TestWorkspaceMountedPath/mounts_under
=== RUN   TestWorkspaceMountedPath/mounts_under/.
=== RUN   TestWorkspaceMountedPath/mounts_under/.refs
=== RUN   TestWorkspaceMountedPath/mounts_under/deps
=== RUN   TestWorkspaceMountedPath/mounts_under/deps/vendored
=== RUN   TestWorkspaceMountedPath/mounts_under/src
=== RUN   TestWorkspaceMountedPath/mounts_under/deps/vendored-extra
=== RUN   TestWorkspaceMountedPath/no_mounts
--- PASS: TestWorkspaceMountedPath (0.00s)
    --- PASS: TestWorkspaceMountedPath/at_or_under_a_mount_point (0.00s)
        --- PASS: TestWorkspaceMountedPath/at_or_under_a_mount_point/.refs/notes.txt (0.00s)
        --- PASS: TestWorkspaceMountedPath/at_or_under_a_mount_point/deps/vendored (0.00s)
        --- PASS: TestWorkspaceMountedPath/at_or_under_a_mount_point/deps/vendored/lib/util.go (0.00s)
        --- PASS: TestWorkspaceMountedPath/at_or_under_a_mount_point/.refs (0.00s)
        --- PASS: TestWorkspaceMountedPath/at_or_under_a_mount_point/deps (0.00s)
        --- PASS: TestWorkspaceMountedPath/at_or_under_a_mount_point/. (0.00s)
        --- PASS: TestWorkspaceMountedPath/at_or_under_a_mount_point/deps/vendored-extra (0.00s)
        --- PASS: TestWorkspaceMountedPath/at_or_under_a_mount_point/.refs/notes.txt.bak (0.00s)
        --- PASS: TestWorkspaceMountedPath/at_or_under_a_mount_point/src/main.go (0.00s)
    --- PASS: TestWorkspaceMountedPath/mounts_under (0.00s)
        --- PASS: TestWorkspaceMountedPath/mounts_under/. (0.00s)
        --- PASS: TestWorkspaceMountedPath/mounts_under/.refs (0.00s)
        --- PASS: TestWorkspaceMountedPath/mounts_under/deps (0.00s)
        --- PASS: TestWorkspaceMountedPath/mounts_under/deps/vendored (0.00s)
        --- PASS: TestWorkspaceMountedPath/mounts_under/src (0.00s)
        --- PASS: TestWorkspaceMountedPath/mounts_under/deps/vendored-extra (0.00s)
    --- PASS: TestWorkspaceMountedPath/no_mounts (0.00s)
=== RUN   TestInitialWorkspaceConfigOmitsCheckGenerated
=== PAUSE TestInitialWorkspaceConfigOmitsCheckGenerated
=== RUN   TestMatchWorkspaceInclude
=== RUN   TestMatchWorkspaceInclude/empty_include_matches_everything
=== RUN   TestMatchWorkspaceInclude/module-prefixed_pattern_matches
=== RUN   TestMatchWorkspaceInclude/wildcard_module_pattern_matches
=== RUN   TestMatchWorkspaceInclude/other_module_does_not_match
--- PASS: TestMatchWorkspaceInclude (0.00s)
    --- PASS: TestMatchWorkspaceInclude/empty_include_matches_everything (0.00s)
    --- PASS: TestMatchWorkspaceInclude/module-prefixed_pattern_matches (0.00s)
    --- PASS: TestMatchWorkspaceInclude/wildcard_module_pattern_matches (0.00s)
    --- PASS: TestMatchWorkspaceInclude/other_module_does_not_match (0.00s)
=== RUN   TestWorkspaceConfigWithCompatFallback
=== RUN   TestWorkspaceConfigWithCompatFallback/no_config_and_no_compat_returns_empty_config
=== RUN   TestWorkspaceConfigWithCompatFallback/compat_workspace_projects_skips_and_port_mappings
--- PASS: TestWorkspaceConfigWithCompatFallback (0.00s)
    --- PASS: TestWorkspaceConfigWithCompatFallback/no_config_and_no_compat_returns_empty_config (0.00s)
    --- PASS: TestWorkspaceConfigWithCompatFallback/compat_workspace_projects_skips_and_port_mappings (0.00s)
=== RUN   TestWorkspaceConfigSkipPatterns
=== RUN   TestWorkspaceConfigSkipPatterns/missing_config_has_no_skips
=== RUN   TestWorkspaceConfigSkipPatterns/compat_workspace_uses_projected_skips
--- PASS: TestWorkspaceConfigSkipPatterns (0.00s)
    --- PASS: TestWorkspaceConfigSkipPatterns/missing_config_has_no_skips (0.00s)
    --- PASS: TestWorkspaceConfigSkipPatterns/compat_workspace_uses_projected_skips (0.00s)
=== RUN   TestFilterGeneratorsByInclude
=== RUN   TestFilterGeneratorsByInclude/qualified
=== RUN   TestFilterGeneratorsByInclude/entrypoint
=== RUN   TestFilterGeneratorsByInclude/entrypoint_qualified_alias
=== RUN   TestFilterGeneratorsByInclude/single_ordinary_module_requires_prefix
--- PASS: TestFilterGeneratorsByInclude (0.00s)
    --- PASS: TestFilterGeneratorsByInclude/qualified (0.00s)
    --- PASS: TestFilterGeneratorsByInclude/entrypoint (0.00s)
    --- PASS: TestFilterGeneratorsByInclude/entrypoint_qualified_alias (0.00s)
    --- PASS: TestFilterGeneratorsByInclude/single_ordinary_module_requires_prefix (0.00s)
=== RUN   TestWorkspaceTargetSkipNames
=== RUN   TestWorkspaceTargetSkipNames/short_skip_only_excludes_entrypoint
=== RUN   TestWorkspaceTargetSkipNames/qualified_skip
=== RUN   TestWorkspaceTargetSkipNames/skip_other_module
=== RUN   TestWorkspaceTargetSkipNames/explicit_wildcard
=== RUN   TestWorkspaceTargetSkipNames/module_settings_use_local_names
--- PASS: TestWorkspaceTargetSkipNames (0.00s)
    --- PASS: TestWorkspaceTargetSkipNames/short_skip_only_excludes_entrypoint (0.00s)
    --- PASS: TestWorkspaceTargetSkipNames/qualified_skip (0.00s)
    --- PASS: TestWorkspaceTargetSkipNames/skip_other_module (0.00s)
    --- PASS: TestWorkspaceTargetSkipNames/explicit_wildcard (0.00s)
    --- PASS: TestWorkspaceTargetSkipNames/module_settings_use_local_names (0.00s)
=== RUN   TestSelectVisibleGeneratorModules
=== RUN   TestSelectVisibleGeneratorModules/wrapper_hides_raw_blueprint_alias
=== RUN   TestSelectVisibleGeneratorModules/single_raw_module_remains_visible
=== RUN   TestSelectVisibleGeneratorModules/multiple_wrappers_sharing_one_implementation_remain_visible
--- PASS: TestSelectVisibleGeneratorModules (0.00s)
    --- PASS: TestSelectVisibleGeneratorModules/wrapper_hides_raw_blueprint_alias (0.00s)
    --- PASS: TestSelectVisibleGeneratorModules/single_raw_module_remains_visible (0.00s)
    --- PASS: TestSelectVisibleGeneratorModules/multiple_wrappers_sharing_one_implementation_remain_visible (0.00s)
=== RUN   TestResolveWorkspacePath
=== RUN   TestResolveWorkspacePath/relative_path_resolves_from_workspace_cwd
=== RUN   TestResolveWorkspacePath/dot_resolves_to_workspace_cwd
=== RUN   TestResolveWorkspacePath/absolute_path_resolves_from_workspace_root
=== RUN   TestResolveWorkspacePath/root_absolute_path_resolves_to_workspace_root
=== RUN   TestResolveWorkspacePath/relative_path_cannot_escape_workspace_root
=== RUN   TestResolveWorkspacePath/windows_separators
--- PASS: TestResolveWorkspacePath (0.00s)
    --- PASS: TestResolveWorkspacePath/relative_path_resolves_from_workspace_cwd (0.00s)
    --- PASS: TestResolveWorkspacePath/dot_resolves_to_workspace_cwd (0.00s)
    --- PASS: TestResolveWorkspacePath/absolute_path_resolves_from_workspace_root (0.00s)
    --- PASS: TestResolveWorkspacePath/root_absolute_path_resolves_to_workspace_root (0.00s)
    --- PASS: TestResolveWorkspacePath/relative_path_cannot_escape_workspace_root (0.00s)
    --- PASS: TestResolveWorkspacePath/windows_separators (0.00s)
=== RUN   TestWorkspacePathInOrLeadingToCwd
--- PASS: TestWorkspacePathInOrLeadingToCwd (0.00s)
=== RUN   TestWorkspaceAPIPath
=== RUN   TestWorkspaceAPIPath/boundary_root_is_slash
=== RUN   TestWorkspaceAPIPath/nested_path_is_absolute_from_boundary
--- PASS: TestWorkspaceAPIPath (0.00s)
    --- PASS: TestWorkspaceAPIPath/boundary_root_is_slash (0.00s)
    --- PASS: TestWorkspaceAPIPath/nested_path_is_absolute_from_boundary (0.00s)
=== RUN   TestWorkspacePathRelativeToCwd
=== RUN   TestWorkspacePathRelativeToCwd/root_cwd
=== RUN   TestWorkspacePathRelativeToCwd/nested_cwd
=== RUN   TestWorkspacePathRelativeToCwd/selected_workspace_cwd
=== RUN   TestWorkspacePathRelativeToCwd/no_path
--- PASS: TestWorkspacePathRelativeToCwd (0.00s)
    --- PASS: TestWorkspacePathRelativeToCwd/root_cwd (0.00s)
    --- PASS: TestWorkspacePathRelativeToCwd/nested_cwd (0.00s)
    --- PASS: TestWorkspacePathRelativeToCwd/selected_workspace_cwd (0.00s)
    --- PASS: TestWorkspacePathRelativeToCwd/no_path (0.00s)
=== RUN   TestWorkspaceRootfsRequiresDirectory
--- PASS: TestWorkspaceRootfsRequiresDirectory (0.00s)
=== RUN   TestWorkspaceMigrationWarningsKeepsGapWarningsAggregated
--- PASS: TestWorkspaceMigrationWarningsKeepsGapWarningsAggregated (0.00s)
=== RUN   TestWorkspaceMigrationRootPath
--- PASS: TestWorkspaceMigrationRootPath (0.00s)
=== RUN   TestWorkspaceMigrationParentPlans
=== RUN   TestWorkspaceMigrationParentPlans/plain_module_in_a_subdirectory_gets_no_parent_workspace
=== RUN   TestWorkspaceMigrationParentPlans/plain_root_module_creates_root_parent_with_SDK_module
=== RUN   TestWorkspaceMigrationParentPlans/subdirectory_toolchains_config_installs_SDK_in_the_hoisted_root_plan
=== RUN   TestWorkspaceMigrationParentPlans/project-style_module_at_the_root_is_not_assigned_a_runtime_pin
=== RUN   TestWorkspaceMigrationParentPlans/subdirectory_module_without_toolchains_gets_no_runtime_pin
=== RUN   TestWorkspaceMigrationParentPlans/subdirectory_module-only_migration_leaves_discovered_dependency_SDKs_unrecorded
=== RUN   TestWorkspaceMigrationParentPlans/parent_SDK_module_name_conflicts_get_a_stable_alternate_name
=== RUN   TestWorkspaceMigrationParentPlans/module_repo_runtime_pin_and_discovered_dependency_share_one_SDK_install
--- PASS: TestWorkspaceMigrationParentPlans (0.00s)
    --- PASS: TestWorkspaceMigrationParentPlans/plain_module_in_a_subdirectory_gets_no_parent_workspace (0.00s)
    --- PASS: TestWorkspaceMigrationParentPlans/plain_root_module_creates_root_parent_with_SDK_module (0.00s)
    --- PASS: TestWorkspaceMigrationParentPlans/subdirectory_toolchains_config_installs_SDK_in_the_hoisted_root_plan (0.00s)
    --- PASS: TestWorkspaceMigrationParentPlans/project-style_module_at_the_root_is_not_assigned_a_runtime_pin (0.00s)
    --- PASS: TestWorkspaceMigrationParentPlans/subdirectory_module_without_toolchains_gets_no_runtime_pin (0.00s)
    --- PASS: TestWorkspaceMigrationParentPlans/subdirectory_module-only_migration_leaves_discovered_dependency_SDKs_unrecorded (0.00s)
    --- PASS: TestWorkspaceMigrationParentPlans/parent_SDK_module_name_conflicts_get_a_stable_alternate_name (0.00s)
    --- PASS: TestWorkspaceMigrationParentPlans/module_repo_runtime_pin_and_discovered_dependency_share_one_SDK_install (0.00s)
=== RUN   TestWorkspaceMigrationModuleConfigConversions
--- PASS: TestWorkspaceMigrationModuleConfigConversions (0.00s)
=== RUN   TestWorkspaceMigrationJoinRelPathAndScope
=== RUN   TestWorkspaceMigrationJoinRelPathAndScope/child_from_root
=== RUN   TestWorkspaceMigrationJoinRelPathAndScope/nested_child
=== RUN   TestWorkspaceMigrationJoinRelPathAndScope/sibling_within_project_dir
=== RUN   TestWorkspaceMigrationJoinRelPathAndScope/self
=== RUN   TestWorkspaceMigrationJoinRelPathAndScope/escapes_workspace_root
=== RUN   TestWorkspaceMigrationJoinRelPathAndScope/sibling_outside_project
--- PASS: TestWorkspaceMigrationJoinRelPathAndScope (0.00s)
    --- PASS: TestWorkspaceMigrationJoinRelPathAndScope/child_from_root (0.00s)
    --- PASS: TestWorkspaceMigrationJoinRelPathAndScope/nested_child (0.00s)
    --- PASS: TestWorkspaceMigrationJoinRelPathAndScope/sibling_within_project_dir (0.00s)
    --- PASS: TestWorkspaceMigrationJoinRelPathAndScope/self (0.00s)
    --- PASS: TestWorkspaceMigrationJoinRelPathAndScope/escapes_workspace_root (0.00s)
    --- PASS: TestWorkspaceMigrationJoinRelPathAndScope/sibling_outside_project (0.00s)
=== RUN   TestWorkspaceMigrationDiscoveredLocalModuleConversions
--- PASS: TestWorkspaceMigrationDiscoveredLocalModuleConversions (0.00s)
=== RUN   TestWorkspaceMigrationLegacyLockProjectRootsIncludesModuleConfigConversions
--- PASS: TestWorkspaceMigrationLegacyLockProjectRootsIncludesModuleConfigConversions (0.00s)
=== RUN   TestEnvScopedConfigKeyQuotesDynamicSegments
--- PASS: TestEnvScopedConfigKeyQuotesDynamicSegments (0.00s)
=== RUN   TestPlanWorkspaceEnvInstallConfig
=== RUN   TestPlanWorkspaceEnvInstallConfig/creates_the_env_and_records_the_module_in_its_overlay
=== RUN   TestPlanWorkspaceEnvInstallConfig/reinstall_with_the_same_source_is_a_no-op
=== RUN   TestPlanWorkspaceEnvInstallConfig/conflicting_source_in_the_same_env_is_rejected
=== RUN   TestPlanWorkspaceEnvInstallConfig/base_module_with_another_source_is_overridden,_not_rejected
=== RUN   TestPlanWorkspaceEnvInstallConfig/redundant_overlay_of_a_base_module_carries_the_base_pin
=== RUN   TestPlanWorkspaceEnvInstallConfig/settings-only_overlay_entry_is_upgraded_in_place
=== RUN   TestPlanWorkspaceEnvInstallConfig/SDK_installs_are_rejected_under_an_env_selection
=== RUN   TestPlanWorkspaceEnvInstallConfig/re-sourcing_a_base_SDK_entry_is_rejected
--- PASS: TestPlanWorkspaceEnvInstallConfig (0.00s)
    --- PASS: TestPlanWorkspaceEnvInstallConfig/creates_the_env_and_records_the_module_in_its_overlay (0.00s)
    --- PASS: TestPlanWorkspaceEnvInstallConfig/reinstall_with_the_same_source_is_a_no-op (0.00s)
    --- PASS: TestPlanWorkspaceEnvInstallConfig/conflicting_source_in_the_same_env_is_rejected (0.00s)
    --- PASS: TestPlanWorkspaceEnvInstallConfig/base_module_with_another_source_is_overridden,_not_rejected (0.00s)
    --- PASS: TestPlanWorkspaceEnvInstallConfig/redundant_overlay_of_a_base_module_carries_the_base_pin (0.00s)
    --- PASS: TestPlanWorkspaceEnvInstallConfig/settings-only_overlay_entry_is_upgraded_in_place (0.00s)
    --- PASS: TestPlanWorkspaceEnvInstallConfig/SDK_installs_are_rejected_under_an_env_selection (0.00s)
    --- PASS: TestPlanWorkspaceEnvInstallConfig/re-sourcing_a_base_SDK_entry_is_rejected (0.00s)
=== RUN   TestPlanWorkspaceInstallConfigSDKNames
=== PAUSE TestPlanWorkspaceInstallConfigSDKNames
=== RUN   TestEnvScopedConfigKeyMissingEnv
--- PASS: TestEnvScopedConfigKeyMissingEnv (0.00s)
=== RUN   TestWorkspaceSettingConfigKeyQuotesDynamicSegments
--- PASS: TestWorkspaceSettingConfigKeyQuotesDynamicSegments (0.00s)
=== RUN   TestWorkspaceMigrationRootTargetPathsRejectsDuplicates
--- PASS: TestWorkspaceMigrationRootTargetPathsRejectsDuplicates (0.00s)
=== RUN   TestWorkspaceMigrationHiddenPath
--- PASS: TestWorkspaceMigrationHiddenPath (0.00s)
=== RUN   TestWorkspaceMigrationFilterLegacyLockDataRemovesModuleResolve
--- PASS: TestWorkspaceMigrationFilterLegacyLockDataRemovesModuleResolve (0.00s)
=== RUN   TestWorkspaceMigrationUniqueSortedPaths
--- PASS: TestWorkspaceMigrationUniqueSortedPaths (0.00s)
=== RUN   TestWorkspaceMigrationHasExplicitConfigAncestor
--- PASS: TestWorkspaceMigrationHasExplicitConfigAncestor (0.00s)
=== RUN   TestWorkspaceFilterWithDirectoryArgs
--- PASS: TestWorkspaceFilterWithDirectoryArgs (0.00s)
=== CONT  TestShouldSelectLatestImageRelease
=== RUN   TestShouldSelectLatestImageRelease/legacy_bare_address
=== PAUSE TestShouldSelectLatestImageRelease/legacy_bare_address
=== RUN   TestShouldSelectLatestImageRelease/locking_without_latest_release
=== PAUSE TestShouldSelectLatestImageRelease/locking_without_latest_release
=== RUN   TestShouldSelectLatestImageRelease/new_bare_address
=== PAUSE TestShouldSelectLatestImageRelease/new_bare_address
=== RUN   TestShouldSelectLatestImageRelease/explicit_latest
=== PAUSE TestShouldSelectLatestImageRelease/explicit_latest
=== CONT  TestShouldSelectLatestImageRelease/legacy_bare_address
=== CONT  TestPlanWorkspaceInstallConfigSDKNames
--- PASS: TestPlanWorkspaceInstallConfigSDKNames (0.00s)
=== CONT  TestInitialWorkspaceConfigOmitsCheckGenerated
--- PASS: TestInitialWorkspaceConfigOmitsCheckGenerated (0.00s)
=== CONT  TestEffectiveWorkspaceConfigBytesAppliesUserOverlay
=== RUN   TestEffectiveWorkspaceConfigBytesAppliesUserOverlay/without_env
=== PAUSE TestEffectiveWorkspaceConfigBytesAppliesUserOverlay/without_env
=== RUN   TestEffectiveWorkspaceConfigBytesAppliesUserOverlay/with_user-defined_env
=== PAUSE TestEffectiveWorkspaceConfigBytesAppliesUserOverlay/with_user-defined_env
=== RUN   TestEffectiveWorkspaceConfigBytesAppliesUserOverlay/no_overlay_leaves_config_unchanged
=== CONT  TestPlanSDKModuleScopes
=== CONT  TestWorkspaceSDKEntryPaths
=== CONT  TestWithImageConfigMetadataRejectsInvalidHealthcheckJSON
=== CONT  TestResolveSDKModuleInit
=== CONT  TestSelectSDKModuleClients
=== RUN   TestSelectSDKModuleClients/cwd_selects_only_the_scopes_containing_it
=== PAUSE TestSelectSDKModuleClients/cwd_selects_only_the_scopes_containing_it
=== RUN   TestSelectSDKModuleClients/all_selects_every_scope
=== CONT  TestValidateSDKModuleDestination
=== RUN   TestValidateSDKModuleDestination/empty_declines_and_keeps_the_engine_default
=== CONT  TestResolveWorkspaceClientModuleInput
=== RUN   TestResolveWorkspaceClientModuleInput/./sdk.v1/api_from_.
=== PAUSE TestEffectiveWorkspaceConfigBytesAppliesUserOverlay/no_overlay_leaves_config_unchanged
=== CONT  TestInstalledSDKSourceRejectsMultipleNamesForProvider
=== CONT  TestOrderSDKModuleClientSelections
=== CONT  TestValidateSDKModuleGenerationGraph
=== CONT  TestSelectSDKModuleClientsForModuleSources
=== RUN   TestSelectSDKModuleClientsForModuleSources/remote_module
=== CONT  TestLookupLockForAPI
=== RUN   TestLookupLockForAPI/older_API_view_disables_locking
=== PAUSE TestLookupLockForAPI/older_API_view_disables_locking
=== CONT  TestWithImageConfigMetadataMutatesContainerConfig
=== CONT  TestLegacyWorkspaceFieldHandling
=== CONT  TestCloneContainerForSchemaChildDisablesFromContentDigest
=== CONT  TestLoadCurrentModuleSourceConfigPreservesGitDependencySourceAndPin
=== CONT  TestShouldSelectLatestImageRelease/explicit_latest
=== CONT  TestResolveLookupFromLock
=== RUN   TestResolveLookupFromLock/disabled_without_a_lock
=== PAUSE TestResolveLookupFromLock/disabled_without_a_lock
=== RUN   TestResolveLookupFromLock/existing_pin_entry
=== PAUSE TestResolveLookupFromLock/existing_pin_entry
=== CONT  TestWorkspaceLockExcludePattern
=== RUN   TestResolveLookupFromLock/missing_entry_is_written
=== PAUSE TestResolveLookupFromLock/missing_entry_is_written
=== RUN   TestResolveLookupFromLock/refresh_ignores_existing_pin_without_writing
=== PAUSE TestResolveLookupFromLock/refresh_ignores_existing_pin_without_writing
=== CONT  TestEffectiveWorkspaceConfigBytesAppliesUserOverlay/without_env
=== CONT  TestSelectSDKModuleClientsSkipsEmptyScopes
=== RUN   TestPlanSDKModuleScopes/root_dependency_runs_once_and_first
=== CONT  TestEffectiveWorkspaceConfigBytesAppliesUserOverlay/no_overlay_leaves_config_unchanged
=== PAUSE TestPlanSDKModuleScopes/root_dependency_runs_once_and_first
=== RUN   TestPlanSDKModuleScopes/diamond_visits_the_shared_dependency_once
=== CONT  TestEffectiveWorkspaceConfigBytesAppliesUserOverlay/with_user-defined_env
=== PAUSE TestPlanSDKModuleScopes/diamond_visits_the_shared_dependency_once
=== CONT  TestResolveLookupFromLock/disabled_without_a_lock
=== RUN   TestWorkspaceLockExcludePattern/exact_workspace_path
2026/09/17 03:01:23 INFO discarding dagql cache without persistence hasSQLDB=false hasPersistDB=false
=== PAUSE TestWorkspaceLockExcludePattern/exact_workspace_path
=== CONT  TestResolveLookupFromLock/missing_entry_is_written
=== CONT  TestResolveLookupFromLock/refresh_ignores_existing_pin_without_writing
=== CONT  TestPlanSDKModuleScopes/root_dependency_runs_once_and_first
=== RUN   TestWorkspaceLockExcludePattern/rebased_snapshot_root
=== PAUSE TestWorkspaceLockExcludePattern/rebased_snapshot_root
=== RUN   TestWorkspaceLockExcludePattern/ancestor_snapshot
=== CONT  TestResolveLookupFromLock/existing_pin_entry
=== PAUSE TestWorkspaceLockExcludePattern/ancestor_snapshot
=== RUN   TestWorkspaceLockExcludePattern/descendant_path
=== CONT  TestWorkspaceSettingHintTypeInfo
=== PAUSE TestWorkspaceLockExcludePattern/descendant_path
=== CONT  TestPlanSDKModuleScopes/diamond_visits_the_shared_dependency_once
=== RUN   TestWorkspaceLockExcludePattern/different_path
=== PAUSE TestWorkspaceLockExcludePattern/different_path
=== RUN   TestWorkspaceLockExcludePattern/different_client
=== PAUSE TestWorkspaceLockExcludePattern/different_client
=== RUN   TestWorkspaceLockExcludePattern/remote_workspace
=== PAUSE TestWorkspaceLockExcludePattern/remote_workspace
=== RUN   TestWorkspaceLockExcludePattern/no_lockfile_selected
=== PAUSE TestWorkspaceLockExcludePattern/no_lockfile_selected
=== CONT  TestWorkspaceLockExcludePattern/exact_workspace_path
=== CONT  TestWorkspaceLockExcludePattern/different_client
=== CONT  TestWorkspaceLockExcludePattern/different_path
--- PASS: TestWorkspaceSDKEntryPaths (0.00s)
=== CONT  TestWorkspaceLockExcludePattern/no_lockfile_selected
--- PASS: TestWithImageConfigMetadataRejectsInvalidHealthcheckJSON (0.00s)
=== CONT  TestWorkspaceLockExcludePattern/descendant_path
=== CONT  TestShouldSelectLatestImageRelease/locking_without_latest_release
=== CONT  TestWorkspaceLockExcludePattern/ancestor_snapshot
=== RUN   TestResolveWorkspaceClientModuleInput/./modules/api_from_.
=== CONT  TestWorkspaceLockExcludePattern/rebased_snapshot_root
--- PASS: TestInstalledSDKSourceRejectsMultipleNamesForProvider (0.00s)
=== CONT  TestWorkspaceLockExcludePattern/remote_workspace
--- PASS: TestOrderSDKModuleClientSelections (0.00s)
=== RUN   TestWorkspaceSettingHintTypeInfo/primitive
--- PASS: TestValidateSDKModuleGenerationGraph (0.00s)
=== RUN   TestResolveSDKModuleInit/explicit_name_wins
=== PAUSE TestWorkspaceSettingHintTypeInfo/primitive
=== PAUSE TestResolveSDKModuleInit/explicit_name_wins
=== RUN   TestResolveSDKModuleInit/path_supplies_name
=== RUN   TestWorkspaceSettingHintTypeInfo/address_backed_object
=== PAUSE TestResolveSDKModuleInit/path_supplies_name
=== PAUSE TestWorkspaceSettingHintTypeInfo/address_backed_object
=== RUN   TestResolveSDKModuleInit/absolute_workspace_path_supplies_name
=== RUN   TestWorkspaceSettingHintTypeInfo/volume
=== PAUSE TestResolveSDKModuleInit/absolute_workspace_path_supplies_name
=== RUN   TestResolveSDKModuleInit/active_config_directory_supplies_name
=== PAUSE TestResolveSDKModuleInit/active_config_directory_supplies_name
=== RUN   TestResolveSDKModuleInit/explicit_name_uses_managed_path_beside_active_config
=== PAUSE TestResolveSDKModuleInit/explicit_name_uses_managed_path_beside_active_config
=== RUN   TestResolveSDKModuleInit/workspace_root_supplies_local_name
=== PAUSE TestResolveSDKModuleInit/workspace_root_supplies_local_name
=== RUN   TestResolveSDKModuleInit/managed_path_ignores_cwd_below_workspace_root
=== PAUSE TestResolveSDKModuleInit/managed_path_ignores_cwd_below_workspace_root
=== PAUSE TestWorkspaceSettingHintTypeInfo/volume
=== RUN   TestResolveSDKModuleInit/workspace_root_supplies_path_without_active_config
=== RUN   TestWorkspaceSettingHintTypeInfo/workspace_object
=== PAUSE TestWorkspaceSettingHintTypeInfo/workspace_object
=== PAUSE TestResolveSDKModuleInit/workspace_root_supplies_path_without_active_config
=== CONT  TestModuleEntrySourceWithPinRelativeToLeavesGitRefsCanonical
=== RUN   TestResolveSDKModuleInit/root_path_uses_local_workspace_name
=== PAUSE TestResolveSDKModuleInit/root_path_uses_local_workspace_name
=== PAUSE TestSelectSDKModuleClientsForModuleSources/remote_module
=== RUN   TestSelectSDKModuleClientsForModuleSources/local_module
=== PAUSE TestSelectSDKModuleClientsForModuleSources/local_module
=== RUN   TestWorkspaceSettingHintTypeInfo/non_address_backed_object
=== PAUSE TestWorkspaceSettingHintTypeInfo/non_address_backed_object
=== RUN   TestWorkspaceSettingHintTypeInfo/primitive_list
=== PAUSE TestWorkspaceSettingHintTypeInfo/primitive_list
=== RUN   TestWorkspaceSettingHintTypeInfo/object_list
=== PAUSE TestWorkspaceSettingHintTypeInfo/object_list
=== CONT  TestWorkspaceSettingHintTypeInfo/primitive
=== RUN   TestLookupLockForAPI/current_API_view_uses_available_workspace_lock
=== PAUSE TestLookupLockForAPI/current_API_view_uses_available_workspace_lock
=== RUN   TestLookupLockForAPI/private_context_disables_locking
=== PAUSE TestLookupLockForAPI/private_context_disables_locking
=== RUN   TestLookupLockForAPI/uses_an_in-memory_overlay_lock_without_a_host_binding
=== PAUSE TestLookupLockForAPI/uses_an_in-memory_overlay_lock_without_a_host_binding
=== CONT  TestLookupLockForAPI/older_API_view_disables_locking
=== CONT  TestWorkspaceSettingHintTypeInfo/object_list
=== CONT  TestWorkspaceSettingHintTypeInfo/primitive_list
=== CONT  TestWorkspaceSettingHintTypeInfo/non_address_backed_object
=== CONT  TestWorkspaceSettingHintTypeInfo/workspace_object
=== CONT  TestWorkspaceSettingHintTypeInfo/volume
=== CONT  TestWorkspaceSettingHintTypeInfo/address_backed_object
=== CONT  TestShouldSelectLatestImageRelease/new_bare_address
--- PASS: TestWithImageConfigMetadataMutatesContainerConfig (0.00s)
--- PASS: TestLegacyWorkspaceFieldHandling (0.00s)
--- PASS: TestLoadCurrentModuleSourceConfigPreservesGitDependencySourceAndPin (0.00s)
--- PASS: TestSelectSDKModuleClientsSkipsEmptyScopes (0.00s)
--- PASS: TestCloneContainerForSchemaChildDisablesFromContentDigest (0.00s)
=== CONT  TestLookupLockForAPI/uses_an_in-memory_overlay_lock_without_a_host_binding
=== CONT  TestLookupLockForAPI/private_context_disables_locking
=== CONT  TestLookupLockForAPI/current_API_view_uses_available_workspace_lock
=== PAUSE TestSelectSDKModuleClients/all_selects_every_scope
=== RUN   TestSelectSDKModuleClients/sdk_filters_by_provider
=== PAUSE TestSelectSDKModuleClients/sdk_filters_by_provider
=== RUN   TestSelectSDKModuleClients/modules_filter_selects_recorded_targets_across_sdks
=== PAUSE TestSelectSDKModuleClients/modules_filter_selects_recorded_targets_across_sdks
=== RUN   TestSelectSDKModuleClients/nested_cwd_selects_the_parent_scope_too
=== PAUSE TestSelectSDKModuleClients/nested_cwd_selects_the_parent_scope_too
=== RUN   TestSelectSDKModuleClients/unknown_target_is_an_error
=== PAUSE TestSelectSDKModuleClients/unknown_target_is_an_error
=== RUN   TestSelectSDKModuleClients/target_outside_the_selected_scope_is_an_error
=== PAUSE TestSelectSDKModuleClients/target_outside_the_selected_scope_is_an_error
=== CONT  TestSelectSDKModuleClients/cwd_selects_only_the_scopes_containing_it
=== PAUSE TestValidateSDKModuleDestination/empty_declines_and_keeps_the_engine_default
=== RUN   TestValidateSDKModuleDestination/relative_path_is_kept
=== PAUSE TestValidateSDKModuleDestination/relative_path_is_kept
=== RUN   TestValidateSDKModuleDestination/leading_dot_slash_is_cleaned
=== PAUSE TestValidateSDKModuleDestination/leading_dot_slash_is_cleaned
=== RUN   TestValidateSDKModuleDestination/workspace_root_is_allowed
=== PAUSE TestValidateSDKModuleDestination/workspace_root_is_allowed
=== RUN   TestValidateSDKModuleDestination/windows_separators_are_read_as_paths
=== PAUSE TestValidateSDKModuleDestination/windows_separators_are_read_as_paths
=== RUN   TestValidateSDKModuleDestination/path_need_not_contain_the_invocation_cwd
=== PAUSE TestValidateSDKModuleDestination/path_need_not_contain_the_invocation_cwd
=== RUN   TestValidateSDKModuleDestination/absolute_path_is_rejected
=== PAUSE TestValidateSDKModuleDestination/absolute_path_is_rejected
=== RUN   TestValidateSDKModuleDestination/escaping_the_workspace_is_rejected
=== PAUSE TestValidateSDKModuleDestination/escaping_the_workspace_is_rejected
=== CONT  TestValidateSDKModuleDestination/empty_declines_and_keeps_the_engine_default
=== CONT  TestSelectSDKModuleClients/target_outside_the_selected_scope_is_an_error
=== CONT  TestSelectSDKModuleClients/unknown_target_is_an_error
=== CONT  TestSelectSDKModuleClients/nested_cwd_selects_the_parent_scope_too
=== CONT  TestSelectSDKModuleClients/modules_filter_selects_recorded_targets_across_sdks
=== CONT  TestSelectSDKModuleClients/sdk_filters_by_provider
=== CONT  TestSelectSDKModuleClients/all_selects_every_scope
--- PASS: TestSelectSDKModuleClients (0.00s)
    --- PASS: TestSelectSDKModuleClients/cwd_selects_only_the_scopes_containing_it (0.00s)
    --- PASS: TestSelectSDKModuleClients/target_outside_the_selected_scope_is_an_error (0.00s)
    --- PASS: TestSelectSDKModuleClients/unknown_target_is_an_error (0.00s)
    --- PASS: TestSelectSDKModuleClients/nested_cwd_selects_the_parent_scope_too (0.00s)
    --- PASS: TestSelectSDKModuleClients/modules_filter_selects_recorded_targets_across_sdks (0.00s)
    --- PASS: TestSelectSDKModuleClients/sdk_filters_by_provider (0.00s)
    --- PASS: TestSelectSDKModuleClients/all_selects_every_scope (0.00s)
--- PASS: TestResolveLookupFromLock (0.00s)
    --- PASS: TestResolveLookupFromLock/disabled_without_a_lock (0.00s)
    --- PASS: TestResolveLookupFromLock/missing_entry_is_written (0.00s)
    --- PASS: TestResolveLookupFromLock/refresh_ignores_existing_pin_without_writing (0.00s)
    --- PASS: TestResolveLookupFromLock/existing_pin_entry (0.00s)
=== CONT  TestInstalledSDKSource
--- PASS: TestInstalledSDKSource (0.00s)
=== RUN   TestResolveSDKModuleInit/workspace_root_supplies_remote_name
=== PAUSE TestResolveSDKModuleInit/workspace_root_supplies_remote_name
=== RUN   TestResolveSDKModuleInit/remote_version_can_contain_slashes
=== PAUSE TestResolveSDKModuleInit/remote_version_can_contain_slashes
=== RUN   TestResolveSDKModuleInit/unidentifiable_root_requires_name
=== PAUSE TestResolveSDKModuleInit/unidentifiable_root_requires_name
=== CONT  TestResolveSDKModuleInit/explicit_name_wins
=== CONT  TestValidateSDKModuleDestination/escaping_the_workspace_is_rejected
=== CONT  TestValidateSDKModuleDestination/absolute_path_is_rejected
=== CONT  TestValidateSDKModuleDestination/path_need_not_contain_the_invocation_cwd
=== CONT  TestValidateSDKModuleDestination/windows_separators_are_read_as_paths
=== CONT  TestValidateSDKModuleDestination/workspace_root_is_allowed
=== CONT  TestValidateSDKModuleDestination/leading_dot_slash_is_cleaned
=== CONT  TestValidateSDKModuleDestination/relative_path_is_kept
--- PASS: TestValidateSDKModuleDestination (0.00s)
    --- PASS: TestValidateSDKModuleDestination/empty_declines_and_keeps_the_engine_default (0.00s)
    --- PASS: TestValidateSDKModuleDestination/escaping_the_workspace_is_rejected (0.00s)
    --- PASS: TestValidateSDKModuleDestination/absolute_path_is_rejected (0.00s)
    --- PASS: TestValidateSDKModuleDestination/path_need_not_contain_the_invocation_cwd (0.00s)
    --- PASS: TestValidateSDKModuleDestination/windows_separators_are_read_as_paths (0.00s)
    --- PASS: TestValidateSDKModuleDestination/workspace_root_is_allowed (0.00s)
    --- PASS: TestValidateSDKModuleDestination/leading_dot_slash_is_cleaned (0.00s)
    --- PASS: TestValidateSDKModuleDestination/relative_path_is_kept (0.00s)
=== RUN   TestSelectSDKModuleClientsForModuleSources/module_without_a_client
=== PAUSE TestSelectSDKModuleClientsForModuleSources/module_without_a_client
=== CONT  TestSelectSDKModuleClientsForModuleSources/remote_module
=== CONT  TestResolveSDKModuleInit/unidentifiable_root_requires_name
=== CONT  TestResolveSDKModuleInit/remote_version_can_contain_slashes
=== CONT  TestResolveSDKModuleInit/workspace_root_supplies_remote_name
=== CONT  TestResolveSDKModuleInit/root_path_uses_local_workspace_name
=== CONT  TestResolveSDKModuleInit/workspace_root_supplies_path_without_active_config
=== CONT  TestResolveSDKModuleInit/managed_path_ignores_cwd_below_workspace_root
=== CONT  TestResolveSDKModuleInit/workspace_root_supplies_local_name
=== CONT  TestResolveSDKModuleInit/explicit_name_uses_managed_path_beside_active_config
=== CONT  TestResolveSDKModuleInit/active_config_directory_supplies_name
=== CONT  TestResolveSDKModuleInit/absolute_workspace_path_supplies_name
=== CONT  TestResolveSDKModuleInit/path_supplies_name
--- PASS: TestResolveSDKModuleInit (0.00s)
    --- PASS: TestResolveSDKModuleInit/explicit_name_wins (0.00s)
    --- PASS: TestResolveSDKModuleInit/unidentifiable_root_requires_name (0.00s)
    --- PASS: TestResolveSDKModuleInit/remote_version_can_contain_slashes (0.00s)
    --- PASS: TestResolveSDKModuleInit/workspace_root_supplies_remote_name (0.00s)
    --- PASS: TestResolveSDKModuleInit/root_path_uses_local_workspace_name (0.00s)
    --- PASS: TestResolveSDKModuleInit/workspace_root_supplies_path_without_active_config (0.00s)
    --- PASS: TestResolveSDKModuleInit/managed_path_ignores_cwd_below_workspace_root (0.00s)
    --- PASS: TestResolveSDKModuleInit/workspace_root_supplies_local_name (0.00s)
    --- PASS: TestResolveSDKModuleInit/explicit_name_uses_managed_path_beside_active_config (0.00s)
    --- PASS: TestResolveSDKModuleInit/active_config_directory_supplies_name (0.00s)
    --- PASS: TestResolveSDKModuleInit/absolute_workspace_path_supplies_name (0.00s)
    --- PASS: TestResolveSDKModuleInit/path_supplies_name (0.00s)
--- PASS: TestPlanSDKModuleScopes (0.00s)
    --- PASS: TestPlanSDKModuleScopes/root_dependency_runs_once_and_first (0.00s)
    --- PASS: TestPlanSDKModuleScopes/diamond_visits_the_shared_dependency_once (0.00s)
=== CONT  TestSelectSDKModuleClientsForModuleSources/module_without_a_client
=== CONT  TestSelectSDKModuleClientsForModuleSources/local_module
--- PASS: TestSelectSDKModuleClientsForModuleSources (0.00s)
    --- PASS: TestSelectSDKModuleClientsForModuleSources/remote_module (0.00s)
    --- PASS: TestSelectSDKModuleClientsForModuleSources/module_without_a_client (0.00s)
    --- PASS: TestSelectSDKModuleClientsForModuleSources/local_module (0.00s)
--- PASS: TestWorkspaceLockExcludePattern (0.00s)
    --- PASS: TestWorkspaceLockExcludePattern/different_client (0.00s)
    --- PASS: TestWorkspaceLockExcludePattern/exact_workspace_path (0.00s)
    --- PASS: TestWorkspaceLockExcludePattern/different_path (0.00s)
    --- PASS: TestWorkspaceLockExcludePattern/no_lockfile_selected (0.00s)
    --- PASS: TestWorkspaceLockExcludePattern/descendant_path (0.00s)
    --- PASS: TestWorkspaceLockExcludePattern/ancestor_snapshot (0.00s)
    --- PASS: TestWorkspaceLockExcludePattern/rebased_snapshot_root (0.00s)
    --- PASS: TestWorkspaceLockExcludePattern/remote_workspace (0.00s)
=== RUN   TestResolveWorkspaceClientModuleInput/./.dagger/modules/api_from_.
=== RUN   TestResolveWorkspaceClientModuleInput/../../modules/api_from_apps/client
=== RUN   TestResolveWorkspaceClientModuleInput/../api_from_apps/client
=== RUN   TestResolveWorkspaceClientModuleInput//modules/api_from_apps/client
=== RUN   TestResolveWorkspaceClientModuleInput/._from_apps
=== RUN   TestResolveWorkspaceClientModuleInput/.._from_apps
=== RUN   TestResolveWorkspaceClientModuleInput/github.com/acme/sdk@v1.2.3_from_apps/client
--- PASS: TestResolveWorkspaceClientModuleInput (0.00s)
    --- PASS: TestResolveWorkspaceClientModuleInput/./sdk.v1/api_from_. (0.00s)
    --- PASS: TestResolveWorkspaceClientModuleInput/./modules/api_from_. (0.00s)
    --- PASS: TestResolveWorkspaceClientModuleInput/./.dagger/modules/api_from_. (0.00s)
    --- PASS: TestResolveWorkspaceClientModuleInput/../../modules/api_from_apps/client (0.00s)
    --- PASS: TestResolveWorkspaceClientModuleInput/../api_from_apps/client (0.00s)
    --- PASS: TestResolveWorkspaceClientModuleInput//modules/api_from_apps/client (0.00s)
    --- PASS: TestResolveWorkspaceClientModuleInput/._from_apps (0.00s)
    --- PASS: TestResolveWorkspaceClientModuleInput/.._from_apps (0.00s)
    --- PASS: TestResolveWorkspaceClientModuleInput/github.com/acme/sdk@v1.2.3_from_apps/client (0.00s)
--- PASS: TestModuleEntrySourceWithPinRelativeToLeavesGitRefsCanonical (0.00s)
--- PASS: TestLookupLockForAPI (0.00s)
    --- PASS: TestLookupLockForAPI/older_API_view_disables_locking (0.00s)
    --- PASS: TestLookupLockForAPI/uses_an_in-memory_overlay_lock_without_a_host_binding (0.00s)
    --- PASS: TestLookupLockForAPI/private_context_disables_locking (0.00s)
    --- PASS: TestLookupLockForAPI/current_API_view_uses_available_workspace_lock (0.00s)
--- PASS: TestWorkspaceSettingHintTypeInfo (0.00s)
    --- PASS: TestWorkspaceSettingHintTypeInfo/primitive (0.00s)
    --- PASS: TestWorkspaceSettingHintTypeInfo/object_list (0.00s)
    --- PASS: TestWorkspaceSettingHintTypeInfo/primitive_list (0.00s)
    --- PASS: TestWorkspaceSettingHintTypeInfo/non_address_backed_object (0.00s)
    --- PASS: TestWorkspaceSettingHintTypeInfo/workspace_object (0.00s)
    --- PASS: TestWorkspaceSettingHintTypeInfo/volume (0.00s)
    --- PASS: TestWorkspaceSettingHintTypeInfo/address_backed_object (0.00s)
--- PASS: TestShouldSelectLatestImageRelease (0.00s)
    --- PASS: TestShouldSelectLatestImageRelease/legacy_bare_address (0.00s)
    --- PASS: TestShouldSelectLatestImageRelease/explicit_latest (0.00s)
    --- PASS: TestShouldSelectLatestImageRelease/locking_without_latest_release (0.00s)
    --- PASS: TestShouldSelectLatestImageRelease/new_bare_address (0.00s)
--- PASS: TestEffectiveWorkspaceConfigBytesAppliesUserOverlay (0.00s)
    --- PASS: TestEffectiveWorkspaceConfigBytesAppliesUserOverlay/no_overlay_leaves_config_unchanged (0.00s)
    --- PASS: TestEffectiveWorkspaceConfigBytesAppliesUserOverlay/with_user-defined_env (0.00s)
    --- PASS: TestEffectiveWorkspaceConfigBytesAppliesUserOverlay/without_env (0.00s)
PASS
ok  	github.com/dagger/dagger/core/schema	15.068s
=== RUN   TestClientRuntimeRetainsTelemetryStoresUntilReclamation
--- PASS: TestClientRuntimeRetainsTelemetryStoresUntilReclamation (0.28s)
=== RUN   TestForeignModuleContextReaders
--- PASS: TestForeignModuleContextReaders (0.00s)
=== RUN   TestResolveEngineLocalCachePrunePoliciesUseDefaultPolicyFalse
--- PASS: TestResolveEngineLocalCachePrunePoliciesUseDefaultPolicyFalse (0.00s)
=== RUN   TestResolveEngineLocalCachePrunePoliciesOverridesReservedAndMinFree
--- PASS: TestResolveEngineLocalCachePrunePoliciesOverridesReservedAndMinFree (0.00s)
=== RUN   TestResolveEngineLocalCachePrunePoliciesUsesAvailableSpaceForMinFree
--- PASS: TestResolveEngineLocalCachePrunePoliciesUsesAvailableSpaceForMinFree (0.00s)
=== RUN   TestEngineLocalCachePruneModes
=== RUN   TestEngineLocalCachePruneModes/no_options
=== RUN   TestEngineLocalCachePruneModes/disk_only
=== RUN   TestEngineLocalCachePruneModes/metadata_only
=== RUN   TestEngineLocalCachePruneModes/combined
=== RUN   TestEngineLocalCachePruneModes/enabled_default_policy
=== RUN   TestEngineLocalCachePruneModes/disabled_default_policy
=== RUN   TestEngineLocalCachePruneModes/disabled_default_policy_with_explicit_metadata
--- PASS: TestEngineLocalCachePruneModes (0.00s)
    --- PASS: TestEngineLocalCachePruneModes/no_options (0.00s)
    --- PASS: TestEngineLocalCachePruneModes/disk_only (0.00s)
    --- PASS: TestEngineLocalCachePruneModes/metadata_only (0.00s)
    --- PASS: TestEngineLocalCachePruneModes/combined (0.00s)
    --- PASS: TestEngineLocalCachePruneModes/enabled_default_policy (0.00s)
    --- PASS: TestEngineLocalCachePruneModes/disabled_default_policy (0.00s)
    --- PASS: TestEngineLocalCachePruneModes/disabled_default_policy_with_explicit_metadata (0.00s)
=== RUN   TestResolveEngineLocalCacheMetadataPruneOptions
=== RUN   TestResolveEngineLocalCacheMetadataPruneOptions/default_policy
=== RUN   TestResolveEngineLocalCacheMetadataPruneOptions/maximum_only_inherits_target
=== RUN   TestResolveEngineLocalCacheMetadataPruneOptions/target_only_inherits_maximum
=== RUN   TestResolveEngineLocalCacheMetadataPruneOptions/explicit_pair_overrides_defaults
=== RUN   TestResolveEngineLocalCacheMetadataPruneOptions/zero_maximum
=== RUN   TestResolveEngineLocalCacheMetadataPruneOptions/zero_target
=== RUN   TestResolveEngineLocalCacheMetadataPruneOptions/negative_maximum
=== RUN   TestResolveEngineLocalCacheMetadataPruneOptions/negative_target
=== RUN   TestResolveEngineLocalCacheMetadataPruneOptions/partial_maximum_conflicts_with_inherited_target
=== RUN   TestResolveEngineLocalCacheMetadataPruneOptions/partial_target_conflicts_with_inherited_maximum
--- PASS: TestResolveEngineLocalCacheMetadataPruneOptions (0.00s)
    --- PASS: TestResolveEngineLocalCacheMetadataPruneOptions/default_policy (0.00s)
    --- PASS: TestResolveEngineLocalCacheMetadataPruneOptions/maximum_only_inherits_target (0.00s)
    --- PASS: TestResolveEngineLocalCacheMetadataPruneOptions/target_only_inherits_maximum (0.00s)
    --- PASS: TestResolveEngineLocalCacheMetadataPruneOptions/explicit_pair_overrides_defaults (0.00s)
    --- PASS: TestResolveEngineLocalCacheMetadataPruneOptions/zero_maximum (0.00s)
    --- PASS: TestResolveEngineLocalCacheMetadataPruneOptions/zero_target (0.00s)
    --- PASS: TestResolveEngineLocalCacheMetadataPruneOptions/negative_maximum (0.00s)
    --- PASS: TestResolveEngineLocalCacheMetadataPruneOptions/negative_target (0.00s)
    --- PASS: TestResolveEngineLocalCacheMetadataPruneOptions/partial_maximum_conflicts_with_inherited_target (0.00s)
    --- PASS: TestResolveEngineLocalCacheMetadataPruneOptions/partial_target_conflicts_with_inherited_maximum (0.00s)
=== RUN   TestManualMetadataPruneOnlySkipsDiskAndProtectsRoots
2026/09/17 03:01:08 INFO dagql metadata prune finished triggered=true maximumEstimatedBytes=13055 targetEstimatedBytes=1 beforeEstimatedBytes=13056 beforeResults=3 beforeTerms=3 beforeClassSlots=3 afterInitialCompactionEstimatedBytes=13056 afterInitialCompactionResults=3 afterInitialCompactionTerms=3 afterInitialCompactionClassSlots=3 afterPruneEstimatedBytes=8704 afterPruneResults=2 afterPruneTerms=2 afterPruneClassSlots=2 initialCompactionOldClassSlots=3 initialCompactionNewClassSlots=3 finalCompactionOldClassSlots=3 finalCompactionNewClassSlots=2 candidateCount=1 plannedRootCount=1 simulatedCollectedResultCount=1 simulatedStructuralBytes=4352 removedPersistedRootCount=1 candidatesExhausted=true snapshotGCAttempted=false snapshotGCSucceeded=false duration=22.01µs
--- PASS: TestManualMetadataPruneOnlySkipsDiskAndProtectsRoots (0.00s)
=== RUN   TestManualMetadataPruneBelowMaximumIsNoOp
--- PASS: TestManualMetadataPruneBelowMaximumIsNoOp (0.00s)
=== RUN   TestManualCombinedDiskAndMetadataPrune
2026/09/17 03:01:08 INFO dagql pruned result resultID=1 call=Query.manualCombinedDisk digest=xxh3:bbf62d28f579d745 args=[] description=manualCombinedDisk measuredSizeBytes=100 reclaimedBytes=100
2026/09/17 03:01:08 INFO dagql metadata prune finished triggered=true maximumEstimatedBytes=2 targetEstimatedBytes=1 beforeEstimatedBytes=4352 beforeResults=1 beforeTerms=1 beforeClassSlots=1 afterInitialCompactionEstimatedBytes=4352 afterInitialCompactionResults=1 afterInitialCompactionTerms=1 afterInitialCompactionClassSlots=1 afterPruneEstimatedBytes=0 afterPruneResults=0 afterPruneTerms=0 afterPruneClassSlots=0 initialCompactionOldClassSlots=1 initialCompactionNewClassSlots=1 finalCompactionOldClassSlots=0 finalCompactionNewClassSlots=0 candidateCount=1 plannedRootCount=1 simulatedCollectedResultCount=1 simulatedStructuralBytes=4352 removedPersistedRootCount=1 candidatesExhausted=false snapshotGCAttempted=false snapshotGCSucceeded=false duration=4.57µs
--- PASS: TestManualCombinedDiskAndMetadataPrune (0.00s)
=== RUN   TestManualUseDefaultPolicyIncludesMetadata
2026/09/17 03:01:08 INFO dagql metadata prune finished triggered=true maximumEstimatedBytes=2 targetEstimatedBytes=1 beforeEstimatedBytes=4352 beforeResults=1 beforeTerms=1 beforeClassSlots=1 afterInitialCompactionEstimatedBytes=4352 afterInitialCompactionResults=1 afterInitialCompactionTerms=1 afterInitialCompactionClassSlots=1 afterPruneEstimatedBytes=0 afterPruneResults=0 afterPruneTerms=0 afterPruneClassSlots=0 initialCompactionOldClassSlots=1 initialCompactionNewClassSlots=1 finalCompactionOldClassSlots=0 finalCompactionNewClassSlots=0 candidateCount=1 plannedRootCount=1 simulatedCollectedResultCount=1 simulatedStructuralBytes=4352 removedPersistedRootCount=1 candidatesExhausted=false snapshotGCAttempted=false snapshotGCSucceeded=false duration=13.05µs
--- PASS: TestManualUseDefaultPolicyIncludesMetadata (0.00s)
=== RUN   TestManualNoOptionPrunePreservesDiskPruneAll
2026/09/17 03:01:08 INFO dagql pruned result resultID=1 call=Query.manualNoOptions digest=xxh3:94944c13b2706b14 args=[] description=manualNoOptions measuredSizeBytes=100 reclaimedBytes=100
--- PASS: TestManualNoOptionPrunePreservesDiskPruneAll (0.00s)
=== RUN   TestManualMetadataPruneCancellationAndReleaseError
=== RUN   TestManualMetadataPruneCancellationAndReleaseError/cancellation
=== RUN   TestManualMetadataPruneCancellationAndReleaseError/release_error
2026/09/17 03:01:08 INFO dagql metadata prune finished triggered=true maximumEstimatedBytes=4351 targetEstimatedBytes=1 beforeEstimatedBytes=4352 beforeResults=1 beforeTerms=1 beforeClassSlots=1 afterInitialCompactionEstimatedBytes=4352 afterInitialCompactionResults=1 afterInitialCompactionTerms=1 afterInitialCompactionClassSlots=1 afterPruneEstimatedBytes=4352 afterPruneResults=1 afterPruneTerms=1 afterPruneClassSlots=1 initialCompactionOldClassSlots=1 initialCompactionNewClassSlots=1 finalCompactionOldClassSlots=0 finalCompactionNewClassSlots=0 candidateCount=1 plannedRootCount=1 simulatedCollectedResultCount=1 simulatedStructuralBytes=4352 removedPersistedRootCount=0 candidatesExhausted=false snapshotGCAttempted=false snapshotGCSucceeded=false duration=9.47µs error="manual metadata release failed"
--- PASS: TestManualMetadataPruneCancellationAndReleaseError (0.00s)
    --- PASS: TestManualMetadataPruneCancellationAndReleaseError/cancellation (0.00s)
    --- PASS: TestManualMetadataPruneCancellationAndReleaseError/release_error (0.00s)
=== RUN   TestManualCombinedPruneValidatesBeforeMutation
=== RUN   TestManualCombinedPruneValidatesBeforeMutation/disk_options_before_metadata_mutation
=== RUN   TestManualCombinedPruneValidatesBeforeMutation/metadata_options_before_disk_mutation
--- PASS: TestManualCombinedPruneValidatesBeforeMutation (0.00s)
    --- PASS: TestManualCombinedPruneValidatesBeforeMutation/disk_options_before_metadata_mutation (0.00s)
    --- PASS: TestManualCombinedPruneValidatesBeforeMutation/metadata_options_before_disk_mutation (0.00s)
=== RUN   TestLocalCacheDiskPressureGCNeeded
--- PASS: TestLocalCacheDiskPressureGCNeeded (0.00s)
=== RUN   TestResolveDagqlCacheGCConfig
=== PAUSE TestResolveDagqlCacheGCConfig
=== RUN   TestGCLockedPrunesMetadataWithoutWorkerDiskPolicies
=== PAUSE TestGCLockedPrunesMetadataWithoutWorkerDiskPolicies
=== RUN   TestScheduledGCTrimsImportedMetadataWithoutPersistenceReset
=== PAUSE TestScheduledGCTrimsImportedMetadataWithoutPersistenceReset
=== RUN   TestGCLockedDiskStatFailureDoesNotSuppressMetadataPrune
=== PAUSE TestGCLockedDiskStatFailureDoesNotSuppressMetadataPrune
=== RUN   TestLocalCachePressureCheckUsesMetadataWhenDiskStatFails
=== PAUSE TestLocalCachePressureCheckUsesMetadataWhenDiskStatFails
=== RUN   TestMetadataPruneMonitorBlockOutcome
=== PAUSE TestMetadataPruneMonitorBlockOutcome
=== RUN   TestMonitorMetadataPruneBlocksAfterProtectedNoProgress
=== PAUSE TestMonitorMetadataPruneBlocksAfterProtectedNoProgress
=== RUN   TestMetadataPruneMonitorBlockSuppressesOnlyStructuralStage
=== PAUSE TestMetadataPruneMonitorBlockSuppressesOnlyStructuralStage
=== RUN   TestLifecycleGCIgnoresMetadataPruneBlock
=== RUN   TestLifecycleGCIgnoresMetadataPruneBlock/reason-0
2026/09/17 03:01:08 INFO dagql metadata prune finished triggered=true maximumEstimatedBytes=4351 targetEstimatedBytes=1 beforeEstimatedBytes=4352 beforeResults=1 beforeTerms=1 beforeClassSlots=1 afterInitialCompactionEstimatedBytes=4352 afterInitialCompactionResults=1 afterInitialCompactionTerms=1 afterInitialCompactionClassSlots=1 afterPruneEstimatedBytes=0 afterPruneResults=0 afterPruneTerms=0 afterPruneClassSlots=0 initialCompactionOldClassSlots=1 initialCompactionNewClassSlots=1 finalCompactionOldClassSlots=0 finalCompactionNewClassSlots=0 candidateCount=1 plannedRootCount=1 simulatedCollectedResultCount=1 simulatedStructuralBytes=4352 removedPersistedRootCount=1 candidatesExhausted=false snapshotGCAttempted=false snapshotGCSucceeded=false duration=11.34µs
=== RUN   TestLifecycleGCIgnoresMetadataPruneBlock/reason-2
2026/09/17 03:01:08 INFO dagql metadata prune finished triggered=true maximumEstimatedBytes=4351 targetEstimatedBytes=1 beforeEstimatedBytes=4352 beforeResults=1 beforeTerms=1 beforeClassSlots=1 afterInitialCompactionEstimatedBytes=4352 afterInitialCompactionResults=1 afterInitialCompactionTerms=1 afterInitialCompactionClassSlots=1 afterPruneEstimatedBytes=0 afterPruneResults=0 afterPruneTerms=0 afterPruneClassSlots=0 initialCompactionOldClassSlots=1 initialCompactionNewClassSlots=1 finalCompactionOldClassSlots=0 finalCompactionNewClassSlots=0 candidateCount=1 plannedRootCount=1 simulatedCollectedResultCount=1 simulatedStructuralBytes=4352 removedPersistedRootCount=1 candidatesExhausted=false snapshotGCAttempted=false snapshotGCSucceeded=false duration=4.6µs
--- PASS: TestLifecycleGCIgnoresMetadataPruneBlock (0.00s)
    --- PASS: TestLifecycleGCIgnoresMetadataPruneBlock/reason-0 (0.00s)
    --- PASS: TestLifecycleGCIgnoresMetadataPruneBlock/reason-2 (0.00s)
=== RUN   TestGCSessionCompletionClearsMetadataPruneBlock
=== PAUSE TestGCSessionCompletionClearsMetadataPruneBlock
=== RUN   TestExplicitPruneClearsMetadataPruneBlock
=== PAUSE TestExplicitPruneClearsMetadataPruneBlock
=== RUN   TestCanceledMonitorMetadataPruneDoesNotSetBlock
=== PAUSE TestCanceledMonitorMetadataPruneDoesNotSetBlock
=== RUN   TestResolveEngineLocalCachePrunePoliciesInvalidSpaceValue
--- PASS: TestResolveEngineLocalCachePrunePoliciesInvalidSpaceValue (0.00s)
=== RUN   TestGetDagqlGCPolicyFromConfiguredPolicies
--- PASS: TestGetDagqlGCPolicyFromConfiguredPolicies (0.00s)
=== RUN   TestGetDagqlGCPolicyFallsBackToBuildkitGCPolicy
--- PASS: TestGetDagqlGCPolicyFallsBackToBuildkitGCPolicy (0.00s)
=== RUN   TestGetDagqlGCPolicyDefaultPolicies
--- PASS: TestGetDagqlGCPolicyDefaultPolicies (0.00s)
=== RUN   TestRunRecursiveReadOnlyProbe
=== PAUSE TestRunRecursiveReadOnlyProbe
=== RUN   TestRunRecursiveReadOnlyProbeCleansUpAfterUnsupportedSetattr
=== PAUSE TestRunRecursiveReadOnlyProbeCleansUpAfterUnsupportedSetattr
=== RUN   TestRemoteCacheFixturePruneReport
=== RUN   TestRemoteCacheFixturePruneReport/disk
2026/09/17 03:01:08 INFO dagql pruned result resultID=1 call=Query.fixtureRoot digest=xxh3:aaf9fb7989491a72 args=[] description=fixtureRoot measuredSizeBytes=0 reclaimedBytes=0
=== RUN   TestRemoteCacheFixturePruneReport/metadata
2026/09/17 03:01:08 INFO dagql metadata prune finished triggered=true maximumEstimatedBytes=4351 targetEstimatedBytes=1 beforeEstimatedBytes=4352 beforeResults=1 beforeTerms=1 beforeClassSlots=1 afterInitialCompactionEstimatedBytes=4352 afterInitialCompactionResults=1 afterInitialCompactionTerms=1 afterInitialCompactionClassSlots=1 afterPruneEstimatedBytes=0 afterPruneResults=0 afterPruneTerms=0 afterPruneClassSlots=0 initialCompactionOldClassSlots=1 initialCompactionNewClassSlots=1 finalCompactionOldClassSlots=0 finalCompactionNewClassSlots=0 candidateCount=1 plannedRootCount=1 simulatedCollectedResultCount=1 simulatedStructuralBytes=4352 removedPersistedRootCount=1 candidatesExhausted=false snapshotGCAttempted=false snapshotGCSucceeded=false duration=5.99µs
--- PASS: TestRemoteCacheFixturePruneReport (0.00s)
    --- PASS: TestRemoteCacheFixturePruneReport/disk (0.00s)
    --- PASS: TestRemoteCacheFixturePruneReport/metadata (0.00s)
=== RUN   TestRemoteCacheIntegrationConfig
--- PASS: TestRemoteCacheIntegrationConfig (0.00s)
=== RUN   TestRemoteCacheAdapterLifetime
=== RUN   TestRemoteCacheAdapterLifetime/stop_cancels_a_cooperative_run
=== RUN   TestRemoteCacheAdapterLifetime/shutdown_context_cancels_run
=== RUN   TestRemoteCacheAdapterLifetime/run_exit_detaches_without_failing_ordinary_work
2026/09/17 03:01:08 ERROR remote cache integration exited error="integration channel closed"
=== RUN   TestRemoteCacheAdapterLifetime/noncooperative_run_is_reported
--- PASS: TestRemoteCacheAdapterLifetime (0.00s)
    --- PASS: TestRemoteCacheAdapterLifetime/stop_cancels_a_cooperative_run (0.00s)
    --- PASS: TestRemoteCacheAdapterLifetime/shutdown_context_cancels_run (0.00s)
    --- PASS: TestRemoteCacheAdapterLifetime/run_exit_detaches_without_failing_ordinary_work (0.00s)
    --- PASS: TestRemoteCacheAdapterLifetime/noncooperative_run_is_reported (0.00s)
=== RUN   TestRemoteCacheGracefulStop
=== RUN   TestRemoteCacheGracefulStop/noncooperative_run_leaves_the_checkpoint_dirty
2026/09/17 03:01:08 ERROR failed to stop remote cache integration error="remote cache integration did not stop: context canceled"
2026/09/17 03:01:08 INFO starting dagql cache close hasSQLDB=true hasPersistDB=true
2026/09/17 03:01:08 ERROR dagql cache close exiting with error err="remote cache integration did not stop: context canceled"
2026/09/17 03:01:08 ERROR failed to close base dagql cache error="remote cache integration did not stop: context canceled"
2026/09/17 03:01:08 WARN dagql persistence store marked unclean; wiping and cold-starting cleanShutdown=0
2026/09/17 03:01:12 INFO discarding dagql cache without persistence hasSQLDB=true hasPersistDB=true
=== RUN   TestRemoteCacheGracefulStop/cooperative_run_closes_cleanly
2026/09/17 03:01:13 INFO starting dagql cache close hasSQLDB=true hasPersistDB=true
2026/09/17 03:01:13 INFO marking dagql cache clean shutdown
2026/09/17 03:01:13 WARN successfully marked clean shutdown in persistence metadata
2026/09/17 03:01:13 INFO completed dagql cache close successfully
2026/09/17 03:01:13 INFO discarding dagql cache without persistence hasSQLDB=true hasPersistDB=true
=== RUN   TestRemoteCacheGracefulStop/earlier_shutdown_errors_are_returned
2026/09/17 03:01:13 INFO starting dagql cache close hasSQLDB=true hasPersistDB=true
2026/09/17 03:01:13 INFO marking dagql cache clean shutdown
2026/09/17 03:01:13 WARN successfully marked clean shutdown in persistence metadata
2026/09/17 03:01:13 INFO completed dagql cache close successfully
--- PASS: TestRemoteCacheGracefulStop (5.02s)
    --- PASS: TestRemoteCacheGracefulStop/noncooperative_run_leaves_the_checkpoint_dirty (3.60s)
    --- PASS: TestRemoteCacheGracefulStop/cooperative_run_closes_cleanly (1.36s)
    --- PASS: TestRemoteCacheGracefulStop/earlier_shutdown_errors_are_returned (0.06s)
=== RUN   TestLoadSecretSalt
=== RUN   TestLoadSecretSalt/environment_override
=== RUN   TestLoadSecretSalt/invalid_base64
=== RUN   TestLoadSecretSalt/wrong_decoded_length
=== RUN   TestLoadSecretSalt/empty
=== RUN   TestLoadSecretSalt/file_fallback
=== RUN   TestLoadSecretSalt/generated_file_fallback
--- PASS: TestLoadSecretSalt (0.00s)
    --- PASS: TestLoadSecretSalt/environment_override (0.00s)
    --- PASS: TestLoadSecretSalt/invalid_base64 (0.00s)
    --- PASS: TestLoadSecretSalt/wrong_decoded_length (0.00s)
    --- PASS: TestLoadSecretSalt/empty (0.00s)
    --- PASS: TestLoadSecretSalt/file_fallback (0.00s)
    --- PASS: TestLoadSecretSalt/generated_file_fallback (0.00s)
=== RUN   TestNestedTransportRegistrationIsStrictUniqueAndPermanent
=== PAUSE TestNestedTransportRegistrationIsStrictUniqueAndPermanent
=== RUN   TestNestedTransportRegistrationBindsExactExecAttachables
=== PAUSE TestNestedTransportRegistrationBindsExactExecAttachables
=== RUN   TestNestedTransportRegistrationRequiresExactHeldParentScope
=== PAUSE TestNestedTransportRegistrationRequiresExactHeldParentScope
=== RUN   TestNestedTransportRegistrationDoesNotTakeLifecycleLock
=== PAUSE TestNestedTransportRegistrationDoesNotTakeLifecycleLock
=== RUN   TestNestedTransportRegistrationRacesSessionTeardown
=== PAUSE TestNestedTransportRegistrationRacesSessionTeardown
=== RUN   TestHeldParentScopeDelegatesWhileParentClosing
=== PAUSE TestHeldParentScopeDelegatesWhileParentClosing
=== RUN   TestClosedClientWaitsForAcceptedBootstrapRequest
=== PAUSE TestClosedClientWaitsForAcceptedBootstrapRequest
=== RUN   TestClientInitializationDoesNotHoldScopeLock
=== PAUSE TestClientInitializationDoesNotHoldScopeLock
=== RUN   TestChildQuiescenceReleasesClosingParent
=== PAUSE TestChildQuiescenceReleasesClosingParent
=== RUN   TestNestedShutdownClosesRegisteredTransportIdempotently
=== PAUSE TestNestedShutdownClosesRegisteredTransportIdempotently
=== RUN   TestNestedTransportCloseRacesAdmissionSerialization
=== PAUSE TestNestedTransportCloseRacesAdmissionSerialization
=== RUN   TestNestedBootstrapRequestsMergeBeforeSeal
=== PAUSE TestNestedBootstrapRequestsMergeBeforeSeal
=== RUN   TestClientMetadataBootstrapOrderReplayAndConflict
=== PAUSE TestClientMetadataBootstrapOrderReplayAndConflict
=== RUN   TestClientMetadataBootstrapDeepCloneAndScopeSnapshot
=== PAUSE TestClientMetadataBootstrapDeepCloneAndScopeSnapshot
=== RUN   TestClientMetadataSealRacesTransportClose
=== PAUSE TestClientMetadataSealRacesTransportClose
=== RUN   TestSessionAttachablesLabelsAllowQueryAndShutdownAdmission
=== PAUSE TestSessionAttachablesLabelsAllowQueryAndShutdownAdmission
=== RUN   TestClientRecordLookupsAreIndependentFromExecutableRuntime
=== PAUSE TestClientRecordLookupsAreIndependentFromExecutableRuntime
=== RUN   TestWorkspaceHostAccessDoesNotRequireOwnerRuntime
=== PAUSE TestWorkspaceHostAccessDoesNotRequireOwnerRuntime
=== RUN   TestWorkspaceRuntimeFromContextSelectsOnlyScopedClientOrAncestor
=== PAUSE TestWorkspaceRuntimeFromContextSelectsOnlyScopedClientOrAncestor
=== RUN   TestClientScopeRequiresSealedMetadata
=== PAUSE TestClientScopeRequiresSealedMetadata
=== RUN   TestClientLifecycleScopesSerializeCloseCloneAndRelease
=== PAUSE TestClientLifecycleScopesSerializeCloseCloneAndRelease
=== RUN   TestClientLifecycleScopesRaceSessionTeardown
=== PAUSE TestClientLifecycleScopesRaceSessionTeardown
=== RUN   TestClientLifecycleScopeDrainWaitsForTerminalRelease
=== PAUSE TestClientLifecycleScopeDrainWaitsForTerminalRelease
=== RUN   TestClientRuntimeReclamationRacesCloseLeasesChildAndTeardown
=== PAUSE TestClientRuntimeReclamationRacesCloseLeasesChildAndTeardown
=== RUN   TestClientRuntimeReclamationDrainsMetricsBeforeUnpublish
=== PAUSE TestClientRuntimeReclamationDrainsMetricsBeforeUnpublish
=== RUN   TestClientLifecycleDebugSnapshotReportsClosedRuntimeRetention
=== PAUSE TestClientLifecycleDebugSnapshotReportsClosedRuntimeRetention
=== RUN   TestClientAncestryAndTelemetryRouteOrdering
=== PAUSE TestClientAncestryAndTelemetryRouteOrdering
=== RUN   TestTelemetryRoutesClientsAndAncestorsExactlyOnce
--- PASS: TestTelemetryRoutesClientsAndAncestorsExactlyOnce (0.01s)
=== RUN   TestClientRegistrationRequiresValidExplicitAncestry
=== PAUSE TestClientRegistrationRequiresValidExplicitAncestry
=== RUN   TestClientRegistrationRejectsInvalidParentRoute
=== PAUSE TestClientRegistrationRejectsInvalidParentRoute
=== RUN   TestLifecycleDebugAndRouteLookupConcurrentClientMutation
=== PAUSE TestLifecycleDebugAndRouteLookupConcurrentClientMutation
=== RUN   TestLogRecordRowPreservesBytesBody
--- PASS: TestLogRecordRowPreservesBytesBody (0.00s)
=== RUN   TestTelemetryExportReleasesClientDBHandle
--- PASS: TestTelemetryExportReleasesClientDBHandle (0.00s)
=== RUN   TestActiveClientIDsConcurrentSessionClientMutation
=== PAUSE TestActiveClientIDsConcurrentSessionClientMutation
=== RUN   TestClientRecordFromIDsConcurrentSessionInitialization
=== PAUSE TestClientRecordFromIDsConcurrentSessionInitialization
=== RUN   TestClientsDoesNotBlockWhileSessionLifecycleLocked
=== PAUSE TestClientsDoesNotBlockWhileSessionLifecycleLocked
=== RUN   TestActiveClientIDsDoesNotBlockWhileSessionLifecycleLocked
=== PAUSE TestActiveClientIDsDoesNotBlockWhileSessionLifecycleLocked
=== RUN   TestGetOrInitClientReturnsFastForRemovedTombstone
=== PAUSE TestGetOrInitClientReturnsFastForRemovedTombstone
=== RUN   TestClientRecordFromIDsStateGating
=== PAUSE TestClientRecordFromIDsStateGating
=== RUN   TestSessionLifecycleObserverConcurrency
=== PAUSE TestSessionLifecycleObserverConcurrency
=== RUN   TestSessionTeardownFlushesTraceTelemetryAfterMetricShutdown
2026/09/17 03:01:13 INFO removing session; stopping client services and flushing session=session
--- PASS: TestSessionTeardownFlushesTraceTelemetryAfterMetricShutdown (0.00s)
=== RUN   TestSessionTeardownHonorsCallerDeadlineForStrandedLease
2026/09/17 03:01:13 INFO removing session; stopping client services and flushing session=bounded
2026/09/17 03:01:14 ERROR error waiting for client scopes to drain session=bounded error="context deadline exceeded"
2026/09/17 03:01:14 INFO removing session; stopping client services and flushing session=unbounded
--- PASS: TestSessionTeardownHonorsCallerDeadlineForStrandedLease (0.80s)
=== RUN   TestMainClientLastDisconnectDoesNotBlockOnTeardown
=== PAUSE TestMainClientLastDisconnectDoesNotBlockOnTeardown
=== RUN   TestSameIDConnectDuringBackgroundTeardownGetsRetryable
=== PAUSE TestSameIDConnectDuringBackgroundTeardownGetsRetryable
=== RUN   TestReapAbandonedWhenMainClientReconnects
=== PAUSE TestReapAbandonedWhenMainClientReconnects
=== RUN   TestFailedSessionInitializationCanRetrySameID
=== PAUSE TestFailedSessionInitializationCanRetrySameID
=== RUN   TestConcurrentReapsSingleTeardown
=== PAUSE TestConcurrentReapsSingleTeardown
=== RUN   TestPendingLegacyModule
=== PAUSE TestPendingLegacyModule
=== RUN   TestFilterPendingWorkspaceModulesForRootFields
=== PAUSE TestFilterPendingWorkspaceModulesForRootFields
=== RUN   TestFilterPendingWorkspaceModulesForScopedRootFields
=== PAUSE TestFilterPendingWorkspaceModulesForScopedRootFields
=== RUN   TestEnsureRequestModulesLoadedConsumesScopeBeforeUnlock
--- PASS: TestEnsureRequestModulesLoadedConsumesScopeBeforeUnlock (0.00s)
=== RUN   TestWithRequestTelemetrySuppression
=== PAUSE TestWithRequestTelemetrySuppression
=== RUN   TestCallPayloadDeliveryStore
=== PAUSE TestCallPayloadDeliveryStore
=== RUN   TestFilterPendingWorkspaceModulesBySelectorInclude
=== PAUSE TestFilterPendingWorkspaceModulesBySelectorInclude
=== RUN   TestWorkspaceConfigPendingModules
=== PAUSE TestWorkspaceConfigPendingModules
=== RUN   TestModuleResolutionFromSubdirectory
=== PAUSE TestModuleResolutionFromSubdirectory
=== RUN   TestDetectAndLoadWorkspaceIgnoresCompatFallbackWhenConfigExists
=== PAUSE TestDetectAndLoadWorkspaceIgnoresCompatFallbackWhenConfigExists
=== RUN   TestDetectAndLoadWorkspaceLoadsPlainModuleCompatWithoutConfig
=== PAUSE TestDetectAndLoadWorkspaceLoadsPlainModuleCompatWithoutConfig
=== RUN   TestDetectAndLoadWorkspaceKeepsCompatFallbackForExplicitExtraModule
=== PAUSE TestDetectAndLoadWorkspaceKeepsCompatFallbackForExplicitExtraModule
=== RUN   TestDetectAndLoadWorkspaceCreatesRootlessWorkspaceWithoutInferringModule
=== PAUSE TestDetectAndLoadWorkspaceCreatesRootlessWorkspaceWithoutInferringModule
=== RUN   TestRemoteWorkspaceCwdUsesDetectionStart
=== PAUSE TestRemoteWorkspaceCwdUsesDetectionStart
=== RUN   TestRemoteWorkspaceLoadsPlainModuleCompatFromCWD
=== PAUSE TestRemoteWorkspaceLoadsPlainModuleCompatFromCWD
=== RUN   TestDetectAndLoadWorkspaceDoesNotLoadModulesByDefault
=== PAUSE TestDetectAndLoadWorkspaceDoesNotLoadModulesByDefault
=== RUN   TestIsSameModuleReference
=== PAUSE TestIsSameModuleReference
=== RUN   TestEnsureWorkspaceLoadedInheritsParentWorkspace
=== PAUSE TestEnsureWorkspaceLoadedInheritsParentWorkspace
=== RUN   TestEnsureWorkspaceLoadedKeepsExistingWorkspaceBinding
=== PAUSE TestEnsureWorkspaceLoadedKeepsExistingWorkspaceBinding
=== RUN   TestSpecificClientAttachableConnRejectsInertClient
=== PAUSE TestSpecificClientAttachableConnRejectsInertClient
=== RUN   TestResolveHostServiceCallerFallsBackToParentRecordWithoutRuntime
=== PAUSE TestResolveHostServiceCallerFallsBackToParentRecordWithoutRuntime
=== RUN   TestResolveHostServiceCallerPrefersCurrentClientAttachable
=== PAUSE TestResolveHostServiceCallerPrefersCurrentClientAttachable
=== RUN   TestResolveHostServiceCallerUsesBlockingLookupForOtherClients
=== PAUSE TestResolveHostServiceCallerUsesBlockingLookupForOtherClients
=== RUN   TestClientAttachableWaitRouting
=== PAUSE TestClientAttachableWaitRouting
=== RUN   TestWorkspaceBindingMode
=== PAUSE TestWorkspaceBindingMode
=== RUN   TestBuildCoreWorkspaceIncludesConfigState
=== PAUSE TestBuildCoreWorkspaceIncludesConfigState
=== RUN   TestNestedClientMetadataForRequest
=== PAUSE TestNestedClientMetadataForRequest
=== RUN   TestLocalWorkspaceAddress
=== PAUSE TestLocalWorkspaceAddress
=== RUN   TestRemoteWorkspaceAddress
=== PAUSE TestRemoteWorkspaceAddress
=== RUN   TestParseWorkspaceRemoteRef
=== PAUSE TestParseWorkspaceRemoteRef
=== RUN   TestWorkspaceGitRefSelectorSemverSemantics
=== PAUSE TestWorkspaceGitRefSelectorSemverSemantics
=== RUN   TestGatherModuleLoadRequests
=== PAUSE TestGatherModuleLoadRequests
=== RUN   TestModuleLoadParallelism
=== PAUSE TestModuleLoadParallelism
=== RUN   TestModuleLoadErr
=== PAUSE TestModuleLoadErr
=== RUN   TestDedupeResolvedModuleLoads
=== PAUSE TestDedupeResolvedModuleLoads
=== RUN   TestDedupeResolvedModuleLoadsKeepsSameSourceUnderDifferentNames
=== PAUSE TestDedupeResolvedModuleLoadsKeepsSameSourceUnderDifferentNames
=== RUN   TestResolvedModuleLoadIdentity
=== PAUSE TestResolvedModuleLoadIdentity
=== RUN   TestArbitrateSameSourceEntrypointNominations
=== PAUSE TestArbitrateSameSourceEntrypointNominations
=== RUN   TestArbitrateResolvedModuleLoads
=== PAUSE TestArbitrateResolvedModuleLoads
=== RUN   TestNormalizeWorkspaceRemoteSubdir
=== PAUSE TestNormalizeWorkspaceRemoteSubdir
=== RUN   TestReadWorkspaceLockStateReadsLegacyLockFallback
=== PAUSE TestReadWorkspaceLockStateReadsLegacyLockFallback
=== RUN   TestReadWorkspaceLockStateDoesNotWriteInvalidLock
=== PAUSE TestReadWorkspaceLockStateDoesNotWriteInvalidLock
=== RUN   TestUserConfigOverridesWorkspaceSettings
=== PAUSE TestUserConfigOverridesWorkspaceSettings
=== RUN   TestUserConfigAddsSelectableEnv
=== PAUSE TestUserConfigAddsSelectableEnv
=== RUN   TestUserConfigEnvMergesOverRepoEnv
=== PAUSE TestUserConfigEnvMergesOverRepoEnv
=== RUN   TestUserConfigMatchesEquivalentRemoteForms
=== PAUSE TestUserConfigMatchesEquivalentRemoteForms
=== RUN   TestUserConfigOtherWorkspaceDoesNotApply
=== PAUSE TestUserConfigOtherWorkspaceDoesNotApply
=== RUN   TestUserConfigNoGitRemote
=== PAUSE TestUserConfigNoGitRemote
=== RUN   TestUserConfigLocalPathRemote
=== PAUSE TestUserConfigLocalPathRemote
=== RUN   TestUserConfigMissingFileIsFine
=== PAUSE TestUserConfigMissingFileIsFine
=== RUN   TestUserConfigMalformedErrors
=== PAUSE TestUserConfigMalformedErrors
=== RUN   TestUserConfigNoPathDeclared
=== PAUSE TestUserConfigNoPathDeclared
=== RUN   TestUserConfigWorktreeGitFile
=== PAUSE TestUserConfigWorktreeGitFile
=== RUN   TestUserConfigOriginFromIncludedGitConfig
=== PAUSE TestUserConfigOriginFromIncludedGitConfig
=== RUN   TestUserConfigIncludeIfConditionsFollowGitSemantics
=== PAUSE TestUserConfigIncludeIfConditionsFollowGitSemantics
=== RUN   TestUserConfigRemoteWorkspaceKey
=== PAUSE TestUserConfigRemoteWorkspaceKey
=== RUN   TestCloudEngineTelemetryResource
--- PASS: TestCloudEngineTelemetryResource (0.00s)
=== RUN   TestTelemetryOriginScopeSessionIsolation
--- PASS: TestTelemetryOriginScopeSessionIsolation (0.00s)
=== RUN   TestMoveLocalCacheStateToTrash
=== PAUSE TestMoveLocalCacheStateToTrash
=== RUN   TestFindLocalCacheTrashDirs
=== PAUSE TestFindLocalCacheTrashDirs
=== RUN   TestRemoveAllPaced
=== PAUSE TestRemoveAllPaced
=== RUN   TestRemoveAllPacedManyEntries
=== PAUSE TestRemoveAllPacedManyEntries
=== RUN   TestRemoveAllPacedCanceled
=== PAUSE TestRemoveAllPacedCanceled
=== RUN   TestSweepLocalCacheTrash
=== PAUSE TestSweepLocalCacheTrash
=== RUN   TestStartLocalCacheTrashSweeperBlocksUnderDiskPressure
=== PAUSE TestStartLocalCacheTrashSweeperBlocksUnderDiskPressure
=== RUN   TestWorkspaceReadEpochFollowsOwner
--- PASS: TestWorkspaceReadEpochFollowsOwner (0.00s)
=== CONT  TestNestedClientMetadataForRequest
=== CONT  TestUserConfigMatchesEquivalentRemoteForms
=== CONT  TestResolveDagqlCacheGCConfig
=== RUN   TestNestedClientMetadataForRequest/inherits_live_nested_client_identity_and_policy_without_forwarded_metadata
=== CONT  TestResolvedModuleLoadIdentity
=== PAUSE TestNestedClientMetadataForRequest/inherits_live_nested_client_identity_and_policy_without_forwarded_metadata
=== RUN   TestNestedClientMetadataForRequest/overlays_request-scoped_forwarded_metadata
=== PAUSE TestNestedClientMetadataForRequest/overlays_request-scoped_forwarded_metadata
=== RUN   TestNestedClientMetadataForRequest/does_not_accept_internal_recipe_ID_default_from_forwarded_metadata
=== PAUSE TestNestedClientMetadataForRequest/does_not_accept_internal_recipe_ID_default_from_forwarded_metadata
=== CONT  TestNestedClientMetadataForRequest/inherits_live_nested_client_identity_and_policy_without_forwarded_metadata
--- PASS: TestResolveDagqlCacheGCConfig (0.00s)
=== CONT  TestUserConfigAddsSelectableEnv
=== CONT  TestUserConfigOverridesWorkspaceSettings
=== CONT  TestGatherModuleLoadRequests
=== CONT  TestDedupeResolvedModuleLoads
=== CONT  TestModuleLoadErr
=== CONT  TestBuildCoreWorkspaceIncludesConfigState
=== CONT  TestDedupeResolvedModuleLoadsKeepsSameSourceUnderDifferentNames
=== RUN   TestBuildCoreWorkspaceIncludesConfigState/workspace_with_config
=== CONT  TestClientRegistrationRequiresValidExplicitAncestry
=== PAUSE TestBuildCoreWorkspaceIncludesConfigState/workspace_with_config
--- PASS: TestModuleLoadErr (0.00s)
=== RUN   TestBuildCoreWorkspaceIncludesConfigState/workspace_without_config
=== CONT  TestLocalWorkspaceAddress
=== PAUSE TestBuildCoreWorkspaceIncludesConfigState/workspace_without_config
=== CONT  TestNormalizeWorkspaceRemoteSubdir
--- PASS: TestClientRegistrationRequiresValidExplicitAncestry (0.00s)
=== CONT  TestRemoteWorkspaceAddress
--- PASS: TestLocalWorkspaceAddress (0.00s)
=== CONT  TestFilterPendingWorkspaceModulesBySelectorInclude
=== RUN   TestNormalizeWorkspaceRemoteSubdir/empty_becomes_dot
=== CONT  TestWorkspaceBindingMode
=== CONT  TestReadWorkspaceLockStateReadsLegacyLockFallback
=== PAUSE TestNormalizeWorkspaceRemoteSubdir/empty_becomes_dot
=== RUN   TestFilterPendingWorkspaceModulesBySelectorInclude/module:generator_selects_only_that_module
=== RUN   TestWorkspaceBindingMode/declared_workspace_takes_precedence
=== CONT  TestClientAttachableWaitRouting
=== PAUSE TestWorkspaceBindingMode/declared_workspace_takes_precedence
=== RUN   TestNormalizeWorkspaceRemoteSubdir/absolute_gets_normalized_to_relative
=== RUN   TestClientAttachableWaitRouting/synthetic_nested_client_without_attachables
=== RUN   TestWorkspaceBindingMode/non-module_defaults_to_host_detection
--- PASS: TestResolvedModuleLoadIdentity (0.00s)
=== PAUSE TestClientAttachableWaitRouting/synthetic_nested_client_without_attachables
=== RUN   TestClientAttachableWaitRouting/synthetic_nested_client_that_registered_attachables
=== PAUSE TestClientAttachableWaitRouting/synthetic_nested_client_that_registered_attachables
=== RUN   TestClientAttachableWaitRouting/client_with_its_own_session_waits
=== PAUSE TestClientAttachableWaitRouting/client_with_its_own_session_waits
=== RUN   TestClientAttachableWaitRouting/another_client_still_waits
=== PAUSE TestClientAttachableWaitRouting/another_client_still_waits
=== PAUSE TestFilterPendingWorkspaceModulesBySelectorInclude/module:generator_selects_only_that_module
=== RUN   TestFilterPendingWorkspaceModulesBySelectorInclude/module:item_works_for_checks_and_services_too
=== PAUSE TestFilterPendingWorkspaceModulesBySelectorInclude/module:item_works_for_checks_and_services_too
=== CONT  TestResolveHostServiceCallerUsesBlockingLookupForOtherClients
=== RUN   TestFilterPendingWorkspaceModulesBySelectorInclude/bare_module_name_selects_only_that_module
=== CONT  TestClientAncestryAndTelemetryRouteOrdering
=== PAUSE TestFilterPendingWorkspaceModulesBySelectorInclude/bare_module_name_selects_only_that_module
=== CONT  TestResolveHostServiceCallerPrefersCurrentClientAttachable
=== RUN   TestFilterPendingWorkspaceModulesBySelectorInclude/multiple_patterns_select_each_named_module
=== CONT  TestClientLifecycleDebugSnapshotReportsClosedRuntimeRetention
=== PAUSE TestFilterPendingWorkspaceModulesBySelectorInclude/multiple_patterns_select_each_named_module
=== CONT  TestResolveHostServiceCallerFallsBackToParentRecordWithoutRuntime
=== CONT  TestClientRuntimeReclamationDrainsMetricsBeforeUnpublish
=== CONT  TestSpecificClientAttachableConnRejectsInertClient
=== CONT  TestWorkspaceGitRefSelectorSemverSemantics
=== CONT  TestClientRuntimeReclamationRacesCloseLeasesChildAndTeardown
=== RUN   TestWorkspaceGitRefSelectorSemverSemantics/at_selector_uses_semver_query
=== PAUSE TestWorkspaceGitRefSelectorSemverSemantics/at_selector_uses_semver_query
=== CONT  TestEnsureWorkspaceLoadedKeepsExistingWorkspaceBinding
=== RUN   TestWorkspaceGitRefSelectorSemverSemantics/old_client_uses_literal_git_ref
=== CONT  TestEnsureWorkspaceLoadedInheritsParentWorkspace
=== CONT  TestIsSameModuleReference
=== PAUSE TestWorkspaceGitRefSelectorSemverSemantics/old_client_uses_literal_git_ref
=== RUN   TestIsSameModuleReference/same_local_source_root_and_pin
=== RUN   TestWorkspaceGitRefSelectorSemverSemantics/fragment_selector_uses_literal_git_ref
=== CONT  TestClientInitializationDoesNotHoldScopeLock
=== PAUSE TestWorkspaceGitRefSelectorSemverSemantics/fragment_selector_uses_literal_git_ref
=== CONT  TestClientLifecycleScopeDrainWaitsForTerminalRelease
=== CONT  TestRemoteWorkspaceLoadsPlainModuleCompatFromCWD
=== CONT  TestModuleLoadParallelism
=== CONT  TestClientLifecycleScopesRaceSessionTeardown
=== CONT  TestClientLifecycleScopesSerializeCloseCloneAndRelease
=== CONT  TestDetectAndLoadWorkspaceDoesNotLoadModulesByDefault
=== RUN   TestSpecificClientAttachableConnRejectsInertClient/direct_caller_ifAvailable=false
--- PASS: TestRemoteWorkspaceAddress (0.00s)
--- PASS: TestDedupeResolvedModuleLoadsKeepsSameSourceUnderDifferentNames (0.00s)
=== CONT  TestNestedClientMetadataForRequest/overlays_request-scoped_forwarded_metadata
--- PASS: TestUserConfigMatchesEquivalentRemoteForms (0.00s)
--- PASS: TestReadWorkspaceLockStateReadsLegacyLockFallback (0.00s)
--- PASS: TestResolveHostServiceCallerUsesBlockingLookupForOtherClients (0.00s)
--- PASS: TestGatherModuleLoadRequests (0.00s)
--- PASS: TestClientAncestryAndTelemetryRouteOrdering (0.00s)
--- PASS: TestResolveHostServiceCallerPrefersCurrentClientAttachable (0.00s)
=== RUN   TestSpecificClientAttachableConnRejectsInertClient/direct_caller_ifAvailable=true
--- PASS: TestResolveHostServiceCallerFallsBackToParentRecordWithoutRuntime (0.00s)
=== PAUSE TestWorkspaceBindingMode/non-module_defaults_to_host_detection
--- PASS: TestUserConfigOverridesWorkspaceSettings (0.00s)
--- PASS: TestClientLifecycleDebugSnapshotReportsClosedRuntimeRetention (0.00s)
=== RUN   TestWorkspaceBindingMode/module_defaults_to_inheritance
--- PASS: TestEnsureWorkspaceLoadedKeepsExistingWorkspaceBinding (0.00s)
--- PASS: TestDedupeResolvedModuleLoads (0.00s)
--- PASS: TestEnsureWorkspaceLoadedInheritsParentWorkspace (0.00s)
=== PAUSE TestWorkspaceBindingMode/module_defaults_to_inheritance
--- PASS: TestUserConfigAddsSelectableEnv (0.00s)
=== RUN   TestFilterPendingWorkspaceModulesBySelectorInclude/bare_token_not_matching_a_module_selects_all
=== PAUSE TestFilterPendingWorkspaceModulesBySelectorInclude/bare_token_not_matching_a_module_selects_all
=== RUN   TestFilterPendingWorkspaceModulesBySelectorInclude/module:item_not_matching_a_module_selects_all
=== PAUSE TestFilterPendingWorkspaceModulesBySelectorInclude/module:item_not_matching_a_module_selects_all
=== RUN   TestFilterPendingWorkspaceModulesBySelectorInclude/empty_include_selects_all
=== PAUSE TestFilterPendingWorkspaceModulesBySelectorInclude/empty_include_selects_all
=== RUN   TestFilterPendingWorkspaceModulesBySelectorInclude/already-served_module_is_recognized_and_selects_nothing
=== PAUSE TestFilterPendingWorkspaceModulesBySelectorInclude/already-served_module_is_recognized_and_selects_nothing
=== CONT  TestRemoteWorkspaceCwdUsesDetectionStart
=== RUN   TestFilterPendingWorkspaceModulesBySelectorInclude/served_and_pending_patterns_select_only_the_pending_module
=== PAUSE TestFilterPendingWorkspaceModulesBySelectorInclude/served_and_pending_patterns_select_only_the_pending_module
=== PAUSE TestNormalizeWorkspaceRemoteSubdir/absolute_gets_normalized_to_relative
=== RUN   TestNormalizeWorkspaceRemoteSubdir/rejects_escaping_paths
=== PAUSE TestNormalizeWorkspaceRemoteSubdir/rejects_escaping_paths
=== CONT  TestClientScopeRequiresSealedMetadata
=== CONT  TestDetectAndLoadWorkspaceCreatesRootlessWorkspaceWithoutInferringModule
=== CONT  TestDetectAndLoadWorkspaceKeepsCompatFallbackForExplicitExtraModule
=== CONT  TestWorkspaceHostAccessDoesNotRequireOwnerRuntime
=== CONT  TestDetectAndLoadWorkspaceLoadsPlainModuleCompatWithoutConfig
=== CONT  TestWorkspaceRuntimeFromContextSelectsOnlyScopedClientOrAncestor
=== CONT  TestClientRecordLookupsAreIndependentFromExecutableRuntime
2026/09/17 03:01:14 WARN No workspace config found, inferring from dagger.json.
Run 'dagger workspace migrate' when ready. More info: https://docs.dagger.io/reference/upgrade-to-workspaces config=/tmp/mymod/dagger.json
=== CONT  TestDetectAndLoadWorkspaceIgnoresCompatFallbackWhenConfigExists
2026/09/17 03:01:14 WARN No workspace config found, inferring from dagger.json.
Run 'dagger workspace migrate' when ready. More info: https://docs.dagger.io/reference/upgrade-to-workspaces config=/repo/dagger.json
=== CONT  TestSessionAttachablesLabelsAllowQueryAndShutdownAdmission
=== CONT  TestModuleResolutionFromSubdirectory
=== CONT  TestClientMetadataSealRacesTransportClose
=== CONT  TestWorkspaceConfigPendingModules
2026/09/17 03:01:14 WARN No workspace config found, inferring from dagger.json.
Run 'dagger workspace migrate' when ready. More info: https://docs.dagger.io/reference/upgrade-to-workspaces config=/repo/mymod/dagger.json
=== RUN   TestSessionAttachablesLabelsAllowQueryAndShutdownAdmission/query
=== CONT  TestClientMetadataBootstrapDeepCloneAndScopeSnapshot
2026/09/17 03:01:14 WARN No workspace config found, inferring from ../dagger.json.
Run 'dagger workspace migrate' when ready. More info: https://docs.dagger.io/reference/upgrade-to-workspaces config=subdir/dagger.json
=== CONT  TestUserConfigEnvMergesOverRepoEnv
=== CONT  TestNestedClientMetadataForRequest/does_not_accept_internal_recipe_ID_default_from_forwarded_metadata
2026/09/17 03:01:14 INFO all client connections closed sessionID=session clientID=client
2026/09/17 03:01:14 WARN No workspace config found, inferring from ../../dagger.json.
Run 'dagger workspace migrate' when ready. More info: https://docs.dagger.io/reference/upgrade-to-workspaces config=/repo/dagger.json
=== CONT  TestMainClientLastDisconnectDoesNotBlockOnTeardown
=== CONT  TestClientMetadataBootstrapOrderReplayAndConflict
=== CONT  TestCallPayloadDeliveryStore
=== RUN   TestClientMetadataBootstrapOrderReplayAndConflict/attachables-init-first-request
=== CONT  TestWithRequestTelemetrySuppression
=== CONT  TestNestedBootstrapRequestsMergeBeforeSeal
2026/09/17 03:01:14 INFO initializing new client isMainClient=false sessionID=session clientID=child mainClientID=parent
=== PAUSE TestIsSameModuleReference/same_local_source_root_and_pin
=== CONT  TestNestedTransportCloseRacesAdmissionSerialization
=== RUN   TestIsSameModuleReference/different_local_source
2026/09/17 03:01:14 INFO all client connections closed sessionID=s clientID=m
=== PAUSE TestIsSameModuleReference/different_local_source
=== RUN   TestIsSameModuleReference/same_module_through_different_local_refs
=== PAUSE TestIsSameModuleReference/same_module_through_different_local_refs
=== CONT  TestFilterPendingWorkspaceModulesForScopedRootFields
--- PASS: TestClientLifecycleScopeDrainWaitsForTerminalRelease (0.00s)
--- PASS: TestModuleLoadParallelism (0.00s)
=== RUN   TestFilterPendingWorkspaceModulesForScopedRootFields/no_scope_delegates_to_root-field_demand
2026/09/17 03:01:14 INFO removing session; stopping client services and flushing session=s
=== PAUSE TestFilterPendingWorkspaceModulesForScopedRootFields/no_scope_delegates_to_root-field_demand
2026/09/17 03:01:14 INFO all client connections closed sessionID=session clientID=child
=== CONT  TestNestedShutdownClosesRegisteredTransportIdempotently
=== RUN   TestFilterPendingWorkspaceModulesForScopedRootFields/scoped_typedefs_loads_target_plus_entrypoint
=== PAUSE TestFilterPendingWorkspaceModulesForScopedRootFields/scoped_typedefs_loads_target_plus_entrypoint
=== RUN   TestFilterPendingWorkspaceModulesForScopedRootFields/kebab-case_token_matches_declared_module_name
=== PAUSE TestFilterPendingWorkspaceModulesForScopedRootFields/kebab-case_token_matches_declared_module_name
=== RUN   TestFilterPendingWorkspaceModulesForScopedRootFields/unknown_token_loads_pending_entrypoint_alone
2026/09/17 03:01:14 INFO all client connections closed sessionID=session clientID=child
=== PAUSE TestFilterPendingWorkspaceModulesForScopedRootFields/unknown_token_loads_pending_entrypoint_alone
=== RUN   TestFilterPendingWorkspaceModulesForScopedRootFields/unknown_token_without_entrypoint_loads_all
=== PAUSE TestFilterPendingWorkspaceModulesForScopedRootFields/unknown_token_without_entrypoint_loads_all
=== RUN   TestFilterPendingWorkspaceModulesForScopedRootFields/another_full-schema_field_loads_all_without_consuming
2026/09/17 03:01:14 INFO client shutdown isMainClient=false sessionID=session clientID=child mainClientID=parent
=== PAUSE TestFilterPendingWorkspaceModulesForScopedRootFields/another_full-schema_field_loads_all_without_consuming
=== CONT  TestFilterPendingWorkspaceModulesForRootFields
2026/09/17 03:01:14 INFO shutdown drain phase done isMainClient=false sessionID=session clientID=child mainClientID=parent phase="flush workspace locks" duration=1.06µs error=<nil>
=== RUN   TestFilterPendingWorkspaceModulesForScopedRootFields/no_typedefs_field_delegates_without_consuming
=== RUN   TestFilterPendingWorkspaceModulesForRootFields/constructor_match_loads_only_matching_module
=== RUN   TestBuildCoreWorkspaceIncludesConfigState/local_boundary_without_Git_is_rootless
=== PAUSE TestFilterPendingWorkspaceModulesForScopedRootFields/no_typedefs_field_delegates_without_consuming
=== PAUSE TestBuildCoreWorkspaceIncludesConfigState/local_boundary_without_Git_is_rootless
2026/09/17 03:01:14 INFO shutdown drain phase done isMainClient=false sessionID=session clientID=child mainClientID=parent phase="flush session telemetry" duration=12.94µs error=<nil>
2026/09/17 03:01:14 INFO client shutdown done isMainClient=false sessionID=session clientID=child mainClientID=parent duration=25.39µs error=<nil>
=== PAUSE TestFilterPendingWorkspaceModulesForRootFields/constructor_match_loads_only_matching_module
=== CONT  TestFailedSessionInitializationCanRetrySameID
--- PASS: TestSpecificClientAttachableConnRejectsInertClient (0.00s)
    --- PASS: TestSpecificClientAttachableConnRejectsInertClient/direct_caller_ifAvailable=false (0.00s)
    --- PASS: TestSpecificClientAttachableConnRejectsInertClient/direct_caller_ifAvailable=true (0.00s)
2026/09/17 03:01:14 INFO all client connections closed sessionID=session clientID=child
=== CONT  TestPendingLegacyModule
=== RUN   TestFilterPendingWorkspaceModulesForRootFields/unknown_root_field_with_multiple_entrypoints_loads_all
--- PASS: TestRemoteWorkspaceCwdUsesDetectionStart (0.00s)
--- PASS: TestClientLifecycleScopesRaceSessionTeardown (0.00s)
=== CONT  TestConcurrentReapsSingleTeardown
--- PASS: TestClientScopeRequiresSealedMetadata (0.00s)
=== CONT  TestParseWorkspaceRemoteRef
=== RUN   TestPendingLegacyModule/preserves_remote_pin
=== CONT  TestReapAbandonedWhenMainClientReconnects
=== RUN   TestParseWorkspaceRemoteRef/supports_address_fragment_ref_at_repository_root
=== PAUSE TestPendingLegacyModule/preserves_remote_pin
=== PAUSE TestParseWorkspaceRemoteRef/supports_address_fragment_ref_at_repository_root
=== RUN   TestPendingLegacyModule/resolves_local_refs_without_ref_pin
=== CONT  TestSameIDConnectDuringBackgroundTeardownGetsRetryable
=== RUN   TestParseWorkspaceRemoteRef/supports_address_fragment_ref_and_subdir
=== PAUSE TestParseWorkspaceRemoteRef/supports_address_fragment_ref_and_subdir
=== RUN   TestParseWorkspaceRemoteRef/supports_legacy_at-ref_syntax
=== PAUSE TestParseWorkspaceRemoteRef/supports_legacy_at-ref_syntax
2026/09/17 03:01:14 INFO removing session; stopping client services and flushing session=s
=== PAUSE TestPendingLegacyModule/resolves_local_refs_without_ref_pin
=== RUN   TestParseWorkspaceRemoteRef/preserves_legacy_https_at-ref_syntax
2026/09/17 03:01:14 INFO all client connections closed sessionID=s clientID=m
=== PAUSE TestParseWorkspaceRemoteRef/preserves_legacy_https_at-ref_syntax
=== RUN   TestParseWorkspaceRemoteRef/resolves_legacy_vanity_ref
2026/09/17 03:01:14 INFO removing session; stopping client services and flushing session=s
=== PAUSE TestParseWorkspaceRemoteRef/resolves_legacy_vanity_ref
=== PAUSE TestFilterPendingWorkspaceModulesForRootFields/unknown_root_field_with_multiple_entrypoints_loads_all
=== RUN   TestFilterPendingWorkspaceModulesForRootFields/unknown_root_field_with_one_entrypoint_loads_entrypoint
=== PAUSE TestFilterPendingWorkspaceModulesForRootFields/unknown_root_field_with_one_entrypoint_loads_entrypoint
=== RUN   TestFilterPendingWorkspaceModulesForRootFields/unknown_root_field_skips_entrypoint_already_recorded_as_failed
=== PAUSE TestFilterPendingWorkspaceModulesForRootFields/unknown_root_field_skips_entrypoint_already_recorded_as_failed
=== RUN   TestFilterPendingWorkspaceModulesBySelectorInclude/camelCase_pattern_selects_the_kebab-case_module
=== PAUSE TestFilterPendingWorkspaceModulesBySelectorInclude/camelCase_pattern_selects_the_kebab-case_module
=== RUN   TestFilterPendingWorkspaceModulesForScopedRootFields/typedefs_plus_module_field_unions_both_demands
=== PAUSE TestFilterPendingWorkspaceModulesForScopedRootFields/typedefs_plus_module_field_unions_both_demands
--- PASS: TestDetectAndLoadWorkspaceDoesNotLoadModulesByDefault (0.00s)
--- PASS: TestClientLifecycleScopesSerializeCloseCloneAndRelease (0.00s)
--- PASS: TestDetectAndLoadWorkspaceCreatesRootlessWorkspaceWithoutInferringModule (0.00s)
--- PASS: TestDetectAndLoadWorkspaceKeepsCompatFallbackForExplicitExtraModule (0.00s)
--- PASS: TestWorkspaceRuntimeFromContextSelectsOnlyScopedClientOrAncestor (0.00s)
--- PASS: TestWorkspaceHostAccessDoesNotRequireOwnerRuntime (0.00s)
--- PASS: TestClientRecordLookupsAreIndependentFromExecutableRuntime (0.00s)
--- PASS: TestDetectAndLoadWorkspaceLoadsPlainModuleCompatWithoutConfig (0.00s)
--- PASS: TestWorkspaceConfigPendingModules (0.00s)
=== CONT  TestClientsDoesNotBlockWhileSessionLifecycleLocked
--- PASS: TestClientsDoesNotBlockWhileSessionLifecycleLocked (0.00s)
=== CONT  TestSessionLifecycleObserverConcurrency
--- PASS: TestNestedTransportCloseRacesAdmissionSerialization (0.00s)
=== CONT  TestClientRecordFromIDsStateGating
--- PASS: TestClientRecordFromIDsStateGating (0.00s)
=== CONT  TestGetOrInitClientReturnsFastForRemovedTombstone
--- PASS: TestGetOrInitClientReturnsFastForRemovedTombstone (0.00s)
=== CONT  TestActiveClientIDsDoesNotBlockWhileSessionLifecycleLocked
--- PASS: TestActiveClientIDsDoesNotBlockWhileSessionLifecycleLocked (0.00s)
=== CONT  TestArbitrateResolvedModuleLoads
=== CONT  TestChildQuiescenceReleasesClosingParent
=== RUN   TestFilterPendingWorkspaceModulesForRootFields/named_root_field_still_selects_a_failed_module
--- PASS: TestRemoteWorkspaceLoadsPlainModuleCompatFromCWD (0.00s)
=== PAUSE TestFilterPendingWorkspaceModulesForRootFields/named_root_field_still_selects_a_failed_module
--- PASS: TestChildQuiescenceReleasesClosingParent (0.00s)
=== CONT  TestUserConfigIncludeIfConditionsFollowGitSemantics
=== RUN   TestParseWorkspaceRemoteRef/resolves_fragment_clone_ref_and_preserves_subdir
=== PAUSE TestParseWorkspaceRemoteRef/resolves_fragment_clone_ref_and_preserves_subdir
--- PASS: TestModuleResolutionFromSubdirectory (0.00s)
--- PASS: TestDetectAndLoadWorkspaceIgnoresCompatFallbackWhenConfigExists (0.00s)
--- PASS: TestCallPayloadDeliveryStore (0.00s)
--- PASS: TestWithRequestTelemetrySuppression (0.00s)
--- PASS: TestClientMetadataBootstrapDeepCloneAndScopeSnapshot (0.00s)
--- PASS: TestUserConfigEnvMergesOverRepoEnv (0.00s)
--- PASS: TestNestedShutdownClosesRegisteredTransportIdempotently (0.00s)
--- PASS: TestFailedSessionInitializationCanRetrySameID (0.00s)
--- PASS: TestNestedBootstrapRequestsMergeBeforeSeal (0.00s)
--- PASS: TestReapAbandonedWhenMainClientReconnects (0.00s)
--- PASS: TestNestedClientMetadataForRequest (0.00s)
    --- PASS: TestNestedClientMetadataForRequest/inherits_live_nested_client_identity_and_policy_without_forwarded_metadata (0.00s)
    --- PASS: TestNestedClientMetadataForRequest/overlays_request-scoped_forwarded_metadata (0.00s)
    --- PASS: TestNestedClientMetadataForRequest/does_not_accept_internal_recipe_ID_default_from_forwarded_metadata (0.00s)
=== RUN   TestUserConfigIncludeIfConditionsFollowGitSemantics/non-matching_gitdir_condition_is_not_followed
=== RUN   TestFilterPendingWorkspaceModulesForRootFields/introspection_loads_all
=== PAUSE TestFilterPendingWorkspaceModulesForRootFields/introspection_loads_all
=== RUN   TestFilterPendingWorkspaceModulesForRootFields/current_typedefs_loads_all
=== PAUSE TestUserConfigIncludeIfConditionsFollowGitSemantics/non-matching_gitdir_condition_is_not_followed
=== PAUSE TestFilterPendingWorkspaceModulesForRootFields/current_typedefs_loads_all
=== RUN   TestFilterPendingWorkspaceModulesForRootFields/current_module_loads_all
=== RUN   TestFilterPendingWorkspaceModulesForScopedRootFields/served_target_contributes_nothing_to_load
=== RUN   TestSessionAttachablesLabelsAllowQueryAndShutdownAdmission/shutdown
=== PAUSE TestFilterPendingWorkspaceModulesForScopedRootFields/served_target_contributes_nothing_to_load
2026/09/17 03:01:14 INFO all client connections closed sessionID=session clientID=client
--- PASS: TestSessionAttachablesLabelsAllowQueryAndShutdownAdmission (0.00s)
    --- PASS: TestSessionAttachablesLabelsAllowQueryAndShutdownAdmission/query (0.00s)
    --- PASS: TestSessionAttachablesLabelsAllowQueryAndShutdownAdmission/shutdown (0.00s)
=== CONT  TestStartLocalCacheTrashSweeperBlocksUnderDiskPressure
=== PAUSE TestFilterPendingWorkspaceModulesForRootFields/current_module_loads_all
=== RUN   TestClientMetadataBootstrapOrderReplayAndConflict/attachables-first-request-init
=== RUN   TestArbitrateResolvedModuleLoads/extra_beats_ambient
=== PAUSE TestArbitrateResolvedModuleLoads/extra_beats_ambient
=== RUN   TestParseWorkspaceRemoteRef/rejects_github.com/dagger/python/ruff#main
=== PAUSE TestParseWorkspaceRemoteRef/rejects_github.com/dagger/python/ruff#main
=== RUN   TestFilterPendingWorkspaceModulesBySelectorInclude/kebab-case_pattern_selects_the_camelCase_module
=== RUN   TestParseWorkspaceRemoteRef/rejects_https://github.com/dagger/python/ruff#main
=== PAUSE TestParseWorkspaceRemoteRef/rejects_https://github.com/dagger/python/ruff#main
=== RUN   TestParseWorkspaceRemoteRef/rejects_https://github.com/dagger/python#main:
=== PAUSE TestParseWorkspaceRemoteRef/rejects_https://github.com/dagger/python#main:
=== RUN   TestArbitrateResolvedModuleLoads/multiple_ambient_entrypoints_are_invalid
=== RUN   TestParseWorkspaceRemoteRef/rejects_github.com/dagger/python@main:ruff
=== PAUSE TestParseWorkspaceRemoteRef/rejects_github.com/dagger/python@main:ruff
=== PAUSE TestArbitrateResolvedModuleLoads/multiple_ambient_entrypoints_are_invalid
=== RUN   TestFilterPendingWorkspaceModulesForScopedRootFields/unknown_token_with_served_entrypoint_loads_no_siblings
=== PAUSE TestFilterPendingWorkspaceModulesForScopedRootFields/unknown_token_with_served_entrypoint_loads_no_siblings
2026/09/17 03:01:14 INFO disk pressure detected; removing discarded local cache state before startup continues
=== RUN   TestArbitrateResolvedModuleLoads/multiple_extra_entrypoints_are_invalid
2026/09/17 03:01:14 INFO removing discarded local cache state dir=/tmp/TestStartLocalCacheTrashSweeperBlocksUnderDiskPressure3426880382/001/worker-trash-1
=== RUN   TestFilterPendingWorkspaceModulesForRootFields/core-only_query_loads_none
=== RUN   TestClientMetadataBootstrapOrderReplayAndConflict/init-attachables-first-request
=== PAUSE TestFilterPendingWorkspaceModulesForRootFields/core-only_query_loads_none
=== RUN   TestUserConfigIncludeIfConditionsFollowGitSemantics/onbranch_condition_follows_the_checked-out_branch
=== PAUSE TestArbitrateResolvedModuleLoads/multiple_extra_entrypoints_are_invalid
=== PAUSE TestFilterPendingWorkspaceModulesBySelectorInclude/kebab-case_pattern_selects_the_camelCase_module
=== PAUSE TestUserConfigIncludeIfConditionsFollowGitSemantics/onbranch_condition_follows_the_checked-out_branch
=== CONT  TestRemoveAllPacedCanceled
=== RUN   TestParseWorkspaceRemoteRef/rejects_https://github.com/dagger/python@main:ruff
=== RUN   TestUserConfigIncludeIfConditionsFollowGitSemantics/onbranch_condition_on_another_branch_is_not_followed
=== RUN   TestFilterPendingWorkspaceModulesForRootFields/current_workspace_loads_none_(resolvers_load_on_demand)
=== PAUSE TestUserConfigIncludeIfConditionsFollowGitSemantics/onbranch_condition_on_another_branch_is_not_followed
=== PAUSE TestFilterPendingWorkspaceModulesForRootFields/current_workspace_loads_none_(resolvers_load_on_demand)
=== RUN   TestFilterPendingWorkspaceModulesForRootFields/already-served_root_field_loads_none
=== PAUSE TestFilterPendingWorkspaceModulesForRootFields/already-served_root_field_loads_none
=== CONT  TestRemoveAllPacedManyEntries
=== RUN   TestFilterPendingWorkspaceModulesForRootFields/served_field_combined_with_pending_field_loads_only_pending
=== PAUSE TestFilterPendingWorkspaceModulesForRootFields/served_field_combined_with_pending_field_loads_only_pending
=== RUN   TestFilterPendingWorkspaceModulesForRootFields/env_loads_all_(resolver_snapshots_served_deps)
=== RUN   TestClientMetadataBootstrapOrderReplayAndConflict/init-first-request-attachables
=== PAUSE TestFilterPendingWorkspaceModulesForRootFields/env_loads_all_(resolver_snapshots_served_deps)
=== RUN   TestFilterPendingWorkspaceModulesForRootFields/unrecognized_loadFromID_field_loads_all
=== PAUSE TestFilterPendingWorkspaceModulesForRootFields/unrecognized_loadFromID_field_loads_all
=== CONT  TestRemoveAllPaced
=== PAUSE TestParseWorkspaceRemoteRef/rejects_https://github.com/dagger/python@main:ruff
=== RUN   TestParseWorkspaceRemoteRef/rejects_github.com/dagger/python#main:ruff
=== PAUSE TestParseWorkspaceRemoteRef/rejects_github.com/dagger/python#main:ruff
=== CONT  TestSweepLocalCacheTrash
=== CONT  TestFindLocalCacheTrashDirs
=== RUN   TestClientMetadataBootstrapOrderReplayAndConflict/first-request-attachables-init
=== RUN   TestClientMetadataBootstrapOrderReplayAndConflict/first-request-init-attachables
--- PASS: TestRemoveAllPacedCanceled (0.00s)
=== CONT  TestMoveLocalCacheStateToTrash
--- PASS: TestClientMetadataBootstrapOrderReplayAndConflict (0.01s)
    --- PASS: TestClientMetadataBootstrapOrderReplayAndConflict/attachables-init-first-request (0.00s)
    --- PASS: TestClientMetadataBootstrapOrderReplayAndConflict/attachables-first-request-init (0.00s)
    --- PASS: TestClientMetadataBootstrapOrderReplayAndConflict/init-attachables-first-request (0.00s)
    --- PASS: TestClientMetadataBootstrapOrderReplayAndConflict/init-first-request-attachables (0.00s)
    --- PASS: TestClientMetadataBootstrapOrderReplayAndConflict/first-request-attachables-init (0.00s)
    --- PASS: TestClientMetadataBootstrapOrderReplayAndConflict/first-request-init-attachables (0.00s)
=== CONT  TestUserConfigRemoteWorkspaceKey
--- PASS: TestUserConfigRemoteWorkspaceKey (0.00s)
=== CONT  TestCanceledMonitorMetadataPruneDoesNotSetBlock
time="2026-09-17T03:01:14Z" level=error msg="dagql metadata gc error: context canceled"
--- PASS: TestCanceledMonitorMetadataPruneDoesNotSetBlock (0.00s)
=== CONT  TestClosedClientWaitsForAcceptedBootstrapRequest
--- PASS: TestFindLocalCacheTrashDirs (0.00s)
=== CONT  TestHeldParentScopeDelegatesWhileParentClosing
--- PASS: TestHeldParentScopeDelegatesWhileParentClosing (0.00s)
=== CONT  TestNestedTransportRegistrationRacesSessionTeardown
=== RUN   TestFilterPendingWorkspaceModulesBySelectorInclude/glob_pattern_selects_all
=== PAUSE TestFilterPendingWorkspaceModulesBySelectorInclude/glob_pattern_selects_all
=== CONT  TestNestedTransportRegistrationDoesNotTakeLifecycleLock
--- PASS: TestNestedTransportRegistrationDoesNotTakeLifecycleLock (0.00s)
=== CONT  TestNestedTransportRegistrationRequiresExactHeldParentScope
--- PASS: TestMoveLocalCacheStateToTrash (0.00s)
=== CONT  TestNestedTransportRegistrationBindsExactExecAttachables
--- PASS: TestNestedTransportRegistrationRequiresExactHeldParentScope (0.00s)
=== CONT  TestNestedTransportRegistrationIsStrictUniqueAndPermanent
--- PASS: TestNestedTransportRegistrationBindsExactExecAttachables (0.00s)
=== CONT  TestRunRecursiveReadOnlyProbeCleansUpAfterUnsupportedSetattr
--- PASS: TestRemoveAllPaced (0.00s)
=== CONT  TestRunRecursiveReadOnlyProbe
--- PASS: TestNestedTransportRegistrationIsStrictUniqueAndPermanent (0.00s)
=== CONT  TestActiveClientIDsConcurrentSessionClientMutation
--- PASS: TestRunRecursiveReadOnlyProbeCleansUpAfterUnsupportedSetattr (0.00s)
=== CONT  TestClientRecordFromIDsConcurrentSessionInitialization
2026/09/17 03:01:14 INFO removing discarded local cache state dir=/tmp/TestSweepLocalCacheTrash578314593/001/worker-trash-a
2026/09/17 03:01:14 INFO removed discarded local cache state dir=/tmp/TestStartLocalCacheTrashSweeperBlocksUnderDiskPressure3426880382/001/worker-trash-1 duration=4ms
--- PASS: TestRunRecursiveReadOnlyProbe (0.00s)
2026/09/17 03:01:14 INFO all client connections closed sessionID=session clientID=child
--- PASS: TestClosedClientWaitsForAcceptedBootstrapRequest (0.00s)
=== CONT  TestUserConfigOriginFromIncludedGitConfig
=== RUN   TestUserConfigOriginFromIncludedGitConfig/conditional_include
=== PAUSE TestUserConfigOriginFromIncludedGitConfig/conditional_include
=== RUN   TestUserConfigOriginFromIncludedGitConfig/include
=== PAUSE TestUserConfigOriginFromIncludedGitConfig/include
=== CONT  TestUserConfigWorktreeGitFile
--- PASS: TestStartLocalCacheTrashSweeperBlocksUnderDiskPressure (0.00s)
=== CONT  TestUserConfigNoPathDeclared
=== CONT  TestUserConfigMalformedErrors
--- PASS: TestUserConfigMalformedErrors (0.00s)
=== CONT  TestUserConfigLocalPathRemote
--- PASS: TestUserConfigLocalPathRemote (0.00s)
=== CONT  TestUserConfigMissingFileIsFine
--- PASS: TestUserConfigNoPathDeclared (0.00s)
--- PASS: TestUserConfigWorktreeGitFile (0.00s)
--- PASS: TestActiveClientIDsConcurrentSessionClientMutation (0.01s)
=== CONT  TestUserConfigNoGitRemote
=== CONT  TestArbitrateSameSourceEntrypointNominations
--- PASS: TestClientRecordFromIDsConcurrentSessionInitialization (0.01s)
--- PASS: TestConcurrentReapsSingleTeardown (0.01s)
=== CONT  TestClientRegistrationRejectsInvalidParentRoute
=== CONT  TestUserConfigOtherWorkspaceDoesNotApply
--- PASS: TestClientRegistrationRejectsInvalidParentRoute (0.00s)
=== CONT  TestMetadataPruneMonitorBlockOutcome
--- PASS: TestUserConfigMissingFileIsFine (0.00s)
=== CONT  TestExplicitPruneClearsMetadataPruneBlock
=== RUN   TestArbitrateSameSourceEntrypointNominations/same_settings_under_two_names_collapse_to_one_nomination
=== CONT  TestGCSessionCompletionClearsMetadataPruneBlock
=== PAUSE TestArbitrateSameSourceEntrypointNominations/same_settings_under_two_names_collapse_to_one_nomination
=== RUN   TestArbitrateSameSourceEntrypointNominations/different_settings_under_two_names_stay_a_conflict
=== PAUSE TestArbitrateSameSourceEntrypointNominations/different_settings_under_two_names_stay_a_conflict
=== CONT  TestMetadataPruneMonitorBlockSuppressesOnlyStructuralStage
=== CONT  TestMonitorMetadataPruneBlocksAfterProtectedNoProgress
=== CONT  TestScheduledGCTrimsImportedMetadataWithoutPersistenceReset
=== CONT  TestLifecycleDebugAndRouteLookupConcurrentClientMutation
2026/09/17 03:01:14 INFO dagql metadata prune finished triggered=true maximumEstimatedBytes=4351 targetEstimatedBytes=1 beforeEstimatedBytes=4352 beforeResults=1 beforeTerms=1 beforeClassSlots=1 afterInitialCompactionEstimatedBytes=4352 afterInitialCompactionResults=1 afterInitialCompactionTerms=1 afterInitialCompactionClassSlots=1 afterPruneEstimatedBytes=0 afterPruneResults=0 afterPruneTerms=0 afterPruneClassSlots=0 initialCompactionOldClassSlots=1 initialCompactionNewClassSlots=1 finalCompactionOldClassSlots=0 finalCompactionNewClassSlots=0 candidateCount=1 plannedRootCount=1 simulatedCollectedResultCount=1 simulatedStructuralBytes=4352 removedPersistedRootCount=1 candidatesExhausted=false snapshotGCAttempted=false snapshotGCSucceeded=false duration=15.54µs
2026/09/17 03:01:14 INFO dagql metadata prune finished triggered=true maximumEstimatedBytes=4351 targetEstimatedBytes=1 beforeEstimatedBytes=4352 beforeResults=1 beforeTerms=1 beforeClassSlots=1 afterInitialCompactionEstimatedBytes=4352 afterInitialCompactionResults=1 afterInitialCompactionTerms=1 afterInitialCompactionClassSlots=1 afterPruneEstimatedBytes=4352 afterPruneResults=1 afterPruneTerms=1 afterPruneClassSlots=1 initialCompactionOldClassSlots=1 initialCompactionNewClassSlots=1 finalCompactionOldClassSlots=0 finalCompactionNewClassSlots=0 candidateCount=0 plannedRootCount=0 simulatedCollectedResultCount=0 simulatedStructuralBytes=0 removedPersistedRootCount=0 candidatesExhausted=true snapshotGCAttempted=false snapshotGCSucceeded=false duration=11.65µs
2026/09/17 03:01:14 INFO dagql pruned result resultID=2 call=Query.metadataDiskPrunable digest=xxh3:c42dc212fdb9af89 args=[] description=metadataDiskPrunable measuredSizeBytes=100 reclaimedBytes=100
=== CONT  TestLocalCachePressureCheckUsesMetadataWhenDiskStatFails
2026/09/17 03:01:14 INFO removed discarded local cache state dir=/tmp/TestSweepLocalCacheTrash578314593/001/worker-trash-a duration=6ms
=== CONT  TestGCLockedDiskStatFailureDoesNotSuppressMetadataPrune
2026/09/17 03:01:14 INFO removing discarded local cache state dir=/tmp/TestSweepLocalCacheTrash578314593/001/worker-trash-b
2026/09/17 03:01:14 INFO dagql metadata prune finished triggered=true maximumEstimatedBytes=4351 targetEstimatedBytes=1 beforeEstimatedBytes=8704 beforeResults=2 beforeTerms=2 beforeClassSlots=2 afterInitialCompactionEstimatedBytes=8704 afterInitialCompactionResults=2 afterInitialCompactionTerms=2 afterInitialCompactionClassSlots=2 afterPruneEstimatedBytes=0 afterPruneResults=0 afterPruneTerms=0 afterPruneClassSlots=0 initialCompactionOldClassSlots=2 initialCompactionNewClassSlots=2 finalCompactionOldClassSlots=0 finalCompactionNewClassSlots=0 candidateCount=2 plannedRootCount=2 simulatedCollectedResultCount=2 simulatedStructuralBytes=8704 removedPersistedRootCount=2 candidatesExhausted=false snapshotGCAttempted=false snapshotGCSucceeded=false duration=18.05µs
time="2026-09-17T03:01:14Z" level=warning msg="disk gc skipped: failed to get disk stats: no such file or directory"
=== CONT  TestGCLockedPrunesMetadataWithoutWorkerDiskPolicies
2026/09/17 03:01:14 INFO dagql metadata prune finished triggered=true maximumEstimatedBytes=4351 targetEstimatedBytes=1 beforeEstimatedBytes=4352 beforeResults=1 beforeTerms=1 beforeClassSlots=1 afterInitialCompactionEstimatedBytes=4352 afterInitialCompactionResults=1 afterInitialCompactionTerms=1 afterInitialCompactionClassSlots=1 afterPruneEstimatedBytes=0 afterPruneResults=0 afterPruneTerms=0 afterPruneClassSlots=0 initialCompactionOldClassSlots=1 initialCompactionNewClassSlots=1 finalCompactionOldClassSlots=0 finalCompactionNewClassSlots=0 candidateCount=1 plannedRootCount=1 simulatedCollectedResultCount=1 simulatedStructuralBytes=4352 removedPersistedRootCount=1 candidatesExhausted=false snapshotGCAttempted=false snapshotGCSucceeded=false duration=19.62µs
=== CONT  TestClientAttachableWaitRouting/synthetic_nested_client_without_attachables
=== CONT  TestClientAttachableWaitRouting/synthetic_nested_client_that_registered_attachables
=== CONT  TestClientAttachableWaitRouting/another_client_still_waits
=== CONT  TestClientAttachableWaitRouting/client_with_its_own_session_waits
=== CONT  TestWorkspaceGitRefSelectorSemverSemantics/fragment_selector_uses_literal_git_ref
=== CONT  TestWorkspaceGitRefSelectorSemverSemantics/at_selector_uses_semver_query
=== CONT  TestWorkspaceGitRefSelectorSemverSemantics/old_client_uses_literal_git_ref
=== CONT  TestWorkspaceBindingMode/declared_workspace_takes_precedence
=== CONT  TestWorkspaceBindingMode/non-module_defaults_to_host_detection
=== CONT  TestNormalizeWorkspaceRemoteSubdir/empty_becomes_dot
=== CONT  TestWorkspaceBindingMode/module_defaults_to_inheritance
=== CONT  TestNormalizeWorkspaceRemoteSubdir/rejects_escaping_paths
=== CONT  TestNormalizeWorkspaceRemoteSubdir/absolute_gets_normalized_to_relative
=== CONT  TestIsSameModuleReference/same_local_source_root_and_pin
=== CONT  TestIsSameModuleReference/same_module_through_different_local_refs
=== CONT  TestIsSameModuleReference/different_local_source
time="2026-09-17T03:01:14Z" level=warning msg="disk pressure check skipped: failed to get disk stats: no such file or directory"
=== CONT  TestBuildCoreWorkspaceIncludesConfigState/workspace_with_config
=== CONT  TestBuildCoreWorkspaceIncludesConfigState/local_boundary_without_Git_is_rootless
time="2026-09-17T03:01:14Z" level=warning msg="disk pressure check skipped: failed to get disk stats: no such file or directory"
=== CONT  TestBuildCoreWorkspaceIncludesConfigState/workspace_without_config
=== CONT  TestReadWorkspaceLockStateDoesNotWriteInvalidLock
=== CONT  TestPendingLegacyModule/preserves_remote_pin
=== CONT  TestPendingLegacyModule/resolves_local_refs_without_ref_pin
=== CONT  TestFilterPendingWorkspaceModulesForScopedRootFields/no_scope_delegates_to_root-field_demand
=== CONT  TestFilterPendingWorkspaceModulesForScopedRootFields/unknown_token_with_served_entrypoint_loads_no_siblings
=== CONT  TestFilterPendingWorkspaceModulesForScopedRootFields/served_target_contributes_nothing_to_load
=== CONT  TestFilterPendingWorkspaceModulesForScopedRootFields/typedefs_plus_module_field_unions_both_demands
2026/09/17 03:01:14 INFO dagql metadata prune finished triggered=true maximumEstimatedBytes=4351 targetEstimatedBytes=1 beforeEstimatedBytes=4352 beforeResults=1 beforeTerms=1 beforeClassSlots=1 afterInitialCompactionEstimatedBytes=4352 afterInitialCompactionResults=1 afterInitialCompactionTerms=1 afterInitialCompactionClassSlots=1 afterPruneEstimatedBytes=0 afterPruneResults=0 afterPruneTerms=0 afterPruneClassSlots=0 initialCompactionOldClassSlots=1 initialCompactionNewClassSlots=1 finalCompactionOldClassSlots=0 finalCompactionNewClassSlots=0 candidateCount=1 plannedRootCount=1 simulatedCollectedResultCount=1 simulatedStructuralBytes=4352 removedPersistedRootCount=1 candidatesExhausted=false snapshotGCAttempted=false snapshotGCSucceeded=false duration=8.25µs
2026/09/17 03:01:14 WARN invalid workspace lockfile; using an empty lock path=/repo/dagger.lock error="lockfile line 1: unsupported lockfile version \"1\""
=== CONT  TestFilterPendingWorkspaceModulesForScopedRootFields/no_typedefs_field_delegates_without_consuming
=== CONT  TestFilterPendingWorkspaceModulesForScopedRootFields/another_full-schema_field_loads_all_without_consuming
=== CONT  TestFilterPendingWorkspaceModulesForScopedRootFields/unknown_token_without_entrypoint_loads_all
=== CONT  TestFilterPendingWorkspaceModulesForScopedRootFields/unknown_token_loads_pending_entrypoint_alone
--- PASS: TestMetadataPruneMonitorBlockOutcome (0.00s)
2026/09/17 03:01:14 INFO removed discarded local cache state dir=/tmp/TestSweepLocalCacheTrash578314593/001/worker-trash-b duration=1ms
--- PASS: TestUserConfigNoGitRemote (0.00s)
=== CONT  TestFilterPendingWorkspaceModulesForScopedRootFields/kebab-case_token_matches_declared_module_name
=== CONT  TestArbitrateResolvedModuleLoads/extra_beats_ambient
=== CONT  TestUserConfigIncludeIfConditionsFollowGitSemantics/non-matching_gitdir_condition_is_not_followed
=== CONT  TestArbitrateResolvedModuleLoads/multiple_ambient_entrypoints_are_invalid
=== CONT  TestFilterPendingWorkspaceModulesForScopedRootFields/scoped_typedefs_loads_target_plus_entrypoint
=== CONT  TestFilterPendingWorkspaceModulesForRootFields/env_loads_all_(resolver_snapshots_served_deps)
=== CONT  TestFilterPendingWorkspaceModulesForRootFields/served_field_combined_with_pending_field_loads_only_pending
=== CONT  TestFilterPendingWorkspaceModulesForRootFields/already-served_root_field_loads_none
=== CONT  TestFilterPendingWorkspaceModulesForRootFields/current_workspace_loads_none_(resolvers_load_on_demand)
=== CONT  TestFilterPendingWorkspaceModulesForRootFields/core-only_query_loads_none
=== CONT  TestFilterPendingWorkspaceModulesForRootFields/named_root_field_still_selects_a_failed_module
=== CONT  TestArbitrateResolvedModuleLoads/multiple_extra_entrypoints_are_invalid
=== CONT  TestParseWorkspaceRemoteRef/supports_address_fragment_ref_at_repository_root
--- PASS: TestClientMetadataSealRacesTransportClose (0.01s)
--- PASS: TestExplicitPruneClearsMetadataPruneBlock (0.00s)
--- PASS: TestClientRuntimeReclamationRacesCloseLeasesChildAndTeardown (0.01s)
--- PASS: TestGCSessionCompletionClearsMetadataPruneBlock (0.00s)
=== CONT  TestParseWorkspaceRemoteRef/rejects_https://github.com/dagger/python/ruff#main
--- PASS: TestMetadataPruneMonitorBlockSuppressesOnlyStructuralStage (0.00s)
--- PASS: TestGCLockedDiskStatFailureDoesNotSuppressMetadataPrune (0.00s)
=== CONT  TestUserConfigIncludeIfConditionsFollowGitSemantics/onbranch_condition_follows_the_checked-out_branch
=== CONT  TestFilterPendingWorkspaceModulesForRootFields/introspection_loads_all
=== CONT  TestParseWorkspaceRemoteRef/rejects_github.com/dagger/python#main:ruff
=== CONT  TestParseWorkspaceRemoteRef/rejects_https://github.com/dagger/python@main:ruff
=== CONT  TestParseWorkspaceRemoteRef/rejects_github.com/dagger/python@main:ruff
=== CONT  TestParseWorkspaceRemoteRef/rejects_https://github.com/dagger/python#main:
=== CONT  TestParseWorkspaceRemoteRef/rejects_github.com/dagger/python/ruff#main
=== CONT  TestParseWorkspaceRemoteRef/resolves_fragment_clone_ref_and_preserves_subdir
=== CONT  TestParseWorkspaceRemoteRef/resolves_legacy_vanity_ref
=== CONT  TestParseWorkspaceRemoteRef/supports_legacy_at-ref_syntax
=== CONT  TestFilterPendingWorkspaceModulesForRootFields/unrecognized_loadFromID_field_loads_all
=== CONT  TestParseWorkspaceRemoteRef/preserves_legacy_https_at-ref_syntax
=== CONT  TestParseWorkspaceRemoteRef/supports_address_fragment_ref_and_subdir
=== CONT  TestFilterPendingWorkspaceModulesForRootFields/unknown_root_field_with_one_entrypoint_loads_entrypoint
=== CONT  TestFilterPendingWorkspaceModulesForRootFields/unknown_root_field_skips_entrypoint_already_recorded_as_failed
=== CONT  TestFilterPendingWorkspaceModulesForRootFields/unknown_root_field_with_multiple_entrypoints_loads_all
=== CONT  TestFilterPendingWorkspaceModulesBySelectorInclude/module:generator_selects_only_that_module
=== CONT  TestFilterPendingWorkspaceModulesBySelectorInclude/empty_include_selects_all
=== CONT  TestFilterPendingWorkspaceModulesBySelectorInclude/glob_pattern_selects_all
=== CONT  TestFilterPendingWorkspaceModulesBySelectorInclude/kebab-case_pattern_selects_the_camelCase_module
=== CONT  TestFilterPendingWorkspaceModulesBySelectorInclude/camelCase_pattern_selects_the_kebab-case_module
=== CONT  TestFilterPendingWorkspaceModulesBySelectorInclude/served_and_pending_patterns_select_only_the_pending_module
=== CONT  TestFilterPendingWorkspaceModulesBySelectorInclude/already-served_module_is_recognized_and_selects_nothing
=== CONT  TestFilterPendingWorkspaceModulesBySelectorInclude/multiple_patterns_select_each_named_module
=== CONT  TestFilterPendingWorkspaceModulesBySelectorInclude/module:item_not_matching_a_module_selects_all
=== CONT  TestFilterPendingWorkspaceModulesBySelectorInclude/bare_token_not_matching_a_module_selects_all
=== CONT  TestFilterPendingWorkspaceModulesBySelectorInclude/bare_module_name_selects_only_that_module
=== CONT  TestFilterPendingWorkspaceModulesBySelectorInclude/module:item_works_for_checks_and_services_too
=== CONT  TestUserConfigOriginFromIncludedGitConfig/conditional_include
=== CONT  TestUserConfigOriginFromIncludedGitConfig/include
=== CONT  TestFilterPendingWorkspaceModulesForRootFields/current_module_loads_all
=== CONT  TestArbitrateSameSourceEntrypointNominations/same_settings_under_two_names_collapse_to_one_nomination
=== CONT  TestArbitrateSameSourceEntrypointNominations/different_settings_under_two_names_stay_a_conflict
=== CONT  TestFilterPendingWorkspaceModulesForRootFields/constructor_match_loads_only_matching_module
=== CONT  TestFilterPendingWorkspaceModulesForRootFields/current_typedefs_loads_all
--- PASS: TestClientAttachableWaitRouting (0.00s)
    --- PASS: TestClientAttachableWaitRouting/synthetic_nested_client_without_attachables (0.00s)
    --- PASS: TestClientAttachableWaitRouting/synthetic_nested_client_that_registered_attachables (0.00s)
    --- PASS: TestClientAttachableWaitRouting/another_client_still_waits (0.00s)
    --- PASS: TestClientAttachableWaitRouting/client_with_its_own_session_waits (0.00s)
--- PASS: TestMonitorMetadataPruneBlocksAfterProtectedNoProgress (0.00s)
--- PASS: TestLocalCachePressureCheckUsesMetadataWhenDiskStatFails (0.00s)
--- PASS: TestReadWorkspaceLockStateDoesNotWriteInvalidLock (0.00s)
--- PASS: TestGCLockedPrunesMetadataWithoutWorkerDiskPolicies (0.00s)
--- PASS: TestNestedTransportRegistrationRacesSessionTeardown (0.01s)
--- PASS: TestUserConfigOtherWorkspaceDoesNotApply (0.00s)
--- PASS: TestSweepLocalCacheTrash (0.01s)
=== CONT  TestUserConfigIncludeIfConditionsFollowGitSemantics/onbranch_condition_on_another_branch_is_not_followed
--- PASS: TestWorkspaceGitRefSelectorSemverSemantics (0.00s)
    --- PASS: TestWorkspaceGitRefSelectorSemverSemantics/fragment_selector_uses_literal_git_ref (0.00s)
    --- PASS: TestWorkspaceGitRefSelectorSemverSemantics/old_client_uses_literal_git_ref (0.00s)
    --- PASS: TestWorkspaceGitRefSelectorSemverSemantics/at_selector_uses_semver_query (0.00s)
--- PASS: TestIsSameModuleReference (0.00s)
    --- PASS: TestIsSameModuleReference/same_local_source_root_and_pin (0.00s)
    --- PASS: TestIsSameModuleReference/same_module_through_different_local_refs (0.00s)
    --- PASS: TestIsSameModuleReference/different_local_source (0.00s)
--- PASS: TestPendingLegacyModule (0.00s)
    --- PASS: TestPendingLegacyModule/preserves_remote_pin (0.00s)
    --- PASS: TestPendingLegacyModule/resolves_local_refs_without_ref_pin (0.00s)
--- PASS: TestBuildCoreWorkspaceIncludesConfigState (0.00s)
    --- PASS: TestBuildCoreWorkspaceIncludesConfigState/local_boundary_without_Git_is_rootless (0.00s)
    --- PASS: TestBuildCoreWorkspaceIncludesConfigState/workspace_without_config (0.00s)
    --- PASS: TestBuildCoreWorkspaceIncludesConfigState/workspace_with_config (0.00s)
--- PASS: TestFilterPendingWorkspaceModulesForScopedRootFields (0.00s)
    --- PASS: TestFilterPendingWorkspaceModulesForScopedRootFields/no_scope_delegates_to_root-field_demand (0.00s)
    --- PASS: TestFilterPendingWorkspaceModulesForScopedRootFields/unknown_token_with_served_entrypoint_loads_no_siblings (0.00s)
    --- PASS: TestFilterPendingWorkspaceModulesForScopedRootFields/served_target_contributes_nothing_to_load (0.00s)
    --- PASS: TestFilterPendingWorkspaceModulesForScopedRootFields/another_full-schema_field_loads_all_without_consuming (0.00s)
    --- PASS: TestFilterPendingWorkspaceModulesForScopedRootFields/no_typedefs_field_delegates_without_consuming (0.00s)
    --- PASS: TestFilterPendingWorkspaceModulesForScopedRootFields/unknown_token_without_entrypoint_loads_all (0.00s)
    --- PASS: TestFilterPendingWorkspaceModulesForScopedRootFields/typedefs_plus_module_field_unions_both_demands (0.00s)
    --- PASS: TestFilterPendingWorkspaceModulesForScopedRootFields/unknown_token_loads_pending_entrypoint_alone (0.00s)
    --- PASS: TestFilterPendingWorkspaceModulesForScopedRootFields/kebab-case_token_matches_declared_module_name (0.00s)
    --- PASS: TestFilterPendingWorkspaceModulesForScopedRootFields/scoped_typedefs_loads_target_plus_entrypoint (0.00s)
--- PASS: TestArbitrateResolvedModuleLoads (0.00s)
    --- PASS: TestArbitrateResolvedModuleLoads/multiple_ambient_entrypoints_are_invalid (0.00s)
    --- PASS: TestArbitrateResolvedModuleLoads/extra_beats_ambient (0.00s)
    --- PASS: TestArbitrateResolvedModuleLoads/multiple_extra_entrypoints_are_invalid (0.00s)
--- PASS: TestNormalizeWorkspaceRemoteSubdir (0.00s)
    --- PASS: TestNormalizeWorkspaceRemoteSubdir/empty_becomes_dot (0.00s)
    --- PASS: TestNormalizeWorkspaceRemoteSubdir/rejects_escaping_paths (0.00s)
    --- PASS: TestNormalizeWorkspaceRemoteSubdir/absolute_gets_normalized_to_relative (0.00s)
--- PASS: TestWorkspaceBindingMode (0.00s)
    --- PASS: TestWorkspaceBindingMode/declared_workspace_takes_precedence (0.00s)
    --- PASS: TestWorkspaceBindingMode/non-module_defaults_to_host_detection (0.00s)
    --- PASS: TestWorkspaceBindingMode/module_defaults_to_inheritance (0.00s)
--- PASS: TestArbitrateSameSourceEntrypointNominations (0.00s)
    --- PASS: TestArbitrateSameSourceEntrypointNominations/same_settings_under_two_names_collapse_to_one_nomination (0.00s)
    --- PASS: TestArbitrateSameSourceEntrypointNominations/different_settings_under_two_names_stay_a_conflict (0.00s)
--- PASS: TestFilterPendingWorkspaceModulesForRootFields (0.01s)
    --- PASS: TestFilterPendingWorkspaceModulesForRootFields/env_loads_all_(resolver_snapshots_served_deps) (0.00s)
    --- PASS: TestFilterPendingWorkspaceModulesForRootFields/served_field_combined_with_pending_field_loads_only_pending (0.00s)
    --- PASS: TestFilterPendingWorkspaceModulesForRootFields/already-served_root_field_loads_none (0.00s)
    --- PASS: TestFilterPendingWorkspaceModulesForRootFields/current_workspace_loads_none_(resolvers_load_on_demand) (0.00s)
    --- PASS: TestFilterPendingWorkspaceModulesForRootFields/core-only_query_loads_none (0.00s)
    --- PASS: TestFilterPendingWorkspaceModulesForRootFields/named_root_field_still_selects_a_failed_module (0.00s)
    --- PASS: TestFilterPendingWorkspaceModulesForRootFields/introspection_loads_all (0.00s)
    --- PASS: TestFilterPendingWorkspaceModulesForRootFields/unrecognized_loadFromID_field_loads_all (0.00s)
    --- PASS: TestFilterPendingWorkspaceModulesForRootFields/unknown_root_field_with_one_entrypoint_loads_entrypoint (0.00s)
    --- PASS: TestFilterPendingWorkspaceModulesForRootFields/unknown_root_field_skips_entrypoint_already_recorded_as_failed (0.00s)
    --- PASS: TestFilterPendingWorkspaceModulesForRootFields/unknown_root_field_with_multiple_entrypoints_loads_all (0.00s)
    --- PASS: TestFilterPendingWorkspaceModulesForRootFields/current_module_loads_all (0.00s)
    --- PASS: TestFilterPendingWorkspaceModulesForRootFields/constructor_match_loads_only_matching_module (0.00s)
    --- PASS: TestFilterPendingWorkspaceModulesForRootFields/current_typedefs_loads_all (0.00s)
--- PASS: TestUserConfigOriginFromIncludedGitConfig (0.00s)
    --- PASS: TestUserConfigOriginFromIncludedGitConfig/conditional_include (0.00s)
    --- PASS: TestUserConfigOriginFromIncludedGitConfig/include (0.00s)
--- PASS: TestParseWorkspaceRemoteRef (0.01s)
    --- PASS: TestParseWorkspaceRemoteRef/supports_address_fragment_ref_at_repository_root (0.00s)
    --- PASS: TestParseWorkspaceRemoteRef/rejects_https://github.com/dagger/python/ruff#main (0.00s)
    --- PASS: TestParseWorkspaceRemoteRef/rejects_github.com/dagger/python#main:ruff (0.00s)
    --- PASS: TestParseWorkspaceRemoteRef/rejects_https://github.com/dagger/python@main:ruff (0.00s)
    --- PASS: TestParseWorkspaceRemoteRef/rejects_github.com/dagger/python@main:ruff (0.00s)
    --- PASS: TestParseWorkspaceRemoteRef/rejects_https://github.com/dagger/python#main: (0.00s)
    --- PASS: TestParseWorkspaceRemoteRef/rejects_github.com/dagger/python/ruff#main (0.00s)
    --- PASS: TestParseWorkspaceRemoteRef/resolves_fragment_clone_ref_and_preserves_subdir (0.00s)
    --- PASS: TestParseWorkspaceRemoteRef/supports_legacy_at-ref_syntax (0.00s)
    --- PASS: TestParseWorkspaceRemoteRef/preserves_legacy_https_at-ref_syntax (0.00s)
    --- PASS: TestParseWorkspaceRemoteRef/supports_address_fragment_ref_and_subdir (0.00s)
    --- PASS: TestParseWorkspaceRemoteRef/resolves_legacy_vanity_ref (0.00s)
--- PASS: TestUserConfigIncludeIfConditionsFollowGitSemantics (0.00s)
    --- PASS: TestUserConfigIncludeIfConditionsFollowGitSemantics/non-matching_gitdir_condition_is_not_followed (0.00s)
    --- PASS: TestUserConfigIncludeIfConditionsFollowGitSemantics/onbranch_condition_follows_the_checked-out_branch (0.00s)
    --- PASS: TestUserConfigIncludeIfConditionsFollowGitSemantics/onbranch_condition_on_another_branch_is_not_followed (0.00s)
--- PASS: TestFilterPendingWorkspaceModulesBySelectorInclude (0.01s)
    --- PASS: TestFilterPendingWorkspaceModulesBySelectorInclude/module:generator_selects_only_that_module (0.00s)
    --- PASS: TestFilterPendingWorkspaceModulesBySelectorInclude/empty_include_selects_all (0.00s)
    --- PASS: TestFilterPendingWorkspaceModulesBySelectorInclude/glob_pattern_selects_all (0.00s)
    --- PASS: TestFilterPendingWorkspaceModulesBySelectorInclude/camelCase_pattern_selects_the_kebab-case_module (0.00s)
    --- PASS: TestFilterPendingWorkspaceModulesBySelectorInclude/served_and_pending_patterns_select_only_the_pending_module (0.00s)
    --- PASS: TestFilterPendingWorkspaceModulesBySelectorInclude/already-served_module_is_recognized_and_selects_nothing (0.00s)
    --- PASS: TestFilterPendingWorkspaceModulesBySelectorInclude/multiple_patterns_select_each_named_module (0.00s)
    --- PASS: TestFilterPendingWorkspaceModulesBySelectorInclude/module:item_not_matching_a_module_selects_all (0.00s)
    --- PASS: TestFilterPendingWorkspaceModulesBySelectorInclude/bare_token_not_matching_a_module_selects_all (0.00s)
    --- PASS: TestFilterPendingWorkspaceModulesBySelectorInclude/bare_module_name_selects_only_that_module (0.00s)
    --- PASS: TestFilterPendingWorkspaceModulesBySelectorInclude/module:item_works_for_checks_and_services_too (0.00s)
    --- PASS: TestFilterPendingWorkspaceModulesBySelectorInclude/kebab-case_pattern_selects_the_camelCase_module (0.00s)
--- PASS: TestClientRuntimeReclamationDrainsMetricsBeforeUnpublish (0.02s)
--- PASS: TestMainClientLastDisconnectDoesNotBlockOnTeardown (0.02s)
--- PASS: TestSameIDConnectDuringBackgroundTeardownGetsRetryable (0.02s)
--- PASS: TestLifecycleDebugAndRouteLookupConcurrentClientMutation (0.01s)
--- PASS: TestRemoveAllPacedManyEntries (0.03s)
2026/09/17 03:01:14 INFO starting dagql cache close hasSQLDB=true hasPersistDB=true
2026/09/17 03:01:14 INFO marking dagql cache clean shutdown
2026/09/17 03:01:14 WARN successfully marked clean shutdown in persistence metadata
2026/09/17 03:01:14 INFO completed dagql cache close successfully
--- PASS: TestSessionLifecycleObserverConcurrency (0.03s)
2026/09/17 03:01:14 INFO dagql metadata prune finished triggered=true maximumEstimatedBytes=17407 targetEstimatedBytes=1 beforeEstimatedBytes=17408 beforeResults=4 beforeTerms=4 beforeClassSlots=4 afterInitialCompactionEstimatedBytes=17408 afterInitialCompactionResults=4 afterInitialCompactionTerms=4 afterInitialCompactionClassSlots=4 afterPruneEstimatedBytes=0 afterPruneResults=0 afterPruneTerms=0 afterPruneClassSlots=0 initialCompactionOldClassSlots=4 initialCompactionNewClassSlots=4 finalCompactionOldClassSlots=0 finalCompactionNewClassSlots=0 candidateCount=4 plannedRootCount=4 simulatedCollectedResultCount=4 simulatedStructuralBytes=17408 removedPersistedRootCount=4 candidatesExhausted=false snapshotGCAttempted=false snapshotGCSucceeded=false duration=29.33µs
2026/09/17 03:01:14 INFO starting dagql cache close hasSQLDB=true hasPersistDB=true
2026/09/17 03:01:14 INFO marking dagql cache clean shutdown
2026/09/17 03:01:14 WARN successfully marked clean shutdown in persistence metadata
2026/09/17 03:01:14 INFO completed dagql cache close successfully
--- PASS: TestScheduledGCTrimsImportedMetadataWithoutPersistenceReset (0.02s)
2026/09/17 03:01:14 WARN failed to get client metadata from context for call err="failed to get client metadata from context"
--- PASS: TestClientInitializationDoesNotHoldScopeLock (0.05s)
PASS
ok  	github.com/dagger/dagger/engine/server	6.287s
